task_lang,transfer_lang,uas,las
uk,af,0.6404231151497941,0.5046855033366463
am,af,0.6497502497502498,0.2724275724275724
ka,af,0.619638548283843,0.4255182941842714
ceb,af,0.5076252723311547,0.2534495279593319
sd,af,0.5809747716791753,0.3918980016276336
urb,af,0.3032786885245901,0.1174863387978142
sab,af,0.2900847769996314,0.1242167342425359
ltg,af,0.4588235294117647,0.3176470588235294
oc,af,0.635361858433436,0.4522982229723022
ht,af,0.2942105263157895,0.0721052631578947
cy,af,0.6083049453776577,0.3891695054622342
mpu,af,0.3258426966292135,0.0842696629213483
xcl,af,0.4407221124483564,0.1796299622777079
yo,af,0.1983501152493024,0.0359092563387116
sk,af,0.7446641556811049,0.6067953546767106
ps,af,0.5539709859847554,0.4160314728300959
ctn,af,0.3525391292461212,0.1710067664547877
gd,af,0.5087288855336416,0.3048976125318486
bho,af,0.3584396099024756,0.1810952738184546
th,af,0.4786592476593476,0.2016459534201846
olo,af,0.4321236559139785,0.2452956989247312
sga,af,0.3574766355140187,0.0759345794392523
ab,af,0.2929617383089277,0.1605101558809636
cu,af,0.4535723176499875,0.1965646004480956
koi,af,0.3061224489795918,0.1380552220888355
ang,af,0.327485380116959,0.1520467836257309
bm,af,0.2533458728206612,0.0510019532662953
got,af,0.2774073347715238,0.0683467346538537
gya,af,0.2061664190193164,0.0081723625557206
myu,af,0.2416829745596868,0.0743639921722113
ug,af,0.5261374636979671,0.3457889641819942
eo,af,0.6929982046678635,0.5562537402752843
pl,af,0.6767176537934156,0.5182182462025906
sdh,af,0.3897058823529412,0.2058823529411764
ajp,af,0.6311787072243346,0.3916349809885932
egy,af,0.3501371742112483,0.0215192043895747
ess,af,0.3263239875389408,0.139797507788162
af,af,0.9055947530557488,0.8748882043128292
arr,af,0.3773178094006037,0.0707201379905131
arh,af,0.3291878650838515,0.1140003768607499
xpg,af,0.2430349733254297,0.0521636040308239
azz,af,0.3782712133227597,0.1601903251387787
bar,af,0.537243947858473,0.353218941207768
orv,af,0.5103354978354978,0.3079410173160173
yrl,af,0.2920123962811156,0.0917724682595221
sa,af,0.3052834071489285,0.0733234912539703
ru,af,0.6377316492632583,0.5038976464481615
de,af,0.7690123529067385,0.6418388853111644
aii,af,0.152317880794702,0.0176600441501103
vep,af,0.3691481197237145,0.158096699923254
aln,af,0.4847404627892432,0.2345215759849906
ga,af,0.5340856443179561,0.3224568138195777
pro,af,0.457545723919485,0.3311535710636559
ro,af,0.6474173716567705,0.4549594521219764
ja,af,0.1972367882777344,0.036047666863242
jaa,af,0.208695652173913,0.0869565217391304
hbo,af,0.3437669010275824,0.1200648999459167
ky,af,0.5815989555333692,0.3618001689578373
yue,af,0.3662164104037936,0.1346457824400057
ml,af,0.5863503953391593,0.3974198918019143
pcm,af,0.4315679442508711,0.2596515679442508
xav,af,0.337204108977222,0.1049575703439035
el,af,0.7024243724522634,0.4964599871272259
si,af,0.6931818181818182,0.4136363636363636
hit,af,0.1573720397249809,0.0160427807486631
sr,af,0.7041414937396024,0.538481744155503
ta,af,0.7050076536190685,0.516509949704789
lt,af,0.5673609944565765,0.3898874517050227
ca,af,0.7175641670860594,0.569183022982721
mk,af,0.7227941176470588,0.5227941176470589
sjo,af,0.0512470771628994,0.0169524551831644
frm,af,0.6272494813528248,0.4689535388623534
be,af,0.6589942456842632,0.5382161621215912
et,af,0.6250223152701365,0.4345553986724443
xnr,af,0.4634049323786794,0.2315035799522673
abq,af,0.1840490797546012,0.0306748466257668
eme,af,0.348756906077348,0.1035911602209944
ur,af,0.3674186140753748,0.2365932729974334
fr,af,0.6901683603313546,0.5552117919307777
hy,af,0.566645912160544,0.4019349585708128
no,af,0.7219715376605346,0.572169751000201
es,af,0.7091255929057537,0.5638791503402764
apu,af,0.225,0.093
mr,af,0.6601941747572816,0.4684466019417476
myv,af,0.2476702853300028,0.1110577384955327
is,af,0.6291385918451723,0.4518733308750405
nl,af,0.7378686845982868,0.5985365000874104
it,af,0.7290410320174076,0.5644000621697234
nap,af,0.4228855721393035,0.2139303482587064
otk,af,0.2088607594936709,0.0759493670886076
ckt,af,0.3316459830176355,0.1317766165904637
sms,af,0.2375356125356125,0.0986467236467236
yi,af,0.7678945792153339,0.6524907656983129
lv,af,0.5931556906991011,0.4255688031794297
fi,af,0.63373855992943,0.4554250744293748
gwi,af,0.5982142857142857,0.4623015873015873
zh,af,0.2821816183541695,0.0865274534047717
ar,af,0.2992311760159459,0.1704836675751535
gv,af,0.3217357688218807,0.0997390547984923
krl,af,0.4877181641887524,0.3232062055591467
bn,af,0.68125,0.475
wbp,af,0.2825396825396825,0.1428571428571428
br,af,0.6222266640015991,0.3952628422946232
kk,af,0.5974817627660638,0.4264015189367443
cs,af,0.6675847314186674,0.52172617838621
kmr,af,0.6163522012578616,0.384146950184686
ko,af,0.5776787929628886,0.346668714628354
hsb,af,0.5215366705471478,0.3966150264171219
sah,af,0.3246575342465753,0.184931506849315
jv,af,0.5506518859373911,0.3184828836366171
pad,af,0.248015873015873,0.1269841269841269
te,af,0.7947295423023578,0.6005547850208044
or,af,0.4752186588921283,0.3109815354713314
uz,af,0.5516164994425864,0.3602006688963211
en,af,0.701963913157673,0.5349594382306446
lzh,af,0.3205146381229177,0.0263698872899978
gun,af,0.2531133012453205,0.0293376117350446
hu,af,0.6384954058192955,0.4620022970903522
tt,af,0.381140350877193,0.2061403508771929
scn,af,0.4986611924312745,0.2704391288825419
lb,af,0.4951456310679611,0.2475728155339805
gub,af,0.2533842794759825,0.0830786026200873
tpn,af,0.3378438331854481,0.1594942324755989
hi,af,0.4588163823216726,0.2972206753404546
kpv,af,0.2332421340629275,0.0932186828219659
tn,af,0.2990654205607476,0.116822429906542
nds,af,0.4484644126492299,0.279230839332908
he,af,0.6256085520716305,0.4299526776291151
wuu,af,0.3272311212814645,0.1109839816933638
ha,af,0.2908435294480229,0.0696520479551268
gsw,af,0.3973503621807091,0.2075390773922989
gl,af,0.7247159090909091,0.590814393939394
yrk,af,0.2327044025157232,0.0542452830188679
tl,af,0.6903331512834516,0.4096122337520481
naq,af,0.2390198797965788,0.073509015256588
bxr,af,0.4511915445208894,0.2398045667564064
lij,af,0.4776186213070725,0.2627573858549686
hyw,af,0.5802386776369431,0.3637239641242309
bej,af,0.2070119655258974,0.0738850305413773
pt,af,0.7117370300357068,0.5731905061961773
fa,af,0.4850710959484025,0.34855691411211
wo,af,0.2830914159377102,0.0433528789772181
da,af,0.6685623066946024,0.5185074329043201
nhi,af,0.3266039530704999,0.1192262974315611
bor,af,0.2469249692496924,0.0933579335793357
sl,af,0.6466822201725354,0.493190819814443
nmf,af,0.2513495276653171,0.1076248313090418
mt,af,0.2484421565971281,0.0637586923146392
xum,af,0.216867469879518,0.0430292598967297
aqz,af,0.3569482288828338,0.1934604904632152
fro,af,0.5716596973317404,0.3867731979291119
sq,af,0.7148377125193199,0.5340030911901081
id,af,0.6499769657881338,0.4352981111946269
bg,af,0.7417959806664971,0.587954718901043
tr,af,0.606992193660306,0.3974530831099195
sme,af,0.2468531468531468,0.098001998001998
akk,af,0.2737522731865023,0.0485754697918771
grc,af,0.4946995674488446,0.2867388332324794
ckb,af,0.2868852459016393,0.1147540983606557
sv,af,0.7320332782629219,0.5653616945952324
hr,af,0.6801319043693322,0.5358615004122012
az,af,0.7050438596491229,0.5032894736842105
cop,af,0.0543554332104698,0.0012130826295898
la,af,0.5182028985507247,0.3338743961352657
pay,af,0.3335672514619883,0.095672514619883
gn,af,0.3870967741935484,0.0829493087557603
fo,af,0.6297865493939719,0.4891129464764561
quc,af,0.3193847997603116,0.117247578148407
eu,af,0.6219742348404037,0.4031344875687208
say,af,0.280844793713163,0.0472495088408644
ota,af,0.443372887752107,0.2249989517380183
vi,af,0.5958026509572901,0.3702503681885125
cpg,af,0.5473845480411469,0.314510833880499
gu,af,0.6456233421750663,0.4413793103448276
mdf,af,0.2674280275993338,0.1134903640256959
uk,ar,0.5253798097401675,0.4271262246201903
am,ar,0.5433566433566434,0.2277722277722277
ka,ar,0.4367459496725267,0.2986162407051755
ceb,ar,0.4865649963689179,0.2570806100217865
sd,ar,0.3689302830273985,0.2121349127407541
urb,ar,0.2377049180327868,0.0546448087431694
sab,ar,0.2528566162919277,0.1028381865093991
ltg,ar,0.6058823529411764,0.3588235294117647
oc,ar,0.4170554948873225,0.2488831529832224
cy,ar,0.6053682603077646,0.3774227651826618
ht,ar,0.3000751879699248,0.1016541353383458
mpu,ar,0.2584269662921348,0.0786516853932584
yo,ar,0.207570059444377,0.0634477738687371
xcl,ar,0.4586851086761271,0.2522004670379019
sk,ar,0.5884337727558067,0.4904268675455116
ps,ar,0.411851487582985,0.3036636341283501
ctn,ar,0.2440024605290137,0.0911079215364636
gd,ar,0.5352458242898933,0.3482117580447296
bho,ar,0.2199549887471868,0.0924231057764441
th,ar,0.6212974377769633,0.3371872188718222
olo,ar,0.385752688172043,0.2331989247311827
sga,ar,0.3691588785046729,0.1051401869158878
ab,ar,0.2014170996693434,0.1024090694378838
cu,ar,0.4470002489419965,0.2262882748319641
koi,ar,0.2917166866746699,0.1596638655462184
ang,ar,0.2456140350877192,0.1345029239766081
bm,ar,0.2218765825074151,0.0435506040656876
got,ar,0.2824083153559521,0.0911943518336928
gya,ar,0.1924219910846954,0.0248885586924219
myu,ar,0.2142857142857142,0.0577299412915851
ug,ar,0.3036786060019361,0.1839303000968054
eo,ar,0.459605026929982,0.3722321962896469
pl,ar,0.6292583569631375,0.494109189664124
sdh,ar,0.1397058823529411,0.0588235294117647
ajp,ar,0.5906210392902408,0.4309252217997465
egy,ar,0.3497085048010974,0.0772462277091906
ess,ar,0.338785046728972,0.1024143302180685
af,ar,0.4532445592765577,0.2725827288085064
arr,ar,0.3833548943510134,0.1323846485554118
arh,ar,0.2798191068400226,0.0702845298662144
xpg,ar,0.1991701244813278,0.0438648488441019
azz,ar,0.4011697065820777,0.1854678826328311
bar,ar,0.3697126895450918,0.1922053737696195
orv,ar,0.4487012987012987,0.2919642857142857
yrl,ar,0.3160051984404678,0.1025692292312306
sa,ar,0.2223862568782713,0.0491656600903681
ru,ar,0.5209518955140825,0.423204440557969
de,ar,0.4249848759830611,0.30371709306637
aii,ar,0.108167770419426,0.0375275938189845
vep,ar,0.3369148119723714,0.1757482732156561
aln,ar,0.408130081300813,0.192057535959975
ga,ar,0.522172215235952,0.3379773644847442
pro,ar,0.3821395729028303,0.2543169510575253
ro,ar,0.6058886378365124,0.4705305378943127
ja,ar,0.2096475988588004,0.0132528968298241
jaa,ar,0.3565217391304348,0.1217391304347826
hbo,ar,0.3526230394808004,0.1965927528393726
ky,ar,0.332232547423393,0.2386913447507871
yue,ar,0.3261244431671217,0.148584566748096
ml,ar,0.3121098626716604,0.1760299625468165
pcm,ar,0.370383275261324,0.2092682926829268
xav,ar,0.3014738722644037,0.0777132648503796
el,ar,0.5237788743474219,0.3777444039190445
si,ar,0.3625,0.1943181818181818
hit,ar,0.1145912910618792,0.0259740259740259
sr,ar,0.5535417213904211,0.4260572629366955
ta,ar,0.4644653400393614,0.3197026022304832
lt,ar,0.4791701663027045,0.3502435746682345
ca,ar,0.4365542694178829,0.3178158027176648
sjo,ar,0.0911275656014549,0.0106521174330995
mk,ar,0.7411764705882353,0.5602941176470588
frm,ar,0.4217687074829932,0.2979688329232402
be,ar,0.5209532149111834,0.4365774330748061
et,ar,0.4604248827433987,0.3143612963954753
xnr,ar,0.2824184566428003,0.0978520286396181
abq,ar,0.1395705521472392,0.0276073619631901
eme,ar,0.3539364640883978,0.1698895027624309
ur,ar,0.2492908280426854,0.1360259354315817
fr,ar,0.4448636683771003,0.3248566254150317
hy,ar,0.4094544757890703,0.2531251496719192
no,ar,0.5285628162735893,0.407332980142129
es,ar,0.4654258610022685,0.3512270571251804
apu,ar,0.26,0.114
mr,ar,0.4466019417475728,0.2864077669902912
myv,ar,0.2588144874627726,0.1369007589585935
is,ar,0.5014973238130357,0.3679338048785938
nl,ar,0.4609025748607677,0.336330261481981
it,ar,0.4428427105999378,0.3144389182468138
nap,ar,0.472636815920398,0.2238805970149253
otk,ar,0.2278481012658227,0.0759493670886076
ckt,ar,0.2637165251469627,0.1027106466361855
sms,ar,0.2667378917378917,0.1306980056980057
yi,ar,0.4596186482978935,0.3346311270839572
lv,ar,0.4761142674241818,0.3519778080072551
fi,ar,0.4955066710772963,0.3302596758187231
gwi,ar,0.5505952380952381,0.4117063492063492
zh,ar,0.2242524156248569,0.0862641388469112
ar,ar,0.4694870438921206,0.3785461497783021
gv,ar,0.3114912535034309,0.1110466801971585
krl,ar,0.4217840982546865,0.2569489334195216
bn,ar,0.5125,0.33125
wbp,ar,0.1523809523809524,0.0412698412698412
br,ar,0.5033979612232661,0.2730361782930242
kk,ar,0.3642450284800639,0.2415309283501548
cs,ar,0.5294417137208705,0.4052240321728886
kmr,ar,0.5619446940201657,0.4022162324049116
ko,ar,0.3244443919326063,0.1627184328367026
hsb,ar,0.364287633204979,0.2798423927643951
sah,ar,0.2267123287671233,0.0828767123287671
jv,ar,0.5525343373073973,0.3593390504078644
pad,ar,0.251984126984127,0.1388888888888889
te,ar,0.5783633841886269,0.4452149791955617
or,ar,0.2837706511175898,0.1661807580174927
uz,ar,0.3319955406911928,0.1985507246376811
hu,ar,0.3927067381316999,0.2626339969372128
lzh,ar,0.2674204295739704,0.1117884738073296
gun,ar,0.1310260524104209,0.0103904041561616
en,ar,0.4778359788097586,0.3271305459609199
tt,ar,0.2267543859649123,0.1092105263157894
scn,ar,0.4283291681542306,0.2272402713316672
lb,ar,0.3834951456310679,0.1504854368932038
hi,ar,0.290909397728615,0.1636375909144602
gub,ar,0.2481441048034934,0.098471615720524
tpn,ar,0.278393966282165,0.135980479148181
kpv,ar,0.239593511823334,0.1072894273988665
tn,ar,0.3644859813084112,0.1495327102803738
wuu,ar,0.2848970251716247,0.120137299771167
he,ar,0.5904061553127021,0.4437068055697409
nds,ar,0.3406543333637109,0.1734256812175339
ha,ar,0.2679446481955188,0.0995161340031435
gsw,ar,0.2794986656500191,0.1171845215402211
gl,ar,0.5039930555555555,0.3734848484848485
yrk,ar,0.1784591194968553,0.0455974842767295
tl,ar,0.6034953577280174,0.4227198252321136
naq,ar,0.2250577901063337,0.0903374942209893
bxr,ar,0.2752019144481005,0.1269318974972579
lij,ar,0.4188301999403163,0.2062071023575052
hyw,ar,0.4500778296642206,0.2472759617522793
bej,ar,0.165090787381809,0.0360639277047945
pt,ar,0.4918588531821046,0.3655450535601764
fa,ar,0.4711258311128819,0.3798092486988569
wo,ar,0.2839565509949053,0.0704604441026627
da,ar,0.4648308889554026,0.3566796368352788
nhi,ar,0.371947997040482,0.1407885001585456
bor,ar,0.2719557195571955,0.1121156211562115
sl,ar,0.486978460202919,0.3519884976398459
nmf,ar,0.2753036437246963,0.0873819163292847
mt,ar,0.2187302447394563,0.0694482073512146
xum,ar,0.2099827882960413,0.0352839931153184
aqz,ar,0.3051771117166212,0.1464577656675749
fro,ar,0.4101204699322979,0.2699372759856631
sq,ar,0.6738794435857806,0.5247295208655333
id,ar,0.647212860364183,0.4761292825449167
bg,ar,0.5831213431696769,0.458407529890613
tr,ar,0.392879671976029,0.2333425327235452
akk,ar,0.2568195595069711,0.0793695696100222
sme,ar,0.2277722277722277,0.0985014985014985
grc,ar,0.4327528631300567,0.2636096730092561
ckb,ar,0.2295081967213114,0.0737704918032786
sv,ar,0.5191763039886712,0.3961971914090158
hr,ar,0.5415086562242374,0.4111706512778236
az,ar,0.5383771929824561,0.3870614035087719
cop,ar,0.0755377222040778,0.0173564130079783
la,ar,0.4899323671497584,0.3276328502415458
pay,ar,0.3094736842105263,0.0849122807017543
gn,ar,0.3824884792626728,0.1290322580645161
fo,ar,0.477367800064357,0.3734849297436447
quc,ar,0.3984819734345351,0.1738739638469989
eu,ar,0.4662755395093132,0.2692623287109215
say,ar,0.2595284872298625,0.0803536345776031
ota,ar,0.2998867877059835,0.1502369072078493
vi,ar,0.5501472754050074,0.3331369661266568
cpg,ar,0.4626833005033924,0.252790544977019
gu,ar,0.3809018567639257,0.2116710875331565
mdf,ar,0.278372591006424,0.1422793242921722
ab,is,0.3140292867264997,0.1795937647614549
abq,is,0.147239263803681,0.0383435582822085
af,is,0.7641856305276756,0.5668289774421147
aii,is,0.075055187637969,0.0264900662251655
ajp,is,0.596958174904943,0.4017743979721166
akk,is,0.2653465346534653,0.0422711658920994
aln,is,0.516072545340838,0.2706066291432145
am,is,0.5308691308691309,0.212087912087912
ang,is,0.3790426908150064,0.118154376886589
apu,is,0.255,0.106
aqz,is,0.3453678474114441,0.188692098092643
ar,is,0.2788593743643981,0.1939307651629174
arh,is,0.3435085735820614,0.1388731863576408
arr,is,0.3790426908150064,0.118154376886589
az,is,0.6622807017543859,0.5230263157894737
azz,is,0.3783703409992069,0.1731760507533703
bar,is,0.4818435754189944,0.2831870178238893
be,is,0.6540530397798349,0.5425944458343758
bej,is,0.2033302652497698,0.0692829051962179
bg,is,0.7445306537776647,0.5663317222080896
bho,is,0.3356339084771192,0.1725431357839459
bm,is,0.2678868552412645,0.0630832670187368
bn,is,0.665625,0.53125
bor,is,0.269680196801968,0.1055965559655596
br,is,0.6235258844693184,0.3852688386967819
bxr,is,0.4145976667663775,0.2331239405723402
ca,is,0.6837275624895152,0.4518369401107197
ceb,is,0.4473493100944081,0.2047930283224401
ckb,is,0.3934426229508196,0.2295081967213114
ckt,is,0.3029065969954278,0.1278576094056172
cop,is,0.0222087435263378,0.0044324173004245
cpg,is,0.5416940249507551,0.326767345152112
cs,is,0.6842913433805906,0.55083885120039
ctn,is,0.2984074909438862,0.1403868498393821
cu,is,0.50201643017177,0.2602439631565845
cy,is,0.603899917772818,0.3652648889933043
da,is,0.6880175596128904,0.5624064651302005
de,is,0.7650801085026248,0.5878900532755693
egy,is,0.3521947873799725,0.0661865569272976
el,is,0.7075377243796038,0.5273546449259815
eme,is,0.3297651933701657,0.1691988950276243
en,is,0.6846142791303874,0.5419815551734221
eo,is,0.6801316576900059,0.5191502094554159
es,is,0.6940709424623633,0.4572179830892968
ess,is,0.2967289719626168,0.0595794392523364
et,is,0.6503724621451872,0.5106382978723404
eu,is,0.6212357430048412,0.4591367850988758
fa,is,0.4915456831934656,0.3694001045894862
fi,is,0.6849707795787848,0.549026904840666
fo,is,0.7322213879652473,0.643140619972112
fr,is,0.6655934533990676,0.451629942650166
frm,is,0.6516620832730255,0.4589183191006899
fro,is,0.6043906810035843,0.4092741935483871
ga,is,0.5658216956780727,0.3632272155668806
gd,is,0.5838444842880061,0.3732188355194866
gl,is,0.6889204545454546,0.4276515151515151
gn,is,0.3732718894009216,0.1013824884792626
got,is,0.2769170425573642,0.0943322220043145
grc,is,0.5400389968399113,0.3758040296734575
gsw,is,0.3687094929470072,0.1673179565383149
gu,is,0.5671087533156499,0.4
gub,is,0.2346069868995633,0.0609170305676855
gun,is,0.181220872488349,0.0286500114600045
gv,is,0.3955735962114622,0.1209046100318933
gwi,is,0.560515873015873,0.4851190476190476
gya,is,0.2035661218424962,0.025260029717682
ha,is,0.2829845594353869,0.1156347274016087
hbo,is,0.405151433207139,0.2156571119524067
he,is,0.651244340040173,0.4561331835359003
hi,is,0.4649251590475708,0.2856274996203108
hit,is,0.1650114591291062,0.0313216195569136
hr,is,0.703957131079967,0.5660346248969497
hsb,is,0.5148204531208024,0.4024357481866213
ht,is,0.3078195488721804,0.0921052631578947
hu,is,0.6374425727411945,0.4762633996937213
hy,is,0.5831696920350592,0.4491115474879065
hyw,is,0.6069231339411459,0.4162033948558298
id,is,0.6857891036054603,0.5176393569817909
is,is,0.8194663269752942,0.7614450292201624
it,is,0.7126282250543985,0.4822116879079888
ja,is,0.125152080245241,0.0416420947493133
jaa,is,0.217391304347826,0.0869565217391304
jv,is,0.5636896046852123,0.3845778428501708
ka,is,0.6453439700595853,0.4977593933126508
kk,is,0.5748975716998102,0.450384730688518
kmr,is,0.6241389637616053,0.4384546271338724
ko,is,0.5711568226662098,0.3853397450287699
koi,is,0.3229291716686674,0.1836734693877551
kpv,is,0.2320695720148524,0.1083642759429353
krl,is,0.5158371040723982,0.3577892695539754
ky,is,0.5611704170186622,0.3945165501881575
la,is,0.580512077294686,0.4214685990338164
lb,is,0.3932038834951456,0.1990291262135922
lij,is,0.5037302297821545,0.2527603700387943
lt,is,0.7322213879652473,0.643140619972112
ltg,is,0.4941176470588235,0.3470588235294117
lv,is,0.6365260995972367,0.5135099090448374
lzh,is,0.3965407244630325,0.1667611823917204
mdf,is,0.2607661194384963,0.1203901974779919
mk,is,0.7558823529411764,0.5948529411764706
ml,is,0.5572201414898044,0.4207240948813982
mpu,is,0.2865168539325842,0.0674157303370786
mr,is,0.6019417475728155,0.4514563106796116
mt,is,0.2754447755802402,0.0702609952135825
myu,is,0.2191780821917808,0.0684931506849315
myv,is,0.2482467095782496,0.1168219809779998
nap,is,0.4427860696517413,0.1840796019900497
naq,is,0.2483587609801202,0.1017105871474803
nds,is,0.481727877517543,0.3016495033263465
nhi,is,0.3169855195011098,0.1207060564422365
nl,is,0.7579231287929872,0.5812542144302091
nmf,is,0.2354925775978407,0.1143724696356275
no,is,0.7529183945632912,0.6437640439174994
oc,is,0.7076342698302392,0.4816837089248486
olo,is,0.4529569892473118,0.2836021505376344
or,is,0.4742468415937804,0.3352769679300291
orv,is,0.5631087662337663,0.3941558441558441
ota,is,0.4437921925447607,0.2850433980460397
otk,is,0.1645569620253164,0.0886075949367088
pad,is,0.2638888888888889,0.1488095238095238
pay,is,0.3108771929824561,0.1104093567251462
pcm,is,0.4429965156794425,0.3144947735191638
pl,is,0.7010263988178441,0.558901447075895
pro,is,0.5214059466639419,0.3396342086441197
ps,is,0.6073272682567002,0.4745512662896484
pt,is,0.6847637051039698,0.4541314849821466
quc,is,0.2952162189154099,0.0942774393288724
ro,is,0.6567355017252553,0.478955388576533
ru,is,0.6587466740239517,0.5543496050914907
sa,is,0.2977229007292086,0.0894287120297051
sab,is,0.328418724659049,0.1533357906376704
sah,is,0.2698630136986301,0.1465753424657534
say,is,0.665625,0.53125
scn,is,0.511781506604784,0.2748125669403784
sd,is,0.5348584863007505,0.353015643367393
sdh,is,0.3235294117647059,0.1617647058823529
sga,is,0.4182242990654206,0.139018691588785
si,is,0.6454545454545455,0.3897727272727272
sjo,is,0.0526110678098207,0.0302026500389711
sk,is,0.7462335216572504,0.6178593848085373
sl,is,0.679751505615539,0.5507297487927948
sme,is,0.2258741258741258,0.0905094905094905
sms,is,0.2336182336182336,0.1093304843304843
sq,is,0.7225656877897991,0.5556414219474498
sr,is,0.7384642325540671,0.596795376937221
sv,is,0.7716544725041303,0.6540152230351663
ta,is,0.6840148698884758,0.549529849114367
te,is,0.8196948682385575,0.6920943134535368
th,is,0.5913437510412155,0.3160297204544697
tl,is,0.6242490442381212,0.3762971054068815
tn,is,0.7716544725041303,0.6540152230351663
tpn,is,0.3167701863354037,0.1484028393966282
tr,is,0.5909556852231509,0.4397275666298691
tt,is,0.3412280701754386,0.2162280701754386
ug,is,0.5383349467570184,0.4009680542110358
uk,is,0.6349566945903734,0.5259122533011501
ur,is,0.3668107523976766,0.2208564095636904
urb,is,0.2404371584699453,0.0491803278688524
uz,is,0.5498327759197325,0.4092530657748049
vep,is,0.4121258633921719,0.212586339217191
vi,is,0.5858615611192931,0.391899852724595
wbp,is,0.2571428571428571,0.1365079365079365
wo,is,0.3093338460059598,0.0696914351629337
wuu,is,0.3329519450800915,0.1212814645308924
xav,is,0.2688700312639571,0.0567217507815989
xcl,is,0.4997305550565834,0.2841746003233339
xnr,is,0.3965791567223548,0.1774065234685759
xpg,is,0.2039122703023118,0.0308239478363959
xum,is,0.2185886402753872,0.0370051635111876
yi,is,0.7248677248677249,0.6090645901966657
yo,is,0.2150915928666747,0.0447652553681911
yrk,is,0.2130503144654088,0.0581761006289308
yrl,is,0.2666200139958012,0.0765770268919324
yue,is,0.3737605977870383,0.1766058341715763
zh,is,0.3286394651279937,0.1613660301323441
ab,pcm,0.1555030703826169,0.0920170051960321
abq,pcm,0.1242331288343558,0.0398773006134969
af,pcm,0.668190400476995,0.4990559475305575
aii,pcm,0.6058823529411764,0.3764705882352941
ajp,pcm,0.5614702154626109,0.376425855513308
akk,pcm,0.1630632451000202,0.0100222267124671
aln,pcm,0.5128205128205128,0.2340212632895559
am,pcm,0.6033966033966034,0.2353646353646353
ang,pcm,0.2690058479532163,0.1637426900584795
apu,pcm,0.209,0.117
aqz,pcm,0.2561307901907357,0.1362397820163488
ar,pcm,0.2551926127811902,0.1545865028678354
arh,pcm,0.2492933860938383,0.0742415677407198
arr,pcm,0.3540319103061664,0.1211729193617938
az,pcm,0.680921052631579,0.5274122807017544
azz,pcm,0.3493259318001586,0.1652458366375892
bar,pcm,0.4513833466347433,0.2784650172918329
be,pcm,0.6570552914686014,0.5102576932699525
bej,pcm,0.2103771741254641,0.0938049638460035
bg,pcm,0.7769015517679979,0.6049351310099211
bho,pcm,0.3188297074268567,0.1284321080270067
bm,pcm,0.2238298488027201,0.0678579179628156
bn,pcm,0.6125,0.475
bor,pcm,0.2193111931119311,0.1031980319803198
br,pcm,0.6065360783529882,0.3590845492704377
bxr,pcm,0.3563665370425765,0.1802771961312194
ca,pcm,0.72392216071129,0.5935749035396746
ceb,pcm,0.4684095860566449,0.2004357298474945
ckb,pcm,0.3032786885245901,0.0737704918032786
ckt,pcm,0.2700849118223383,0.1118549967341606
cop,pcm,0.0468436523118555,0.0073718098259693
cpg,pcm,0.551543007222587,0.3070693806084482
cs,pcm,0.6801586979187824,0.5199442119944212
ctn,pcm,0.2045656482810471,0.0871437359032192
cu,pcm,0.4248444112521782,0.1667413492656211
cy,pcm,0.5956184658757195,0.3800070480441677
da,pcm,0.7072732714756061,0.6134889753566797
de,pcm,0.7256991198797884,0.6198822278164823
egy,pcm,0.2744341563786008,0.0618141289437585
el,pcm,0.7269184009153973,0.5643996281198598
eme,pcm,0.3266574585635359,0.1681629834254143
en,pcm,0.7726310886015729,0.6857342497931027
eo,pcm,0.6831238779174147,0.5861759425493717
es,pcm,0.7340998143947206,0.5935553722416993
ess,pcm,0.2807632398753894,0.0665887850467289
et,pcm,0.6485710112468962,0.4894266192771475
eu,pcm,0.6312464101091326,0.3990317551489292
fa,pcm,0.4620863112284284,0.3286102049455885
fi,pcm,0.6697127577461682,0.5209780571176535
fo,pcm,0.6141799849833744,0.4805856483964389
fr,pcm,0.6956015024985747,0.5524532984539021
frm,pcm,0.6522410382592754,0.4874800984223477
fro,pcm,0.5778325368379131,0.3781362007168459
ga,pcm,0.5176715864716395,0.303626977298299
gd,pcm,0.4824950457676701,0.280645465697839
gl,pcm,0.7132575757575758,0.547695707070707
gn,pcm,0.2995391705069124,0.0921658986175115
got,pcm,0.2370072563247695,0.0526573838007452
grc,pcm,0.4599385911831282,0.2537932271005625
gsw,pcm,0.6831238779174147,0.5861759425493717
gu,pcm,0.5909814323607427,0.3835543766578249
gub,pcm,0.3352620087336244,0.1073144104803493
gun,pcm,0.150355260142104,0.012911605164642
gv,pcm,0.2922586256886054,0.0642698366676331
gwi,pcm,0.3988095238095238,0.3472222222222222
gya,pcm,0.1849925705794948,0.0196879643387815
ha,pcm,0.2814435849231054,0.1261749930656147
hbo,pcm,0.6434724349157733,0.4791347626339969
he,pcm,0.6647261090116774,0.4972593878732169
hi,pcm,0.4758264567407482,0.2775949644779696
hit,pcm,0.1222307104660045,0.0114591291061879
hr,pcm,0.1269841269841269,0.0539682539682539
hsb,pcm,0.675,0.4170454545454545
ht,pcm,0.2501503759398496,0.0626315789473684
hu,pcm,0.6434724349157733,0.4791347626339969
hy,pcm,0.6064945639158964,0.4267924709037789
hyw,pcm,0.6206359795419168,0.4098287747387147
id,pcm,0.6846737628203574,0.5289867371432728
is,pcm,0.5874034840713799,0.4563094320226163
it,pcm,0.7285281317998135,0.5795772458812558
ja,pcm,0.0671703245618229,0.0136141704255059
jaa,pcm,0.2869565217391304,0.1043478260869565
jv,pcm,0.5626437983685422,0.381370703479049
ka,pcm,0.6254001083370266,0.4202984192642931
kk,pcm,0.6025781952633157,0.4315978814829619
kmr,pcm,0.5822102425876011,0.3482080463212538
ko,pcm,0.5449507898436854,0.368054160709855
koi,pcm,0.2545018007202881,0.1284513805522208
kpv,pcm,0.2103771741254641,0.0938049638460035
krl,pcm,0.4864253393665158,0.306076276664512
ky,pcm,0.2425629290617849,0.1018306636155606
la,pcm,0.5281256038647343,0.3548212560386473
lb,pcm,0.5048543689320388,0.233009708737864
lij,pcm,0.5041778573560132,0.2645478961504028
lt,pcm,0.6241390895346884,0.4705190660171342
ltg,pcm,0.6058823529411764,0.3764705882352941
lv,pcm,0.6570376890453709,0.5004134325571471
lzh,pcm,0.668190400476995,0.4990559475305575
mdf,pcm,0.2607661194384963,0.118486795146324
mk,pcm,0.788235294117647,0.5683823529411764
ml,pcm,0.55264253017062,0.3803578859758635
mpu,pcm,0.2303370786516854,0.0674157303370786
mr,pcm,0.6067961165048543,0.4126213592233009
mt,pcm,0.1895601914566964,0.0427165176555585
myu,pcm,0.1653620352250489,0.0499021526418786
myv,pcm,0.238063214525891,0.1091363243347103
nap,pcm,0.4925373134328358,0.1741293532338308
naq,pcm,0.4824950457676701,0.280645465697839
nds,pcm,0.4156566116832224,0.237765424223093
nhi,pcm,0.3188297074268567,0.1284321080270067
nl,pcm,0.7450862865562798,0.6416922654279363
nmf,pcm,0.2074898785425101,0.1062753036437247
no,pcm,0.7451360090611813,0.6449697656150094
oc,pcm,0.5749032065918793,0.3899533406135212
olo,pcm,0.4549731182795699,0.2513440860215054
or,pcm,0.446064139941691,0.26044703595724
orv,pcm,0.5225108225108225,0.3054383116883117
ota,pcm,0.4149859532894461,0.2228185668162187
otk,pcm,0.2278481012658227,0.1075949367088607
pad,pcm,0.2539682539682539,0.123015873015873
pay,pcm,0.2923976608187134,0.0832748538011695
pcm,pcm,0.9117073170731708,0.8805574912891986
pl,pcm,0.7253484564080035,0.561989962325439
pro,pcm,0.7450862865562798,0.6416922654279363
ps,pcm,0.5237275633144824,0.3548069830341775
pt,pcm,0.7372232724217601,0.5853014072673808
quc,pcm,0.3431538999300909,0.1521022670528313
ro,pcm,0.6810992591035678,0.4918291209079922
ru,pcm,0.6914008613634982,0.5554391691255898
sa,pcm,0.230752024336778,0.058784055831432
sab,pcm,0.2698120162182086,0.1146332473276815
sah,pcm,0.6570376890453709,0.5004134325571471
say,pcm,0.6522410382592754,0.4874800984223477
scn,pcm,0.4070867547304534,0.1846661906461978
sd,pcm,0.5267203182927932,0.3017451849172619
sdh,pcm,0.375,0.2352941176470588
sga,pcm,0.6067961165048543,0.4126213592233009
si,pcm,0.675,0.4170454545454545
sjo,pcm,0.0358534684333593,0.0039620680696284
sk,pcm,0.7387005649717514,0.5683458882611425
sl,pcm,0.6952959687483045,0.531278823720905
sme,pcm,0.1851148851148851,0.0614385614385614
sms,pcm,0.193019943019943,0.0783475783475783
sq,pcm,0.1851148851148851,0.0614385614385614
sr,pcm,0.7267314595919797,0.5570440416776115
sv,pcm,0.7534812367240973,0.6661257965541657
ta,pcm,0.6837961950579489,0.483708725125738
te,pcm,0.7253814147018031,0.59500693481276
th,pcm,0.3846999633492153,0.2273348215773165
tl,pcm,0.6766794101583834,0.4134352812670672
tn,pcm,0.3130841121495327,0.1401869158878504
tpn,pcm,0.2697426796805678,0.1126885536823425
tr,pcm,0.625325264153919,0.4458780160857908
tt,pcm,0.2912280701754386,0.1412280701754386
ug,pcm,0.5255566311713455,0.3445304937076476
uk,pcm,0.6748899616640636,0.5258057645889536
ur,pcm,0.3189247602323382,0.1652032959610968
urb,pcm,0.1912568306010929,0.0382513661202185
uz,pcm,0.5418060200668896,0.3642140468227425
vep,pcm,0.3668457405986186,0.1826554105909439
vi,pcm,0.6494108983799706,0.4592047128129602
wbp,pcm,0.1269841269841269,0.0539682539682539
wo,pcm,0.2423339421320773,0.0600788234163222
wuu,pcm,0.2425629290617849,0.1018306636155606
xav,pcm,0.2273336310853059,0.0562751228226887
xcl,pcm,0.4929046164900305,0.2470810131129872
xnr,pcm,0.4128878281622912,0.1694510739856801
xpg,pcm,0.2311796087729697,0.0409010077059869
xum,pcm,0.3188297074268567,0.1284321080270067
yi,pcm,0.7555156234401518,0.6256364180892483
yo,pcm,0.1609850782482106,0.0399126531602571
yrk,pcm,0.1477987421383647,0.0314465408805031
yrl,pcm,0.2411276617014895,0.0863740877736679
yue,pcm,0.2443598218134789,0.1231498778560137
zh,pcm,0.2303370786516854,0.0674157303370786
ab,pl,0.3474728389230042,0.2045347189418989
abq,pl,0.1533742331288343,0.0414110429447852
af,pl,0.671966610354765,0.4941866242671172
aii,pl,0.0883002207505518,0.0198675496688741
ajp,pl,0.632446134347275,0.4448669201520912
akk,pl,0.217781369973732,0.0448979591836734
aln,pl,0.4963101938711695,0.2603502188868042
am,pl,0.6352647352647353,0.3071928071928071
ang,pl,0.3040935672514619,0.1988304093567251
apu,pl,0.278,0.145
aqz,pl,0.2922343324250681,0.1559945504087193
ar,pl,0.3046658259773014,0.239108326892568
arh,pl,0.2717166007160354,0.0898812888637648
arr,pl,0.3742992669253989,0.1332470892626132
az,pl,0.7138157894736842,0.5668859649122807
azz,pl,0.4013679619349722,0.2092585249801744
bar,pl,0.5192870444267093,0.3469672785315243
be,pl,0.8405053790342757,0.7559419564673505
bej,pl,0.1366412852480964,0.0185758513931888
bg,pl,0.8920758076825235,0.7749300432459933
bho,pl,0.3347336834208552,0.1747936984246061
bm,pl,0.2366345945163857,0.0567894089560876
bn,pl,0.703125,0.559375
bor,pl,0.2436039360393604,0.1118081180811808
br,pl,0.6368179092544474,0.425944433339996
bxr,pl,0.4224748230132615,0.2360155548908166
ca,pl,0.7439691326958564,0.5871665827881228
ceb,pl,0.5199709513435004,0.2810457516339869
ckb,pl,0.2950819672131147,0.1147540983606557
ckt,pl,0.2900065316786414,0.1345525800130633
cop,pl,0.0474968506508654,0.0032659916950496
cpg,pl,0.6294594003064128,0.4108119938717444
cs,pl,0.8508591623674696,0.7606694560669456
ctn,pl,0.3260884423484382,0.1557651561752443
cu,pl,0.5210853871048046,0.3053024645257655
cy,pl,0.6846000234934806,0.4728062962527898
da,pl,0.728923476005188,0.6213708470517809
de,pl,0.7894639267802431,0.6820175438596491
egy,pl,0.2819787379972565,0.0575274348422496
el,pl,0.8152399342058213,0.6604805835657585
eme,pl,0.3408149171270718,0.1709254143646408
en,pl,0.7461531981109167,0.6165686279368258
eo,pl,0.7636146020347098,0.6412327947336924
es,pl,0.7938028459476181,0.6666426067230357
ess,pl,0.2429906542056074,0.0751557632398753
et,pl,0.7579077202720028,0.6303617508155217
eu,pl,0.7136292770985476,0.582834167555592
fa,pl,0.5040964215454342,0.4132280797868367
fi,pl,0.751488587495865,0.6385489028558827
fo,pl,0.6150380778719297,0.5001608924166041
fr,pl,0.7724536338330482,0.640113022772244
frm,pl,0.6640613692285425,0.5513581319052444
fro,pl,0.5985414177618479,0.4591547192353644
ga,pl,0.6208882123237806,0.4146866106294262
gd,pl,0.5877135038218364,0.3777484193639709
gl,pl,0.3959620635148728,0.2034775111366575
gn,pl,0.304147465437788,0.0967741935483871
got,pl,0.2659344969601883,0.0880564816630711
grc,pl,0.5897935856921939,0.4343217015172908
gsw,pl,0.3989706443004193,0.2209302325581395
gu,pl,0.6424403183023872,0.4885941644562334
gub,pl,0.2565502183406113,0.0937772925764192
gun,pl,0.162350064940026,0.0131408052563221
gv,pl,0.3712187107374118,0.1284430269643375
gwi,pl,0.4841269841269841,0.4097222222222222
gya,pl,0.2050520059435364,0.0330609212481426
ha,pl,0.2635991000708848,0.1152648935186612
hbo,pl,0.4452406706327744,0.2398593834505138
he,pl,0.7543662547237259,0.5817587580431008
hi,pl,0.5316660760390827,0.3933242207934659
hit,pl,0.1772345301757066,0.0305576776165011
hr,pl,0.8471145919208574,0.7669002473206925
hsb,pl,0.640279394644936,0.5309393749440315
ht,pl,0.2854887218045113,0.0854887218045112
hu,pl,0.787040581929556,0.6240428790199081
hy,pl,0.748790650893242,0.6392068585660233
hyw,pl,0.741012526869765,0.5919501890148988
id,pl,0.7552311907475208,0.6073273040273501
is,pl,0.6350831908640899,0.487658252600762
it,pl,0.76054553932235,0.6297870686975443
ja,pl,0.1054440743161037,0.0289311083130116
jaa,pl,0.4,0.1391304347826087
jv,pl,0.6040577285086802,0.4296869553092101
ka,pl,0.7635298173043779,0.6224947062589254
kk,pl,0.6532427300889377,0.5290296792245428
kmr,pl,0.6883298392732355,0.5058400718778078
ko,pl,0.6003520918747121,0.4146413507095006
koi,pl,0.3697478991596639,0.2208883553421368
kpv,pl,0.2559116669923783,0.139828024232949
krl,pl,0.5746606334841629,0.4124111182934712
ky,pl,0.6003379156746793,0.4120267260579064
la,pl,0.660927536231884,0.5231207729468599
lb,pl,0.4466019417475728,0.2427184466019417
lij,pl,0.5446135481945688,0.3296031035511788
lt,pl,0.8010246934318831,0.6863766168318495
ltg,pl,0.6294117647058823,0.5117647058823529
lv,pl,0.8197967512202928,0.7112106905657358
lzh,pl,0.4084497058198058,0.1519458424895442
mdf,pl,0.3021651201522722,0.165358077563645
mk,pl,0.9183823529411764,0.7875
ml,pl,0.5888472742405326,0.431960049937578
mpu,pl,0.2191011235955056,0.0561797752808988
mr,pl,0.6699029126213593,0.5485436893203883
mt,pl,0.2016616996297299,0.0595141334778289
myu,pl,0.1917808219178082,0.0616438356164383
myv,pl,0.2987799020078778,0.1630319915457777
nap,pl,0.4875621890547263,0.2487562189054726
naq,pl,0.2151641239019879,0.0997688395746648
nds,pl,0.4804520185910872,0.3078465323977034
nhi,pl,0.3735334531233484,0.1663671916287918
nl,pl,0.8167378437101971,0.7020553932219475
nmf,pl,0.2439271255060728,0.1319163292847503
no,pl,0.7604998264491496,0.6438919234914777
oc,pl,0.6016082597041597,0.4448525761937854
olo,pl,0.530241935483871,0.3622311827956989
or,pl,0.2016616996297299,0.0595141334778289
orv,pl,0.6338609307359307,0.5043831168831169
ota,pl,0.479978196150782,0.3237452304079836
otk,pl,0.1645569620253164,0.0759493670886076
pad,pl,0.2083333333333333,0.1130952380952381
pay,pl,0.2657309941520467,0.0704093567251462
pcm,pl,0.5053658536585366,0.3398606271777003
pl,pl,0.9183939720702372,0.8867233781966799
pro,pl,0.503525084295494,0.3860222744456932
ps,pl,0.6240472092451438,0.524465207769855
pt,pl,0.7895820205839109,0.6408401596303298
quc,pl,0.3189853190851892,0.1258364126635374
ro,pl,0.7790096859509923,0.6544760303364686
ru,pl,0.8568275449269805,0.787806235299069
sa,pl,0.3145439090949761,0.1119760211157339
sab,pl,0.2941393291559159,0.1363803907113896
sah,pl,0.2328767123287671,0.1157534246575342
say,pl,0.2346758349705304,0.0801571709233791
scn,pl,0.514637629418065,0.311763655837201
sd,pl,0.5607197757482594,0.4122434216475269
sdh,pl,0.2573529411764705,0.1470588235294117
sga,pl,0.3598130841121495,0.1004672897196261
si,pl,0.7011363636363637,0.4465909090909091
sjo,pl,0.040984671343206,0.0038321641984931
sk,pl,0.8957156308851224,0.8070464532328939
sl,pl,0.8330258803103467,0.7362324344853779
sme,pl,0.2171828171828171,0.0858141858141858
sms,pl,0.3208689458689459,0.1834045584045584
sq,pl,0.8199381761978362,0.6414219474497682
sr,pl,0.4452406706327744,0.2398593834505138
sv,pl,0.7792807410903941,0.6662290535756431
ta,pl,0.7378088781981194,0.5982943363218893
te,pl,0.8141470180305131,0.6851595006934813
th,pl,0.5411988138473328,0.3305234398427348
tl,pl,0.6941561987984708,0.4680502457673403
tn,pl,0.3925233644859813,0.1682242990654205
tpn,pl,0.244676131322094,0.0998225377107364
tr,pl,0.6666633811701624,0.5197129790253903
tt,pl,0.3776315789473684,0.2350877192982456
ug,pl,0.5590513068731849,0.4168441432720232
uk,pl,0.8449169388044867,0.752591225330115
ur,pl,0.3614750776712144,0.2520599756855329
urb,pl,0.2131147540983606,0.0628415300546448
uz,pl,0.5861761426978819,0.4448160535117056
vep,pl,0.3998465080583269,0.2386799693016116
vi,pl,0.6717231222385861,0.5022091310751104
wbp,pl,0.1682539682539682,0.0634920634920634
wo,pl,0.2729981736037681,0.0779582812650197
wuu,pl,0.3409610983981693,0.1521739130434782
xav,pl,0.2679767753461367,0.0692273336310853
xcl,pl,0.5368241422669301,0.3558469552721394
xnr,pl,0.4252187748607796,0.247016706443914
xpg,pl,0.2234736218138708,0.0616478956727919
xum,pl,0.1523235800344234,0.0301204819277108
yi,pl,0.7582110412299091,0.6579814315663373
yo,pl,0.1839136236806987,0.0551983501152493
yrk,pl,0.1957547169811321,0.0416666666666666
yrl,pl,0.2945116465060481,0.1110666799960012
yue,pl,0.3959620635148728,0.2034775111366575
zh,pl,0.2999496267802354,0.1483376837477675
ab,pro,0.3414265470004723,0.1742087860179499
abq,pro,0.1733128834355828,0.0291411042944785
af,pro,0.6736559674053463,0.5308556096591474
aii,pro,0.0794701986754966,0.0176600441501103
ajp,pro,0.6311787072243346,0.4359949302915082
akk,pro,0.2552030713275409,0.0603758335017175
aln,pro,0.5345215759849906,0.2706691682301438
am,pro,0.5852147852147852,0.2678321678321678
ang,pro,0.47953216374269,0.3157894736842105
apu,pro,0.33,0.176
aqz,pro,0.4141689373297003,0.2282016348773842
ar,pro,0.2993857543831102,0.1921002318675507
arh,pro,0.2589033352176371,0.0917655926135293
arr,pro,0.3639499784389823,0.1423027166882277
az,pro,0.6732456140350878,0.5361842105263158
azz,pro,0.4763084853291038,0.2214512291831879
bar,pro,0.4743947858472998,0.2943602021814312
be,pro,0.6977733299974981,0.5896297222917188
bej,pro,0.2290184921763869,0.054054054054054
bg,pro,0.7842788094632409,0.6578478758585602
bho,pro,0.3296324081020255,0.1588897224306076
bm,pro,0.2835853287998264,0.0696664978658757
bn,pro,0.565625,0.415625
bor,pro,0.2699261992619926,0.1093480934809348
br,pro,0.6431141315210873,0.4502298620827503
bxr,pro,0.415594775152059,0.214677435437232
ca,pro,0.7585136722026505,0.6759939607448414
ceb,pro,0.5591866376180101,0.2824981844589688
ckb,pro,0.4016393442622951,0.1967213114754098
ckt,pro,0.310254735467015,0.1441868060091443
cop,pro,0.0558018009611347,0.0065786404143143
cpg,pro,0.6110746333989933,0.4014007441453272
cs,pro,0.7103979634669808,0.6077778229137046
ctn,pro,0.3290957555874513,0.1441459913881484
cu,pro,0.5027632561613145,0.2742842917600199
cy,pro,0.6530600258428286,0.4458475273111711
da,pro,0.6651701087498753,0.5861518507432905
de,pro,0.6980733953905899,0.6272856780438304
egy,pro,0.2734053497942387,0.0439814814814814
el,pro,0.7835943645855682,0.6659157548451692
eme,pro,0.3459944751381215,0.1695441988950276
en,pro,0.7014088834487168,0.5865772011635801
eo,pro,0.7426690604428486,0.6295631358467983
es,pro,0.7761394101876675,0.7017941843679109
ess,pro,0.2422118380062305,0.079828660436137
et,pro,0.6482951133615723,0.5027184056348086
eu,pro,0.6424058422909658,0.4622138344137195
fa,pro,0.5068854745125383,0.3837687078217994
fi,pro,0.6507057007387804,0.5228939243577021
fo,pro,0.6143945082055132,0.4971039365011262
fr,pro,0.7885602173256867,0.708773518462622
frm,pro,0.7701066242099677,0.6876537849182226
fro,pro,0.7130376344086021,0.5976702508960573
ga,pro,0.6102654047256602,0.4042292673241114
gd,pro,0.5868642068509956,0.3936019628196659
gl,pro,0.737042297979798,0.6190340909090909
gn,pro,0.336405529953917,0.1013824884792626
got,pro,0.3182977054324377,0.1019807805452049
grc,pro,0.544073152692799,0.3780004034155853
gsw,pro,0.3870091498284407,0.1886675562333206
gu,pro,0.5697612732095491,0.4074270557029177
gub,pro,0.2209606986899563,0.0803493449781659
gun,pro,0.1349224539689816,0.0080220032088012
gv,pro,0.3429013240552817,0.108727167294868
gwi,pro,0.5625,0.4642857142857143
gya,pro,0.3242942050520059,0.088410104011887
ha,pro,0.3065922889635405,0.1035843067155669
hbo,pro,0.4942536506219578,0.3208491076257436
he,pro,0.7557620944404726,0.6088584754706703
hi,pro,0.4657689127389932,0.3241701682444861
hit,pro,0.2039724980901451,0.0458365164247517
hr,pro,0.7314509480626545,0.6338829348722177
hsb,pro,0.5759828064833885,0.4524939554043163
ht,pro,0.3375187969924812,0.1247368421052631
hu,pro,0.6674961715160797,0.5301493108728943
hy,pro,0.6138225010776378,0.4851285981129364
hyw,pro,0.652805574086428,0.4709065302794455
id,pro,0.6850132143636496,0.5180515481415028
is,pro,0.6384577564725733,0.493759288435967
it,pro,0.7744870997824059,0.690052844264843
ja,pro,0.081212179170452,0.0156064880487506
jaa,pro,0.3217391304347826,0.1217391304347826
jv,pro,0.5448650909851496,0.3690301889423412
ka,pro,0.6525336091003102,0.499039739991136
kk,pro,0.6000799440391725,0.4607774557809533
kmr,pro,0.6304282719377059,0.4244783867425377
ko,pro,0.5520280728286683,0.3552583385516972
koi,pro,0.3601440576230492,0.2016806722689075
kpv,pro,0.2890365448504983,0.1319132304084424
krl,pro,0.524240465416936,0.3493859082094376
ky,pro,0.5818293525842869,0.4066507948698257
la,pro,0.6138937198067633,0.4683768115942029
lb,pro,0.4466019417475728,0.1941747572815534
lij,pro,0.5917636526410027,0.3922709638913757
lt,pro,0.6676465647572652,0.5379640517386192
ltg,pro,0.6764705882352942,0.5235294117647059
lv,pro,0.6864047371369129,0.5490384358912805
lzh,pro,0.3877862054299284,0.136031757283618
mdf,pro,0.2895550797049726,0.1349036402569593
mk,pro,0.8602941176470589,0.7330882352941176
ml,pro,0.5230961298377028,0.3820224719101123
mpu,pro,0.1910112359550561,0.0505617977528089
mr,pro,0.6480582524271845,0.4927184466019417
mt,pro,0.3765917095638038,0.1422378759143863
myu,pro,0.1829745596868884,0.0616438356164383
myv,pro,0.2736093765011048,0.1260447689499471
nap,pro,0.5870646766169154,0.4328358208955223
naq,pro,0.181044845122515,0.0674063800277392
nds,pro,0.4473708192836963,0.2524378018773353
nhi,pro,0.4277560511573829,0.1870838177782475
nl,pro,0.752378811717989,0.655428186109238
nmf,pro,0.2496626180836707,0.1136977058029689
no,pro,0.7049270173002795,0.604121375984216
oc,pro,0.7126973096396307,0.6057778219001291
olo,pro,0.4314516129032258,0.2459677419354838
or,pro,0.5034013605442177,0.3391642371234208
orv,pro,0.6169507575757576,0.4522862554112554
ota,pro,0.4606482452094427,0.2899073336408235
otk,pro,0.1582278481012658,0.0822784810126582
pad,pro,0.2321428571428571,0.125
pay,pro,0.2757894736842105,0.0984795321637427
pcm,pro,0.4381881533101045,0.277212543554007
pl,pro,0.7743786359945152,0.6623667079356205
pro,pro,0.8777970777562072,0.8508225196689486
ps,pro,0.6311777723137447,0.5247110892549791
pt,pro,0.7831674018063433,0.675921024994749
quc,pro,0.3334664935583741,0.1610905822430839
ro,pro,0.728267913754751,0.5930149055050532
ru,pro,0.7004026243061628,0.6040486890159787
sa,pro,0.3255044065673511,0.1040128841766205
sab,pro,0.3531146332473276,0.1629192775525249
sah,pro,0.323972602739726,0.1643835616438356
say,pro,0.2615913555992141,0.081237721021611
scn,pro,0.6150481970724742,0.444127097465191
sd,pro,0.5443530156433674,0.3582602405280767
sdh,pro,0.4926470588235294,0.2352941176470588
sga,pro,0.4299065420560747,0.1039719626168224
si,pro,0.571590909090909,0.3659090909090909
sjo,pro,0.0830735255910626,0.0210444271239282
sk,pro,0.7735404896421846,0.671217827997489
sl,pro,0.7156692528891542,0.6022190874070859
sme,pro,0.2519480519480519,0.0921078921078921
sms,pro,0.3176638176638177,0.1363960113960114
sq,pro,0.8361669242658424,0.6483771251931993
sr,pro,0.7473951492864023,0.6596620260922862
sv,pro,0.7319300212414445,0.6355617181968374
ta,pro,0.657773890225235,0.5101683796195058
te,pro,0.7947295423023578,0.6199722607489597
th,pro,0.3926298603938293,0.2161063539133042
tl,pro,0.7149098853085746,0.4516657564172583
tn,pro,0.322429906542056,0.116822429906542
tpn,pro,0.2930346051464064,0.1337622005323868
tr,pro,0.6132412080113546,0.4575086737107712
tt,pro,0.3771929824561403,0.2092105263157894
ug,pro,0.5366892545982574,0.3868344627299129
uk,pro,0.6960457191537697,0.5841970751100384
ur,pro,0.3510063487775226,0.2257193029852762
urb,pro,0.2786885245901639,0.0901639344262295
uz,pro,0.557190635451505,0.4013377926421405
vep,pro,0.4121258633921719,0.1957022256331542
vi,pro,0.5954344624447717,0.4226067746686303
wbp,pro,0.2158730158730158,0.0857142857142857
wo,pro,0.3049120446025185,0.0695953090454676
wuu,pro,0.2723112128146453,0.1304347826086956
xav,pro,0.3206788744975435,0.0920053595355069
xcl,pro,0.5381713669840129,0.3497395365546973
xnr,pro,0.4327764518695306,0.2426412092283214
xpg,pro,0.2400711321873147,0.0426793123888559
xum,pro,0.212564543889845,0.0671256454388984
yi,pro,0.726564839772387,0.6458021363681741
yo,pro,0.2323183307048404,0.0562901856120344
yrk,pro,0.2366352201257861,0.0723270440251572
yrl,pro,0.3142057382785164,0.1031690492852144
yue,pro,0.2479522919959764,0.1195574076735163
zh,pro,0.14469707377387,0.0677634290424508
ab,pt,0.2628247520075578,0.1625885687293339
abq,pt,0.1533742331288343,0.0475460122699386
af,pt,0.6963132266719666,0.5725926662029216
aii,pt,0.0883002207505518,0.0375275938189845
ajp,pt,0.670468948035488,0.4613434727503168
akk,pt,0.2794908062234795,0.093230955748636
aln,pt,0.568417761100688,0.3250781738586616
am,pt,0.6297702297702298,0.2717282717282717
ang,pt,0.327485380116959,0.2046783625730994
apu,pt,0.322,0.172
aqz,pt,0.3555858310626703,0.1982288828337874
ar,pt,0.3015986657446202,0.2420371801651547
arh,pt,0.2894290559638213,0.0776333144902958
arr,pt,0.3885295385942216,0.143165157395429
az,pt,0.6644736842105263,0.5263157894736842
azz,pt,0.43695479777954,0.2296788263283108
bar,pt,0.50292631018888,0.3474993349295025
be,pt,0.7853390042531899,0.6982111583687766
bej,pt,0.1252614843946113,0.0189105514182913
bg,pt,0.8849529381836683,0.7631009921139659
bho,pt,0.2744186046511628,0.1255813953488372
bm,pt,0.2696230919482023,0.0693047818852636
bn,pt,0.634375,0.4875
bor,pt,0.4683215229150069,0.3006834668120257
br,pt,0.6812912252648411,0.475314811113332
bxr,pt,0.3888722704157942,0.223850832585502
ca,pt,0.8602415702063412,0.7917799027008892
ceb,pt,0.5642701525054467,0.2926652142338417
ckb,pt,0.2936385459533607,0.0787894375857338
ckt,pt,0.2908229915088177,0.1387981711299804
cop,pt,0.0211356319693929,0.0073718098259693
cpg,pt,0.6215802144889473,0.4221930400525279
cs,pt,0.82109382405113,0.7200525382188461
ctn,pt,0.2789966509466202,0.1258287198414325
cu,pt,0.4968882250435648,0.2690565098332089
cy,pt,0.6736168213320803,0.4723364266416069
da,pt,0.7650404070637533,0.6921081512521201
de,pt,0.8132452237378764,0.7394936869426068
egy,pt,0.2936385459533607,0.0787894375857338
el,pt,0.8293284702853465,0.7241650575699063
eme,pt,0.3529005524861878,0.1992403314917127
en,pt,0.7628288674916126,0.6622892002121007
eo,pt,0.7860562537402753,0.682525433871933
es,pt,0.8450505258816251,0.777180862033409
ess,pt,0.2624610591900311,0.0969626168224299
et,pt,0.7132284921369103,0.5881656036483438
eu,pt,0.6700992861245589,0.4881841306310002
fa,pt,0.5241925442637647,0.4251811639315686
fi,pt,0.7181469842319991,0.6028090197375675
fo,pt,0.6371876005577604,0.5327684221817012
fr,pt,0.8006841734580944,0.7169651541067177
frm,pt,0.6943117672600956,0.6114247117286631
fro,pt,0.6226851851851852,0.4964655515730785
ga,pt,0.6357138129591634,0.4665431199947051
gd,pt,0.5728036236670756,0.4075681796734925
gl,pt,0.8082544191919192,0.7137941919191919
gn,pt,0.3317972350230415,0.0875576036866359
got,pt,0.2990782506373798,0.0970778584036085
grc,pt,0.5438938568771151,0.3700889755485331
gsw,pt,0.3659454822722074,0.1942432329393824
gu,pt,0.6275862068965518,0.4477453580901857
gub,pt,0.2532751091703056,0.0907205240174672
gun,pt,0.1612040644816258,0.0181068072427228
gv,pt,0.3366193099449115,0.10070551850778
gwi,pt,0.4742063492063492,0.4057539682539682
gya,pt,0.200222882615156,0.038632986627043
ha,pt,0.3110302955589114,0.1297500539341079
hbo,pt,0.4375338020551649,0.2451325040562466
he,pt,0.7821809144452389,0.6262554046232935
hi,pt,0.8454657873042044,0.7580791426215994
hit,pt,0.1398013750954927,0.0305576776165011
hr,pt,0.8454657873042044,0.7580791426215994
hsb,pt,0.5587892898719441,0.4592101728306618
ht,pt,0.3317293233082706,0.1306015037593985
hu,pt,0.7681852986217458,0.6578292496171516
hy,pt,0.663393840701183,0.5364241582451267
hyw,pt,0.659921429100882,0.4901045141205248
id,pt,0.800305506388963,0.6637247532914676
is,pt,0.6332618193601735,0.4974970109394031
it,pt,0.8148663350948089,0.7407911097295617
ja,pt,0.064976118752756,0.0177980374343199
jaa,pt,0.8490887548757272,0.7278112810682003
jv,pt,0.6315972948476609,0.4691487136582305
ka,pt,0.6859703550499827,0.5554734820505245
kk,pt,0.6041770760467673,0.464874587788548
kmr,pt,0.6564839772386942,0.4749925127283618
ko,pt,0.5635478573200846,0.3849852901213417
koi,pt,0.375750300120048,0.2304921968787515
kpv,pt,0.246531170607778,0.133672073480555
krl,pt,0.5436328377504848,0.3842921784098255
ky,pt,0.5620920052223332,0.3787727517087781
la,pt,0.6296328502415459,0.4814299516908212
lb,pt,0.3689320388349514,0.1650485436893204
lij,pt,0.6002685765443151,0.4321098179647866
lt,pt,0.7260204938686377,0.6063329413740971
ltg,pt,0.6764705882352942,0.4823529411764706
lv,pt,0.7478861593449094,0.6263103144754741
lzh,pt,0.2633444389310271,0.1189834833770468
mdf,pt,0.8169495241052996,0.7222638338296279
mk,pt,0.9154411764705882,0.7470588235294118
ml,pt,0.55264253017062,0.4190595089471494
mpu,pt,0.2022471910112359,0.0617977528089887
mr,pt,0.6286407766990292,0.4563106796116505
mt,pt,0.2692134019687528,0.0953671091845028
myu,pt,0.2544031311154598,0.0968688845401174
myv,pt,0.2700547603035834,0.1536170621577481
nap,pt,0.6517412935323383,0.3930348258706467
naq,pt,0.2423485899214054,0.111511789181692
nds,pt,0.4676934293265287,0.3022874327895744
nhi,pt,0.3788183067329035,0.1642532501849699
nl,pt,0.8413376289303464,0.7598211832871307
nmf,pt,0.2530364372469635,0.131578947368421
no,pt,0.8169495241052996,0.7222638338296279
oc,pt,0.6516430060557927,0.5263575895959496
olo,pt,0.4771505376344086,0.3091397849462365
or,pt,0.4528668610301263,0.3158406219630709
orv,pt,0.60566829004329,0.4474702380952381
ota,pt,0.4683215229150069,0.3006834668120257
otk,pt,0.2278481012658227,0.1265822784810126
pad,pt,0.2142857142857142,0.1031746031746031
pay,pt,0.296140350877193,0.0778947368421052
pcm,pt,0.4684320557491289,0.3087108013937282
pl,pt,0.8490887548757272,0.7278112810682003
pro,pt,0.5580872586083581,0.448145499131501
ps,pt,0.5972461273666093,0.4848782886648635
pt,pt,0.8797269481201428,0.8286200378071834
quc,pt,0.6357138129591634,0.4665431199947051
ro,pt,0.8023225264042877,0.6786821501760286
ru,pt,0.81531655809995,0.73827549603221
sa,pt,0.2639914105489196,0.0842839887263454
sab,pt,0.3556948028013269,0.1621820862513822
sah,pt,0.2390410958904109,0.1342465753424657
say,pt,0.2473477406679764,0.0857563850687622
scn,pt,0.5554266333452339,0.3818279186004998
sd,pt,0.5073695632516503,0.3343882810380685
sdh,pt,0.3455882352941176,0.1911764705882352
sga,pt,0.4170560747663551,0.1214953271028037
si,pt,0.6375,0.4011363636363636
sjo,pt,0.0339049103663289,0.0079241361392569
sk,pt,0.8470652856246077,0.758631512868801
sl,pt,0.803429005479898,0.7111117139601758
sme,pt,0.2389610389610389,0.1032967032967032
sms,pt,0.2959401709401709,0.1566951566951566
sq,pt,0.8601236476043277,0.69629057187017
sr,pt,0.8486997635933806,0.7566762980474564
sv,pt,0.8119689638895445,0.7316792541892849
ta,pt,0.689263065821124,0.5361906844522195
te,pt,0.7406380027739251,0.6074895977808599
th,pt,0.4309465898110818,0.2553226934994835
tl,pt,0.7596941561987984,0.5062807209175314
tn,pt,0.3551401869158878,0.1401869158878504
tpn,pt,0.2688553682342502,0.1122448979591836
tr,pt,0.6207518530200283,0.4761275824002523
tt,pt,0.3228070175438596,0.1978070175438596
ug,pt,0.5104549854791869,0.3761858664085188
uk,pt,0.7889393724265228,0.7005537413034219
ur,pt,0.3224368499257058,0.2158584357692827
urb,pt,0.3556948028013269,0.1621820862513822
uz,pt,0.5364548494983278,0.3972129319955407
vep,pt,0.4389869531849578,0.2294704528012279
vi,pt,0.6859703550499827,0.5554734820505245
wbp,pt,0.1714285714285714,0.0793650793650793
wo,pt,0.3463424012304143,0.1030471979236758
wuu,pt,0.1876430205949656,0.0835240274599542
xav,pt,0.3805270209915141,0.1062974542206342
xcl,pt,0.5085324232081911,0.325938566552901
xnr,pt,0.3607796340493238,0.1833731105807478
xpg,pt,0.2246591582691167,0.0503852993479549
xum,pt,0.1617900172117039,0.0490533562822719
yi,pt,0.7659978037336528,0.6852351003294399
yo,pt,0.2109668809899308,0.0662380201382991
yrk,pt,0.2091194968553459,0.0479559748427673
yrl,pt,0.3332000399880035,0.1226632010396881
yue,pt,0.2260382238827417,0.1172582267567179
zh,pt,0.1299400100746439,0.0693662133076887
ab,ro,0.3834671705243269,0.2150212564950401
abq,ro,0.1932515337423312,0.0475460122699386
af,ro,0.3366193099449115,0.0995457620566347
aii,ro,0.108167770419426,0.0353200883002207
ajp,ro,0.5754119138149556,0.4207858048162231
akk,ro,0.2802586381087088,0.0770660739543342
aln,ro,0.3077803203661327,0.131578947368421
am,ro,0.9191176470588236,0.8102941176470588
ang,ro,0.3391812865497076,0.175438596491228
apu,ro,0.295,0.154
aqz,ro,0.3521798365122616,0.1750681198910081
ar,ro,0.31933449945084,0.2500264410364886
arh,ro,0.2930092330883738,0.1109854908611268
arr,ro,0.3924105217766278,0.1371280724450194
az,ro,0.6995614035087719,0.5274122807017544
azz,ro,0.4577716098334655,0.2312648691514671
bar,ro,0.5764166001596169,0.3788241553604682
be,ro,0.8134237015656114,0.7076124883538245
bej,ro,0.2388084679106351,0.0442640783198058
bg,ro,0.8814551004833375,0.7869498855253116
bho,ro,0.3246811702925731,0.1602400600150037
bm,ro,0.2963177313173696,0.0642407581566953
bn,ro,0.6125,0.49375
bor,ro,0.2720787207872078,0.1115621156211562
br,ro,0.7052768338996602,0.5185888466919848
bxr,ro,0.3834671705243269,0.2150212564950401
ca,ro,0.3823135328271549,0.0995980348369807
ceb,ro,0.5366739288307916,0.280319535221496
ckb,ro,0.2963177313173696,0.0642407581566953
ckt,ro,0.3417700849118223,0.1603527106466362
cop,ro,0.0450240283674707,0.0033126487192646
cpg,ro,0.6778288465747428,0.4773473407747866
cs,ro,0.647955764075067,0.4924696420123009
ctn,ro,0.4206137652928713,0.2115371471533046
cu,ro,0.5526512322628827,0.3209858103061986
cy,ro,0.6854810290144485,0.4972982497356983
da,ro,0.3767123287671233,0.1924657534246575
de,ro,0.8482792771695646,0.7722323049001815
egy,ro,0.3018689986282579,0.0657578875171467
el,ro,0.8468139884145033,0.736429950654366
eme,ro,0.3608425414364641,0.1826657458563536
en,ro,0.7776858234509963,0.6766704164209504
eo,ro,0.7953321364452424,0.6816277678037104
es,ro,0.8414312229325634,0.7583109919571046
ess,ro,0.7210733081313468,0.5557038025350234
et,ro,0.7527954947498255,0.6088579450476329
eu,ro,0.4057560076557737,0.1396469837669242
fa,ro,0.540129989790074,0.4406952710610852
fi,ro,0.3521798365122616,0.1750681198910081
fo,ro,0.6712967928778291,0.5484286173978333
fr,ro,0.8066539222591139,0.7223312204447128
frm,ro,0.7382640999662277,0.6347758961740725
fro,ro,0.3300028821212412,0.1827264866942069
ga,ro,0.6476934277582898,0.4539347408829174
gd,ro,0.7643205106668907,0.6320342684360827
gl,ro,0.7964804292929293,0.6955492424242424
gn,ro,0.2995391705069124,0.0875576036866359
got,ro,0.3073151598352618,0.1118846832712296
grc,ro,0.6145139962796118,0.458504224657657
gsw,ro,0.4749809378574152,0.2520015249714067
gu,ro,0.3353370255301904,0.2294340132378765
gub,ro,0.2354803493449781,0.0944323144104803
gun,ro,0.1644892657957063,0.0165788066315226
gv,ro,0.3366193099449115,0.0995457620566347
gwi,ro,0.560515873015873,0.4513888888888889
gya,ro,0.2682020802377414,0.0456909361069836
ha,ro,0.3548247911979535,0.1543440071501217
hbo,ro,0.4971606273661438,0.3219307733910221
he,ro,0.8036972730058217,0.6502910836482484
hi,ro,0.4921952783543428,0.3578021903845829
hit,ro,0.2299465240641711,0.0664629488158899
hr,ro,0.8659521846661171,0.7791426215993404
hsb,ro,0.6995614035087719,0.5274122807017544
ht,ro,0.3377443609022556,0.1038345864661654
hu,ro,0.7670367534456355,0.6313169984686064
hy,ro,0.7153120360170506,0.6025192777431869
hyw,ro,0.7210733081313468,0.5557038025350234
id,ro,0.3391812865497076,0.175438596491228
is,ro,0.3657245580745031,0.1376210925796464
it,ro,0.1685393258426966,0.0393258426966292
ja,ro,0.1304277373115931,0.035258709084437
jaa,ro,0.2608695652173913,0.1043478260869565
jv,ro,0.6289479188454298,0.4631527574426549
ka,ro,0.745063278672379,0.6090510661348304
kk,ro,0.6249625262316378,0.4943539522334366
kmr,ro,0.7024059099530797,0.5225117300588998
ko,ro,0.5782341056511927,0.3997896900882592
koi,ro,0.4333733493397358,0.2593037214885954
kpv,ro,0.3248974008207934,0.1666992378346687
krl,ro,0.6024563671622495,0.4101486748545572
ky,ro,0.5861300975347515,0.4087243683280854
la,ro,0.6860193236714975,0.5418260869565218
lb,ro,0.529126213592233,0.2427184466019417
lij,ro,0.6695125583242331,0.531420629405341
lt,ro,0.7643205106668907,0.6320342684360827
ltg,ro,0.611764705882353,0.4352941176470588
lv,ro,0.7885092422181323,0.6803232775866208
lzh,ro,0.4057560076557737,0.1396469837669242
mdf,ro,0.3395193909112539,0.1839162502974066
mk,ro,0.9191176470588236,0.8102941176470588
ml,ro,0.5701206824802331,0.406575114440283
mpu,ro,0.1685393258426966,0.0393258426966292
mr,ro,0.6747572815533981,0.529126213592233
mt,ro,0.7953321364452424,0.6816277678037104
myu,ro,0.2690802348336595,0.086105675146771
myv,ro,0.3300028821212412,0.1827264866942069
nap,ro,0.5124378109452736,0.2736318407960199
naq,ro,0.2574202496532594,0.1074433656957928
nds,ro,0.5530848446186093,0.3616148728697712
nhi,ro,0.7019145802650957,0.5251840942562592
nl,ro,0.8451337379186334,0.748682600334657
nmf,ro,0.2810391363022942,0.1406882591093117
no,ro,0.8134237015656114,0.7076124883538245
oc,ro,0.6695125583242331,0.531420629405341
olo,ro,0.6145139962796118,0.458504224657657
or,ro,0.4518950437317784,0.3177842565597668
orv,ro,0.6702922077922078,0.5124458874458875
ota,ro,0.6239735808639771,0.4173509460906819
otk,ro,0.1685393258426966,0.0393258426966292
pad,ro,0.2658730158730158,0.1289682539682539
pay,ro,0.3307228050007185,0.1666906164678833
pcm,ro,0.7885092422181323,0.6803232775866208
pl,ro,0.8721328061557304,0.7744185736917076
pro,ro,0.5971186267497701,0.4696025339736385
ps,ro,0.540129989790074,0.4406952710610852
pt,ro,0.8355387523629489,0.7292291535391724
quc,ro,0.3657245580745031,0.1376210925796464
ro,ro,0.8932618709824321,0.8461807927416671
ru,ro,0.4921952783543428,0.3578021903845829
sa,ro,0.3524359146423299,0.1193575806379456
sab,ro,0.1685393258426966,0.0393258426966292
sah,ro,0.3767123287671233,0.1924657534246575
say,ro,0.3087426326129666,0.1012770137524557
scn,ro,0.6239735808639771,0.4173509460906819
sd,ro,0.5507731259607559,0.3863821322000181
sdh,ro,0.3602941176470588,0.1985294117647058
sga,ro,0.4369158878504673,0.1098130841121495
si,ro,0.0450240283674707,0.0033126487192646
sjo,ro,0.3366193099449115,0.0995457620566347
sk,ro,0.8729598242310107,0.8001412429378532
sl,ro,0.8239921870761218,0.7407899734143563
sme,ro,0.2503496503496503,0.093006993006993
sms,ro,0.3974358974358974,0.1987179487179487
sq,ro,0.8794435857805255,0.7727975270479135
sr,ro,0.3415300546448087,0.1202185792349726
sv,ro,0.8195362284635355,0.7269441822043899
ta,ro,0.7058823529411765,0.5434069538596108
te,ro,0.4749809378574152,0.2520015249714067
th,ro,0.515210075633892,0.3256922000466464
tl,ro,0.7192790824685964,0.4882577826324413
tn,ro,0.411214953271028,0.1308411214953271
tpn,ro,0.2688553682342502,0.1135758651286601
tr,ro,0.647955764075067,0.4924696420123009
tt,ro,0.8036972730058217,0.6502910836482484
ug,ro,0.531945788964182,0.3862536302032914
uk,ro,0.8221993468692319,0.7351625727672867
ur,ro,0.3353370255301904,0.2294340132378765
urb,ro,0.3415300546448087,0.1202185792349726
uz,ro,0.565551839464883,0.4187290969899666
vep,ro,0.4673829623944743,0.2509593246354566
vi,ro,0.7019145802650957,0.5251840942562592
wbp,ro,0.2825396825396825,0.1333333333333333
wo,ro,0.3743151014130539,0.1018936845140824
wuu,ro,0.3077803203661327,0.131578947368421
xav,ro,0.3823135328271549,0.0995980348369807
xcl,ro,0.607598347404347,0.397880366445123
xnr,ro,0.447096260938743,0.2505966587112171
xpg,ro,0.7964804292929293,0.6955492424242424
xum,ro,0.2065404475043029,0.0473321858864027
yi,ro,0.8435659379055606,0.7570130777677947
yo,ro,0.5971186267497701,0.4696025339736385
yrk,ro,0.3050314465408805,0.1116352201257861
yrl,ro,0.3314005798260522,0.1187643706887933
yue,ro,0.3307228050007185,0.1666906164678833
zh,ro,0.3395193909112539,0.1839162502974066
ab,ru,0.3168634860651866,0.1906471421823335
abq,ru,0.1579754601226994,0.0475460122699386
af,ru,0.7014806717678624,0.501242174301898
aii,ru,0.1037527593818984,0.0397350993377483
ajp,ru,0.6197718631178707,0.4347275031685678
akk,ru,0.2506364922206506,0.0504344311982218
aln,ru,0.5381488430268918,0.2769230769230769
am,ru,0.6111608920748706,0.4789426523297491
ang,ru,0.2456140350877192,0.1520467836257309
apu,ru,0.271,0.147
aqz,ru,0.297683923705722,0.1525885558583106
ar,ru,0.3177073587438473,0.2548346418256518
arh,ru,0.2722818918409647,0.0725456943659317
arr,ru,0.3635187580853816,0.1228978007761966
az,ru,0.6929824561403509,0.5394736842105263
azz,ru,0.4152458366375892,0.2161974623314829
bar,ru,0.5295291300877893,0.3508911944666135
be,ru,0.8806604953715287,0.8412559419564674
bej,ru,0.1281901096142582,0.0138063760354782
bg,ru,0.9030780971762912,0.7814805393029763
bho,ru,0.3360840210052513,0.168192048012003
bm,ru,0.2638356362584099,0.0672068291977139
bn,ru,0.5875,0.453125
bor,ru,0.2483394833948339,0.1124846248462484
br,ru,0.6806915850489706,0.4533280031980811
bxr,ru,0.4141988234121049,0.2322265430252268
ca,ru,0.8071800033551417,0.7066264049656098
ceb,ru,0.5453885257806826,0.2984749455337691
ckb,ru,0.2704918032786885,0.1147540983606557
ckt,ru,0.2730241672109732,0.1255715218811234
cop,ru,0.0773106891242476,0.0074184668501842
cpg,ru,0.6123878310352374,0.3939592908732764
cs,ru,0.8640478801911958,0.7699909276787045
ctn,ru,0.284259449114893,0.1314332581505023
cu,ru,0.5116255912372417,0.2937017674881753
cy,ru,0.6900035240220839,0.472747562551392
da,ru,0.732116132894343,0.6484086600818119
de,ru,0.8080786644029428,0.730424155494409
egy,ru,0.29809670781893,0.0696159122085048
el,ru,0.8355503110920404,0.6977043552885647
eme,ru,0.3325276243093922,0.1750690607734806
en,ru,0.7992180027850598,0.6700695273822915
eo,ru,0.8180730101735487,0.7034709754637941
es,ru,0.826263147040627,0.7293050113425449
ess,ru,0.2827102803738318,0.0774922118380062
et,ru,0.7760196049791453,0.6505022964441631
eu,ru,0.7327069828505784,0.5722080905883318
fa,ru,0.2722818918409647,0.0725456943659317
fi,ru,0.7692965045760283,0.6442551549233653
fo,ru,0.6458757910543816,0.5326611605706317
fr,ru,0.7995354998826173,0.6977646979910789
frm,ru,0.6808510638297872,0.5818497611810681
fro,ru,0.6111608920748706,0.4789426523297491
ga,ru,0.6324707128201734,0.4515520550665166
gd,ru,0.5958290082098707,0.408794941964707
gl,ru,0.7816445707070707,0.6673295454545455
gn,ru,0.3410138248847926,0.1059907834101382
got,ru,0.2864287115120612,0.0898215336340459
grc,ru,0.5843250633138349,0.4293910665859835
gsw,ru,0.3883434998093786,0.2127811666031261
gu,ru,0.6318302387267904,0.4673740053050398
gub,ru,0.501175028098498,0.3888832124246449
gun,ru,0.1759492703797081,0.0207044082817633
gv,ru,0.4010824393544022,0.1308591862375567
gwi,ru,0.4692460317460317,0.3978174603174603
gya,ru,0.1749628528974739,0.0204309063893016
ha,ru,0.2628594323049896,0.1056800320522698
hbo,ru,0.4299621416982152,0.2406706327744726
he,ru,0.7901814591631771,0.6415755966363668
hi,ru,0.5363067213419058,0.3813935435967532
hit,ru,0.174942704354469,0.0381970970206264
hr,ru,0.8928689200329761,0.8159109645507008
hsb,ru,0.6066983075132085,0.5033581087131728
ht,ru,0.2909022556390977,0.0872932330827067
hu,ru,0.8142228177641654,0.6624234303215927
hy,ru,0.7827003208965947,0.6676564969586666
hyw,ru,0.7565784597138834,0.5891334964050108
id,ru,0.7907281235603617,0.6460732730402735
is,ru,0.6551964958153151,0.505531158861587
it,ru,0.7955160087037613,0.6913428660242462
ja,ru,0.1013080229302476,0.0246356715172959
jaa,ru,0.1913043478260869,0.0608695652173913
jv,ru,0.6440772502265913,0.4555532315415185
ka,ru,0.911029411764706,0.7610294117647058
kk,ru,0.6905166383531528,0.5482162486259619
kmr,ru,0.695717280622941,0.4982529699510831
ko,ru,0.6269480250954075,0.4122783179933126
koi,ru,0.3718087261920842,0.2485478859921653
kpv,ru,0.2652921633769787,0.1498925151455931
krl,ru,0.5843250633138349,0.4293910665859835
ky,ru,0.1759492703797081,0.0207044082817633
la,ru,0.6900035240220839,0.472747562551392
lb,ru,0.470873786407767,0.2427184466019417
lij,ru,0.5365562518651149,0.3219934347955834
lt,ru,0.8238703174869814,0.6820930623215186
ltg,ru,0.6588235294117647,0.5
lv,ru,0.8395348216905391,0.7129711130671361
lzh,ru,0.3488164359088879,0.0853059401518535
mdf,ru,0.2793242921722579,0.1517963359505115
mk,ru,0.911029411764706,0.7610294117647058
ml,ru,0.6004993757802747,0.4248855597170204
mpu,ru,0.2752808988764045,0.0730337078651685
mr,ru,0.691747572815534,0.5145631067961165
mt,ru,0.2320960895872844,0.0632168337397272
myu,ru,0.2250489236790606,0.0675146771037182
myv,ru,0.2846575079258334,0.1603420117206263
nap,ru,0.5174129353233831,0.2189054726368159
naq,ru,0.2439204808136847,0.1109570041608876
nds,ru,0.4848263920532215,0.3193292627358061
nhi,ru,0.3812493393932988,0.1710178628052003
nl,ru,0.8389900352139057,0.7321245723133788
nmf,ru,0.2368421052631578,0.1190958164642375
no,ru,0.780741336158863,0.6938014943641645
oc,ru,0.6150104239054899,0.4627221284622257
olo,ru,0.5423387096774194,0.3756720430107527
or,ru,0.511175898931001,0.3547133138969873
orv,ru,0.6474972943722944,0.5223484848484848
ota,ru,0.4890351796721036,0.3139334982598851
otk,ru,0.2468354430379747,0.0822784810126582
pad,ru,0.2837301587301587,0.1507936507936507
pay,ru,0.2991812865497076,0.0650292397660818
pcm,ru,0.5066202090592334,0.3468292682926829
pl,ru,0.882463357162826,0.7864531331123448
pro,ru,0.501175028098498,0.3888832124246449
ps,ru,0.6395377428079666,0.5392180968773052
pt,ru,0.8214198697752573,0.7037807183364839
quc,ru,0.3546389693398581,0.1485069409767302
ro,ru,0.8123062371919499,0.6860560839332317
ru,ru,0.9210603842934434,0.893910132010269
sa,ru,0.3151702232362546,0.1037892005547353
sab,ru,0.3048286030224843,0.1349060081091043
sah,ru,0.4141988234121049,0.2322265430252268
say,ru,0.2272102161100196,0.0770137524557956
scn,ru,0.5203498750446269,0.3064084255622992
sd,ru,0.5542996654308708,0.3865629803779727
sdh,ru,0.375,0.1911764705882352
sga,ru,0.4135514018691589,0.1144859813084112
si,ru,0.6886363636363636,0.425
sjo,ru,0.0399454403741231,0.0025331254871395
sk,ru,0.8852793471437539,0.7966101694915254
sl,ru,0.842168086376214,0.7500406923118659
sme,ru,0.214985014985015,0.0906093906093906
sms,ru,0.2884615384615384,0.1801994301994302
sq,ru,0.8338485316846986,0.6746522411128284
sr,ru,0.8952806234130111,0.8084230802906925
sv,ru,0.8114084257729526,0.7111606089214066
ta,ru,0.7120052481959327,0.5560900940301772
te,ru,0.8349514563106796,0.694868238557559
th,ru,0.5256388898144138,0.3294239163029354
tl,ru,0.7394866193336974,0.539595849262698
tn,ru,0.3598130841121495,0.1588785046728972
tpn,ru,0.268189884649512,0.1149068322981366
tr,ru,0.6877858381958681,0.5103197445197918
tt,ru,0.3701754385964912,0.2135964912280701
ug,ru,0.5854791868344628,0.4299128751210068
uk,ru,0.8900326565384069,0.8263169104074968
ur,ru,0.3718087261920842,0.2485478859921653
urb,ru,0.2103825136612022,0.0491803278688524
uz,ru,0.6226309921962095,0.4683389074693422
vep,ru,0.4290099769762087,0.259401381427475
vi,ru,0.6899116347569956,0.5332106038291605
wbp,ru,0.219047619047619,0.0857142857142857
wo,ru,0.3167355570508507,0.0860328751321734
wuu,ru,0.2585812356979405,0.1212814645308924
xav,ru,0.3488164359088879,0.0853059401518535
xcl,ru,0.5671816058918627,0.3859349739536554
xnr,ru,0.4224343675417661,0.2195704057279236
xpg,ru,0.2294013040901007,0.0474214582098399
xum,ru,0.1738382099827883,0.0266781411359724
yi,ru,0.7940501148048318,0.6774483378256964
yo,ru,0.2007764163532694,0.0549557200048526
yrk,ru,0.2138364779874214,0.0566037735849056
yrl,ru,0.3232030390882735,0.1252624212736179
yue,ru,0.310030176749533,0.1534703261962925
zh,ru,0.2234166781151257,0.1099624490543572
ab,sa,0.5249881908360888,0.1401983939537081
abq,sa,0.2377300613496932,0.0705521472392638
af,sa,0.26900526681904,0.0396502037165855
aii,sa,0.2008830022075055,0.0485651214128035
ajp,sa,0.3903675538656527,0.1039290240811153
akk,sa,0.2223479490806223,0.0594463527985451
aln,sa,0.349155722326454,0.0693558474046279
am,sa,0.4878121878121878,0.1276723276723276
ang,sa,0.2865497076023391,0.087719298245614
apu,sa,0.278,0.083
aqz,sa,0.4264305177111717,0.1376021798365122
ar,sa,0.098555912622544,0.0146442663629337
arh,sa,0.3286225739589222,0.0591671377426041
arr,sa,0.4148339801638637,0.1759379042690815
az,sa,0.5,0.1776315789473684
azz,sa,0.4109833465503568,0.1408604282315622
bar,sa,0.3618648576749135,0.0853950518754988
be,sa,0.2864023017262947,0.073742807105329
bej,sa,0.3106016232951217,0.0502886787716509
bg,sa,0.2908293055202238,0.0677308572882218
bho,sa,0.2546136534133533,0.0415603900975243
bm,sa,0.2584098965492295,0.0322650654705924
bn,sa,0.675,0.225
bor,sa,0.2766297662976629,0.0611931119311193
br,sa,0.4280431740955426,0.1063361982810313
bxr,sa,0.3865789211287267,0.0795692491773855
ca,sa,0.1706257339372588,0.0263881899010233
ceb,sa,0.4596949891067538,0.1241830065359477
ckb,sa,0.360655737704918,0.0901639344262295
ckt,sa,0.3628347485303723,0.1028739386022207
cop,sa,0.0650398917557038,0.0045723883730695
cpg,sa,0.4558984460494638,0.0973954913547822
cs,sa,0.2899838864741168,0.0649496960095327
ctn,sa,0.4297040530380698,0.1164650399835964
cu,sa,0.4022404779686333,0.1445357231764998
cy,sa,0.2471514154822036,0.0445788793609773
da,sa,0.2344607402973161,0.0405068342811533
de,sa,0.2645361317643385,0.059959409090022
egy,sa,0.30289780521262,0.0542695473251028
el,sa,0.311628405921476,0.0694772223414145
eme,sa,0.4095303867403315,0.1982044198895027
en,sa,0.303274179720602,0.067411331526183
eo,sa,0.2618192698982645,0.0673249551166965
es,sa,0.1930707362342751,0.0381831305423798
ess,sa,0.3150311526479751,0.05101246105919
et,sa,0.2930035542139345,0.0837431228394761
eu,sa,0.3109460900960039,0.0951423648149667
fa,sa,0.0922379659835147,0.0192494459247453
fi,sa,0.3330438857646929,0.1017890616385489
fo,sa,0.4086667381744074,0.0965890807679931
fr,sa,0.2615873494986082,0.050659020022135
frm,sa,0.3135523713031312,0.075457133207893
fro,sa,0.3841845878136201,0.0972968936678614
ga,sa,0.23879806737706,0.0441127804619763
gd,sa,0.2411059733886949,0.0434085118429744
gl,sa,0.1926767676767676,0.033727904040404
gn,sa,0.2488479262672811,0.1105990783410138
got,sa,0.3115316728770347,0.0853108452637772
grc,sa,0.425782738295345,0.1511911965754499
gsw,sa,0.2818337781166603,0.0572817384674037
gu,sa,0.3803713527851459,0.1114058355437665
gub,sa,0.1659388646288209,0.0524017467248908
gun,sa,0.0437008174803269,0.006646802658721
gv,sa,0.2433555619986469,0.0376920846622209
gwi,sa,0.7271825396825397,0.2986111111111111
gya,sa,0.2407132243684992,0.0824665676077266
ha,sa,0.2609178044195149,0.0426541744999537
hbo,sa,0.3039391881997417,0.0771330058442163
he,sa,0.2243557008136724,0.042896537636605
hi,sa,0.1884439494422788,0.0371082873487571
hit,sa,0.2643239113827349,0.0832696715049656
hr,sa,0.2327699917559769,0.0483924154987634
hsb,sa,0.3489746574729112,0.0680576699203008
ht,sa,0.2311278195488721,0.0317293233082706
hu,sa,0.2097052067381317,0.0428790199081163
hy,sa,0.3350589075330239,0.053016779721528
hyw,sa,0.3483062782595804,0.0896894225780149
id,sa,0.1745265863298014,0.0378730936158863
is,sa,0.2223479490806223,0.0594463527985451
it,sa,0.2380478706869754,0.0440783338514143
ja,sa,0.1067722860649336,0.0237909288450401
jaa,sa,0.3217391304347826,0.0869565217391304
jv,sa,0.3134630133166004,0.0861047200725092
ka,sa,0.3526862658196681,0.103757325060324
kk,sa,0.3851304087139002,0.1271110222844009
kmr,sa,0.3547968453628831,0.0815613457122891
ko,sa,0.3287096659853256,0.0936824320332715
koi,sa,0.3565426170468187,0.0864345738295318
kpv,sa,0.2563429313193297,0.0508319565730469
krl,sa,0.3687782805429864,0.1092436974789916
ky,sa,0.3809231241840104,0.1300975347515552
la,sa,0.3389371980676328,0.1067053140096618
lb,sa,0.3640776699029126,0.087378640776699
lij,sa,0.3300507311250373,0.0468516860638615
lt,sa,0.2999328069880732,0.0940702166974634
ltg,sa,0.3705882352941176,0.1352941176470588
lv,sa,0.3163692619562028,0.0958096609853031
lzh,sa,0.3864747997448075,0.1458141348266818
mdf,sa,0.2955032119914347,0.0637639781108731
mk,sa,0.4654411764705882,0.1183823529411764
ml,sa,0.3499791926758219,0.1019558884727424
mpu,sa,0.2191011235955056,0.0561797752808988
mr,sa,0.424757281553398,0.1383495145631068
mt,sa,0.2273999819380475,0.0345886390318793
myu,sa,0.3209393346379647,0.098825831702544
myv,sa,0.2816793159765587,0.0547603035834374
nap,sa,0.4228855721393035,0.0845771144278607
naq,sa,0.3574664817383264,0.0750809061488673
nds,sa,0.3321789847808256,0.0694431787113824
nhi,sa,0.3726878765458197,0.0754677095444456
nl,sa,0.264653729926825,0.0537449114657476
nmf,sa,0.3576248313090418,0.1167341430499325
no,sa,0.2675606057838104,0.0517181534189517
oc,sa,0.4134815844336345,0.0818028392733048
olo,sa,0.3897849462365591,0.1075268817204301
or,sa,0.2410106899902818,0.0660835762876579
orv,sa,0.3742965367965368,0.1063041125541125
ota,sa,0.340433561155604,0.1312004696213677
otk,sa,0.310126582278481,0.0316455696202531
pad,sa,0.4404761904761904,0.1507936507936507
pay,sa,0.3375438596491228,0.0743859649122807
pcm,sa,0.3104529616724739,0.0508013937282229
pl,sa,0.3039391881997417,0.0771330058442163
pro,sa,0.2442014917748033,0.0439358332481863
ps,sa,0.2161298254241455,0.039095156134743
pt,sa,0.2014450745641672,0.0325057760974585
quc,sa,0.3458503944871667,0.0722061320283631
ro,sa,0.2507137477449074,0.0533865797908675
ru,sa,0.2399940144121732,0.0545530215527924
sa,sa,0.6015747326980718,0.4444146199615264
sab,sa,0.3837080722447475,0.09472908219683
sah,sa,0.4554794520547945,0.1664383561643835
say,sa,0.2451866404715127,0.0379174852652259
scn,sa,0.3350589075330239,0.053016779721528
sd,sa,0.3540103083461434,0.1058866081924224
sdh,sa,0.4485294117647059,0.1397058823529411
sga,sa,0.3399532710280374,0.0747663551401869
si,sa,0.4693181818181818,0.1272727272727272
sjo,sa,0.1174330995063653,0.0037672122629254
sk,sa,0.352165725047081,0.0946327683615819
sl,sa,0.2602137702783354,0.0495089794368184
sme,sa,0.2788211788211788,0.0637362637362637
sms,sa,0.3493589743589743,0.0854700854700854
sq,sa,0.3183925811437403,0.0734157650695517
sr,sa,0.2324665090622537,0.0544610804658085
sv,sa,0.2563429313193297,0.0508319565730469
ta,sa,0.4889569210583862,0.1664115460310518
te,sa,0.6269070735090153,0.2552011095700416
th,sa,0.1735581248125812,0.0389831073201612
tl,sa,0.4560349535772802,0.1578372474057892
tn,sa,0.2616822429906542,0.0420560747663551
tpn,sa,0.293921916592724,0.0767524401064773
tr,sa,0.4024404668033433,0.1304112127424696
tt,sa,0.337719298245614,0.0995614035087719
ug,sa,0.3853823814133591,0.1411423039690222
uk,sa,0.2408064745137015,0.0613020019877893
ur,sa,0.1396055653113602,0.0218830203971362
urb,sa,0.3551912568306011,0.1420765027322404
uz,sa,0.3984392419175028,0.1261984392419175
vep,sa,0.3737528779739064,0.101304681504221
vi,sa,0.2406480117820324,0.0536082474226804
wbp,sa,0.3714285714285714,0.0984126984126984
wo,sa,0.2509852927040277,0.018360088436028
wuu,sa,0.4542334096109839,0.1018306636155606
xav,sa,0.3497096918267083,0.0585082626172398
xcl,sa,0.3184839231183761,0.0734686545715825
xnr,sa,0.4315831344470963,0.1097852028639618
xpg,sa,0.2874925903971547,0.0604623592175459
xum,sa,0.3674698795180723,0.1333907056798623
yi,sa,0.5430767694918638,0.1581311769991015
yo,sa,0.1447288608516317,0.0112823001334465
yrk,sa,0.375,0.0762578616352201
yrl,sa,0.2606218134559632,0.058182545236429
yue,sa,0.3023422905589883,0.0735737893375485
zh,sa,0.3021019370792691,0.0821884874295919
ab,say,0.2307982994803968,0.1127066603684459
abq,say,0.2039877300613496,0.0460122699386503
af,say,0.1268011527377521,0.0175891881148762
aii,say,0.2317880794701986,0.0728476821192053
ajp,say,0.2965779467680608,0.1191381495564005
akk,say,0.2143463325924429,0.0438876540715296
aln,say,0.3322701688555347,0.0833020637898686
am,say,0.3474525474525474,0.0548451548451548
ang,say,0.1988304093567251,0.0643274853801169
apu,say,0.291,0.12
aqz,say,0.3126702997275204,0.1525885558583106
ar,say,0.0921775210511329,0.0133506895008745
arh,say,0.2321462219709817,0.0503109101187111
arr,say,0.3113410952996981,0.11254851228978
az,say,0.1589912280701754,0.0592105263157894
azz,say,0.3267248215701824,0.1396708961141951
bar,say,0.1987230646448523,0.0602553870710295
be,say,0.096877305138923,0.0297516597000245
bej,say,0.2099405907455443,0.0300393272529495
bg,say,0.1752734673111167,0.0510048333757313
bho,say,0.095423855963991,0.0204051012753188
bm,say,0.2063227953410981,0.0671344860015915
bn,say,0.3125,0.125
bor,say,0.2420049200492005,0.0988929889298893
br,say,0.3419948031181291,0.0998400959424345
bxr,say,0.1464752218566158,0.0493568650912354
ca,say,0.1120617346082872,0.0217916456970307
ceb,say,0.3638344226579521,0.1328976034858388
ckb,say,0.2868852459016393,0.1311475409836065
ckt,say,0.2661659046374918,0.1167537557152188
cop,say,0.0704521065646433,0.0044790743246395
cpg,say,0.3263296126066973,0.0980520901729043
cs,say,0.1440522132401727,0.0455295121257667
ctn,say,0.2016266830701934,0.0711502973139224
cu,say,0.2661659046374918,0.1167537557152188
cy,say,0.2015153294960648,0.0483378362504405
da,say,0.1511523495959293,0.0377132595031427
de,say,0.1329205940323556,0.0299650683995862
egy,say,0.2936385459533607,0.0690157750342935
el,say,0.1927697918901523,0.0505613959808338
eme,say,0.3142265193370165,0.1674723756906077
en,say,0.2068278565446427,0.0717326342601999
eo,say,0.1427289048473967,0.0406941950927588
es,say,0.1256753969890699,0.0275211383790472
ess,say,0.2749221183800623,0.0782710280373831
et,say,0.1559796809322102,0.0480224613337228
eu,say,0.2221154769910654,0.0899221827264867
fa,say,0.0852155290484847,0.0145180167841223
fi,say,0.1847640313154702,0.0554636674385268
fo,say,0.2341520969644964,0.0793735921913547
fr,say,0.1605124593352785,0.0385686018043398
frm,say,0.1691995947315096,0.0353162541612389
fro,say,0.2171943448825169,0.0559040223018717
ga,say,0.2317161956449798,0.0684360315044013
gd,say,0.1927697918901523,0.0505613959808338
gl,say,0.1224431818181818,0.0213541666666666
gn,say,0.2903225806451613,0.0829493087557603
got,say,0.2204353794861737,0.0432437732888801
grc,say,0.2090589210874291,0.0411932136533763
gsw,say,0.1427754479603507,0.0417460922607701
gu,say,0.16657824933687,0.0461538461538461
gub,say,0.2889737991266375,0.0960698689956331
gun,say,0.174879669951868,0.0194056077622431
gv,say,0.3577848651783125,0.1222576592248961
gwi,say,0.4305555555555556,0.3611111111111111
gya,say,0.2849182763744428,0.0891530460624071
ha,say,0.3958147132246433,0.2202360772952815
hbo,say,0.2921173607355327,0.0626014061654948
he,say,0.1422394716235999,0.0243420828652163
hi,say,0.073642822187347,0.0162506960967954
hit,say,0.160427807486631,0.0206264323911382
hr,say,0.113396537510305,0.0246496290189612
hsb,say,0.1417569624787319,0.0522073967941255
ht,say,0.1741353383458646,0.0396992481203007
hu,say,0.1112174578866768,0.0270865237366003
hy,say,0.0852155290484847,0.0145180167841223
hyw,say,0.2030983618708768,0.061670743458602
id,say,0.1131101035327207,0.0262105084499187
is,say,0.1442794408501223,0.0257953135999463
it,say,0.1468371153248368,0.0318775256450108
ja,say,0.1076329672781753,0.0153488149694776
jaa,say,0.417391304347826,0.1391304347826087
jv,say,0.2152966603918287,0.0609356480513142
ka,say,0.1002117496429802,0.0294479736051607
kk,say,0.14699710202858,0.0453682422304386
kmr,say,0.1738045322950983,0.0453229509833283
ko,say,0.1181634509729787,0.0312865531623285
koi,say,0.2749099639855942,0.1140456182472989
kpv,say,0.1831151065077193,0.060093804963846
krl,say,0.2197802197802197,0.0585003232062055
ky,say,0.1107441824744643,0.0238076952615006
la,say,0.1605990338164251,0.0394202898550724
lb,say,0.2233009708737864,0.0339805825242718
lij,say,0.2179946284691137,0.0572963294538943
lt,say,0.1415252813707374,0.0477070384679993
ltg,say,0.3,0.0705882352941176
lv,say,0.1589912280701754,0.0592105263157894
lzh,say,0.2979017509038066,0.0875806337279364
mdf,say,0.2077087794432548,0.0756602426837972
mk,say,0.3485294117647058,0.0897058823529411
ml,say,0.1248439450686641,0.0399500624219725
mpu,say,0.2640449438202247,0.0674157303370786
mr,say,0.1844660194174757,0.0655339805825242
mt,say,0.1605124593352785,0.0385686018043398
myu,say,0.1653620352250489,0.0469667318982387
myv,say,0.2221154769910654,0.0899221827264867
nap,say,0.3233830845771144,0.099502487562189
naq,say,0.2103559870550161,0.0890429958391123
nds,say,0.1739724779003007,0.0472979130593274
nhi,say,0.2433146601839129,0.0901596025790085
nl,say,0.1501461002472465,0.0390849379386129
nmf,say,0.2095141700404858,0.0809716599190283
no,say,0.2745430939778288,0.1204434235493858
oc,say,0.2229723021939839,0.0498361957708726
olo,say,0.2022849462365591,0.0678763440860215
or,say,0.1000971817298348,0.021379980563654
orv,say,0.2163690476190476,0.0626623376623376
ota,say,0.1674703341859197,0.0241519560568577
otk,say,0.2889737991266375,0.0960698689956331
pad,say,0.2757936507936508,0.0992063492063492
pay,say,0.2666666666666666,0.0657309941520467
pcm,say,0.2173519163763066,0.11198606271777
pl,say,0.1708002183260779,0.0506010623427453
pro,say,0.1602125268212935,0.0381117809338919
ps,say,0.096877305138923,0.0297516597000245
pt,say,0.1286536441923965,0.0303297626549044
quc,say,0.2745430939778288,0.1204434235493858
ro,say,0.3126702997275204,0.1525885558583106
ru,say,0.1317811332401202,0.0445832768287607
sa,say,0.1836889902921308,0.031628864134568
sab,say,0.1791374861776631,0.0597124953925543
sah,say,0.1112174578866768,0.0270865237366003
say,say,0.7617878192534381,0.6472495088408644
scn,say,0.217868618350589,0.0612281328097108
sd,say,0.1192693733610633,0.019079482774211
sdh,say,0.088235294117647,0.0147058823529411
sga,say,0.2464953271028037,0.0537383177570093
si,say,0.1681818181818181,0.0272727272727272
sjo,say,0.0948947778643803,0.0150688490517017
sk,say,0.1602322661644695,0.0459824231010671
sl,say,0.1106559600672779,0.0339373880961423
sme,say,0.1725274725274725,0.0427572427572427
sms,say,0.2232905982905983,0.0819088319088319
sq,say,0.1993817619783616,0.0309119010819165
sr,say,0.1106733210752123,0.0248664740390508
sv,say,0.1467134765164031,0.0258142553693651
ta,say,0.1664115460310518,0.0500765361906844
te,say,0.2233009708737864,0.1040221914008321
th,say,0.1209475893779362,0.0119614833572118
tl,say,0.3347897323866739,0.1376297105406881
tn,say,0.322429906542056,0.116822429906542
tpn,say,0.2331410825199645,0.0944986690328305
tr,say,0.1468715502286705,0.0443246333385901
tt,say,0.1214912280701754,0.0320175438596491
ug,say,0.1079380445304937,0.0292352371732817
uk,say,0.1450731222490416,0.0589592503194661
ur,say,0.0580845603133864,0.0049979737944076
urb,say,0.1967213114754098,0.0573770491803278
uz,say,0.1176142697881828,0.0312151616499442
vep,say,0.2264006139677667,0.0552570990023023
vi,say,0.1679675994108983,0.038880706921944
wbp,say,0.1936507936507936,0.0634920634920634
wo,say,0.113396537510305,0.0246496290189612
wuu,say,0.1746987951807229,0.0197934595524956
xav,say,0.2786958463599821,0.0611880303707012
xcl,say,0.2290282019040776,0.0614334470989761
xnr,say,0.1368337311058075,0.026252983293556
xpg,say,0.1831653823355068,0.0486069946650859
xum,say,0.1746987951807229,0.0197934595524956
yi,say,0.2667465308974743,0.0898472596585804
yo,say,0.1936188280965667,0.0585951716608031
yrk,say,0.1847484276729559,0.0487421383647798
yrl,say,0.283814855543337,0.0883734879536139
yue,say,0.179982756143124,0.0686161804857019
zh,say,0.1190525255300636,0.030395658744333
ab,sd,0.4366556447803495,0.2227680680207841
abq,sd,0.2392638036809816,0.0521472392638036
af,sd,0.6147272185233031,0.4077312928550134
aii,sd,0.1015452538631346,0.0088300220750551
ajp,sd,0.4271229404309252,0.2610899873257287
akk,sd,0.2203677510608203,0.0566174984845423
aln,sd,0.4582864290181363,0.1994996873045653
am,sd,0.5903096903096903,0.2831168831168831
ang,sd,0.3216374269005848,0.1578947368421052
apu,sd,0.236,0.106
aqz,sd,0.4536784741144414,0.2629427792915531
ar,sd,0.1624781352967498,0.0913314078834967
arh,sd,0.334463915583192,0.1611079706048615
arr,sd,0.3199655023717119,0.1388529538594221
az,sd,0.743421052631579,0.5866228070175439
azz,sd,0.3430808881839809,0.1477002379064234
bar,sd,0.5025937749401437,0.2692205373769619
be,sd,0.5129472104078059,0.4058669001751313
bej,sd,0.2975483223161241,0.0912894318467073
bg,sd,0.6281480539302976,0.4446705672856779
bho,sd,0.5005251312828207,0.2993248312078019
bm,sd,0.2480648195037256,0.0648195037256746
bn,sd,0.790625,0.61875
bor,sd,0.2583025830258302,0.115190651906519
br,sd,0.4629222466520088,0.2344593244053567
bxr,sd,0.513710240303121,0.2784923721208495
ca,sd,0.4708605938600906,0.3087904713974165
ceb,sd,0.4219317356572258,0.1633986928104575
ckb,sd,0.3688524590163934,0.1967213114754098
ckt,sd,0.3553233180927498,0.1484323971260614
cop,sd,0.1212616059347734,0.0012597396538048
cpg,sd,0.505581089954038,0.2576056029765813
cs,sd,0.5423948220064725,0.3859392560696537
ctn,sd,0.5111749026040598,0.2714783678490876
cu,sd,0.3965148120487926,0.1743091859596714
cy,sd,0.3858804181839539,0.2122635968518736
da,sd,0.5490372144068643,0.3866107951711064
de,sd,0.6177209570087622,0.440121089709814
egy,sd,0.2020747599451303,0.0254629629629629
el,sd,0.5957948937996138,0.391010512765501
eme,sd,0.430939226519337,0.223756906077348
en,sd,0.6311530246641327,0.4290082312888087
eo,sd,0.538001196888091,0.4189108318372232
es,sd,0.4969684471024954,0.3324706124974221
ess,sd,0.3539719626168224,0.0961838006230529
et,sd,0.6213707256114384,0.4814418098901277
eu,sd,0.5966193484860918,0.433248543529991
fa,sd,0.4032671763328934,0.3136190452474039
fi,sd,0.5005251312828207,0.2993248312078019
fo,sd,0.5579749007830097,0.415853266116057
fr,sd,0.5196951403561727,0.3389844719455344
frm,sd,0.5221691513484826,0.3174120712114633
fro,sd,0.5192652329749103,0.2839008363201911
ga,sd,0.3310278641869084,0.1694685286915083
gd,sd,0.3498159856563178,0.1741058790223648
gl,sd,0.4726641414141414,0.2958964646464646
gn,sd,0.2811059907834101,0.1336405529953917
got,sd,0.264855854089037,0.0505000980584428
grc,sd,0.4745063762074452,0.31296084627625
gsw,sd,0.3802897445672893,0.1604555852077773
gu,sd,0.729973474801061,0.5676392572944297
gub,sd,0.0960698689956331,0.0349344978165938
gun,sd,0.1673924669569867,0.0167316066926426
gv,sd,0.1938726200831158,0.0269643374891272
gwi,sd,0.7559523809523809,0.5783730158730159
gya,sd,0.1805349182763744,0.0338038632986627
ha,sd,0.2480660769870866,0.0786205196166055
hbo,sd,0.2915765278528934,0.1364926987560843
he,sd,0.4192966329622442,0.272801552446124
hi,sd,0.7422669974181137,0.5841813057932128
hit,sd,0.3254392666157372,0.1122994652406417
hr,sd,0.5561005770816159,0.4122423742786479
hsb,sd,0.1620769137449957,0.033968215455538
ht,sd,0.2092481203007518,0.0443609022556391
hu,sd,0.3802897445672893,0.1604555852077773
hy,sd,0.6373868480291202,0.5060108242731932
hyw,sd,0.6266399822103624,0.4308057223334074
id,sd,0.3588487743374633,0.2482360643018209
is,sd,0.5230520822857654,0.3792140167387393
it,sd,0.5338514143612061,0.3468837426173453
ja,sd,0.0992864846485286,0.0233074597684661
jaa,sd,0.2,0.0782608695652174
jv,sd,0.3497873527156104,0.2108345534407028
ka,sd,0.6849854729896095,0.5453784409316984
kk,sd,0.6842210452683122,0.5328270210852404
kmr,sd,0.4515323949286213,0.2862134371568334
ko,sd,0.6050190814891833,0.3819487930810402
koi,sd,0.3457382953181273,0.1800720288115246
kpv,sd,0.307406683603674,0.1353332030486613
krl,sd,0.4806076276664512,0.3312863606981254
ky,sd,0.683972045157822,0.4786882727901083
la,sd,0.4610917874396135,0.3018260869565217
lb,sd,0.4223300970873786,0.2184466019417475
lij,sd,0.4046553267681289,0.1724858251268278
lt,sd,0.5699647236687384,0.4452376952796909
ltg,sd,0.4470588235294118,0.3058823529411765
lv,sd,0.6073457629831159,0.4637646368461764
lzh,sd,0.3001346849082016,0.0713121145530587
mdf,sd,0.3071615512729003,0.1346657149655008
mk,sd,0.7139705882352941,0.4772058823529412
ml,sd,0.6221389929255098,0.4452767374115688
mpu,sd,0.3089887640449438,0.1011235955056179
mr,sd,0.7281553398058253,0.5922330097087378
mt,sd,0.1993136458051115,0.0394653662060868
myu,sd,0.3033268101761252,0.1095890410958904
myv,sd,0.2841771543856278,0.1331540013449899
nap,sd,0.3383084577114428,0.1442786069651741
naq,sd,0.5230520822857654,0.3792140167387393
nds,sd,0.4438166408457122,0.2147088307664267
nhi,sd,0.3332628686185392,0.1164781735545925
nl,sd,0.6059039484528358,0.4146499837666392
nmf,sd,0.4399460188933873,0.2199730094466936
no,sd,0.5847932918029193,0.4124664316118306
oc,sd,0.3254392666157372,0.1122994652406417
olo,sd,0.4576612903225806,0.2842741935483871
or,sd,0.6141885325558795,0.4169096209912536
orv,sd,0.467383658008658,0.2682900432900433
ota,sd,0.4642961969055306,0.3081470921212629
otk,sd,0.1835443037974683,0.0949367088607595
pad,sd,0.3293650793650793,0.1547619047619047
pay,sd,0.3571929824561403,0.1361403508771929
pcm,sd,0.4624390243902439,0.2863414634146341
pl,sd,0.5645726000772129,0.4069385092588894
pro,sd,0.3977725554306733,0.2173291100439358
ps,sd,0.6437177280550774,0.4925006147037128
pt,sd,0.4833648393194707,0.3084015963032976
quc,sd,0.2664536103066014,0.0685109357834814
ro,sd,0.4650307393200567,0.2951500183910462
ru,sd,0.5409849097719398,0.3964890786403363
sa,sd,0.3762805887352928,0.1300943944884355
sab,sd,0.3590121636564689,0.1798746774788057
sah,sd,0.5554794520547945,0.2698630136986301
say,sd,0.1718074656188605,0.0663064833005893
scn,sd,0.4231524455551588,0.2009996429846483
sd,sd,0.8541459444796093,0.7648069445700335
sdh,sd,0.3161764705882353,0.1764705882352941
sga,sd,0.2792056074766355,0.0759345794392523
si,sd,0.6840909090909091,0.4363636363636363
sjo,sd,0.0807352559106261,0.0285788516497791
sk,sd,0.6354362837413685,0.4708097928436911
sl,sd,0.5607400575118008,0.3880418859530139
sme,sd,0.2211788211788211,0.0718281718281718
sms,sd,0.3418803418803419,0.1463675213675213
sq,sd,0.5625965996908809,0.3809891808346213
sr,sd,0.5699150687330357,0.4379651519131424
sv,sd,0.6191733537880576,0.4579891432617418
ta,sd,0.7749835993877104,0.6271594139514541
te,sd,0.7891816920943134,0.665742024965326
th,sd,0.229967014293806,0.1069203345217072
tl,sd,0.541780447842709,0.2812670671764063
tn,sd,0.2102803738317757,0.0514018691588785
tpn,sd,0.293921916592724,0.1526175687666371
tr,sd,0.6932167639173632,0.5171601482416023
tt,sd,0.4964912280701754,0.3179824561403508
ug,sd,0.6376573088092933,0.4789932236205227
uk,sd,0.5314141700979697,0.3909910549481755
ur,sd,0.7463190598406052,0.5898284479265162
urb,sd,0.4754098360655737,0.180327868852459
uz,sd,0.6584169453734671,0.5046822742474917
vep,sd,0.3722179585571757,0.1742133537989255
vi,sd,0.4230486008836524,0.2695876288659793
wbp,sd,0.4285714285714285,0.2253968253968254
wo,sd,0.2172450254734211,0.039123329808709
wuu,sd,0.1876430205949656,0.0732265446224256
xav,sd,0.3211255024564537,0.1067440821795444
xcl,sd,0.3786599604814083,0.1913059098257589
xnr,sd,0.5712012728719172,0.3504375497215592
xpg,sd,0.2228808535862478,0.0486069946650859
xum,sd,0.346815834767642,0.1308089500860585
yi,sd,0.7189777378456623,0.5308974742937007
yo,sd,0.1620769137449957,0.033968215455538
yrk,sd,0.4960691823899371,0.1973270440251572
yrl,sd,0.2197340797760671,0.0819754073777866
yue,sd,0.1819945394453226,0.0864348325908895
zh,sd,0.1329280578834089,0.0545862526903878
ro,sdh,0.1162314119068887,0.0284623333858791
hr,sdh,0.111871393239901,0.0272877164056059
cu,sdh,0.1837689818272342,0.0333084391336818
hit,sdh,0.1367456073338426,0.0198624904507257
sab,sdh,0.2340582381127902,0.0781422779211205
yrl,sdh,0.1483554933519944,0.0405878236529041
lij,sdh,0.1098179647866308,0.0222321695016413
lv,sdh,0.1635859272892161,0.049051772425382
ht,sdh,0.1118045112781954,0.0230075187969924
bor,sdh,0.2380073800738007,0.0731242312423124
arh,sdh,0.1788204258526474,0.0440927077444884
kk,sdh,0.2281403017887479,0.0835415209353452
apu,sdh,0.26,0.093
sr,sdh,0.1069083267664827,0.0277558882759828
myv,sdh,0.1903160726294552,0.0657123643001248
ab,sdh,0.22579121398205,0.0746339159187529
tn,sdh,0.2570093457943925,0.0607476635514018
ota,sdh,0.1523753616503836,0.0273386724810264
oc,sdh,0.1831629107515139,0.0437804030576789
mpu,sdh,0.3595505617977528,0.0617977528089887
naq,sdh,0.1448913546000924,0.0453074433656957
sms,sdh,0.1349715099715099,0.0491452991452991
eu,sdh,0.1623451218511528,0.0507508000328218
pro,sdh,0.1074895269234699,0.0274854398692142
cpg,sdh,0.2260888597067192,0.0632523528124316
mr,sdh,0.2354368932038835,0.0970873786407767
ajp,sdh,0.2953105196451204,0.1280101394169835
id,sdh,0.1134738016148194,0.0281987246320587
sah,sdh,0.2808219178082192,0.073972602739726
ka,sdh,0.1553159009208647,0.0411680701236027
pad,sdh,0.3035714285714285,0.119047619047619
lb,sdh,0.1310679611650485,0.0436893203883495
ml,sdh,0.1989180191427382,0.0570120682480233
ckb,sdh,0.4918032786885246,0.2704918032786885
gn,sdh,0.2488479262672811,0.0599078341013824
hyw,sdh,0.1137795567415314,0.0340226817878585
xnr,sdh,0.233890214797136,0.071599045346062
sd,sdh,0.2054435301564336,0.0455737408445609
eo,sdh,0.1050269299820466,0.0308198683423099
yo,sdh,0.0670872255246876,0.0151643818997937
af,sdh,0.1352479379906588,0.0232535029315313
yrk,sdh,0.1871069182389937,0.0471698113207547
gv,sdh,0.2083695757224316,0.079539963274379
bxr,sdh,0.1627280885432246,0.0436733472928507
tr,sdh,0.2307305630026809,0.0800938337801608
gya,sdh,0.2265973254086181,0.038632986627043
got,sdh,0.1748382035693273,0.0237301431653265
bm,sdh,0.1762280257541778,0.0557042610142516
hsb,sdh,0.1394286737709322,0.0390436106384884
hi,sdh,0.1329418316205133,0.0309151352537167
az,sdh,0.3651315789473684,0.1535087719298245
ky,sdh,0.2593502803164119,0.0840949235849781
ps,sdh,0.1022866978116547,0.0255716744529136
wuu,sdh,0.0503432494279176,0.0125858123569794
yi,sdh,0.2604572227213736,0.0747728860936408
is,sdh,0.1335802800219011,0.0294883398701574
gun,sdh,0.1546336618534647,0.0090152036060814
lzh,sdh,0.1763308995534132,0.0273623024030623
koi,sdh,0.1944777911164465,0.056422569027611
vep,sdh,0.1665387567152724,0.0330007674597083
gub,sdh,0.1536026200873362,0.0421397379912663
say,sdh,0.1756385068762279,0.0597249508840864
no,sdh,0.1762363214527119,0.0426204351559217
ess,sdh,0.2698598130841121,0.0549065420560747
fi,sdh,0.2162449002095049,0.06155584959753
mt,sdh,0.1065655197326831,0.0204100063216833
aii,sdh,0.1280353200883002,0.0397350993377483
sv,sdh,0.1482770828416332,0.0340305640783573
gu,sdh,0.2238726790450928,0.0769230769230769
olo,sdh,0.176747311827957,0.0591397849462365
abq,sdh,0.1901840490797546,0.0276073619631901
krl,sdh,0.1929541047188106,0.0555914673561732
quc,sdh,0.3027064815739538,0.0771996404673923
et,sdh,0.1779541360338867,0.0525179739357644
cop,sdh,0.0588345075351094,0.010217888303084
gwi,sdh,0.5128968253968254,0.2906746031746032
gsw,sdh,0.0959778879146016,0.0261151353412123
sjo,sdh,0.0652766952455183,0.0086386074305014
ltg,sdh,0.3411764705882353,0.0823529411764705
jv,sdh,0.1676776127727811,0.0455274349857073
urb,sdh,0.2595628415300546,0.0464480874316939
mk,sdh,0.2867647058823529,0.0867647058823529
nap,sdh,0.3134328358208955,0.0895522388059701
xcl,sdh,0.1707382791449613,0.0402371115502065
tl,sdh,0.2539595849262698,0.0644456581103222
arr,sdh,0.2621819749892194,0.0508840017248814
he,sdh,0.1237531065944915,0.0318659993871923
bg,sdh,0.1708852709234291,0.0473798015772068
ha,sdh,0.1634973957530742,0.0628717601010879
da,sdh,0.1489573979846353,0.0397086700588646
otk,sdh,0.2215189873417721,0.1012658227848101
br,sdh,0.1839896062362582,0.0408754747151709
ca,sdh,0.0846670021808421,0.0181680926019124
nl,sdh,0.1624834544591793,0.0397342723708199
kpv,sdh,0.1500879421536056,0.0452413523548954
ur,sdh,0.1031338646494664,0.0194515736863433
mdf,sdh,0.2153223887699262,0.0673328574827504
sme,sdh,0.1652347652347652,0.042057942057942
ang,sdh,0.2280701754385964,0.0935672514619883
grc,sdh,0.0937268876487595,0.0150608485174477
la,sdh,0.1458260869565217,0.0388115942028985
aln,sdh,0.1592870544090056,0.032145090681676
jaa,sdh,0.3652173913043478,0.0956521739130434
nhi,sdh,0.2029383786069125,0.0543282951062255
cs,sdh,0.1550310760856318,0.0454997224140499
ga,sdh,0.1194321265470911,0.0322324442385333
ar,sdh,0.0542732782817394,0.011918805678721
cy,sdh,0.1270997298249735,0.0253142253024785
azz,sdh,0.2509912767644726,0.0716693100713719
nmf,sdh,0.242914979757085,0.0698380566801619
aqz,sdh,0.3392370572207084,0.1389645776566757
am,sdh,0.2933066933066933,0.0712287712287712
ctn,sdh,0.25780876221721,0.0688264643565033
en,sdh,0.2083145432650613,0.0630602950577577
bar,sdh,0.1252992817238627,0.0303272146847565
si,sdh,0.2386363636363636,0.0556818181818181
wo,sdh,0.107372873209651,0.0151879265596462
tpn,sdh,0.1896628216503993,0.072315882874889
sdh,sdh,0.7647058823529411,0.6764705882352942
bej,sdh,0.1594008869550665,0.0410007530750564
ru,sdh,0.1441544655758556,0.0451491019280139
xum,sdh,0.3373493975903614,0.0559380378657487
ceb,sdh,0.2549019607843137,0.0501089324618736
wbp,sdh,0.219047619047619,0.0857142857142857
hy,sdh,0.1604961923463767,0.0486613343550936
pt,sdh,0.09763074984247,0.0252341944969544
be,sdh,0.1398548911683763,0.0443457593194896
gd,sdh,0.1009719731999622,0.0234972161932622
fr,sdh,0.1632122614615823,0.0389291343864238
ug,sdh,0.212487899322362,0.0776379477250726
lt,sdh,0.1536200235175541,0.0456912481101965
fro,sdh,0.2015133412982875,0.052294902429311
pay,sdh,0.2502923976608187,0.0711111111111111
es,sdh,0.1138069705093833,0.0292431429160651
pcm,sdh,0.1452961672473867,0.0563066202090592
de,sdh,0.1693304451339695,0.0481577971625392
fo,sdh,0.221387965247238,0.0615145339482999
ko,sdh,0.1740728050379857,0.0519158287746493
sk,sdh,0.1935812931575643,0.0540646578782172
uz,sdh,0.2259754738015607,0.0730211817168338
zh,sdh,0.0289073590694692,0.0084146173924989
eme,sdh,0.3166436464088398,0.0877071823204419
akk,sdh,0.1429379672661143,0.0223479490806223
xav,sdh,0.1009379187137114,0.0223313979455113
sga,sdh,0.2032710280373831,0.0315420560747663
sa,sdh,0.2079362949044871,0.0270657182481098
uk,sdh,0.1456765582848218,0.055090160442993
vi,sdh,0.1450662739322533,0.0395434462444771
sq,sdh,0.2187017001545595,0.0633693972179289
te,sdh,0.3661581137309292,0.1650485436893204
xpg,sdh,0.0616478956727919,0.0071132187314759
hbo,sdh,0.0959302325581395,0.0325175770686857
ckt,sdh,0.2998040496407577,0.0965055519268451
or,sdh,0.2079689018464528,0.0680272108843537
tt,sdh,0.1197368421052631,0.0258771929824561
kmr,sdh,0.1931716082659479,0.0567036038734151
sl,sdh,0.1279095002984102,0.0357549780261515
ta,sdh,0.3374152635031708,0.1305488738246228
hu,sdh,0.1339012251148545,0.0382848392036753
orv,sdh,0.153814935064935,0.0321563852813852
pl,sdh,0.1700813397766151,0.0525180718079795
fa,sdh,0.113778419702667,0.0378265308663495
yue,sdh,0.0274464721942807,0.011352205776692
frm,sdh,0.1496598639455782,0.0316012929994692
gl,sdh,0.0991792929292929,0.0217329545454545
myu,sdh,0.1692759295499021,0.0332681017612524
th,sdh,0.0537433778695898,0.0048978775863792
egy,sdh,0.196159122085048,0.0301783264746227
scn,sdh,0.1519100321313816,0.0423955730096394
bho,sdh,0.1434358589647411,0.037059264816204
bn,sdh,0.353125,0.165625
ja,sdh,0.045281394941107,0.0093798313702363
el,sdh,0.1873346206107416,0.0523492812701137
it,sdh,0.1327867578489275,0.0278831209201119
nds,sdh,0.1014307846532397,0.0240590540417388
ta,sk,0.7133172971790946,0.550404548436475
la,sk,0.609304347826087,0.4854685990338164
urb,sk,0.2868852459016393,0.081967213114754
da,sk,0.693105856529981,0.5996208719944128
sab,sk,0.2524880206413564,0.1013638039071139
tr,sk,0.6421601482416023,0.4790549597855228
kmr,sk,0.6230408305880004,0.4587201757013078
mk,sk,0.9,0.7830882352941176
got,sk,0.2862325946263973,0.1064914689154736
ml,sk,0.5376612567623804,0.4015813566375364
bxr,sk,0.3610529464552797,0.1872569548309901
te,sk,0.7891816920943134,0.6380027739251041
sv,sk,0.7505900401227283,0.6500177012036819
bg,sk,0.8401806156194352,0.7552149580259476
ajp,sk,0.6337135614702155,0.4562737642585551
vi,sk,0.6396907216494845,0.4717967599410898
wbp,sk,0.2,0.0571428571428571
zh,sk,0.2379905664697531,0.0953198699455053
myv,sk,0.2917667403208762,0.1655298299548467
no,sk,0.7217157785125778,0.6257512924971227
hyw,sk,0.6650359498925209,0.510784967756282
fi,sk,0.7004631161098247,0.5912449002095049
jaa,sk,0.2608695652173913,0.1304347826086956
xav,sk,0.2934345690040196,0.0861991960696739
yo,sk,0.1514011888875409,0.0453718306441829
lb,sk,0.4029126213592233,0.203883495145631
ro,sk,0.7301070183735309,0.6101623666649152
it,sk,0.7111206092632888,0.5960366801367734
nhi,sk,0.401437480181799,0.1703836803720537
or,sk,0.488824101068999,0.3440233236151603
cu,sk,0.4872292755787901,0.2744336569579288
en,sk,0.7362766426649355,0.5923059006595933
bm,sk,0.2353324169861824,0.0544020834840483
cop,sk,0.0322400037325619,0.0035925908645546
sk,sk,0.940991839296924,0.9229441305712492
otk,sk,0.189873417721519,0.1012658227848101
ky,sk,0.5955763766223793,0.4016588587666078
lt,sk,0.7701159079455736,0.6486645388879556
tl,sk,0.7149098853085746,0.4642271982523211
ckt,sk,0.2893533638145003,0.1268778576094056
tt,sk,0.3197368421052631,0.1868421052631579
mpu,sk,0.1573033707865168,0.0393258426966292
ab,sk,0.377420878601795,0.2262635805384978
ko,sk,0.5686520079870506,0.3537459976133369
nap,sk,0.4278606965174129,0.1691542288557214
ckb,sk,0.3114754098360656,0.0983606557377049
mr,sk,0.6092233009708737,0.4223300970873786
myu,sk,0.2289628180039138,0.0851272015655577
th,sk,0.47922566887682,0.2815779828740879
az,sk,0.6611842105263158,0.5109649122807017
fr,sk,0.7282590468524667,0.606533185766509
hy,sk,0.6751281191627951,0.5642511614540926
nds,sk,0.4411737902123394,0.2748564658707737
pl,sk,0.8352303739499713,0.7454104929643091
cs,sk,0.8171588739488971,0.7807639706977563
ess,sk,0.2644080996884735,0.1063084112149532
pcm,sk,0.4402787456445993,0.2846689895470383
hit,sk,0.1512605042016806,0.0473644003055767
arh,sk,0.2283776144714528,0.0712266817410966
yi,sk,0.7695916941199961,0.6864330637915543
sd,sk,0.5297947373180215,0.3560900623926214
gwi,sk,0.5099206349206349,0.4176587301587302
fa,sk,0.4966755484722464,0.4119829668550938
bar,sk,0.4981378026070763,0.3069965416334131
wuu,sk,0.2665903890160183,0.0766590389016018
ltg,sk,0.6352941176470588,0.488235294117647
et,sk,0.6940779330379603,0.5728126977944399
vep,sk,0.4336147352264006,0.249424405218726
gu,sk,0.5793103448275863,0.4206896551724138
af,sk,0.6487131074232336,0.4943853721554208
ru,sk,0.7933522565198483,0.7258834587345158
cpg,sk,0.6099803020354564,0.3930838257824469
bej,sk,0.1198226089866956,0.025688226926617
koi,sk,0.3697478991596639,0.2364945978391356
hr,sk,0.793116240725474,0.728070898598516
mdf,sk,0.317868189388532,0.1710682845586486
el,sk,0.7976113852535222,0.6692769791890152
ceb,sk,0.5461147421931736,0.261437908496732
oc,sk,0.5834408815645786,0.4101062245607068
sme,sk,0.2245754245754245,0.0887112887112887
abq,sk,0.1533742331288343,0.0414110429447852
fo,sk,0.5836104258285959,0.4722192427330258
hi,sk,0.5144872508817226,0.3493646534703589
scn,sk,0.5172259907176009,0.2914137807925741
pay,sk,0.2743859649122807,0.0785964912280701
orv,sk,0.5582115800865801,0.4257981601731602
kk,sk,0.6168681922654142,0.4810632557209953
is,sk,0.5790285273708559,0.4499625669046741
sl,sk,0.787857414139222,0.7137431501275026
sms,sk,0.3482905982905983,0.1955128205128205
ps,sk,0.5731497418244407,0.5008605851979346
akk,sk,0.2168114770660739,0.0611436653869468
am,sk,0.5444555444555444,0.2706293706293706
aln,sk,0.4873671044402751,0.2420888055034396
xnr,sk,0.3922036595067621,0.2008750994431185
lv,sk,0.7842148782374436,0.6700008001920461
ga,sk,0.5878284466212191,0.3921503739493017
wo,sk,0.2688647505527252,0.0693069306930693
xpg,sk,0.1997628927089508,0.0426793123888559
yrk,sk,0.2169811320754717,0.0636792452830188
arr,sk,0.3454075032341526,0.1233290211297973
gv,sk,0.2911955156083889,0.0892046003672562
sq,sk,0.8044822256568779,0.6228748068006182
gn,sk,0.2811059907834101,0.0967741935483871
es,sk,0.729676221901423,0.6273870901216746
eu,sk,0.6592680725363091,0.4897021416263231
he,sk,0.6928131277023116,0.5298062846832124
hbo,sk,0.3729042725797729,0.2078826392644673
ur,sk,0.3935566662163987,0.2539511009050385
ug,sk,0.5612778315585673,0.4003872216844143
tn,sk,0.3037383177570093,0.102803738317757
egy,sk,0.2083333333333333,0.0459533607681755
si,sk,0.6829545454545455,0.4227272727272727
eo,sk,0.7238180730101735,0.625673249551167
ang,sk,0.2690058479532163,0.1637426900584795
eme,sk,0.3598066298342541,0.1843922651933701
pt,sk,0.7299012812434362,0.6166057550934677
jv,sk,0.5364986404517883,0.3873666596946246
lzh,sk,0.3384489969518678,0.1202594456652725
be,sk,0.7439954966224669,0.6851388541406055
xum,sk,0.1600688468158347,0.0395869191049913
pro,sk,0.4512107898232349,0.3404516194952488
naq,sk,0.23042071197411,0.0943134535367545
azz,sk,0.4073156225218081,0.2036082474226804
grc,sk,0.5398821130011878,0.3868979582688989
gl,sk,0.7144728535353535,0.6072127525252525
sjo,sk,0.0255910626136658,0.0033125487139516
tpn,sk,0.2386867790594498,0.111357586512866
nmf,sk,0.2628205128205128,0.129217273954116
sr,sk,0.7923999649767971,0.7302337798791699
de,sk,0.7268748902289093,0.6357209765236227
uk,sk,0.7726465994604572,0.7065881016612239
bn,sk,0.63125,0.4875
aqz,sk,0.3160762942779291,0.1641689373297002
pad,sk,0.2579365079365079,0.1468253968253968
ca,sk,0.6755074651904043,0.5588491863781245
yue,sk,0.2978876275326915,0.1322029027159074
hsb,sk,0.5912062326497717,0.5165218948688098
nl,sk,0.7502060388102195,0.6452885792063136
hu,sk,0.7276033690658499,0.6026990811638591
gya,sk,0.1864784546805349,0.0393759286775631
ja,sk,0.0845034878840524,0.0225185019896612
frm,sk,0.636223283639697,0.5242919862980653
gun,sk,0.1607456642982657,0.0152036060814424
ht,sk,0.2657894736842105,0.0819548872180451
bor,sk,0.2575645756457564,0.1212792127921279
bho,sk,0.3156789197299325,0.1404351087771943
gub,sk,0.2424672489082969,0.0906113537117904
ar,sk,0.2717406337713053,0.2224708131635683
sa,sk,0.2985281617679953,0.0998076320851787
uz,sk,0.565886287625418,0.4076923076923077
gd,sk,0.5535528923280174,0.3611399452675286
xcl,sk,0.5229028201904078,0.3448895275731992
ka,sk,0.7176343132909834,0.5928005121386714
olo,sk,0.5114247311827957,0.3380376344086021
say,sk,0.2159135559921414,0.0805500982318271
sga,sk,0.3598130841121495,0.0887850467289719
kpv,sk,0.2726206761774477,0.1425640023451241
ota,sk,0.4305421610969013,0.277202398423414
br,sk,0.6204277433539876,0.4055566660003997
apu,sk,0.258,0.132
fro,sk,0.5862455197132617,0.4351851851851852
sah,sk,0.3075342465753424,0.1342465753424657
aii,sk,0.0927152317880794,0.0242825607064017
id,sk,0.6760662415440196,0.5437043861988701
yrl,sk,0.3040087973607918,0.1263620913725882
quc,sk,0.3254768800559273,0.1227404374313392
ha,sk,0.2323481369618146,0.1024131660862329
krl,sk,0.5326438267614738,0.3687782805429864
sdh,sk,0.2058823529411764,0.0808823529411764
ctn,sk,0.2891805071423689,0.1278791606862142
cy,sk,0.6327968988605662,0.4231175848701985
lij,sk,0.495076096687556,0.2890182035213369
mt,sk,0.2118667027905716,0.0503025377043258
gsw,sk,0.3859130766298131,0.1890011437285551
ug,sl,0.5489835430784124,0.3779283639883833
aqz,sl,0.3208446866485013,0.1764305177111716
si,sl,0.65,0.3954545454545454
mk,sl,0.899264705882353,0.8036764705882353
ota,sl,0.4487399890980754,0.2668455700448656
tl,sl,0.6384489350081922,0.4227198252321136
yi,sl,0.7596086652690426,0.6433063791554358
bn,sl,0.603125,0.465625
bar,sl,0.520218143123171,0.3363261505719606
ga,sl,0.5815408034946059,0.3550532795022834
sah,sl,0.2363013698630137,0.1013698630136986
sdh,sl,0.3088235294117647,0.1029411764705882
no,sl,0.7686841191837629,0.6545241966422478
az,sl,0.6699561403508771,0.4824561403508772
eu,sl,0.6909821941412981,0.4896200869779273
es,sl,0.6936275520725923,0.5347700556815839
is,sl,0.6245181187355435,0.4948152369459064
la,sl,0.6517004830917874,0.4918067632850241
ta,sl,0.6934178876011371,0.5466870763175159
scn,sl,0.5542663334523384,0.3338093538022135
fi,sl,0.7469952585731613,0.6238973425956555
nds,sl,0.4754397156657249,0.292353959719311
urb,sl,0.2021857923497267,0.0765027322404371
yo,sl,0.188523595778236,0.0534999393424724
zh,sl,0.1853047579795759,0.075960525713239
en,sl,0.7199280443627317,0.5422541144054988
hbo,sl,0.4015008112493239,0.1458896700919416
ka,sl,0.7484611217806668,0.6128428620672675
mdf,sl,0.2881275279562217,0.1506067094932191
xnr,sl,0.3902147971360382,0.1992840095465393
eo,sl,0.7722920406941951,0.6457211250748055
grc,sl,0.5853111903000964,0.4043120643671978
krl,sl,0.5824175824175825,0.3910795087265675
sjo,sl,0.0335151987529228,0.0042218758118991
pl,sl,0.869709919192726,0.7617316985502616
egy,sl,0.2710048010973936,0.0584705075445816
gu,sl,0.6371352785145888,0.459946949602122
cpg,sl,0.6257386736703874,0.3790763843291749
lij,sl,0.5649059982094897,0.3187108325872874
te,sl,0.8155339805825242,0.6699029126213593
xpg,sl,0.2163604030823948,0.0432720806164789
ang,sl,0.3099415204678362,0.1695906432748538
ps,sl,0.6451930169658224,0.541922793213671
sms,sl,0.3336894586894587,0.1655982905982906
gsw,sl,0.4137438048036599,0.210493709492947
yrl,sl,0.3308007597720683,0.129961011696491
el,sl,0.8104484016305514,0.6537938925838518
ru,sl,0.8519969885011246,0.7771116732991344
hu,sl,0.7806278713629403,0.6238514548238897
tn,sl,0.322429906542056,0.1121495327102803
fo,sl,0.6364367692802746,0.514802102327577
orv,sl,0.643357683982684,0.4865124458874459
myu,sl,0.1986301369863013,0.0675146771037182
olo,sl,0.5174731182795699,0.344758064516129
fa,sl,0.5041711283213387,0.3988594765545235
wo,sl,0.2900124963952706,0.0819955781985965
ko,sl,0.5961340784763165,0.3786996230962817
hyw,sl,0.7271514342895263,0.5422874508931881
ml,sl,0.5751144402829796,0.4344569288389513
gn,sl,0.3317972350230415,0.0875576036866359
ckb,sl,0.2950819672131147,0.1147540983606557
kk,sl,0.6470470670530628,0.4961526931148196
tr,sl,0.657753114650686,0.471869578930768
ar,sl,0.313582557051621,0.2277346133506895
mpu,sl,0.2303370786516854,0.0561797752808988
cop,sl,0.0544487472588998,0.0072318387533243
af,sl,0.640862565835238,0.4413196859783365
gd,sl,0.5468528828913843,0.3311314522978201
de,sl,0.7728836133715825,0.6504132271724918
naq,sl,0.2106333795654184,0.0958853444290337
sk,sl,0.8937539234149403,0.8499686126804771
frm,sl,0.6450523471800067,0.5103005741303613
hit,sl,0.160427807486631,0.0229182582123758
pro,sl,0.5153775416368652,0.3417799121283335
nap,sl,0.4477611940298507,0.1940298507462686
ur,sl,0.360934756179927,0.2330811833040659
ckt,sl,0.2820052253429131,0.1272044415414761
hsb,sl,0.6676815617444255,0.573833616906958
gya,sl,0.2050520059435364,0.0312035661218424
ky,sl,0.6202288610705783,0.4231625835189309
gv,sl,0.2914854547211752,0.0927805160916207
gun,sl,0.1419512567805027,0.0148216059286423
pay,sl,0.2844444444444444,0.0849122807017543
ess,sl,0.2776479750778816,0.0891744548286604
or,sl,0.5413022351797862,0.3702623906705539
wuu,sl,0.2265446224256292,0.080091533180778
pcm,sl,0.4720557491289198,0.2986759581881533
quc,sl,0.3458503944871667,0.1264356336762209
ab,sl,0.2405290505432215,0.1269721303731695
kpv,sl,0.2741840922415477,0.141391440297049
xum,sl,0.1841652323580034,0.0344234079173838
oc,sl,0.5638836493596744,0.3851881266752705
jaa,sl,0.217391304347826,0.0956521739130434
cy,sl,0.6401973452366968,0.3911664513097615
et,sl,0.755732995764156,0.6089553207718649
lb,sl,0.3737864077669903,0.1893203883495145
ro,sl,0.773562433222987,0.616958296113359
sd,sl,0.530246857762908,0.3446966271814811
lv,sl,0.8299325171374463,0.695553599530554
myv,sl,0.2984916898837544,0.1619752137573254
hr,sl,0.8659521846661171,0.7916735366859027
ja,sl,0.0955781174457956,0.0156011752017553
xcl,sl,0.5274833842284893,0.3413867433087839
ceb,sl,0.5083514887436456,0.2490922294843863
kmr,sl,0.6540880503144654,0.4714984526305281
sme,sl,0.2436563436563436,0.0976023976023976
koi,sl,0.354141656662665,0.205282112845138
tpn,sl,0.2595385980479148,0.111357586512866
tt,sl,0.3640350877192982,0.2100877192982456
otk,sl,0.2088607594936709,0.1139240506329113
fro,sl,0.5839058144165671,0.4140033851055356
arh,sl,0.2647446768419069,0.0861126813642359
aii,sl,0.0927152317880794,0.0397350993377483
bor,sl,0.2714022140221402,0.1191266912669126
cu,sl,0.5064973861090366,0.2611401543440378
vi,sl,0.6625184094256259,0.4846097201767305
fr,sl,0.7362326860515813,0.5698343227018144
nl,sl,0.7824479908094203,0.5991608601183787
bej,sl,0.1850891138816835,0.0342230775667308
aln,sl,0.5158223889931207,0.2562851782363977
hi,sl,0.5138966232977269,0.3285239372922257
hy,sl,0.7476890655682743,0.6210067531969922
ajp,sl,0.6375158428390367,0.4512040557667934
sr,sl,0.8628841607565012,0.789598108747045
arr,sl,0.3505821474773609,0.1228978007761966
am,sl,0.5892107892107892,0.2495504495504495
bho,sl,0.3059264816204051,0.1264816204051012
br,sl,0.6110333799720168,0.3821706975814511
ha,sl,0.2661879372515178,0.1013344839276358
say,sl,0.2252455795677799,0.0705304518664047
ltg,sl,0.6705882352941176,0.5470588235294118
xav,sl,0.3358642251004913,0.0808396605627512
pad,sl,0.2400793650793651,0.1329365079365079
bg,sl,0.8832358178580514,0.7728949376748919
lzh,sl,0.2915219394626781,0.0888920394130573
ht,sl,0.308796992481203,0.0981954887218045
lt,sl,0.7989249118091718,0.6552158575508147
gl,sl,0.6767045454545455,0.4846433080808081
sab,sl,0.3556948028013269,0.1485440471802432
da,sl,0.7510725331737005,0.6208719944128505
yue,sl,0.3094553815203333,0.1376634573933036
uk,sl,0.8493184722419423,0.7799943206020162
apu,sl,0.315,0.166
sq,sl,0.7952086553323029,0.6421947449768161
pt,sl,0.7454946439823567,0.5689855072463769
abq,sl,0.1211656441717791,0.0322085889570552
it,sl,0.7535436742306497,0.6222179048803232
be,sl,0.8293720290217663,0.7505003752814611
mt,sl,0.2918811523525693,0.065384268039375
sga,sl,0.3656542056074766,0.0911214953271028
yrk,sl,0.2311320754716981,0.0290880503144654
nmf,sl,0.2830634278002699,0.148110661268556
uz,sl,0.5937569676700112,0.42396878483835
vep,sl,0.4650805832693783,0.2509593246354566
bm,sl,0.2572524054112711,0.0673515155899587
gub,sl,0.2323144104803493,0.1008733624454148
th,sl,0.4484056908672908,0.186352580548429
got,sl,0.2891743479113551,0.0679545008825259
cs,sl,0.8391003507061515,0.7780206090641968
sv,sl,0.7851958933207458,0.6486016049091338
bxr,sl,0.4088144381294247,0.2305314587695682
ca,sl,0.6502264720684449,0.4739640999832243
nhi,sl,0.3926646231899376,0.1640418560405876
sa,sl,0.3080570840603051,0.0967207981031628
mr,sl,0.6771844660194175,0.5072815533980582
he,sl,0.754808838048548,0.5630340789160113
eme,sl,0.3546270718232044,0.1837016574585635
akk,sl,0.2267124671650838,0.0343907860173772
id,sl,0.764105423950731,0.5984288242853333
sl,sl,0.9098529651131246,0.8884216808637622
azz,sl,0.4182196669310071,0.2090602696272799
ctn,sl,0.2844644931993711,0.1349873556147905
gwi,sl,0.4652777777777778,0.3898809523809524
wbp,sl,0.273015873015873,0.1015873015873015
jv,sl,0.6123544586209301,0.4298263961514327
frm,sme,0.2012351039706662,0.0452549814251941
ps,sme,0.1406442094910253,0.0366363412835013
be,sme,0.1935201401050788,0.0767450587940955
urb,sme,0.3306010928961748,0.087431693989071
vep,sme,0.3008442056792018,0.1174213353798925
ja,sme,0.0695000079692705,0.0108647721054281
si,sme,0.2159090909090909,0.059090909090909
pcm,sme,0.2548432055749129,0.0988153310104529
arr,sme,0.4139715394566624,0.1673134971970677
hu,sme,0.1388782542113323,0.0362748851454823
ga,sme,0.1994837514064465,0.0517903236481567
ckb,sme,0.3278688524590163,0.1065573770491803
myv,sme,0.2700547603035834,0.1277740416946872
bn,sme,0.3,0.11875
sah,sme,0.3335616438356164,0.1198630136986301
cu,sme,0.2918595967139656,0.0677620114513318
kmr,sme,0.2132374962563641,0.0551063192572626
cy,sme,0.2203688476447785,0.05192059203571
ug,sme,0.1481122942884801,0.0452081316553727
yo,sme,0.118160863763193,0.0272958874196287
gn,sme,0.3271889400921659,0.1382488479262673
nl,sme,0.198346694637996,0.0578157388676606
ru,sme,0.1668342319508807,0.0609127086187788
sdh,sme,0.0808823529411764,0.0073529411764705
ota,sme,0.1997987336995262,0.0440270032286469
ha,sme,0.2486516473017536,0.0953863223102289
cop,sme,0.0602808752857742,0.0058321280268744
it,sme,0.1932079577245881,0.0423375815977618
sv,sme,0.1863641727637479,0.0482062780269058
gsw,sme,0.2032500953107129,0.0727697293175752
say,sme,0.2725933202357564,0.1007858546168958
ur,sme,0.088410104011887,0.0091854653518843
lij,sme,0.2372426141450313,0.0574455386451805
he,sme,0.1632792019882204,0.0313212814489497
hr,sme,0.1612530915086562,0.0468260511129431
ceb,sme,0.4088598402323892,0.1554103122730573
eme,sme,0.4150552486187845,0.2140883977900552
arh,sme,0.262671942717166,0.0682117957414735
ky,sme,0.1843176407341986,0.0559864833730128
ltg,sme,0.4470588235294118,0.2470588235294117
olo,sme,0.2896505376344086,0.1155913978494623
aqz,sme,0.4012261580381471,0.2016348773841962
xnr,sme,0.2140015910898965,0.0517104216388225
mpu,sme,0.3258426966292135,0.1067415730337078
gub,sme,0.2168122270742358,0.0849344978165938
fi,sme,0.2200904179071562,0.0928161870106957
uk,sme,0.171553315348573,0.0658810166122391
pl,sme,0.2023909368052504,0.0644993809656935
sd,sme,0.1654760828284655,0.0392440546161497
kpv,sme,0.2535665428962282,0.1126636701192104
la,sme,0.1965314009661835,0.0581932367149758
oc,sme,0.2800555941626129,0.0768390747542936
jv,sme,0.2314717980896604,0.0792023983824862
gya,sme,0.2797176820208024,0.0872956909361069
ht,sme,0.2123308270676691,0.0421804511278195
br,sme,0.3079152508494903,0.0899460323805716
fo,sme,0.2884801029711466,0.1126783224284028
ml,sme,0.1980857261756138,0.056595921764461
eu,sme,0.1883564453926315,0.0609666037581028
tt,sme,0.1828947368421052,0.0557017543859649
ta,sme,0.2208615788322764,0.0828777607697354
ang,sme,0.391812865497076,0.1637426900584795
tpn,sme,0.296583850931677,0.135980479148181
gwi,sme,0.5446428571428571,0.4533730158730158
abq,sme,0.2223926380368098,0.0398773006134969
mdf,sme,0.2855103497501784,0.1299072091363312
hi,sme,0.1181761420206213,0.0151031910764609
hbo,sme,0.1863169280692266,0.0424553812871822
or,sme,0.1564625850340136,0.0408163265306122
bxr,sme,0.2466846146176089,0.0902383089041778
yi,sme,0.3467105919936109,0.1235898971748028
yrk,sme,0.279874213836478,0.0628930817610062
nap,sme,0.4626865671641791,0.1641791044776119
sr,sme,0.1612818492251116,0.047456439891428
sq,sme,0.2187017001545595,0.0401854714064915
wuu,sme,0.1762013729977116,0.0480549199084668
gl,sme,0.1734217171717171,0.0290877525252525
yrl,sme,0.3490952714185744,0.1437568729381185
id,sme,0.1579177072472904,0.0439832213951458
lv,sme,0.1931663599263823,0.0751913792643567
aii,sme,0.2229580573951435,0.0772626931567329
otk,sme,0.1835443037974683,0.0886075949367088
pro,sme,0.1634821702258097,0.0392357208541943
tn,sme,0.3411214953271028,0.116822429906542
gun,sme,0.1602108640843456,0.0143632057452822
ckt,sme,0.3396472893533638,0.1659046374918354
mt,sme,0.2096089587284385,0.0521990427165176
ar,sme,0.0740430378716999,0.0176219338567302
kk,sme,0.2066553412611172,0.0745478165284301
grc,sme,0.233734507720926,0.0474685672023129
fro,sme,0.2746166865790522,0.0809936280366387
ajp,sme,0.2851711026615969,0.0937896070975918
ro,sme,0.1670082146672972,0.0443136636715534
yue,sme,0.1171863773530679,0.0408823106768213
myu,sme,0.309197651663405,0.1135029354207436
lzh,sme,0.2373998724037711,0.0538030764868505
apu,sme,0.304,0.154
ab,sme,0.270760510155881,0.1310344827586207
ctn,sme,0.3217825165743968,0.1297245574465176
zh,sme,0.0647868296927233,0.0163483995054265
bho,sme,0.1213803450862715,0.0154538634658664
tl,sme,0.2878208629164391,0.077007099945385
wo,sme,0.2359896183793136,0.0552725175430164
fr,sme,0.2132592145420397,0.0525790656336988
nmf,sme,0.3012820512820512,0.1369770580296896
xum,sme,0.2108433734939759,0.0344234079173838
aln,sme,0.2666666666666666,0.047842401500938
egy,sme,0.2889231824417009,0.0709019204389574
eo,sme,0.1576900059844404,0.0487731897067624
uz,sme,0.1775919732441471,0.0560758082497212
hsb,sme,0.24572400823856,0.0800573117220381
quc,sme,0.386697293518426,0.124238489963048
el,sme,0.2223414145748408,0.0581777873131659
sab,sme,0.3247327681533358,0.1330630298562476
cs,sme,0.1965552260632896,0.0638962234770009
sa,sme,0.2608151031181497,0.0575314275488748
ko,sme,0.1316091071280881,0.0358235759774094
vi,sme,0.1782032400589101,0.0583946980854197
sms,sme,0.323005698005698,0.1791310541310541
jaa,sme,0.3391304347826087,0.1565217391304348
koi,sme,0.3109243697478991,0.1644657863145258
ka,sme,0.165361697936672,0.0603240261978628
ess,sme,0.3212616822429907,0.0922897196261682
sga,sme,0.3434579439252336,0.0759345794392523
fa,sme,0.1045147794904997,0.0193988594765545
bor,sme,0.3219557195571956,0.1539975399753997
hy,sme,0.1597777671344413,0.0664303845969634
am,sme,0.2977022977022977,0.0563436563436563
ca,sme,0.1452776379802046,0.0329474920315383
en,sme,0.2529746123464376,0.0888642209018241
az,sme,0.2730263157894737,0.1337719298245614
cpg,sme,0.3479973736047275,0.086233311446706
hyw,sme,0.1750796827514639,0.0557408642798903
pt,sme,0.1798739760554505,0.0405671077504725
gu,sme,0.213262599469496,0.0726790450928382
sjo,sme,0.0468303455442972,0.0040270200051961
lt,sme,0.1718461280026877,0.0592138417604569
krl,sme,0.2708468002585649,0.1092436974789916
xcl,sme,0.2248967127716903,0.0640380815520028
sk,sme,0.2110012554927809,0.0585373509102322
orv,sme,0.239650974025974,0.0716179653679653
scn,sme,0.2757051053195287,0.0764012852552659
naq,sme,0.3211280628756356,0.1187239944521497
sl,sme,0.1752753513102924,0.0520047745645922
nhi,sme,0.3337913539794948,0.11912060035937
pad,sme,0.3611111111111111,0.2123015873015873
th,sme,0.0921600639722786,0.011361743244594
te,sme,0.2482662968099861,0.1123439667128987
af,sme,0.1610851634701381,0.0356752459505117
got,sme,0.2732888801725828,0.0716807217101392
xpg,sme,0.2145820983995257,0.0331950207468879
akk,sme,0.210870883006668,0.034592847039806
sme,sme,0.5891108891108892,0.4845154845154845
bm,sme,0.2301960500614917,0.0632279534109817
wbp,sme,0.2920634920634921,0.0793650793650793
lb,sme,0.3543689320388349,0.1262135922330097
no,sme,0.1990719596631286,0.0599937887064067
is,sme,0.1592135697764071,0.0454001988982378
nds,sme,0.2262826938849904,0.0644308757860202
hit,sme,0.2001527883880825,0.0313216195569136
mr,sme,0.2548543689320388,0.1092233009708737
es,sme,0.1669828830686739,0.0433388327490204
bg,sme,0.2120961587382345,0.0683032307300941
de,sme,0.1872133754854321,0.0520193001971
mk,sme,0.375735294117647,0.1419117647058823
gd,sme,0.1894875908275927,0.0375577993771822
azz,sme,0.4161379857256146,0.2022204599524187
bar,sme,0.2814578345304602,0.1020883213620643
xav,sme,0.3202322465386333,0.0759267530147387
da,sme,0.1779906215703881,0.0615584156440187
et,sme,0.2016326663096223,0.0799292403070581
gv,sme,0.2572726394123901,0.0622402628781289
bej,sme,0.1998159149861936,0.050707053803029
pay,sme,0.3394152046783625,0.1132163742690058
tr,sme,0.1932759028544393,0.0655160857908847
mr,sq,0.5412621359223301,0.3616504854368932
gl,sq,0.6512468434343435,0.5425662878787879
bn,sq,0.68125,0.5
lij,sq,0.5019397194867203,0.3318412414204715
fo,sq,0.529228789016411,0.4243269333905395
gd,sq,0.5108993111257903,0.3342455411909031
myv,sq,0.2572773561341147,0.1424728600249784
pl,sq,0.6718452547359453,0.5491832740924159
uz,sq,0.4651059085841694,0.3150501672240802
xum,sq,0.1617900172117039,0.0283993115318416
olo,sq,0.418010752688172,0.2634408602150537
tt,sq,0.2105263157894736,0.0951754385964912
lt,sq,0.551570636653788,0.4350747522257685
hy,sq,0.5162124622826764,0.3774606063508788
pad,sq,0.3115079365079365,0.1646825396825396
mk,sq,0.8551470588235294,0.6875
cpg,sq,0.575399430947691,0.3755745239658569
si,sq,0.6022727272727273,0.3772727272727272
az,sq,0.6513157894736842,0.5010964912280702
aii,sq,0.0883002207505518,0.0176600441501103
ajp,sq,0.5437262357414449,0.3751584283903675
ps,sq,0.4925006147037128,0.3557905089746742
ja,sq,0.0420299325799716,0.0090159013510569
br,sq,0.6268239056566061,0.4249450329802118
ko,sq,0.4304145940900551,0.2575114902465825
ru,sq,0.6156925278353215,0.5289295617895037
wbp,sq,0.1079365079365079,0.0412698412698412
sah,sq,0.234931506849315,0.1095890410958904
eu,sq,0.5759415770903422,0.4032575695413145
jv,sq,0.536219758767343,0.3613609426200934
quc,sq,0.3893937880755018,0.185159292919205
ess,sq,0.2484423676012461,0.0720404984423676
egy,sq,0.2981824417009602,0.0555555555555555
be,sq,0.5678633975481612,0.4776082061546159
yue,sq,0.1103606840063227,0.0500790343440149
naq,sq,0.1958391123439667,0.0694405917706888
or,sq,0.3867832847424684,0.238095238095238
gu,sq,0.5326259946949602,0.3474801061007957
hu,sq,0.5115811638591118,0.3824655436447167
aln,sq,0.5988117573483427,0.3710444027517198
bxr,sq,0.2762987336723502,0.1225446206002592
cs,sq,0.6092537677214933,0.491004861139321
mt,sq,0.2658719407567958,0.0907613112977513
lv,sq,0.5778453495505588,0.4577365234322904
pt,sq,0.645179584120983,0.539508506616257
koi,sq,0.3157262905162065,0.1968787515006002
aqz,sq,0.3051771117166212,0.1546321525885558
uk,sq,0.5876402101377254,0.4883927303705807
nhi,sq,0.3839974632702674,0.1724976218158757
tr,sq,0.5308606686642485,0.3813771487147138
urb,sq,0.1994535519125683,0.0628415300546448
frm,sq,0.5966131133304385,0.4830414435277657
kk,sq,0.5181373038872789,0.3749375437193964
es,sq,0.6603423386265209,0.5674365848628583
am,sq,0.563936063936064,0.2348651348651348
xnr,sq,0.3575974542561654,0.1706443914081145
myu,sq,0.2279843444227005,0.0743639921722113
et,sq,0.5690312738367659,0.4329973870847331
fa,sq,0.418606967651966,0.3224095425455088
nap,sq,0.5472636815920398,0.3034825870646766
gwi,sq,0.435515873015873,0.3700396825396825
ar,sq,0.2136273034210633,0.1613716796159948
cop,sq,0.0238417393738627,0.0033126487192646
th,sq,0.2746809715789824,0.1492020124612668
ga,sq,0.5240254153153749,0.3417499503607121
mdf,sq,0.2702831310968356,0.1372828931715441
sr,sq,0.6502057613168725,0.5239471149636634
grc,sq,0.4178040744974114,0.2768551513929043
he,sq,0.6131481292343308,0.4767643754468389
gub,sq,0.3085152838427947,0.1129912663755458
krl,sq,0.4815772462831286,0.3031674208144796
ca,sq,0.622496225465526,0.533350109042107
ro,sq,0.6428458830329462,0.5255285236368732
ht,sq,0.3268421052631579,0.1082706766917293
ur,sq,0.2675266783736323,0.1485208699176009
yrl,sq,0.340997700689793,0.1142657202839148
ha,sq,0.3025549357413628,0.1258359786729127
yo,sq,0.1799102268591532,0.0457357758097779
af,sq,0.6260558481566133,0.468250024843486
cy,sq,0.5735345941501233,0.3757782215435217
pay,sq,0.2776608187134503,0.0886549707602339
id,sq,0.6225298838590791,0.470964769779114
sme,sq,0.2256743256743257,0.0877122877122877
azz,sq,0.4142545598731166,0.200832672482157
ky,sq,0.5329851777897243,0.3455955763766223
nds,sq,0.4160211428050669,0.2667456484097329
bej,sq,0.1548824366161827,0.0339720525479039
sms,sq,0.2606837606837607,0.120014245014245
ceb,sq,0.5519244734931009,0.280319535221496
tpn,sq,0.3043478260869565,0.1390860692102928
en,sq,0.6823644265601538,0.5493802994187055
nmf,sq,0.2027665317139001,0.1012145748987854
arh,sq,0.2572074618428491,0.0685886564914264
fr,sq,0.6595985511620888,0.5522101485729617
fro,sq,0.584926324173636,0.4419553962564715
hr,sq,0.6369744435284419,0.5155399835119538
wuu,sq,0.1167048054919908,0.0434782608695652
bm,sq,0.2704188671055487,0.0697388410619981
hit,sq,0.1298701298701298,0.0129870129870129
sv,sq,0.7025165211234364,0.5882995043662969
gsw,sq,0.303898208158597,0.1722264582539077
otk,sq,0.170886075949367,0.0822784810126582
el,sq,0.6972037474075663,0.5786311950225274
nl,sq,0.6699383132289404,0.5578781748707575
zh,sq,0.0503617713055822,0.0199546641022118
ug,sq,0.4222652468538238,0.2781219748305905
hbo,sq,0.2666982152514873,0.1579232017306652
vi,sq,0.5957290132547864,0.4127393225331369
fi,sq,0.601210166501268,0.4634882566986437
ckb,sq,0.319672131147541,0.1639344262295081
yi,sq,0.7037037037037037,0.6029749425975841
hsb,sq,0.4035998925405212,0.3127966329363302
cu,sq,0.4565098332088623,0.2490913617127209
gya,sq,0.2793462109955423,0.0486627043090638
lzh,sq,0.2122705040051038,0.0489473311122138
sq,sq,0.8299845440494591,0.7550231839258115
yrk,sq,0.1729559748427672,0.0369496855345911
gun,sq,0.1513484605393842,0.0087096034838413
apu,sq,0.334,0.156
hyw,sq,0.5327255207175153,0.3724705359128308
ml,sq,0.418227215980025,0.2746566791510612
sk,sq,0.6819679849340866,0.572112366603892
tl,sq,0.6881485527034408,0.4210813762971054
it,sq,0.6658688218837426,0.5641280696300901
ota,sq,0.3616084531846199,0.220973625728542
abq,sq,0.1457055214723926,0.0260736196319018
eo,sq,0.5586475164572112,0.4482345900658288
da,sq,0.6239648807742193,0.5328743889055173
oc,sq,0.5989278268638936,0.4590489427181574
ta,sq,0.6350317078504264,0.4712442597856986
sl,sq,0.6146166784222235,0.4983994357332754
bg,sq,0.7071991859577715,0.5634062579496312
gv,sq,0.3811732869430753,0.140910408814149
xpg,sq,0.1523414344991108,0.0331950207468879
gn,sq,0.3410138248847926,0.1013824884792626
arr,sq,0.3842173350582147,0.1203104786545925
la,sq,0.5191207729468599,0.3881932367149758
say,sq,0.3069744597249509,0.1083497053045186
bar,sq,0.432561851556265,0.295291300877893
bor,sq,0.2476014760147601,0.0942189421894219
ka,sq,0.5193775545378441,0.3862214999753779
sab,sq,0.3221525985993365,0.1507556210836712
scn,sq,0.4968761156729739,0.3229203855765798
got,sq,0.2833888997842714,0.0844283192782898
sa,sq,0.2423835726748087,0.0654498277636111
kpv,sq,0.2435020519835841,0.1159859292554231
no,sq,0.6835345914247611,0.5703063629222309
ang,sq,0.3742690058479532,0.2105263157894736
wo,sq,0.2944342977987119,0.0712294530423916
jaa,sq,0.3565217391304348,0.1391304347826087
bho,sq,0.2492123030757689,0.1078769692423105
de,sq,0.6391604706984368,0.5470600862556837
pro,sq,0.4452845611525493,0.3372841524471237
mpu,sq,0.2752808988764045,0.0730337078651685
xav,sq,0.2992407324698526,0.064761054041983
sjo,sq,0.0108469732398025,0.0016237983891919
sd,sq,0.4718328962835699,0.2955963468668053
kmr,sq,0.5845063392233204,0.4010182689427972
ckt,sq,0.2664924885695623,0.1105486610058785
ctn,sq,0.2525459640489372,0.1015651698448499
ab,sq,0.1955597543693906,0.1038261691072272
te,sq,0.7226074895977809,0.5603328710124826
xcl,sq,0.4881444224896712,0.2919885036824142
sga,sq,0.4275700934579439,0.1191588785046729
tn,sq,0.5514018691588785,0.2242990654205607
vep,sq,0.372985418265541,0.1880276285495011
pcm,sq,0.4538675958188153,0.300418118466899
akk,sq,0.2444534249343301,0.0440897150939583
sdh,sq,0.1691176470588235,0.1029411764705882
orv,sq,0.4984713203463203,0.355465367965368
lb,sq,0.4223300970873786,0.2427184466019417
ltg,sq,0.6764705882352942,0.4176470588235294
is,sq,0.5543785547472987,0.4265585017822623
eme,sq,0.3428867403314917,0.1529696132596685
hi,sq,0.3841948058522756,0.2368079110346107
myv,sr,0.3015659525410702,0.1699490825247382
ctn,sr,0.3258150502358007,0.1558335042034037
la,sr,0.6506666666666666,0.5200289855072464
fro,sr,0.6249253285543608,0.4685135404221425
scn,sr,0.5514102106390575,0.3303284541235273
eo,sr,0.7998204667863554,0.6732495511669659
lb,sr,0.4805825242718446,0.233009708737864
sv,sr,0.82197014396979,0.7134912674061836
gub,sr,0.2278384279475982,0.0841703056768558
hbo,sr,0.3971741481882098,0.1746214169821525
ckt,sr,0.2736773350751143,0.1125081645983017
yrk,sr,0.1957547169811321,0.0550314465408805
bxr,sr,0.422773955528966,0.2313291454781134
da,sr,0.7557617479796468,0.6580864012770627
ar,sr,0.3228003091567343,0.2279135988284586
arh,sr,0.2715281703410589,0.0783870359902016
mt,sr,0.2693037117312381,0.0710737830759505
ur,sr,0.3406051600702418,0.2245711198162907
kpv,sr,0.2494625757279656,0.1307406683603674
az,sr,0.6896929824561403,0.543859649122807
ko,sr,0.6070040289707811,0.3901603317697933
or,sr,0.5034013605442177,0.3430515063168124
bej,sr,0.1505313362898502,0.0179064513429838
jaa,sr,0.2608695652173913,0.0869565217391304
ga,sr,0.6120855119465219,0.4318948970812098
mpu,sr,0.2696629213483146,0.0842696629213483
apu,sr,0.295,0.147
sjo,sr,0.0297479864899974,0.0030527409716809
jv,sr,0.6348044342187826,0.470473401659346
orv,sr,0.6298566017316017,0.4604978354978355
ru,sr,0.8650203182649278,0.7827091331653004
say,sr,0.2361493123772102,0.0703339882121807
myu,sr,0.2279843444227005,0.0802348336594911
pcm,sr,0.507177700348432,0.3410452961672474
no,sr,0.8131862109282231,0.7077038309066662
uz,sr,0.593422519509476,0.4372352285395763
yue,sr,0.2105906020980026,0.0826268141974421
hy,sr,0.7383495378131136,0.6238325590306049
olo,sr,0.5309139784946236,0.3528225806451613
yi,sr,0.8048317859638614,0.7021064190875511
ckb,sr,0.3114754098360656,0.1229508196721311
sme,sr,0.2359640359640359,0.1025974025974026
et,sr,0.7655679439115829,0.6226203807390818
th,sr,0.4550361510012328,0.2538233432179388
gun,sr,0.1796164718465887,0.0158148063259225
aln,sr,0.5873045653533459,0.3106316447779862
sk,sr,0.8798650345260515,0.8126961707470182
pad,sr,0.244047619047619,0.125
ang,sr,0.2748538011695906,0.1695906432748538
eme,sr,0.3535911602209944,0.1263812154696132
af,sr,0.7200635993242572,0.5391036470237504
oc,sr,0.6158046262285317,0.4473344584532909
fr,sr,0.7893064359258142,0.6488915719220579
ja,sr,0.0942392800029752,0.012161106772286
gya,sr,0.2239970282317979,0.0237741456166419
ka,sr,0.7632343526862658,0.6044713645540947
lij,sr,0.5698299015219338,0.3539242017308266
naq,sr,0.2068423485899214,0.0778548312528895
cy,sr,0.6885939151885352,0.4435569129566545
el,sr,0.821032682543088,0.6806836873346206
kmr,sr,0.6667664969551762,0.4887690925426775
pay,sr,0.2804678362573099,0.0725146198830409
sab,sr,0.3335790637670475,0.1430151124216734
ug,sr,0.5542110358180058,0.3994191674733785
xpg,sr,0.2122110254890337,0.0432720806164789
ht,sr,0.3306766917293233,0.1131578947368421
br,sr,0.6628023186088347,0.4571257245652608
lt,sr,0.7940534184444817,0.654879892491181
kk,sr,0.6452483261716798,0.511941640851404
pro,sr,0.5603351384489629,0.4320016348217023
is,sr,0.6532298615534176,0.5085369805459645
fi,sr,0.748828426507884,0.6254410629617377
otk,sr,0.2088607594936709,0.0886075949367088
bn,sr,0.6375,0.478125
sah,sr,0.2410958904109589,0.134931506849315
yrl,sr,0.3220033989803059,0.1200639808057582
bar,sr,0.5153631284916201,0.338121840915137
tt,sr,0.375,0.2149122807017544
pt,sr,0.8113841629909683,0.666507036336904
gn,sr,0.2903225806451613,0.0599078341013824
sd,sr,0.5276245591825662,0.3688398589384212
id,sr,0.7953107193948064,0.6475523119074752
eu,sr,0.7102650365143185,0.5267498153770411
bho,sr,0.290622655663916,0.1383345836459114
ky,sr,0.610705782965978,0.4256969510790261
nl,sr,0.8226567768037761,0.6882944981394071
nds,sr,0.486557914881983,0.3056593456666363
xcl,sr,0.5573917729477277,0.3512663912340578
aii,sr,0.0905077262693156,0.0220750551876379
sa,sr,0.2931150181183733,0.0930971234286225
got,sr,0.2881937634830359,0.0886448323200627
mk,sr,0.913970588235294,0.8051470588235294
gl,sr,0.7841382575757576,0.6385574494949495
lv,sr,0.8197434050838868,0.6885119095249527
xav,sr,0.37248771773113,0.0995980348369807
ab,sr,0.2390174775625885,0.1312234293811998
aqz,sr,0.3215258855585831,0.1614441416893733
azz,sr,0.4075138778747026,0.1931007137192704
vi,sr,0.6943298969072165,0.5047128129602356
nmf,sr,0.2634952766531714,0.1228070175438596
cop,sr,0.0493631316194653,0.0031260206224047
krl,sr,0.5568842921784098,0.4004524886877828
gwi,sr,0.4761904761904761,0.369047619047619
bm,sr,0.2771467843449323,0.0708963321999566
ess,sr,0.2461059190031152,0.0833333333333333
quc,sr,0.2985119344851693,0.1085588734644961
ro,sr,0.8021473735834516,0.6476100397596903
frm,sr,0.6872195686785353,0.5622135378974285
abq,sr,0.156441717791411,0.0291411042944785
xum,sr,0.1678141135972461,0.0404475043029259
ha,sr,0.3015995315437482,0.120966499214103
vep,sr,0.452033768227168,0.261703760552571
de,sr,0.8035512167515563,0.7068648400757177
hit,sr,0.147440794499618,0.0221543162719633
ceb,sr,0.5068990559186638,0.2643427741466957
ml,sr,0.5805243445692884,0.4190595089471494
cs,sr,0.8460738514035017,0.7787436866122327
sl,sr,0.8374749064076827,0.7531604362215832
xnr,sr,0.4216388225934765,0.2235481304693715
cu,sr,0.4985312422205626,0.2825491660443117
hr,sr,0.9272052761747732,0.8764633140972795
tl,sr,0.661387220098307,0.4789732386673949
mdf,sr,0.3009754936949798,0.1674994051867713
ajp,sr,0.6476552598225602,0.449936628643853
wo,sr,0.3418244737095068,0.101509180044218
gu,sr,0.620159151193634,0.4567639257294429
akk,sr,0.2395635481915538,0.0460699131137603
sms,sr,0.3048433048433048,0.1741452991452991
sr,sr,0.9526311181157516,0.929866036249015
he,sr,0.7810914785687536,0.5778435978619821
lzh,sr,0.2192882965903452,0.0364003686113277
en,sr,0.7996689644235868,0.6652278842961282
gsw,sr,0.3894872283644681,0.1995806328631338
wbp,sr,0.2253968253968254,0.0984126984126984
nhi,sr,0.3826234013317831,0.1661557974844096
ota,sr,0.4820327896347855,0.3117950438173508
sq,sr,0.8415765069551777,0.6414219474497682
ta,sr,0.7010715066695823,0.550623223267002
yo,sr,0.2044158680092199,0.0618706781511585
koi,sr,0.3169267707082833,0.1944777911164465
es,sr,0.8073520313466694,0.6828005774386472
be,sr,0.839754816112084,0.7583812859644734
cpg,sr,0.6189538192164588,0.4059969358721821
hu,sr,0.7792879019908117,0.6246171516079633
fa,sr,0.519236994795428,0.4175112682720323
pl,sr,0.8682721620938003,0.7595883754676038
sga,sr,0.397196261682243,0.0829439252336448
gd,sr,0.5968670378408983,0.4093611399452675
ps,sr,0.6316695352839932,0.5384804524219327
zh,sr,0.1140838943078261,0.0457136969363923
tr,sr,0.6676293171424066,0.5024345529096357
bg,sr,0.8929661663698805,0.7799542101246503
grc,sr,0.5658127703444721,0.3786503507474394
hi,sr,0.4870146306890092,0.3374508513474746
arr,sr,0.3617938766709789,0.0789133247089262
egy,sr,0.2980109739368998,0.0478395061728395
hyw,sr,0.7296716329404789,0.5654881031798977
it,sr,0.7916070873484613,0.6714174696922599
te,sr,0.8030513176144244,0.6629680998613038
urb,sr,0.2404371584699453,0.0737704918032786
ca,sr,0.8091427612816642,0.6736118100989766
si,sr,0.6852272727272727,0.4306818181818181
mr,sr,0.6456310679611651,0.4757281553398058
tpn,sr,0.2358030168589174,0.0951641526175687
gv,sr,0.3154537547115106,0.0904610031893302
uk,sr,0.8544299304273747,0.7613232997302286
wuu,sr,0.1475972540045766,0.0549199084668192
ltg,sr,0.6529411764705882,0.5294117647058824
am,sr,0.6158841158841158,0.2783216783216783
hsb,sr,0.6060714605534163,0.5108802722306797
bor,sr,0.2584255842558425,0.1154981549815498
tn,sr,0.4065420560747663,0.1869158878504672
sdh,sr,0.2941176470588235,0.1838235294117647
fo,sr,0.6527941649683578,0.5291215274053416
nap,sr,0.5472636815920398,0.2537313432835821
wo,sv,0.3381716812457945,0.1033355762760742
gv,sv,0.3546921813085918,0.115105827776167
gd,sv,0.5994149287534207,0.4143625554402189
sk,sv,0.8244664155681105,0.7339139987445072
lv,sv,0.7805606678936278,0.6678936278040063
got,sv,0.2896646401255148,0.0836438517356344
cpg,sv,0.6211424819435325,0.4184723134165025
sa,sv,0.32537019639422,0.1104549724869145
ga,sv,0.618340062214574,0.447349262029254
cu,sv,0.4758775205377147,0.2534229524520787
otk,sv,0.2911392405063291,0.1139240506329113
az,sv,0.6820175438596491,0.5548245614035088
bm,sv,0.2664399913188164,0.0721985097301598
ar,sv,0.2723670829434975,0.2052719358906561
fo,sv,0.6706532232114126,0.5742786656655583
mk,sv,0.875,0.7419117647058824
ceb,sv,0.5591866376180101,0.3035584604212055
gwi,sv,0.5436507936507936,0.4543650793650793
pay,sv,0.2949707602339181,0.0893567251461988
fr,sv,0.770718046751853,0.6835613911526981
bor,sv,0.2751537515375153,0.1264452644526445
ckt,sv,0.3314826910516003,0.1482691051600261
th,sv,0.4246493186285943,0.2840769000099957
bej,sv,0.1632499372437452,0.023680026776002
mdf,sv,0.3542707589816797,0.1950987389959552
xav,sv,0.3188923626619026,0.0692273336310853
jaa,sv,0.217391304347826,0.0782608695652174
zh,sv,0.2691074781334432,0.1377822045152722
nl,sv,0.8128917859194326,0.7616942633800354
hit,sv,0.1718869365928189,0.0519480519480519
myu,sv,0.2827788649706458,0.1095890410958904
si,sv,0.7227272727272728,0.4636363636363636
pt,sv,0.7808821676118463,0.6758076034446545
gub,sv,0.2320960698689956,0.0830786026200873
fa,sv,0.4913215628657519,0.4005528301416938
gl,sv,0.7707070707070707,0.6460385101010101
tn,sv,0.3691588785046729,0.1682242990654205
nmf,sv,0.2618083670715249,0.1302294197031039
myv,sv,0.324142568930733,0.1745604765107118
is,sv,0.6752204083000906,0.5621277641826735
ltg,sv,0.611764705882353,0.4470588235294118
ab,sv,0.4437411431270666,0.2588568729333963
pl,sv,0.7880240158685784,0.669608743693172
hyw,sv,0.7073604625305759,0.5490326884589727
no,sv,0.8585286541588264,0.7854728803960613
ml,sv,0.5930087390761548,0.4660840615896796
vep,sv,0.4934765924788948,0.2870299309286262
say,sv,0.2793713163064833,0.1015717092337917
aii,sv,0.1169977924944812,0.0353200883002207
gn,sv,0.3410138248847926,0.1105990783410138
br,sv,0.6526084349390365,0.4550269838097142
ko,sv,0.6231199120951829,0.4266101114169925
ajp,sv,0.6387832699619772,0.4524714828897338
olo,sv,0.532258064516129,0.3709677419354839
el,sv,0.814918114853751,0.7165129085317886
gsw,sv,0.4476744186046512,0.2383244376667937
tr,sv,0.6784714556063712,0.5285739630973033
sme,sv,0.2553446553446553,0.111088911088911
gu,sv,0.6249336870026525,0.4668435013262599
krl,sv,0.570458952811894,0.4298642533936652
azz,sv,0.4158406026962728,0.2193695479777954
aln,sv,0.5758599124452783,0.3126328955597248
kmr,sv,0.5829090546071678,0.4283717679944095
yo,sv,0.2131505519835011,0.0644182943103239
ky,sv,0.6294447431072883,0.4356040242684894
am,sv,0.5988011988011988,0.2728271728271728
grc,sv,0.5600528922656267,0.3953472735830027
jv,sv,0.5595063794185317,0.4237607195147458
yrk,sv,0.3081761006289308,0.085691823899371
lt,sv,0.730388039643877,0.6164958844280195
wuu,sv,0.2997711670480549,0.1281464530892448
bho,sv,0.3332333083270817,0.1500375093773443
sl,sv,0.7717703868482448,0.6756280180131301
te,sv,0.8321775312066574,0.7018030513176144
wbp,sv,0.2412698412698412,0.1047619047619047
xpg,sv,0.2175459395376408,0.0403082394783639
scn,sv,0.5740806854694752,0.3459478757586576
fi,sv,0.7600893152497519,0.6528420994596978
urb,sv,0.3087431693989071,0.1092896174863388
ang,sv,0.3684210526315789,0.2163742690058479
hsb,sv,0.5959523596310558,0.4934181069221814
kk,sv,0.6432497251923653,0.5087438792845008
arr,sv,0.3626563173781802,0.1267787839586028
ctn,sv,0.3413300526279816,0.1570637687102727
ro,sv,0.749356313383427,0.6130173576445449
gun,sv,0.1631904652761861,0.0194056077622431
ja,sv,0.116245092257588,0.0333912433655823
es,sv,0.8045060837286039,0.7097545885749639
mt,sv,0.2784249977422559,0.0804659983744242
sah,sv,0.3445205479452055,0.173972602739726
bg,sv,0.8359196133299415,0.7260875095395574
nds,sv,0.5066982593638932,0.3539597193110362
oc,sv,0.6405241735332076,0.4958800754492207
eme,sv,0.3881215469613259,0.1947513812154696
sv,sv,0.9183974510266698,0.8881136417276375
aqz,sv,0.3583106267029973,0.1852861035422343
nap,sv,0.4676616915422885,0.2139303482587064
yue,sv,0.2882598074435982,0.1405374335393016
sq,sv,0.8315301391035549,0.6615146831530139
ht,sv,0.3149624060150376,0.1147368421052631
bxr,sv,0.450892412005185,0.2586499152457872
hy,sv,0.7135399204942765,0.5974903012596389
nhi,sv,0.4145439171334954,0.1804249022302082
yrl,sv,0.3252024392682195,0.1301609517144856
tl,sv,0.6919716002184598,0.5095576187875478
tt,sv,0.4219298245614035,0.2609649122807017
be,sv,0.734488366274706,0.6730047535651739
ca,sv,0.8001509813789632,0.7180674383492702
ta,sv,0.7294992346380932,0.5816750492018369
xcl,sv,0.5403269265313454,0.3527932459134184
sms,sv,0.3739316239316239,0.1937321937321937
mpu,sv,0.3146067415730337,0.0786516853932584
uk,sv,0.7659378105920772,0.6879170807894364
yi,sv,0.8415693321353699,0.748826994110013
uz,sv,0.6110367892976588,0.4547380156075808
fro,sv,0.6496166865790521,0.4978096375945838
sr,sv,0.8049207600035023,0.7135977585150162
ka,sv,0.7498399566651893,0.6129413502733048
ug,sv,0.5674733785091965,0.4174249757986447
quc,sv,0.320483371616898,0.1291321282332967
cy,sv,0.6357923176318572,0.4483730764712792
la,sv,0.6111497584541062,0.4653623188405797
egy,sv,0.2709190672153635,0.0576131687242798
en,sv,0.8225788067852382,0.7454742778419255
ru,sv,0.7844253134250189,0.7131734370835223
lb,sv,0.5242718446601942,0.2864077669902912
koi,sv,0.3769507803121248,0.2244897959183673
ps,sv,0.6451930169658224,0.5335628227194492
pro,sv,0.5489935628895474,0.4172882395013794
he,sv,0.7058182684778538,0.5585401559255099
ha,sv,0.3142971615249483,0.1353900206490584
et,sv,0.7511887952999984,0.6419981498612396
de,sv,0.8384486661592803,0.7775403469742209
ur,sv,0.3788329055788194,0.2520599756855329
hu,sv,0.7687595712098009,0.6700803981623277
or,sv,0.5568513119533528,0.3887269193391642
orv,sv,0.5956574675324675,0.4352813852813852
pad,sv,0.3035714285714285,0.1547619047619047
eo,sv,0.8028126870137642,0.7220227408737283
frm,sv,0.720220002894775,0.6095913542722053
sdh,sv,0.2941176470588235,0.1617647058823529
af,sv,0.7565338368279837,0.625658352380006
ess,sv,0.3200934579439252,0.1059190031152648
sab,sv,0.2734979727239218,0.1363803907113896
hi,sv,0.512732243203564,0.3669147302519449
naq,sv,0.2414239482200647,0.1049468331021729
cs,sv,0.7569376176355094,0.6643674425532491
ckb,sv,0.2786885245901639,0.0655737704918032
sga,sv,0.3808411214953271,0.116822429906542
kpv,sv,0.3026187219073676,0.161031854602306
hr,sv,0.8027617477328937,0.7151277823577906
it,sv,0.8027510102580043,0.7114159154491763
sd,sv,0.5552039063206439,0.4026584682159327
mr,sv,0.6893203883495146,0.558252427184466
eu,sv,0.6736686633297776,0.504882251579552
id,sv,0.6696409087602745,0.5725335208399001
sjo,sv,0.0248116393868537,0.0040270200051961
hbo,sv,0.432328285559762,0.265413737155219
bar,sv,0.5559324288374567,0.3741021548284118
lij,sv,0.5805729632945389,0.3685467024768726
bn,sv,0.69375,0.596875
cop,sv,0.0448840572948257,0.0068585825596043
apu,sv,0.308,0.166
tpn,sv,0.25377107364685,0.1084738243123336
da,sv,0.7864910705377631,0.7221390801157338
xum,sv,0.216867469879518,0.059380378657487
ota,sv,0.4627028386934462,0.3182104071449537
akk,sv,0.2562942008486563,0.0599717114568599
pcm,sv,0.5206968641114983,0.3888501742160278
vi,sv,0.674079528718704,0.5100147275405007
abq,sv,0.151840490797546,0.0444785276073619
arh,sv,0.2654983983418127,0.0685886564914264
xnr,sv,0.4423229912490056,0.2307080350039777
gya,sv,0.2325408618127786,0.0460624071322436
lzh,sv,0.3749911391507762,0.1501027858509959
pay,ta,0.2580116959064327,0.0629239766081871
la,ta,0.3850917874396135,0.2244347826086956
nl,ta,0.4560075922179766,0.2768412377313254
ajp,ta,0.3840304182509506,0.1723700887198986
gya,ta,0.2161961367013373,0.0163447251114413
sga,ta,0.2476635514018691,0.0327102803738317
myu,ta,0.2700587084148728,0.0636007827788649
hsb,ta,0.4182860213127966,0.2262917524850004
cs,ta,0.4718798662171128,0.2995193023791147
id,ta,0.3163688383483258,0.2010522997842058
koi,ta,0.3361344537815126,0.1548619447779111
da,ta,0.4264192357577571,0.2750673451062556
nhi,ta,0.3170912165733009,0.0954444561885635
sah,ta,0.4506849315068493,0.1678082191780822
yi,ta,0.649695517620046,0.426974143955276
pad,ta,0.3313492063492063,0.1130952380952381
got,ta,0.2328888017258286,0.0277505393214355
ota,ta,0.4716759612562372,0.2795085747830098
hit,ta,0.1993888464476699,0.0504201680672268
eu,ta,0.5280216624271765,0.4085090670386477
it,ta,0.3945679204227541,0.1925862604911408
es,ta,0.3493091359043102,0.1923180037121055
sdh,ta,0.1544117647058823,0.0441176470588235
ga,ta,0.261235025481501,0.1075848831822092
be,ta,0.4559044283212409,0.2888416312234175
tpn,ta,0.2440106477373558,0.0887311446317657
hbo,ta,0.1424418604651162,0.0402920497566252
uz,ta,0.557190635451505,0.3789297658862876
fa,ta,0.2131384316557511,0.1312349030057026
ab,ta,0.4422295701464336,0.2307982994803968
hyw,ta,0.5067081758209177,0.3322214809873249
kk,ta,0.6534425901868692,0.4953532527230938
yrl,ta,0.2440267919624112,0.0855743277016894
gub,ta,0.1175764192139738,0.0307860262008733
ko,ta,0.6222219596630315,0.3885534695227855
or,ta,0.4314868804664723,0.2808551992225461
lv,ta,0.5092422181323517,0.3720893014323437
ckb,ta,0.3278688524590163,0.081967213114754
lzh,ta,0.3091018643226766,0.0627348125044304
sab,ta,0.3136748986361961,0.0921489126428308
mt,ta,0.148830488575815,0.0223968210963605
olo,ta,0.3978494623655914,0.252016129032258
aii,ta,0.0816777041942604,0.0132450331125827
gv,ta,0.1942592055668309,0.0220353725717599
jv,ta,0.3150665830021613,0.1763229449905877
et,ta,0.5046496908320756,0.3689079312527387
jaa,ta,0.2260869565217391,0.0608695652173913
fro,ta,0.4225657108721625,0.1989745121465551
nap,ta,0.36318407960199,0.099502487562189
xpg,ta,0.2299940723177237,0.0574985180794309
sd,ta,0.5743738131838322,0.4097115471561624
ckt,ta,0.3948399738732854,0.1703135205747877
kpv,ta,0.2753566542896228,0.1109048270470979
mdf,ta,0.304544373066857,0.1246728527242445
xnr,ta,0.5322195704057279,0.2883850437549721
pcm,ta,0.375191637630662,0.1985365853658536
ro,ta,0.3503757028006936,0.1926505876377139
sq,ta,0.4536321483771252,0.2720247295208655
bxr,ta,0.4794097118356765,0.2601455778243095
ka,ta,0.5986605603978924,0.4327079332249963
pt,ta,0.3719050619617727,0.1838563327032136
arr,ta,0.333764553686934,0.0267356619232427
egy,ta,0.1924725651577503,0.0137174211248285
sme,ta,0.2165834165834166,0.071028971028971
ky,ta,0.6463405268412564,0.465862836955687
lij,ta,0.2920023873470606,0.0978812294837362
nmf,ta,0.3468286099865047,0.0934547908232118
lt,ta,0.4910129346547959,0.3567948933310935
uk,ta,0.4486014482464858,0.2947962515973307
sa,ta,0.3576701113944437,0.1051760390104236
scn,ta,0.3137272402713316,0.1175473045340949
otk,ta,0.2215189873417721,0.1139240506329113
abq,ta,0.2147239263803681,0.0214723926380368
xum,ta,0.3201376936316695,0.0490533562822719
apu,ta,0.227,0.098
say,ta,0.1689587426326129,0.0422396856581532
sms,ta,0.3002136752136752,0.1296296296296296
tl,ta,0.5630802839978154,0.2894593118514473
gn,ta,0.2857142857142857,0.0460829493087557
br,ta,0.4165500699580252,0.1924845092944233
sv,ta,0.4894087797970262,0.3106266226103375
orv,ta,0.3979166666666666,0.186431277056277
cu,ta,0.3844660194174757,0.1385113268608414
ha,ta,0.2313927327642,0.0617314389619995
wo,ta,0.1832163798904162,0.0313371142939536
fo,ta,0.4112410168400729,0.2296471092995816
ht,ta,0.1731578947368421,0.0260150375939849
bg,ta,0.5430552022386161,0.3254896972780463
xcl,ta,0.3171366984012933,0.1424465600862224
en,ta,0.5330614348509101,0.3130912676977665
de,ta,0.5191074878519993,0.3524335031126203
hy,ta,0.522103549020547,0.3737726902629436
fr,ta,0.4194251601435422,0.2086142133682127
urb,ta,0.4207650273224044,0.0519125683060109
eo,ta,0.4126271693596648,0.2597247157390784
hu,ta,0.5316807044410413,0.3608346094946401
th,ta,0.2025788824842568,0.0694698963782361
tt,ta,0.4521929824561403,0.2995614035087719
sjo,ta,0.0711873213821771,0.015003897116134
krl,ta,0.4243697478991596,0.2954104718810601
lb,ta,0.4514563106796116,0.1893203883495145
sl,ta,0.4395312245673051,0.2581791546850415
bho,ta,0.3762940735183795,0.1932483120780195
bn,ta,0.775,0.55625
xav,ta,0.3023671281822242,0.0777132648503796
pro,ta,0.2538060692755696,0.1046285889445182
ltg,ta,0.4235294117647059,0.2588235294117647
el,ta,0.4956018021883716,0.267646427805192
frm,ta,0.3970183818208134,0.1974236503111883
myv,ta,0.2686136996829666,0.1162455567297531
aln,ta,0.3345215759849906,0.1139462163852407
ctn,ta,0.484929259790855,0.2121522794067391
mk,ta,0.600735294117647,0.3492647058823529
gwi,ta,0.7142857142857143,0.4632936507936508
vep,ta,0.3399846508058327,0.1795855717574827
gd,ta,0.2527130319901859,0.0916297065207134
ta,ta,0.8340258036300022,0.7360594795539034
ca,ta,0.3103506123133702,0.1789800369065593
ug,ta,0.5713455953533398,0.3942884801548886
ps,ta,0.4300467174821736,0.2925989672977624
wuu,ta,0.2654462242562929,0.0823798627002288
ur,ta,0.389369174658922,0.2461839794677833
si,ta,0.7443181818181818,0.4738636363636364
ess,ta,0.3309968847352025,0.0654205607476635
is,ta,0.3358139742773178,0.1963282044405707
yo,ta,0.1113672206720854,0.0201382991629261
azz,ta,0.3207771609833466,0.1121134020618556
eme,ta,0.4126381215469613,0.0818370165745856
vi,ta,0.3623711340206185,0.1918262150220913
ja,ta,0.1051359291903752,0.0248800624790806
kmr,ta,0.3976240391334731,0.2163322352001597
sr,ta,0.4644076700814289,0.2871902635496016
he,ta,0.3501855445477139,0.1792462465529568
quc,ta,0.2545690602217118,0.0506341755717567
nds,ta,0.3147726237127495,0.1387952246423038
bm,ta,0.1937350792157997,0.0338566157852853
ml,ta,0.6150645027049522,0.4523512276321265
af,ta,0.4327735267812779,0.2425717976746497
ang,ta,0.2222222222222222,0.0994152046783625
hr,ta,0.4521022258862325,0.2720115416323165
hi,ta,0.5196678985470562,0.3557603064513407
az,ta,0.6929824561403509,0.5219298245614035
gsw,ta,0.3062809759817003,0.1194719786504003
sk,ta,0.5639516635279347,0.3672316384180791
ru,ta,0.4599690432879582,0.305321094053225
tr,ta,0.669295063870052,0.4748856647216527
cpg,ta,0.4434230685051433,0.1842854016196104
tn,ta,0.2523364485981308,0.0467289719626168
yrk,ta,0.3930817610062893,0.1344339622641509
mr,ta,0.6407766990291263,0.4757281553398058
no,ta,0.4573521620782257,0.2851714499716838
cop,ta,0.0781038585359025,0.0004199132179349
fi,ta,0.5245203440291102,0.3872808468408865
bar,ta,0.440609204575685,0.2055732907688215
grc,ta,0.4015105672471368,0.2009233734507721
akk,ta,0.1738128914932309,0.0289755506162861
cy,ta,0.3243862328203923,0.1474215905086338
ceb,ta,0.4451706608569353,0.1604938271604938
wbp,ta,0.3619047619047619,0.1396825396825396
oc,ta,0.3639432145339025,0.1516926437009828
ar,ta,0.1372574543383639,0.0551926127811902
gu,ta,0.5724137931034483,0.416445623342175
te,ta,0.841886269070735,0.6976421636615812
aqz,ta,0.3978201634877384,0.1566757493188011
gl,ta,0.3321338383838383,0.1553188131313131
arh,ta,0.2558884492180139,0.0904465799886941
bor,ta,0.2745387453874539,0.1092250922509225
yue,ta,0.2458686592901278,0.0929012789193849
zh,ta,0.2520607226267344,0.0998649081833585
pl,ta,0.4940825645326623,0.3330404568872558
bej,ta,0.156388586729144,0.0399966529997489
gun,ta,0.1427152570861028,0.0107724043089617
mpu,ta,0.3314606741573033,0.0393258426966292
am,ta,0.6620379620379621,0.2908091908091908
naq,ta,0.2971798428109107,0.0887656033287101
ht,te,0.116766917293233,0.0222556390977443
ctn,te,0.4538309069783336,0.2471464698243455
lv,te,0.332319756741618,0.2107972580085887
vi,te,0.2086892488954344,0.1351988217967599
et,te,0.3385591638671146,0.2166447571287144
be,te,0.2739554665999499,0.1693770327745809
gun,te,0.1320956528382611,0.012529605011842
hit,te,0.2429335370511841,0.0641711229946524
ga,te,0.166126149976835,0.0790257462439605
is,te,0.2131172270456907,0.1214284916138692
hy,te,0.326835576416495,0.2079122563341156
eme,te,0.4140193370165745,0.2234116022099447
en,te,0.3641440896769429,0.2376567835037241
otk,te,0.1835443037974683,0.0949367088607595
nap,te,0.2587064676616915,0.099502487562189
vep,te,0.212586339217191,0.1005372217958557
wuu,te,0.2540045766590389,0.1304347826086956
apu,te,0.198,0.092
ko,te,0.4445100842421163,0.2984628472181197
pay,te,0.2902923976608187,0.1125146198830409
tpn,te,0.2118456078083407,0.0929458740017746
ajp,te,0.2813688212927757,0.1470215462610899
urb,te,0.4426229508196721,0.180327868852459
ka,te,0.3518983601713695,0.2318904811148865
ml,te,0.4498543487307532,0.3091968372867249
ur,te,0.2577333513440497,0.1599351614210455
da,te,0.2889354484685223,0.1734011772922278
lb,te,0.2912621359223301,0.1553398058252427
no,te,0.3106012166828038,0.1836350682328869
or,te,0.5063168124392614,0.3265306122448979
gl,te,0.2056344696969697,0.1162089646464646
krl,te,0.3012281835811247,0.180672268907563
eo,te,0.2357869539198085,0.1606822262118492
arh,te,0.2526851328434144,0.0932730356133408
kk,te,0.5045468172279405,0.3618467073048866
quc,te,0.1951463097972635,0.0360531309297912
ro,te,0.2322176098646068,0.1178778484227488
pl,te,0.3374202910126869,0.2172876978580081
xcl,te,0.1767558828812646,0.0728399497036105
say,te,0.1574656188605108,0.0627701375245579
hsb,te,0.2663204083460195,0.1444434494492701
got,te,0.2027848597764267,0.0411845459894096
pad,te,0.3214285714285714,0.1626984126984127
mt,te,0.1005147656461663,0.0210421746590806
ab,te,0.4290033065658951,0.2319319792158715
fa,te,0.2327116069427497,0.1533481086734567
it,te,0.2532949953372707,0.1396642834939384
mdf,te,0.2522008089459909,0.099214846538187
te,te,0.9334257975034674,0.869625520110957
uk,te,0.277864546358086,0.1852193667471248
sq,te,0.3469860896445131,0.1924265842349304
hi,te,0.33358645944076,0.2186334565213722
hyw,te,0.2996812689941442,0.1770068934845452
br,te,0.2872276634019588,0.1383170097941235
gwi,te,0.7579365079365079,0.6200396825396826
ota,te,0.2955679483416495,0.1726277831355612
mpu,te,0.2640449438202247,0.095505617977528
cs,te,0.3004861139321065,0.1760219902235582
ky,te,0.5789877889563013,0.3882958298133784
sv,te,0.3098448194477224,0.1837237432145385
nhi,te,0.2622344361061198,0.098086882993341
sd,te,0.3973234469662718,0.2553576272719052
mk,te,0.4941176470588235,0.2713235294117647
ug,te,0.5049370764762827,0.3476282671829622
tr,te,0.544137360037849,0.3947326920044157
sk,te,0.3618173258003766,0.2129629629629629
gub,te,0.0974890829694323,0.0254366812227074
bar,te,0.2967544559723331,0.1472466081404629
ca,te,0.1980204663647039,0.1179500083878543
th,te,0.1192816446206643,0.0558091493686069
gv,te,0.1338552237363487,0.019039335072968
ru,te,0.2971563781582159,0.1920578731523004
fro,te,0.3105087614496216,0.1632566706491437
lt,te,0.301948597345876,0.1949437258525113
eu,te,0.3736358414704193,0.2317223270698285
gn,te,0.271889400921659,0.1059907834101382
cop,te,0.0352727103065366,0.0041991321793496
xpg,te,0.1475992886781268,0.0367516301126259
ckt,te,0.3260940561724363,0.1495754408883083
frm,te,0.2445602354416944,0.1351859892893327
grc,te,0.2636993209170981,0.1385508415697348
koi,te,0.2653061224489796,0.1440576230492196
lzh,te,0.3367122705040051,0.1399305309420855
bej,te,0.1898585892393942,0.0674420550581541
xum,te,0.3175559380378657,0.1230636833046471
ang,te,0.2573099415204678,0.1286549707602339
scn,te,0.2227775794359157,0.1077293823634416
el,te,0.3391618393763856,0.2110062218408067
ja,te,0.0714126328875854,0.0248853753260759
yo,te,0.0736382385053985,0.0138299162926119
sms,te,0.2475071225071225,0.1168091168091168
sdh,te,0.3382352941176471,0.2426470588235294
wo,te,0.1265980967028741,0.0245121599538594
yue,te,0.1853714614168702,0.092829429515735
yrl,te,0.1789463161051684,0.0629811056682995
aln,te,0.2575359599749843,0.0949968730456535
ta,te,0.5635250382680953,0.4861141482615351
xnr,te,0.3703261734287987,0.1933174224343675
hbo,te,0.124256354786371,0.039683612763656
tl,te,0.3517203713817586,0.1452758055707264
akk,te,0.1728834107900586,0.0512830874924227
sab,te,0.3556948028013269,0.1890895687430888
kmr,te,0.3491065189178396,0.18628331835879
ar,te,0.0820811129642435,0.0336329984135378
myu,te,0.2602739726027397,0.1105675146771037
nds,te,0.2170782830584161,0.1127312494304201
sl,te,0.2647170527914926,0.1442135532526721
gd,te,0.1623100877606869,0.0668113617061432
bor,te,0.2306888068880689,0.1160516605166051
naq,te,0.2793342579750347,0.122884882108183
sjo,te,0.0541049623278773,0.0188360613146271
pcm,te,0.2910104529616725,0.1732404181184669
ceb,te,0.3202614379084967,0.1096586782861292
mr,te,0.5242718446601942,0.424757281553398
uz,te,0.5161649944258639,0.366778149386845
cpg,te,0.3444955132414095,0.1836288028014883
lij,te,0.1924798567591763,0.0837063563115488
ltg,te,0.388235294117647,0.2176470588235294
yrk,te,0.4308176100628931,0.1941823899371069
sa,te,0.3238491477654006,0.1255312486019773
aqz,te,0.3821525885558583,0.2404632152588555
jv,te,0.2452067210485951,0.1362337028515652
bm,te,0.1546697533097012,0.0472401070679302
myv,te,0.2084734364492266,0.09021039485061
zh,te,0.2375669734853688,0.1216856711086687
ha,te,0.1854716922982094,0.075569390082288
hu,te,0.3006316998468606,0.1938169984686064
nl,te,0.3095577033540621,0.1881571389325941
bn,te,0.503125,0.4125
arr,te,0.3251401466149202,0.1453212591634325
ckb,te,0.3934426229508196,0.1885245901639344
sme,te,0.1699300699300699,0.0487512487512487
es,te,0.2271189936069292,0.1360177356155908
gu,te,0.3931034482758621,0.2636604774535809
fr,te,0.2817771740953148,0.1675302679679377
oc,te,0.2741983520301796,0.1521890201528839
pt,te,0.2385255198487712,0.1409367779878176
he,te,0.2066523678207878,0.130562080822524
kpv,te,0.2191713894860269,0.0949775258940785
azz,te,0.2654639175257732,0.1239095955590801
bg,te,0.367209361485627,0.2110150089035868
wbp,te,0.5111111111111111,0.238095238095238
gya,te,0.1857355126300148,0.0497771173848439
sah,te,0.5267123287671233,0.276027397260274
sga,te,0.1845794392523364,0.0537383177570093
cu,te,0.274085138162808,0.1041573313417973
am,te,0.3135864135864136,0.131068931068931
pro,te,0.1352814958618575,0.0591601103504649
tn,te,0.1542056074766355,0.02803738317757
gsw,te,0.2001524971406786,0.0903545558520777
la,te,0.258463768115942,0.1425217391304347
hr,te,0.263149216817807,0.1461253091508656
jaa,te,0.208695652173913,0.0956521739130434
si,te,0.4261363636363636,0.2818181818181818
yi,te,0.4869721473495058,0.3284416491963662
bho,te,0.2511627906976744,0.1452363090772693
tt,te,0.3201754385964912,0.1793859649122807
id,te,0.2199888465921489,0.1386417088960551
fo,te,0.3359433658693553,0.1852944331223855
sr,te,0.2660012258121005,0.1525260485071359
cy,te,0.2144954775049923,0.0969106073064724
egy,te,0.1791838134430727,0.0288065843621399
nmf,te,0.3943994601889338,0.2172739541160593
olo,te,0.2809139784946236,0.157258064516129
orv,te,0.2583198051948052,0.1223755411255411
abq,te,0.2377300613496932,0.0797546012269938
xav,te,0.2465386333184457,0.0915587315765966
af,te,0.2727814766968101,0.1483652986187021
ess,te,0.1985981308411215,0.0424454828660436
de,te,0.3577122728958101,0.2265602131022774
fi,te,0.3820432241702503,0.2491316572940787
ps,te,0.2468650110646668,0.1426112613720186
az,te,0.6271929824561403,0.5021929824561403
aii,te,0.0684326710816777,0.0331125827814569
bxr,te,0.3500847542127829,0.1929404726293748
gun,th,0.2260676904270761,0.0200932080372832
sab,th,0.3118319203833394,0.1275340950976778
arr,th,0.3596377749029754,0.1198792583009918
da,th,0.6039110046892148,0.4818916492068243
ka,th,0.5473974491554636,0.3608607869207662
hbo,th,0.3338967009194159,0.1755002704164413
orv,th,0.5079680735930736,0.3220102813852813
no,th,0.639799777124171,0.5004841155300608
urb,th,0.1967213114754098,0.0437158469945355
bar,th,0.426243681830274,0.237829209896249
fi,th,0.5931607674495534,0.433399492777594
sdh,th,0.213235294117647,0.125
ota,th,0.4083609375655164,0.2109522411841167
mr,th,0.5436893203883495,0.3640776699029126
az,th,0.5932017543859649,0.4418859649122807
eme,th,0.3290745856353591,0.1633287292817679
kk,th,0.4580793444588787,0.3060857399820126
pt,th,0.5395253098088637,0.368540222642302
mdf,th,0.2307875327147275,0.1168213181061146
jv,th,0.6216272746287388,0.4511608450115039
nmf,th,0.2324561403508772,0.101889338731444
myv,th,0.2299932750504371,0.1143241425689307
gya,th,0.1783060921248142,0.0163447251114413
ceb,th,0.4408133623819898,0.2360203340595497
mt,th,0.2245100695385171,0.0605978506276528
ar,th,0.325737298132856,0.1976081031607208
tn,th,0.2850467289719626,0.1214953271028037
eu,th,0.5709362435381964,0.3548453269877739
yue,th,0.5050294582554965,0.3174306653254778
ha,th,0.2860048694794588,0.1100563996671495
yrk,th,0.1784591194968553,0.0369496855345911
bg,th,0.6694861358432969,0.5131645891630628
koi,th,0.2472989195678271,0.1284513805522208
tpn,th,0.2908163265306122,0.1188997338065661
gd,th,0.4740964423893555,0.2638482589412098
vi,th,0.6828424153166421,0.5026509572901325
wbp,th,0.1841269841269841,0.0793650793650793
oc,th,0.4409808398689566,0.2670505311228035
el,th,0.5595723378388042,0.3917256668812129
gub,th,0.2875545851528384,0.0959606986899563
nds,th,0.3625262006743825,0.1888271211154652
sd,th,0.4560991048015191,0.2741658377791843
gv,th,0.3331400405914758,0.0912341741567604
nl,th,0.5588771509203067,0.4112035163956944
hit,th,0.134453781512605,0.0190985485103132
xcl,th,0.4980240704149452,0.3322256152326208
ru,th,0.5942566414305555,0.4687182892441792
yo,th,0.1852480892878806,0.0502244328521169
gl,th,0.5276830808080808,0.3327967171717171
es,th,0.5322850072179831,0.3731078572901629
aqz,th,0.3399182561307902,0.159400544959128
he,th,0.6177782317093929,0.4450686004153474
ta,th,0.6122895254756178,0.4314454406297835
tr,th,0.4939579719287179,0.3286055038637439
ctn,th,0.2519991798236621,0.1077164923791948
ur,th,0.2676617587464541,0.1306227205187086
mpu,th,0.3764044943820224,0.0842696629213483
bm,th,0.2130507125804818,0.0465166751067062
ht,th,0.2681203007518797,0.081203007518797
is,th,0.545975662901009,0.3834154626618841
ca,th,0.5369736621372253,0.364771011575239
krl,th,0.4495798319327731,0.2918552036199095
gsw,th,0.3151925276401067,0.1432996568814334
myu,th,0.2426614481409001,0.0694716242661448
ess,th,0.3099688473520249,0.0782710280373831
ajp,th,0.6425855513307985,0.4461343472750317
mk,th,0.7941176470588235,0.6058823529411764
cpg,th,0.4646530969577588,0.2589188006128256
uk,th,0.5969402243362204,0.4501632826920346
it,th,0.5454227541187442,0.3672520982281629
arh,th,0.2558884492180139,0.0853589598643301
olo,th,0.4173387096774194,0.2452956989247312
be,th,0.6060170127595697,0.4666624968726545
ga,th,0.5026143358263286,0.2972731484545635
si,th,0.5545454545454546,0.3306818181818182
sl,th,0.5758233411100863,0.39202973251587
lv,th,0.5306606918993891,0.3929209676989144
or,th,0.3080660835762877,0.1700680272108843
pro,th,0.3631347706140799,0.237764381322162
sjo,th,0.0897635749545336,0.0176019745388412
hi,th,0.3678766094601663,0.2100440439426922
pcm,th,0.4231358885017421,0.2740069686411149
yrl,th,0.31740477856643,0.1054683594921523
nap,th,0.5074626865671642,0.2288557213930348
gwi,th,0.4652777777777778,0.3829365079365079
lb,th,0.4951456310679611,0.2184466019417475
sah,th,0.1760273972602739,0.0876712328767123
aii,th,0.1236203090507726,0.0353200883002207
sme,th,0.1943056943056943,0.0688311688311688
uz,th,0.4244147157190635,0.2807134894091416
pad,th,0.2182539682539682,0.1130952380952381
zh,th,0.4698218619773778,0.2979804918258002
hu,th,0.4709992343032159,0.2854134762633997
say,th,0.2261296660117878,0.0698428290766208
ug,th,0.3854791868344627,0.2371732817037754
ab,th,0.2026452527161077,0.1177137458667926
lt,th,0.5082311439610281,0.3728372249286074
ko,th,0.4552264376100287,0.2787197088743693
de,th,0.6048094373865699,0.4121270222274262
bej,th,0.1402393105179483,0.0261902769642707
akk,th,0.245302081228531,0.0346332592442917
grc,th,0.5034178264864744,0.2718348685537551
pl,th,0.6742548291332189,0.5033880479784869
lij,th,0.4130110414801551,0.2051626380185019
sk,th,0.6390458254865035,0.4774011299435028
en,th,0.5544895461145443,0.4268426242993989
fro,th,0.4817552767821585,0.3215103544404619
kmr,th,0.5842068483577918,0.3963262453828491
sv,th,0.6299858390370545,0.5004130280859098
apu,th,0.277,0.131
wuu,th,0.4519450800915331,0.2597254004576659
bxr,th,0.3502841758899192,0.191145677535148
aln,th,0.4899312070043777,0.2505941213258286
scn,th,0.4211888611210282,0.220635487325955
af,th,0.5523203815959455,0.3435357249329226
th,th,0.7938559957351814,0.6270282877419785
quc,th,0.2972136222910216,0.11604913612304
ckb,th,0.2868852459016393,0.1229508196721311
eo,th,0.5718132854578097,0.4108318372232196
egy,th,0.3337620027434842,0.0643004115226337
otk,th,0.2531645569620253,0.1012658227848101
pay,th,0.2619883040935672,0.0615204678362573
cu,th,0.4523276076674135,0.2191685337316405
sr,th,0.6124682602223973,0.4506610629542071
abq,th,0.1395705521472392,0.0291411042944785
cy,th,0.5650769411488312,0.3418301421355574
et,th,0.5529642793384942,0.3890484768813801
sms,th,0.2229344729344729,0.1064814814814814
ang,th,0.239766081871345,0.1052631578947368
te,th,0.6699029126213593,0.536754507628294
lzh,th,0.4637414049762529,0.2543063727227617
sga,th,0.338785046728972,0.0759345794392523
ckt,th,0.2583278902677988,0.1141410842586544
la,th,0.5141062801932367,0.3463864734299517
ro,th,0.6384145166657909,0.4510535442173296
bho,th,0.2615153788447111,0.1095273818454613
cop,th,0.0567815984696496,0.0067186114869593
ky,th,0.4204746179248905,0.2903002841563628
naq,th,0.2184928340268146,0.0842348589921405
id,th,0.7411197051620881,0.5910578764881314
wo,th,0.2783812361818706,0.0753628760934345
frm,th,0.5209147488782747,0.3743908911082163
sq,th,0.6715610510046368,0.4675425038639876
bn,th,0.728125,0.515625
ps,th,0.4713548069830341,0.3162035898696828
ja,th,0.2030570121611067,0.0384623558226146
kpv,th,0.2167285518858706,0.0963455149501661
gn,th,0.3179723502304147,0.0921658986175115
hr,th,0.6030090684253916,0.4405193734542457
xav,th,0.2853952657436355,0.0888789638231353
fr,th,0.5300583559714257,0.3711221786229332
xum,th,0.1755593803786574,0.0283993115318416
vep,th,0.3775901765157329,0.192632386799693
am,th,0.5671328671328671,0.2492507492507492
gu,th,0.5496021220159151,0.3437665782493369
hyw,th,0.545919501890149,0.3476391668519754
fo,th,0.5515928349243806,0.4231470556687761
ml,th,0.4702455264253017,0.2983770287141074
cs,th,0.5788222231249408,0.4189164669401903
xpg,th,0.2033195020746888,0.0444576170717249
azz,th,0.3578509119746233,0.1720856463124504
fa,th,0.425106457155664,0.297806111014269
tt,th,0.2596491228070175,0.1421052631578947
xnr,th,0.3424821002386635,0.1443914081145584
nhi,th,0.3184652785117852,0.114892717471726
bor,th,0.2572570725707257,0.1019065190651906
got,th,0.2541674838203569,0.0717787801529711
sa,th,0.2528072294546593,0.0749787500559209
yi,th,0.7107916541878806,0.5377857642008586
hy,th,0.4980123569136453,0.3289908520523013
ltg,th,0.5176470588235295,0.3705882352941176
jaa,th,0.217391304347826,0.0695652173913043
br,th,0.5756546072356586,0.3291025384769138
tl,th,0.608410704533042,0.4221736755871109
hsb,th,0.4310916092056953,0.3055431181158771
pay,tr,0.3808187134502924,0.1459649122807017
la,tr,0.4548599033816425,0.2957391304347826
nl,tr,0.6036312779401114,0.4456681901051422
ajp,tr,0.4575411913814955,0.2395437262357414
gya,tr,0.2273402674591381,0.0371471025260029
sga,tr,0.2943925233644859,0.0735981308411214
myu,tr,0.337573385518591,0.136986301369863
hsb,tr,0.4820453120802364,0.3356317721859049
cs,tr,0.5576417380942709,0.4023344301363556
id,tr,0.4513978129621996,0.3213636253424823
koi,tr,0.3649459783913565,0.1812725090036014
da,tr,0.5530280355183079,0.39698693006086
nhi,tr,0.3567276186449635,0.1294789134340978
sah,tr,0.5472602739726027,0.2897260273972603
yi,tr,0.6689627633023859,0.499351103124688
pad,tr,0.3968253968253968,0.1964285714285714
got,tr,0.2759364581290449,0.059717591684644
ota,tr,0.5014046710553902,0.4006876598599522
hit,tr,0.3292589763177998,0.1054239877769289
eu,tr,0.586239435464019,0.4218019200787725
it,tr,0.5247590923220392,0.363856077090457
es,tr,0.4859971128067643,0.3529490616621984
sdh,tr,0.375,0.1691176470588235
ga,tr,0.3569395724402674,0.1935270368654444
be,tr,0.5380910683012259,0.4062421816362271
tpn,tr,0.315882874889086,0.1519520851818988
hbo,tr,0.25736884802596,0.1027582477014602
uz,tr,0.7025641025641025,0.5723522853957637
fa,tr,0.4109619742510645,0.2974076748761112
ab,tr,0.5251771374586679,0.2924893717524799
hyw,tr,0.5957304869913276,0.4237639908086872
kk,tr,0.725192365344259,0.6045767962426302
yrl,tr,0.2325302409277216,0.0795761271618514
gub,tr,0.1669213973799126,0.0585152838427947
ko,tr,0.6642721268475962,0.4646549381476186
or,tr,0.6812439261418853,0.4732750242954324
lv,tr,0.6203888933344003,0.480808727427916
ckb,tr,0.3032786885245901,0.1311475409836065
lzh,tr,0.2291415609271992,0.0833628694974126
sab,tr,0.3298931072613343,0.1492812384813859
mt,tr,0.1747493904091032,0.0424455883681025
olo,tr,0.4852150537634409,0.3333333333333333
aii,tr,0.1346578366445916,0.0441501103752759
gv,tr,0.2585290422344641,0.0480332463515994
jv,tr,0.417904204141393,0.258174719375305
et,tr,0.6110813574175958,0.4861483032280053
jaa,tr,0.2434782608695652,0.1391304347826087
fro,tr,0.4894962166467543,0.2871863799283154
nap,tr,0.3532338308457711,0.1343283582089552
xpg,tr,0.2827504445761707,0.1025489033787789
sd,tr,0.6208517949181662,0.4634234560086807
ckt,tr,0.430764206401045,0.1794578706727629
kpv,tr,0.3200117256204807,0.1503810826656244
mdf,tr,0.3290506780870806,0.1475136807042588
xnr,tr,0.5234685759745425,0.2983293556085918
pcm,tr,0.4558885017421603,0.288780487804878
ro,tr,0.4780971397544357,0.2942742542868652
sq,tr,0.5425038639876353,0.366306027820711
bxr,tr,0.4906770365938777,0.2648319872370127
ka,tr,0.6500221598463584,0.5419805978234107
pt,tr,0.4809493803822726,0.3436252888048729
arr,tr,0.3665373005605865,0.1328158689090125
egy,tr,0.2523148148148148,0.0383230452674897
sme,tr,0.2364635364635364,0.0762237762237762
ky,tr,0.7625374395207741,0.5583288533906766
lij,tr,0.3642196359295732,0.1671142942405252
nmf,tr,0.3711201079622132,0.1767881241565452
lt,tr,0.5843272299680833,0.4672434066857047
uk,tr,0.5433409058639784,0.4007170239954565
sa,tr,0.3828121504943408,0.1370285867668769
scn,tr,0.3914673330953231,0.1919850053552302
otk,tr,0.2151898734177215,0.0949367088607595
abq,tr,0.2806748466257668,0.0766871165644171
xum,tr,0.3597246127366609,0.1179001721170395
apu,tr,0.282,0.115
say,tr,0.193713163064833,0.0669941060903732
sms,tr,0.3557692307692308,0.167022792022792
tl,tr,0.6018569087930092,0.3271436373566357
gn,tr,0.3317972350230415,0.1382488479262673
br,tr,0.4528283030181891,0.2535478712772336
sv,tr,0.606900519235308,0.4461293367949021
orv,tr,0.4634063852813853,0.2873917748917748
cu,tr,0.4182723425441872,0.2017923823749066
ha,tr,0.2664036736832372,0.0899312725367522
wo,tr,0.2314716908584062,0.0611362107084494
fo,tr,0.4838571275340556,0.3198004934034109
ht,tr,0.2009774436090225,0.039172932330827
bg,tr,0.6420122106334266,0.433223098448232
xcl,tr,0.3914136878031256,0.209089276091252
en,tr,0.6152107873988434,0.4487563865583698
de,tr,0.6062413402806237,0.4587602209082216
hy,tr,0.6313999712629915,0.512189281095838
fr,tr,0.5080071771137271,0.3465388872119931
urb,tr,0.5081967213114754,0.174863387978142
eo,tr,0.497606223818073,0.3874925194494314
hu,tr,0.6593606431852986,0.5524502297090352
th,tr,0.2378302735481291,0.1084863225935428
tt,tr,0.5096491228070176,0.3456140350877193
sjo,tr,0.0338399584307612,0.0096778383995843
krl,tr,0.4870717517776341,0.3468002585649644
lb,tr,0.5,0.2135922330097087
sl,tr,0.5382779013618361,0.3679941403070913
bho,tr,0.423555888972243,0.2345086271567892
bn,tr,0.675,0.534375
xav,tr,0.3144260830728003,0.0924519874944171
pro,tr,0.3275773985899662,0.1815673853070399
ltg,tr,0.4941176470588235,0.3411764705882353
el,tr,0.569262676106701,0.4114639204748623
frm,tr,0.4824142422926617,0.3133593863077146
myv,tr,0.3015659525410702,0.1423767893169372
aln,tr,0.39906191369606,0.1641651031894934
ctn,tr,0.5145239559838699,0.2489235185564896
mk,tr,0.7154411764705882,0.4698529411764706
gwi,tr,0.7589285714285714,0.6011904761904762
vep,tr,0.3415195702225633,0.1757482732156561
gd,tr,0.3400018873266018,0.1720298197603095
ta,tr,0.6833588453968948,0.5547780450470151
ca,tr,0.4306827713470894,0.3012246267404798
ug,tr,0.6767666989351404,0.5373668925459826
ps,tr,0.5458568969756578,0.3948856651094172
wuu,tr,0.1556064073226544,0.0720823798627002
ur,tr,0.5079697419964879,0.368094015939484
si,tr,0.5443181818181818,0.3647727272727272
ess,tr,0.3512461059190031,0.0763239875389408
is,tr,0.4600527415552054,0.3077391527828992
yo,tr,0.1507946136115492,0.0349387358971248
azz,tr,0.34347739888977,0.1473037272006344
eme,tr,0.4671961325966851,0.2410220994475138
vi,tr,0.4348306332842415,0.2884388807069219
ja,tr,0.0896250723875403,0.0287345329741848
kmr,tr,0.4747928521513427,0.2754317659978037
sr,tr,0.578408195429472,0.4064442693284301
he,tr,0.4248799918292309,0.2798147959009975
quc,tr,0.2901228403076001,0.0876860081893538
nds,tr,0.3836690057413651,0.1913788389683769
bm,tr,0.2364899081241409,0.0613470303117991
ml,tr,0.6121514773200166,0.4527673741156887
af,tr,0.5333399582629434,0.3288283811984497
ang,tr,0.239766081871345,0.1286549707602339
hr,tr,0.563520197856554,0.3901483924154987
hi,tr,0.6022038846419953,0.4279012470679559
az,tr,0.7807017543859649,0.6776315789473685
gsw,tr,0.3256767060617613,0.1463972550514677
sk,tr,0.6258631512868801,0.4762241054613936
ru,tr,0.5585675740131963,0.4222551637385607
tr,tr,0.8064678284182306,0.7094602586342849
cpg,tr,0.518931932589188,0.2930619391551762
tn,tr,0.2242990654205607,0.0654205607476635
yrk,tr,0.4724842767295597,0.1988993710691824
mr,tr,0.7451456310679612,0.6189320388349514
no,tr,0.5802261641608359,0.410128062259084
cop,tr,0.030793635981897,0.0041058181309196
fi,tr,0.6302376226706362,0.5097309515933399
bar,tr,0.4482575152966214,0.2323756318169726
grc,tr,0.4587059324503014,0.2925435352652457
akk,tr,0.2163265306122449,0.0575469791877146
cy,tr,0.4351579936567602,0.225713614471984
ceb,tr,0.4807552650689906,0.186637618010167
wbp,tr,0.4,0.1841269841269841
oc,tr,0.5014394917105133,0.3064628214037526
ar,tr,0.1567261928975308,0.0821706057031281
gu,tr,0.6063660477453581,0.4647214854111406
te,tr,0.869625520110957,0.7461858529819695
aqz,tr,0.3971389645776567,0.2186648501362398
gl,tr,0.4531881313131313,0.3066919191919192
arh,tr,0.3097795364612775,0.1254946297343131
bor,tr,0.3062115621156211,0.1333333333333333
yue,tr,0.179982756143124,0.1010921109354792
zh,tr,0.0946329624032605,0.0504304620598067
pl,tr,0.5945258729714978,0.431633318689511
bej,tr,0.2521127939084595,0.0814157811061835
gun,tr,0.1659408663763465,0.019176407670563
mpu,tr,0.3539325842696629,0.1235955056179775
am,tr,0.6495504495504496,0.307992007992008
naq,tr,0.3281553398058252,0.1415626444752658
myv,ug,0.2749543664136805,0.1185512537227399
ctn,ug,0.490397102043606,0.2420887157405508
la,ug,0.4187149758454106,0.2581545893719806
fro,ug,0.4605236957387495,0.2282208283552369
scn,ug,0.3812923955730096,0.1549446626204926
eo,ug,0.4527229204069419,0.3034111310592459
lb,ug,0.4757281553398058,0.203883495145631
sv,ug,0.5233065848477696,0.3255546377153646
gub,ug,0.1229257641921397,0.0361353711790393
hbo,ug,0.2062601406165495,0.0701054624121146
ckt,ug,0.389777922926192,0.1698236446766819
yrk,ug,0.4394654088050314,0.1705974842767295
bxr,ug,0.4846943862797886,0.2525675540931299
da,ug,0.4758056470118726,0.2893345305796668
ar,ug,0.1584672334540129,0.0696985721840296
arh,ug,0.3566986998304126,0.1428302242321462
mt,ug,0.1878443059694753,0.0330533730696288
ur,ug,0.5164122652978522,0.3610022963663379
kpv,ug,0.2737932382255227,0.1194059018956419
az,ug,0.7335526315789473,0.5921052631578947
ko,ug,0.6530004607913796,0.4424896912697756
or,ug,0.6462585034013606,0.4412050534499514
bej,ug,0.2670069450255208,0.092711906953393
jaa,ug,0.2347826086956521,0.1130434782608695
ga,ug,0.3156065920974253,0.1470977563041895
mpu,ug,0.3370786516853932,0.0842696629213483
apu,ug,0.22,0.1
sjo,ug,0.0508573655494933,0.0185762535723564
jv,ug,0.3593390504078644,0.2074182528062469
orv,ug,0.4191152597402597,0.2285443722943723
ru,ug,0.4920059668828648,0.3314425734286663
say,ug,0.2026522593320235,0.0765225933202357
myu,ug,0.2563600782778865,0.0880626223091976
pcm,ug,0.4140069686411149,0.2508710801393728
no,ug,0.5049964376404392,0.3169586583605838
uz,ug,0.711705685618729,0.5693422519509476
yue,ug,0.2608851846529674,0.1424773674378502
hy,ug,0.5567316442358351,0.4100292159586187
olo,ug,0.4475806451612903,0.2762096774193548
yi,ug,0.6681641209943097,0.4672057502246181
ckb,ug,0.3114754098360656,0.1311475409836065
sme,ug,0.2093906093906093,0.0637362637362637
et,ug,0.5709950176087768,0.4131165100540435
th,ug,0.2207043614433745,0.0954919534868223
gun,ug,0.1185728474291389,0.0220032088012835
aln,ug,0.4009380863039399,0.1532833020637898
sk,ug,0.5682674199623352,0.3963433772755806
pad,ug,0.3432539682539682,0.1785714285714285
ang,ug,0.3216374269005848,0.1345029239766081
eme,ug,0.4033149171270718,0.1902624309392265
af,ug,0.476498062208089,0.262645334393322
oc,ug,0.4564677851682716,0.2229723021939839
fr,ug,0.4326474829795083,0.233641882147768
ja,ug,0.144190667452968,0.0422238514953007
gya,ug,0.1972511144130757,0.0352897473997028
ka,ug,0.5835426207711627,0.4329541537400896
lij,ug,0.3178155774395703,0.1139958221426439
naq,ug,0.283495145631068,0.1151178918169209
cy,ug,0.3726653353694349,0.1781393163397157
el,ug,0.5005363655867839,0.2822355717657155
kmr,ug,0.4629130478187082,0.2795248078266946
pay,ug,0.3927485380116959,0.1520467836257309
sab,ug,0.3770733505344636,0.1769259122742351
ug,ug,0.8097773475314618,0.705808325266215
xpg,ug,0.2602252519264967,0.0865441612329579
ht,ug,0.211203007518797,0.0405263157894736
br,ug,0.4022586448131121,0.1984809114531281
lt,ug,0.5408197547455065,0.3900554342348395
kk,ug,0.7340861397022085,0.6003797341860697
pro,ug,0.3150097067538571,0.1493818330438336
is,ug,0.4049366989596952,0.2519806018347804
fi,ug,0.5794188995479105,0.4259841217333774
otk,ug,0.1645569620253164,0.0822784810126582
bn,ug,0.61875,0.5
sah,ug,0.5315068493150685,0.273972602739726
yrl,ug,0.2139358192542237,0.0695791262621213
bar,ug,0.3925246076084065,0.1930699654163341
tt,ug,0.487280701754386,0.2986842105263158
pt,ug,0.3987859693341735,0.219663936147868
gn,ug,0.2949308755760368,0.1013824884792626
sd,ug,0.6130753232661181,0.4294239985532145
id,ug,0.3455616710714545,0.2175156996338772
eu,ug,0.5544842865348322,0.3838516451957003
bho,ug,0.3794448612153038,0.1984996249062265
ky,ug,0.7392673373780816,0.5170877812763996
nl,ug,0.5110511725481381,0.3034889238530506
nds,ug,0.3602478811628543,0.1618518180989702
xcl,ug,0.3465960122148374,0.1613975211065205
aii,ug,0.0816777041942604,0.0264900662251655
sa,ug,0.3595937905426564,0.1210128394398962
got,ug,0.2370072563247695,0.042067071974897
mk,ug,0.6272058823529412,0.3654411764705882
gl,ug,0.392739898989899,0.1979324494949495
lv,ug,0.5669093915873142,0.4038835987303619
xav,ug,0.305940151853506,0.0866458240285841
ab,ug,0.475484175720359,0.2465753424657534
aqz,ug,0.4243869209809264,0.2302452316076294
azz,ug,0.327319587628866,0.1406621728786677
vi,ug,0.314580265095729,0.1935935198821796
nmf,ug,0.3734817813765182,0.1663292847503373
cop,ug,0.0350394251854616,0.0049456445667895
krl,ug,0.449256625727214,0.2976729153199741
gwi,ug,0.7569444444444444,0.5952380952380952
bm,ug,0.2233234464298632,0.053461621934457
ess,ug,0.2671339563862928,0.0689252336448598
quc,ug,0.2664536103066014,0.0631179466693298
ro,ug,0.3999264358152488,0.2189410260452244
frm,ug,0.4231678486997636,0.2234766246924301
abq,ug,0.263803680981595,0.0705521472392638
xum,ug,0.2951807228915662,0.0834767641996557
ha,ug,0.236662865596203,0.0864486701389959
vep,ug,0.328472755180353,0.1642363775901765
de,ug,0.4980851043069297,0.3103179946529282
hit,ug,0.3231474407944996,0.0901451489686783
ceb,ug,0.4306463326071169,0.1663035584604212
ml,ug,0.622555139409072,0.4398668331252601
cs,ug,0.4918498056898349,0.3149855790713734
sl,ug,0.4841571265802181,0.2917367478704357
xnr,ug,0.4968178202068417,0.2871917263325378
cu,ug,0.3844162310181727,0.1502116006970376
hr,ug,0.485078318219291,0.2976092333058532
tl,ug,0.496996176952485,0.263790278536319
mdf,ug,0.3123959076849869,0.1263383297644539
ajp,ug,0.4233206590621039,0.2332065906210393
wo,ug,0.2059021436124194,0.03662405075459
gu,ug,0.6015915119363395,0.4212201591511936
akk,ug,0.2048494645382905,0.0361689230147504
sms,ug,0.2995014245014245,0.121082621082621
sr,ug,0.499255756938972,0.3019875667629805
he,ug,0.3767064991659006,0.2286453545773329
lzh,ug,0.3479123839228751,0.1260012759622882
en,ug,0.5492118082570581,0.349985876476156
gsw,ug,0.2784979031643156,0.1138963019443385
wbp,ug,0.4603174603174603,0.2126984126984127
nhi,ug,0.3316774125356728,0.1120388965225663
ota,ug,0.4566229191999664,0.3064698729506478
sq,ug,0.5170015455950541,0.3114374034003091
ta,ug,0.690137765143232,0.5532473212333261
yo,ug,0.1426665049132597,0.0249909013708601
koi,ug,0.3457382953181273,0.1812725090036014
es,ug,0.3984429779335945,0.2125592905753763
be,ug,0.4937453089817363,0.3324993745308982
cpg,ug,0.4699058875027358,0.207922959072007
hu,ug,0.5617343032159265,0.3813169984686064
fa,ug,0.3613317727917922,0.2580621062330353
pl,ug,0.521093760400442,0.3468589001158193
sga,ug,0.2570093457943925,0.058411214953271
gd,ug,0.3044257808813815,0.132395961121072
ps,ug,0.5298746004425867,0.3663634128350135
zh,ug,0.2203942849292485,0.121056005861611
tr,ug,0.7179565525942281,0.5519831256899542
bg,ug,0.5546934622233528,0.3418977359450521
grc,ug,0.4527219346018512,0.248391940653085
hi,ug,0.5555443055063366,0.382591673838573
arr,ug,0.3523070288917637,0.130659767141009
egy,ug,0.2694615912208505,0.0405521262002743
hyw,ug,0.5353198428582018,0.357942331924987
it,ug,0.4266785825303077,0.2113770593720857
te,ug,0.8307905686546463,0.7045769764216366
urb,ug,0.4207650273224044,0.1502732240437158
ca,ug,0.3680926019124308,0.1816809260191243
si,ug,0.5568181818181818,0.3613636363636364
mr,ug,0.7038834951456311,0.5461165048543689
tpn,ug,0.2885980479148181,0.1366459627329192
gv,ug,0.1825649946844496,0.0243548854740504
uk,ug,0.4844881442567088,0.3279142410904444
wuu,ug,0.2997711670480549,0.1418764302059496
ltg,ug,0.4411764705882353,0.2588235294117647
am,ug,0.6068931068931069,0.2475524475524475
hsb,ug,0.4471209814632399,0.2939912241425629
bor,ug,0.2591635916359163,0.113530135301353
tn,ug,0.1682242990654205,0.0373831775700934
sdh,ug,0.4191176470588235,0.2279411764705882
fo,ug,0.4888447924487826,0.3195323393757374
nap,ug,0.3532338308457711,0.0945273631840796
ht,uk,0.3154887218045112,0.0960150375939849
ctn,uk,0.3418084888250974,0.1688879775818467
lv,uk,0.8453228774905978,0.7165186311381398
vi,uk,0.6832842415316642,0.514580265095729
et,uk,0.7737799633218105,0.6263693461220118
be,uk,0.877658243682762,0.8127345509131849
gun,uk,0.2059744823897929,0.0168080067232026
hit,uk,0.1443850267379679,0.0313216195569136
ga,uk,0.6365742272817526,0.4558541266794625
is,uk,0.6371001083883656,0.4965081067793012
hy,uk,0.7726423679294986,0.6479716461516356
eme,uk,0.3491022099447514,0.1881906077348066
en,uk,0.7961950731202085,0.6572592434746842
otk,uk,0.1962025316455696,0.050632911392405
nap,uk,0.4676616915422885,0.2039800995024875
vep,uk,0.4666155026861089,0.261703760552571
wuu,uk,0.3352402745995423,0.1510297482837528
apu,uk,0.319,0.183
ko,uk,0.6207096187246712,0.4017037465883715
pay,uk,0.2860818713450292,0.0783625730994152
tpn,uk,0.2570984915705412,0.1091393078970718
ajp,uk,0.6451204055766794,0.4550063371356147
urb,uk,0.2103825136612022,0.0683060109289617
ka,uk,0.7721475353326439,0.6353966612498153
ml,uk,0.5834373699542239,0.4298793175197669
ur,uk,0.390990139132784,0.2700932054572471
da,uk,0.7247331138381722,0.6226678639130001
lb,uk,0.4902912621359223,0.2572815533980582
no,uk,0.7684831655675113,0.6722263833829628
or,uk,0.5568513119533528,0.3828960155490767
gl,uk,0.7717171717171717,0.6521622474747475
krl,uk,0.5976082740788623,0.4104718810601163
eo,uk,0.8198683423099941,0.7019748653500898
arh,uk,0.2679479932165065,0.0810250612398718
kk,uk,0.6769261516938143,0.5316278604976516
quc,uk,0.369619494656946,0.1543992809347847
ro,uk,0.8076121415935403,0.6693289895433766
pl,uk,0.8834351744611739,0.7710105568646245
xcl,uk,0.582360337704329,0.3808155200287408
say,uk,0.2454813359528487,0.0805500982318271
hsb,uk,0.645294170323274,0.5464314498074684
got,uk,0.2996666012943714,0.0931555206903314
pad,uk,0.25,0.1309523809523809
mt,uk,0.2995574821638219,0.0781179445498058
ab,uk,0.327727916863486,0.1858290033065659
fa,uk,0.5485718554672909,0.4632318151256319
it,uk,0.7822039166925707,0.6651927261423687
mdf,uk,0.3345229597906257,0.1763026409707352
te,uk,0.8224687933425797,0.6990291262135923
uk,uk,0.920275450802215,0.8916654834587534
sq,uk,0.8431221020092736,0.6630602782071098
hi,uk,0.5383148551274912,0.3825579236909161
hyw,uk,0.7500555926173004,0.588244014528204
br,uk,0.6823905656606036,0.4595242854287427
gwi,uk,0.5079365079365079,0.4176587301587302
ota,uk,0.4882385005660615,0.3146882468866619
mpu,uk,0.2528089887640449,0.0786516853932584
cs,uk,0.8584880367225901,0.7677133688101718
ky,uk,0.6458029337224483,0.4160202749404807
sv,uk,0.8054932735426009,0.6980174651876327
nhi,uk,0.4139097347003488,0.1806362963745904
sd,uk,0.5694004882900805,0.3871959490008138
mk,uk,0.9066176470588236,0.7566176470588235
ug,uk,0.573378509196515,0.4112294288480155
tr,uk,0.6835376912158966,0.5035089102665194
sk,uk,0.8899089767733835,0.8076741996233522
gub,uk,0.2543668122270742,0.1008733624454148
bar,uk,0.5555333865389731,0.3778930566640064
ca,uk,0.7988592518033887,0.6943298104344908
th,uk,0.5802485589577849,0.352347316162996
gv,uk,0.3734415772687736,0.1180052189040301
ru,uk,0.8977727066547578,0.8345218777911311
fro,uk,0.6287584627638391,0.4930306650736758
lt,uk,0.8244582563413405,0.6734419620359483
eu,uk,0.7170755723311726,0.5436120456223845
gn,uk,0.3225806451612903,0.0967741935483871
cop,uk,0.0701255073951383,0.0073251528017543
xpg,uk,0.2240663900414937,0.0557202133965619
ckt,uk,0.3019268451992162,0.1451665578053559
frm,uk,0.6933468422830125,0.5894726685000241
grc,uk,0.5927967906048992,0.4310495528810596
koi,uk,0.3973589435774309,0.2569027611044417
lzh,uk,0.3334160345927554,0.1381938044942227
bej,uk,0.1337126600284495,0.0194126014559451
xum,uk,0.1566265060240964,0.0344234079173838
ang,uk,0.327485380116959,0.2046783625730994
scn,uk,0.5479293109603713,0.3362192074259193
el,uk,0.833190302510191,0.7052492312093256
ja,uk,0.1313229520303044,0.0239768784898763
yo,uk,0.2268591532209147,0.0674511706902826
sms,uk,0.3311965811965812,0.1855413105413105
sdh,uk,0.3235294117647059,0.1691176470588235
wo,uk,0.3374026723060656,0.087378640776699
yue,uk,0.3915792498922258,0.2045552521914068
yrl,uk,0.3055083474957513,0.1180645806258122
aln,uk,0.5291432145090682,0.2719199499687305
ta,uk,0.7216269407391209,0.552372621911218
xnr,uk,0.4180588703261734,0.2163882259347653
hbo,uk,0.5017577068685776,0.2548674959437533
tl,uk,0.718186783178591,0.4877116329874386
akk,uk,0.270842594463528,0.0529804000808244
sab,uk,0.3626981201621821,0.1581275340950976
kmr,uk,0.6744534291704103,0.4772886093640811
ar,uk,0.3368099906439409,0.2464304600740349
myu,uk,0.2211350293542074,0.0900195694716242
nds,uk,0.5184543880433792,0.3359154287797321
sl,uk,0.85820085725137,0.7593999240410179
gd,uk,0.5997923940737945,0.4023780315183543
bor,uk,0.2660516605166051,0.1225092250922509
naq,uk,0.2478964401294498,0.1099398982894128
sjo,uk,0.0463756819953234,0.0027279812938425
pcm,uk,0.4981881533101045,0.3050174216027874
ceb,uk,0.55119825708061,0.2737835875090777
mr,uk,0.7014563106796117,0.5436893203883495
uz,uk,0.6218506131549609,0.455406911928651
cpg,uk,0.6296782665791202,0.4075289997811337
lij,uk,0.5729632945389436,0.355863921217547
ltg,uk,0.6705882352941176,0.5411764705882353
yrk,uk,0.2279874213836478,0.0393081761006289
sa,uk,0.3161096944481725,0.1080391893705542
aqz,uk,0.3365122615803814,0.1846049046321526
jv,uk,0.6356410792721188,0.4423760719514746
bm,uk,0.2670910800839181,0.0714750777689358
myv,uk,0.3232779325583629,0.1788836583725622
zh,uk,0.2967669551678344,0.1519668452626276
ha,uk,0.295435633494622,0.1131691681819582
hu,uk,0.7997702909647779,0.6883614088820827
nl,uk,0.8301490971753952,0.7225593766389451
bn,uk,0.690625,0.534375
arr,uk,0.3781802501078051,0.1302285467874083
ckb,uk,0.2377049180327868,0.0983606557377049
sme,uk,0.2353646353646353,0.0998001998001998
es,uk,0.8153536811713755,0.7042070530006187
gu,uk,0.6519893899204244,0.4875331564986737
fr,uk,0.7955864104369991,0.6857162021665493
oc,uk,0.6277176610741586,0.4755286409212746
pt,uk,0.8059399285864314,0.6778785969334173
he,uk,0.8011439076703095,0.6418139107343479
kpv,uk,0.3032050029314051,0.1651358217705686
azz,uk,0.4494448850118953,0.2255154639175257
bg,uk,0.9018061561943526,0.7763291783261257
wbp,uk,0.1873015873015873,0.092063492063492
gya,uk,0.1887072808320951,0.0297176820208023
sah,uk,0.3150684931506849,0.1630136986301369
sga,uk,0.4007009345794392,0.1074766355140186
cu,uk,0.5230271346776201,0.309982574060244
am,uk,0.6336663336663336,0.2918081918081918
pro,uk,0.5379585163993053,0.4238275263104117
tn,uk,0.4485981308411215,0.219626168224299
gsw,uk,0.4369043080442241,0.2441860465116279
la,uk,0.6763478260869565,0.5452850241545893
hr,uk,0.8907254740313273,0.8115828524319868
jaa,uk,0.2,0.0608695652173913
si,uk,0.6818181818181818,0.4113636363636364
yi,uk,0.772586602775282,0.6753519017669961
bho,uk,0.3291822955738934,0.154688672168042
tt,uk,0.3991228070175439,0.225
id,uk,0.782702519215382,0.6256091942875155
fo,uk,0.6390110479459401,0.51871715113161
sr,uk,0.8916031871114614,0.8080728482619736
cy,uk,0.6995183836485376,0.4796781393163397
egy,uk,0.3087277091906721,0.0686728395061728
nmf,uk,0.2614709851551957,0.1383265856950067
olo,uk,0.5631720430107527,0.3884408602150537
orv,uk,0.6606737012987013,0.5217126623376623
abq,uk,0.161042944785276,0.0383435582822085
xav,uk,0.3430102724430549,0.0794997766860205
af,uk,0.7031700288184438,0.5061114975653384
ess,uk,0.2757009345794392,0.0856697819314641
de,uk,0.7892370665261597,0.7026545089085339
fi,uk,0.7662917631491896,0.6375565111919727
ps,uk,0.669043521022867,0.5552003934103762
az,uk,0.6929824561403509,0.5197368421052632
aii,uk,0.0927152317880794,0.0397350993377483
bxr,uk,0.4393259547312793,0.2577525176986738
ro,ur,0.5433065349517454,0.3647207188271767
hr,ur,0.6020197856553998,0.4684666117065127
cu,ur,0.4432661189942743,0.2019915359721185
hit,ur,0.3422459893048128,0.0725744843391902
sab,ur,0.3394765941761887,0.1651308514559528
yrl,ur,0.1986404078776367,0.0689793062081375
lij,ur,0.4435989256938227,0.1774097284392718
lv,ur,0.638259849030434,0.4791816702675309
ht,ur,0.2086466165413533,0.0394736842105263
bor,ur,0.2448339483394833,0.1074415744157441
arh,ur,0.2702091577162238,0.1213491614848313
kk,ur,0.7172978914759668,0.5435195363245728
apu,ur,0.22,0.098
sr,ur,0.6078276858418702,0.4729883547850451
myv,ur,0.3072341243154962,0.1388221731194159
ab,ur,0.476995748700992,0.2454416627302787
tn,ur,0.2476635514018691,0.0560747663551401
ota,ur,0.454694117153759,0.2941003815673613
oc,ur,0.5897945001489129,0.3372381614216221
mpu,ur,0.2528089887640449,0.0786516853932584
naq,ur,0.3056865464632455,0.1120665742024965
sms,ur,0.3639601139601139,0.1492165242165242
eu,ur,0.6348568146385493,0.4915073438910314
pro,ur,0.4355778072953918,0.2298968018800449
cpg,ur,0.5353469030422412,0.2295907200700372
mr,ur,0.7475728155339806,0.6213592233009708
ajp,ur,0.4879594423320659,0.2902408111533587
id,ur,0.4494580898576728,0.3072278932182431
sah,ur,0.5280821917808219,0.2246575342465753
ka,ur,0.7175358250849461,0.5843305264194613
pad,ur,0.3313492063492063,0.1527777777777778
lb,ur,0.4077669902912621,0.1796116504854369
ml,ur,0.5771951727007907,0.4040782355389097
ckb,ur,0.3688524590163934,0.180327868852459
gn,ur,0.2350230414746544,0.0921658986175115
hyw,ur,0.654881031798977,0.4549699799866578
xnr,ur,0.5461416070007955,0.3643595863166269
sd,ur,0.7649877927479881,0.6130753232661181
eo,ur,0.5990424895272292,0.4509275882704967
yo,ur,0.1350236564357636,0.02426301103967
af,ur,0.6521911954685482,0.4321772831163669
yrk,ur,0.4606918238993711,0.1705974842767295
gv,ur,0.1907799362133951,0.0226152507973325
bxr,ur,0.4795094226742447,0.2477814338418586
tr,ur,0.710229064816275,0.5203142248856647
gya,ur,0.1597325408618127,0.0245170876671619
got,ur,0.2522063149637183,0.0446165914885271
bm,ur,0.2299066772770021,0.0541850538956811
hsb,ur,0.4841049520909823,0.3538998835855646
hi,ur,0.8169223240351676,0.7247675458580132
az,ur,0.7445175438596491,0.6085526315789473
ky,ur,0.6837416481069042,0.4428231318639121
ps,ur,0.6722399803294812,0.5215146299483648
wuu,ur,0.1853546910755149,0.0652173913043478
yi,ur,0.6939203354297694,0.5172207247678946
is,ur,0.5858391159085068,0.4331567832120948
gun,ur,0.1549392619757048,0.012988005195202
lzh,ur,0.3235627702559013,0.0475650386333026
koi,ur,0.3469387755102041,0.1680672268907563
vep,ur,0.3883346124328473,0.1941673062164236
gub,ur,0.0893013100436681,0.0306768558951965
say,ur,0.1594302554027505,0.0527504911591355
no,ur,0.6054549772557043,0.4352472642905424
ess,ur,0.2445482866043613,0.102803738317757
fi,ur,0.6497133090748705,0.4931359576579556
mt,ur,0.1986814774677142,0.0309762485324663
aii,ur,0.1567328918322295,0.0242825607064017
sv,ur,0.6415211234363937,0.4736842105263157
gu,ur,0.709814323607427,0.5761273209549072
olo,ur,0.491263440860215,0.301747311827957
abq,ur,0.2776073619631902,0.0475460122699386
krl,ur,0.4938590820943762,0.3451842275371687
quc,ur,0.2412863277738939,0.0483371616898032
et,ur,0.6494473927649836,0.4910333187269747
cop,ur,0.0979330938272756,0.0022395371623197
gwi,ur,0.7668650793650794,0.5803571428571429
gsw,ur,0.383625619519634,0.1461589782691574
sjo,ur,0.1004156923876331,0.0335801506884905
ltg,ur,0.4529411764705882,0.2588235294117647
jv,ur,0.4144181830858258,0.2482744195774942
urb,ur,0.4207650273224044,0.1229508196721311
mk,ur,0.725,0.5213235294117647
nap,ur,0.3034825870646766,0.1094527363184079
xcl,ur,0.453835099694629,0.2315430213759655
tl,ur,0.5996723102129984,0.3653741125068269
arr,ur,0.2902112979732643,0.1078050884001724
he,ur,0.4943655738263031,0.3118510196438906
bg,ur,0.668532180106843,0.4993640295090308
ha,ur,0.2251980152248281,0.0704533547015132
da,ur,0.5635039409358475,0.4020752269779507
otk,ur,0.1075949367088607,0.0632911392405063
br,ur,0.5162902258644813,0.2315610633619828
ca,ur,0.5309176312699212,0.3261701056869652
nl,ur,0.6169676082015934,0.4366274568567219
kpv,ur,0.3091655266757866,0.1270275552081297
ur,ur,0.8770093205457247,0.8282453059570445
mdf,ur,0.3169164882226981,0.1218177492267428
sme,ur,0.2255744255744255,0.0611388611388611
ang,ur,0.2573099415204678,0.1169590643274853
grc,ur,0.5117102579618548,0.2893162105829355
la,ur,0.5293816425120773,0.3648309178743961
aln,ur,0.4956222639149468,0.2042526579111944
jaa,ur,0.2695652173913043,0.1391304347826087
nhi,ur,0.3350597188457879,0.1045344043969982
cs,ur,0.5913718162245603,0.4412614588834274
ga,ur,0.396551724137931,0.2062346945529155
ar,ur,0.2148639303583777,0.1239881218728389
cy,ur,0.4730999647597791,0.2451544696346763
azz,ur,0.3466494845360824,0.1396708961141951
nmf,ur,0.4170040485829959,0.1585695006747638
aqz,ur,0.3985013623978201,0.1975476839237057
am,ur,0.5499500499500499,0.2653346653346653
ctn,ur,0.4502084614858861,0.2097600984211605
en,ur,0.6467582796061271,0.4506395230709001
bar,ur,0.4921521681298217,0.2501995211492418
si,ur,0.5909090909090909,0.4170454545454545
wo,ur,0.2073440353744112,0.0361434201672594
tpn,ur,0.2686335403726708,0.117790594498669
sdh,ur,0.4044117647058823,0.2867647058823529
bej,ur,0.2966278972470923,0.0885281566396117
ru,ur,0.6046846577225774,0.4821297469686271
xum,ur,0.3399311531841652,0.0714285714285714
ceb,ur,0.4488017429193899,0.1808278867102396
wbp,ur,0.4285714285714285,0.1777777777777777
hy,ur,0.6724938933856985,0.5190382681162891
pt,ur,0.550417979416089,0.3642049989498004
be,ur,0.5656742556917689,0.4590317738303728
gd,ur,0.422194960837973,0.2132679060111352
fr,ur,0.566161921051749,0.3548730589931918
ug,ur,0.6606001936108422,0.4982575024201355
lt,ur,0.6090206618511674,0.4524609440618176
fro,ur,0.5602598566308243,0.3151383910792513
pay,ur,0.3452631578947368,0.1214035087719298
es,ur,0.5603732728397608,0.3603114044132811
pcm,ur,0.4552613240418118,0.2615331010452961
de,ur,0.6317789746892258,0.4657587377788185
fo,ur,0.5955164646572991,0.4568272015445672
ko,ur,0.6065550527547053,0.4066188546380425
sk,ur,0.6581136220966729,0.5054927809165097
uz,ur,0.6795986622073579,0.5178372352285395
zh,ur,0.164434217154371,0.0688052388148555
eme,ur,0.4036602209944751,0.1971685082872928
akk,ur,0.2095776924631238,0.0383107698524954
xav,ur,0.2836087539079946,0.1009379187137114
sga,ur,0.3364485981308411,0.0829439252336448
sa,ur,0.3646490403972621,0.1087102402362099
uk,ur,0.5922192247621753,0.462835439443419
vi,ur,0.4353460972017673,0.2674521354933726
sq,ur,0.5935085007727975,0.4095826893353941
te,ur,0.8460471567267683,0.7142857142857143
xpg,ur,0.2471843509187907,0.0622406639004149
hbo,ur,0.2779881016765819,0.0941725256895619
ckt,ur,0.3647942521227955,0.1513716525146962
or,ur,0.6569484936831875,0.4334305150631681
tt,ur,0.4929824561403508,0.2986842105263158
kmr,ur,0.543675751222921,0.3795547569132474
sl,ur,0.6039281645054527,0.4204600944061635
ta,ur,0.7762956483708725,0.619724469713536
hu,ur,0.6715160796324655,0.4648736600306278
orv,ur,0.518073593073593,0.3300054112554113
pl,ur,0.6182089274065791,0.4592302674494455
fa,ur,0.5319122444405707,0.4381801429389645
yue,ur,0.1966518177899123,0.0900273027733869
frm,ur,0.5670864090316978,0.3603994789405124
gl,ur,0.5463383838383838,0.359090909090909
myu,ur,0.2553816046966732,0.0880626223091976
th,ur,0.2450604737946889,0.093559457568387
egy,ur,0.2069615912208504,0.0256344307270233
scn,ur,0.4543020349875045,0.19127097465191
bho,ur,0.5365341335333833,0.3758439609902476
bn,ur,0.75625,0.6
ja,ur,0.1140163529430516,0.0309553030182283
el,ur,0.6614460416219695,0.4048129871987413
it,ur,0.5883431768728629,0.364205781784271
nds,ur,0.4406269935295726,0.201130046477718
gun,uz,0.0991672396668958,0.0238368095347238
sab,uz,0.3486914854404718,0.1717655731662366
arr,uz,0.3104786545924967,0.1375592927986201
da,uz,0.3974857826997904,0.2251820812132096
ka,uz,0.4838725562613877,0.3506180134928842
hbo,uz,0.1583964305029745,0.0456327744726879
orv,uz,0.3509199134199134,0.185457251082251
no,uz,0.414786532454009,0.242605820347467
urb,uz,0.4672131147540984,0.1721311475409836
bar,uz,0.3613328012769353,0.1674647512636339
fi,uz,0.4837358032859191,0.3415067813430367
sdh,uz,0.4264705882352941,0.2573529411764705
ota,uz,0.414650509455323,0.279424713824479
mr,uz,0.6213592233009708,0.4951456310679611
az,uz,0.706140350877193,0.5625
eme,uz,0.4419889502762431,0.2396408839779005
kk,uz,0.6892175477165984,0.5423203757369841
pt,uz,0.3130602814534761,0.174664986347406
mdf,uz,0.2926481084939329,0.1203901974779919
jv,uz,0.2927560482465314,0.1631457854005438
nmf,uz,0.4298245614035088,0.23110661268556
myv,uz,0.2582380632145259,0.1130752233643962
gya,uz,0.1872213967310549,0.037518573551263
ceb,uz,0.3347857661583152,0.0973129992737835
mt,uz,0.1973268310304343,0.0243836358710376
ar,uz,0.1141276491884635,0.0436643208721474
tn,uz,0.2009345794392523,0.0373831775700934
eu,uz,0.4436284565520637,0.2986789201608271
yue,uz,0.1510992958758442,0.0667480959908032
ha,uz,0.2026997873455173,0.0719326902333035
yrk,uz,0.4787735849056603,0.1981132075471698
bg,uz,0.4810480793691172,0.2775375222589671
koi,uz,0.2881152460984393,0.1596638655462184
tpn,uz,0.2602040816326531,0.1228926353149955
gd,uz,0.2251580636029065,0.0968198546758516
vi,uz,0.2861561119293078,0.1636966126656848
wbp,uz,0.4444444444444444,0.2126984126984127
oc,uz,0.4048446341705549,0.2151295542539462
el,uz,0.4294142887792319,0.2542372881355932
gub,uz,0.0894104803493449,0.0260917030567685
nds,uz,0.3007381755217351,0.1283149548892736
sd,uz,0.5274437110046116,0.348223166651596
gv,uz,0.1569537063883251,0.0148835411230308
nl,uz,0.4270372867810494,0.2585350016233361
hit,uz,0.3055767761650114,0.0870893812070282
xcl,uz,0.2764505119453925,0.1269085683492006
ru,uz,0.4041440843219685,0.2609856579704181
yo,uz,0.1048162076913745,0.0162562173965789
gl,uz,0.3001736111111111,0.1642834595959596
es,uz,0.3218395545473293,0.1946174468962672
aqz,uz,0.406675749318801,0.2459128065395095
he,uz,0.2742314370340108,0.1504102406972389
ta,uz,0.6461841242073038,0.5071069319921278
tr,uz,0.6811819902223624,0.513513247121905
ctn,uz,0.4881416171143462,0.249880390950721
ur,uz,0.4150344454950695,0.2577333513440497
mpu,uz,0.3426966292134831,0.0842696629213483
bm,uz,0.2271576358243507,0.0641684149605729
ht,uz,0.1850375939849624,0.0284210526315789
is,uz,0.3310426513805549,0.1970265830847105
ca,uz,0.2856567689984902,0.1707599396074484
krl,uz,0.3687782805429864,0.2307692307692307
gsw,uz,0.2597216927182615,0.1026972931757529
myu,uz,0.2769080234833659,0.111545988258317
ess,uz,0.1764018691588785,0.0272585669781931
ajp,uz,0.3168567807351077,0.1634980988593156
mk,uz,0.5669117647058823,0.3154411764705882
cpg,uz,0.4092799299627927,0.1864740643466841
uk,uz,0.3928723555303138,0.2580931421269345
it,uz,0.3405035747590923,0.181893068075847
arh,uz,0.2990390050876201,0.129640097983795
olo,uz,0.3407258064516129,0.1881720430107527
be,uz,0.4047410557918439,0.261195896922692
ga,uz,0.2313852670593686,0.1106625190283936
si,uz,0.4920454545454545,0.3045454545454545
sl,uz,0.406163528837285,0.2385925885735988
lv,uz,0.4813955349283828,0.3329865834466938
or,uz,0.565597667638484,0.3760932944606414
pro,uz,0.2510473076530091,0.1271073873505671
sjo,uz,0.0526110678098207,0.0259807742270719
hi,uz,0.4799270996810611,0.310872610067669
pcm,uz,0.3498954703832753,0.2057839721254355
yrl,uz,0.1790462861141657,0.0580825752274317
nap,uz,0.263681592039801,0.0895522388059701
gwi,uz,0.7738095238095238,0.6071428571428571
lb,uz,0.4029126213592233,0.1553398058252427
sah,uz,0.560958904109589,0.3089041095890411
aii,uz,0.0706401766004415,0.0088300220750551
sme,uz,0.2207792207792207,0.0626373626373626
uz,uz,0.68561872909699,0.5400222965440357
pad,uz,0.3253968253968254,0.1587301587301587
zh,uz,0.0902825479690433,0.0366007235426111
hu,uz,0.4698506891271056,0.3316424196018376
say,uz,0.1706286836935167,0.061984282907662
ug,uz,0.7461761858664085,0.6302032913843175
ab,uz,0.4625413320736892,0.2429853566367501
lt,uz,0.4485133546111204,0.3179069376784814
ko,uz,0.5855595070713754,0.3994943109987358
de,uz,0.4205379271315106,0.2610136994321175
bej,uz,0.2525311689398377,0.0884444816333361
akk,uz,0.1922408567387351,0.0501515457668215
grc,uz,0.3451892691454313,0.1872296555279141
pl,uz,0.444639695408496,0.2825858327675493
lij,uz,0.2739480752014324,0.1028051327961802
sk,uz,0.504472693032015,0.3184243565599498
en,uz,0.4613089781011046,0.287862194052262
fro,uz,0.3909050179211469,0.2062674233373158
kmr,uz,0.3824498352800239,0.2224218827992413
sv,uz,0.4370279679018173,0.2553988671229643
apu,uz,0.216,0.095
wuu,uz,0.165903890160183,0.0675057208237986
bxr,uz,0.4637551101804766,0.2416990726892013
aln,uz,0.3223264540337711,0.0978736710444027
scn,uz,0.3107818636201356,0.1287932881113888
af,uz,0.3945145582828182,0.2138527278147669
th,uz,0.1191483690400826,0.0330523439842734
quc,uz,0.2307000898831519,0.0419454708878458
ckb,uz,0.3688524590163934,0.1557377049180328
eo,uz,0.3770197486535009,0.2516457211250748
egy,uz,0.1885288065843621,0.0121742112482853
otk,uz,0.2848101265822785,0.0886075949367088
pay,uz,0.3805847953216374,0.1410526315789473
cu,uz,0.3295992033856111,0.1300970873786407
sr,uz,0.4074949654145872,0.2343052272130286
abq,uz,0.2868098159509202,0.0935582822085889
cy,uz,0.2994244097263009,0.1393750734171267
et,uz,0.4723371796744405,0.3354106821169482
sms,uz,0.3012820512820512,0.1342592592592592
ang,uz,0.3157894736842105,0.1286549707602339
te,uz,0.855755894590846,0.7073509015256588
lzh,uz,0.291734599844049,0.0532005387396328
sga,uz,0.2733644859813084,0.0654205607476635
ckt,uz,0.3633246244284781,0.151208360548661
la,uz,0.3532753623188406,0.2095072463768116
ro,uz,0.3166412695076454,0.1672884591806351
bho,uz,0.3521380345086271,0.1749437359339835
cop,uz,0.0263145616572575,0.0008864834600849
ky,uz,0.6984870593656402,0.4730051455341371
naq,uz,0.2618585298196949,0.1092926490984743
id,uz,0.2859879252236743,0.1767330213612007
wo,uz,0.1806209747188311,0.031625492646352
frm,uz,0.3540792203406185,0.2054325276209774
sq,uz,0.4157650695517774,0.2372488408037094
bn,uz,0.60625,0.48125
ps,uz,0.4302925989672977,0.2778460781903122
ja,uz,0.0679619387641255,0.0185790259426318
kpv,uz,0.2730115301934727,0.1183310533515731
gn,uz,0.2811059907834101,0.1244239631336405
hr,uz,0.3982275350370981,0.2258450123660346
xav,uz,0.2778025904421616,0.0839660562751228
fr,uz,0.3599875909715934,0.2107857933393701
xum,uz,0.3580034423407917,0.1385542168674698
vep,uz,0.2762854950115119,0.1189562547966231
am,uz,0.4206793206793207,0.1841158841158841
gu,uz,0.5087533156498674,0.3501326259946949
hyw,uz,0.4403676525090801,0.2901934623082055
fo,uz,0.4207336694197147,0.2570524509278129
ml,uz,0.5085310029130253,0.3445692883895131
cs,uz,0.4149788086823469,0.2476527061244939
xpg,uz,0.2294013040901007,0.0414937759336099
azz,uz,0.3225614591593973,0.1349127676447264
fa,uz,0.2982294494110616,0.192444654730184
tt,uz,0.4574561403508771,0.2657894736842105
xnr,uz,0.4638027048528242,0.2649164677804296
nhi,uz,0.3075784800761019,0.102314765880985
bor,uz,0.2435424354243542,0.1167896678966789
got,uz,0.2362227887821141,0.0332418121200235
sa,uz,0.3600858945108039,0.1276338746476983
yi,uz,0.5530597983428173,0.3748627333532994
hy,uz,0.4502131328128742,0.3229081852579146
ltg,uz,0.3529411764705882,0.2117647058823529
jaa,uz,0.2782608695652174,0.1304347826086956
br,uz,0.3194083549870078,0.1447131720967419
tl,uz,0.3369743309666849,0.1332605133806663
hsb,uz,0.3962568281543834,0.2443807647532909
ug,vi,0.3799612778315586,0.2524685382381413
aqz,vi,0.2752043596730245,0.1423705722070844
si,vi,0.6125,0.3738636363636363
mk,vi,0.8213235294117647,0.5889705882352941
ota,vi,0.4096607824227431,0.224957021258753
tl,vi,0.638995084653195,0.3954123429819771
yi,vi,0.6730558051312768,0.4779874213836478
bn,vi,0.73125,0.49375
bar,vi,0.4246475126363394,0.2326416600159617
ga,vi,0.4746508703421802,0.2695413329803428
sah,vi,0.2184931506849315,0.0952054794520547
sdh,vi,0.1691176470588235,0.0955882352941176
no,vi,0.6803376020753028,0.4960265989513875
az,vi,0.5953947368421053,0.4473684210526316
eu,vi,0.5797160909165504,0.3682612620004923
es,vi,0.6314910290781605,0.4159414312229326
is,vi,0.4951728068117059,0.3355625579654274
la,vi,0.4893719806763285,0.3324927536231884
ta,vi,0.6245353159851301,0.4673081128362125
scn,vi,0.4194930382006426,0.2156372724027133
fi,vi,0.6187424192303451,0.4341300033079722
nds,vi,0.3810261551079923,0.1958443452109723
urb,vi,0.1502732240437158,0.0519125683060109
yo,vi,0.1550406405434914,0.0468276113065631
zh,vi,0.0785135320785822,0.0422906076842057
en,vi,0.6679039203928817,0.4757694842683767
hbo,vi,0.2181584640346133,0.0871416982152514
ka,vi,0.5234155709853745,0.3450534298517752
mdf,vi,0.2643349988103735,0.1415655484177968
xnr,vi,0.3420843277645187,0.1479713603818615
eo,vi,0.5086774386594853,0.3509874326750449
grc,vi,0.3783589950469531,0.2098209283040857
krl,vi,0.4722042663219133,0.2986425339366516
sjo,vi,0.0308521693946479,0.0031826448428163
pl,vi,0.6796996685171133,0.4899423565903856
egy,vi,0.2584876543209876,0.0626714677640603
gu,vi,0.5474801061007958,0.343236074270557
cpg,vi,0.5331582403151675,0.2864959509739549
lij,vi,0.4128618322888689,0.2085944494180841
te,vi,0.6934812760055479,0.5672676837725381
xpg,vi,0.1470065204505038,0.0343805572021339
ang,vi,0.3157894736842105,0.2046783625730994
ps,vi,0.4049668059995082,0.274649618883698
sms,vi,0.256054131054131,0.1534900284900285
gsw,vi,0.2739706443004193,0.1273351124666412
yrl,vi,0.3070078976307108,0.1122663201039688
el,vi,0.6544732889937782,0.4196881928055496
ru,vi,0.6231604838973659,0.4667262107955688
hu,vi,0.5152182235834609,0.3433192955589586
tn,vi,0.4158878504672897,0.1775700934579439
fo,vi,0.5436018448997104,0.4116164324788158
orv,vi,0.4608225108225108,0.2950757575757576
myu,vi,0.1917808219178082,0.0538160469667318
olo,vi,0.4059139784946236,0.2479838709677419
fa,vi,0.4323281121597729,0.2878701098189606
wo,vi,0.2590598865711814,0.0622897241180428
ko,vi,0.4407410470597965,0.2755886905254203
hyw,vi,0.5275368764361427,0.3340745682306723
ml,vi,0.4777361631294216,0.3012900540990428
gn,vi,0.3502304147465437,0.1198156682027649
ckb,vi,0.2868852459016393,0.1147540983606557
kk,vi,0.4831617867492755,0.334166083741381
tr,vi,0.511867213373285,0.3480917836303422
ar,vi,0.2442175487125249,0.1407232640442582
mpu,vi,0.2752808988764045,0.0505617977528089
cop,vi,0.0333597723137218,0.0037792189614146
af,vi,0.5442710921196462,0.3156116466262545
gd,vi,0.4309710295366613,0.2347834292724356
de,vi,0.665976328474133,0.4410553636594266
naq,vi,0.1968562182154415,0.0816458622283865
sk,vi,0.6803201506591338,0.4967827997489014
frm,vi,0.5396825396825397,0.3674434312732185
hit,vi,0.0863254392666157,0.0213903743315508
pro,vi,0.3630325942576887,0.2309185654439562
nap,vi,0.4925373134328358,0.2189054726368159
ur,vi,0.2445630149939213,0.1177900851006348
ckt,vi,0.2749836708033965,0.1247550620509471
hsb,vi,0.4051222351571595,0.2787677979761798
gya,vi,0.1601040118870728,0.0300891530460624
ky,vi,0.4500422394593349,0.30865524921281
gv,vi,0.3596211462259592,0.1210979027737508
gun,vi,0.1842768737107495,0.0140576056230422
pay,vi,0.2084210526315789,0.0570760233918128
ess,vi,0.286214953271028,0.0794392523364486
or,vi,0.304178814382896,0.1807580174927113
wuu,vi,0.1407322654462242,0.062929061784897
pcm,vi,0.4294773519163763,0.2911498257839721
quc,vi,0.4177569160091881,0.1806651353240786
ab,vi,0.2199338686820973,0.125366084081247
kpv,vi,0.221516513582177,0.1146179401993355
xum,vi,0.1497418244406196,0.0240963855421686
oc,vi,0.5201032463019954,0.294251960686985
jaa,vi,0.217391304347826,0.0695652173913043
cy,vi,0.5633736638082932,0.306648654998238
et,vi,0.5683983316292581,0.3867601473619293
lb,vi,0.4271844660194174,0.1941747572815534
ro,vi,0.6187098243217207,0.4103830592191687
sd,vi,0.4532959580432227,0.2404376525906501
lv,vi,0.5390360353151423,0.385132431783628
myv,vi,0.2446920933807282,0.131616870016332
hr,vi,0.620527617477329,0.4192085737840066
ja,vi,0.0838101613511632,0.0105034985097464
xcl,vi,0.4316507993533321,0.2342374708101311
ceb,vi,0.4865649963689179,0.2447349310094408
kmr,vi,0.5746231406608765,0.3614854746930218
sme,vi,0.2043956043956044,0.0811188811188811
koi,vi,0.2869147659063625,0.1728691476590636
tpn,vi,0.2573203194321207,0.1171251109139307
tt,vi,0.3026315789473684,0.1662280701754385
otk,vi,0.2278481012658227,0.0569620253164556
fro,vi,0.5240442054958184,0.321784149741139
arh,vi,0.2215941209723007,0.0601092896174863
aii,vi,0.0662251655629139,0.0353200883002207
bor,vi,0.252460024600246,0.1059040590405904
cu,vi,0.4104057754543191,0.2144386357978591
vi,vi,0.7907952871870397,0.6916789396170839
fr,vi,0.6203759600228058,0.4062699131368011
nl,vi,0.6593741415049574,0.4416972603081841
bej,vi,0.1025018826876412,0.0204167015312526
aln,vi,0.5005628517823639,0.2284552845528455
hi,vi,0.3718085016621947,0.2100440439426922
hy,vi,0.5085013650079027,0.333349298338043
ajp,vi,0.5449936628643853,0.3536121673003802
sr,vi,0.644251816828649,0.4332370195254356
arr,vi,0.346269943941354,0.1254851228978007
am,vi,0.5490509490509491,0.2268731268731268
bho,vi,0.2637659414853713,0.1119279819954988
br,vi,0.6236258245052968,0.3471916849890066
ha,vi,0.2453847813357167,0.0998859678860911
say,vi,0.2051080550098231,0.0850687622789783
ltg,vi,0.611764705882353,0.4294117647058823
xav,vi,0.2791424743188924,0.054935238945958
pad,vi,0.2261904761904762,0.1130952380952381
bg,vi,0.6858305774612058,0.4887433223098448
lzh,vi,0.1307506911462394,0.0609980860565676
ht,vi,0.2734586466165413,0.0866917293233082
lt,vi,0.5188980346044011,0.3792205610616496
gl,vi,0.6234532828282828,0.3999684343434343
sab,vi,0.2384813859196461,0.0858827865831183
da,vi,0.6361368851641225,0.4604409857328145
yue,vi,0.1588590314700388,0.0802557838769938
uk,vi,0.5794405792985944,0.4219082777225614
apu,vi,0.287,0.139
sq,vi,0.7148377125193199,0.4914992272024729
pt,vi,0.6363957151858853,0.4285108170552405
abq,vi,0.0996932515337423,0.0291411042944785
it,vi,0.6331209201119055,0.4114081442337581
be,vi,0.5659869902426821,0.4146234676007005
mt,vi,0.1824257202203558,0.0511153255666937
sga,vi,0.375,0.094626168224299
yrk,vi,0.1548742138364779,0.0432389937106918
nmf,vi,0.2176113360323886,0.0934547908232118
uz,vi,0.4413600891861761,0.3005574136008919
vep,vi,0.40752110514198,0.2179585571757482
bm,vi,0.2535629024090284,0.0641684149605729
gub,vi,0.2787117903930131,0.1076419213973799
th,vi,0.3276913337553727,0.1956152333988605
got,vi,0.2542655422631888,0.0888409492057266
cs,vi,0.5876345614819027,0.408075720030873
sv,vi,0.6892111163559123,0.5028911966013689
bxr,vi,0.3579619104596669,0.1901485691494665
ca,vi,0.5859587317564167,0.3675054521053514
nhi,vi,0.3370679632174189,0.1325441285276397
sa,vi,0.2418914687066613,0.071847179349528
mr,vi,0.5703883495145631,0.3762135922330097
he,vi,0.6058965716814761,0.4356381711095223
eme,vi,0.3176795580110497,0.1643646408839779
akk,vi,0.2021014346332592,0.0357243887654071
id,vi,0.7228378149019228,0.535169604538952
sl,vi,0.5571320058596929,0.3762139873039987
azz,vi,0.3992862807295797,0.2026169706582077
ctn,vi,0.2397648827831317,0.0995830770282277
gwi,vi,0.4196428571428571,0.3541666666666667
wbp,vi,0.1333333333333333,0.0666666666666666
jv,vi,0.5622951962629854,0.3715401241023496
frm,wo,0.4725237612775607,0.2176388285810778
ps,wo,0.3240717973936562,0.1369559872141627
be,wo,0.4686639979984989,0.2676382286715036
urb,wo,0.2704918032786885,0.0901639344262295
vep,wo,0.3131235610130468,0.1335379892555641
ja,wo,0.1280263304697088,0.017234875652816
si,wo,0.4693181818181818,0.2125
pcm,wo,0.4068989547038327,0.2156794425087108
arr,wo,0.3298835705045278,0.1207416990081931
hu,wo,0.4136676875957121,0.1723774885145482
ga,wo,0.4343106757561718,0.1590111853861936
ckb,wo,0.221311475409836,0.0737704918032786
myv,wo,0.274570083581516,0.1347872033816889
bn,wo,0.634375,0.3625
sah,wo,0.2253424657534246,0.0801369863013698
cu,wo,0.4062733383121732,0.1106298232511824
kmr,wo,0.438754117999401,0.168513527004093
cy,wo,0.4900152707623634,0.1817220721249853
ug,wo,0.2944820909970958,0.1419167473378509
yo,wo,0.2218852359577823,0.0803105665413077
gn,wo,0.2995391705069124,0.1013824884792626
nl,wo,0.4773357308758522,0.2130815913688469
ru,wo,0.4182429493984017,0.2142746917188457
sdh,wo,0.088235294117647,0.0220588235294117
ota,wo,0.3671432764476497,0.13145205249696
ha,wo,0.2678830092150275,0.1070977286035688
cop,wo,0.0911678253161013,0.010451173424159
it,wo,0.4609185576624184,0.1839602113770593
sv,wo,0.4518232239792306,0.1865559358036346
gsw,wo,0.2847884102173084,0.1248570339306138
say,wo,0.2959724950884086,0.1284872298624754
ur,wo,0.1377819802782655,0.035526138052141
lij,wo,0.4459862727544016,0.1744255446135482
he,wo,0.4871821060157287,0.1932386885915636
hr,wo,0.4285243198680956,0.193239901071723
ceb,wo,0.4923747276688453,0.1982570806100217
eme,wo,0.3674033149171271,0.1595303867403315
arh,wo,0.2519314113435085,0.078575466365178
ky,wo,0.3441363950541433,0.1867752092773212
ltg,wo,0.488235294117647,0.3058823529411765
olo,wo,0.3682795698924731,0.1693548387096774
aqz,wo,0.3119891008174387,0.1348773841961852
xnr,wo,0.3373110580747812,0.139618138424821
mpu,wo,0.247191011235955,0.0505617977528089
gub,wo,0.1932314410480349,0.0519650655021834
fi,wo,0.4868370272356379,0.2412752232881243
uk,wo,0.4210208717875905,0.2228453783898906
pl,wo,0.4979432085945924,0.2409707522930894
sd,wo,0.331856406546704,0.1277692377249299
kpv,wo,0.2585499316005472,0.1166699237834668
la,wo,0.4156231884057971,0.1893719806763285
oc,wo,0.4479301101955723,0.1751216122307157
jv,wo,0.500522903158335,0.2931743707731994
gya,wo,0.2563150074294205,0.0705794947994056
ht,wo,0.3206015037593985,0.1149624060150376
br,wo,0.5540675594643214,0.2358584849090545
fo,wo,0.435106725303014,0.2040115842539955
ml,wo,0.3712026633374948,0.1747815230961298
eu,wo,0.4598342496102404,0.2503077049314843
tt,wo,0.2583333333333333,0.1241228070175438
ta,wo,0.4950798163131423,0.2895254756177564
ang,wo,0.2807017543859649,0.1403508771929824
tpn,wo,0.2610913930789707,0.0880656610470275
gwi,wo,0.6140873015873016,0.4642857142857143
abq,wo,0.1656441717791411,0.0245398773006134
mdf,wo,0.2895550797049726,0.1287175826790388
hi,wo,0.2140940616615197,0.0713984373681634
hbo,wo,0.3541103299080584,0.1119524067063277
or,wo,0.2332361516034985,0.0942662779397473
bxr,wo,0.3093030212384086,0.1527570046864094
yi,wo,0.6517919536787461,0.3546970150743735
yrk,wo,0.2059748427672956,0.0518867924528301
nap,wo,0.4477611940298507,0.1641791044776119
sr,wo,0.4360388757551878,0.1937658698888013
sq,wo,0.5718701700154559,0.2117465224111283
wuu,wo,0.3478260869565217,0.1281464530892448
gl,wo,0.4517834595959596,0.1820391414141414
yrl,wo,0.3604918524442667,0.1379586124162751
id,wo,0.4902407681303494,0.2567223528841258
lv,wo,0.4421061054653116,0.2279213677949374
aii,wo,0.1986754966887417,0.0397350993377483
otk,wo,0.1835443037974683,0.0696202531645569
pro,wo,0.3489322570757127,0.1355880249310309
tn,wo,0.3271028037383177,0.1074766355140186
gun,wo,0.1868744747497899,0.0202460080984032
ckt,wo,0.2758001306335728,0.1290006531678641
mt,wo,0.267045967669105,0.0705319245010385
ar,wo,0.2105601431883822,0.0612374405076679
kk,wo,0.3637453782352353,0.1988607974417907
grc,wo,0.4392299244716376,0.1801474708084
fro,wo,0.4403872958980486,0.1901881720430107
ajp,wo,0.4537389100126742,0.1951837769328263
ro,wo,0.4895871648012891,0.2084668873592209
yue,wo,0.3215979307371749,0.118551516022417
myu,wo,0.2720156555772994,0.0567514677103718
lzh,wo,0.3448996951867867,0.1073226057985397
apu,wo,0.359,0.183
ab,wo,0.242135096835144,0.1404818138875767
ctn,wo,0.3414667486843004,0.1630783951882988
zh,wo,0.2270000457938361,0.0818106882813573
bho,wo,0.2105026256564141,0.0634658664666166
tl,wo,0.533588203167668,0.2665210267613326
wo,wo,0.8048639815437855,0.7285398442756897
fr,wo,0.4735721232853741,0.2088238253345407
nmf,wo,0.3046558704453441,0.1366396761133603
xum,wo,0.1841652323580034,0.023235800344234
aln,wo,0.4809255784865541,0.1378986866791745
egy,wo,0.3336762688614541,0.0969650205761316
eo,wo,0.4225014961101137,0.2073608617594255
uz,wo,0.3479375696767001,0.1847268673355629
hsb,wo,0.376108175875347,0.2164413002596937
quc,wo,0.3535403974832717,0.1403175871367222
el,wo,0.4883429879138954,0.2183007938210684
sab,wo,0.2981938813122005,0.096940656100258
cs,wo,0.4541143654114365,0.2150654696618867
sa,wo,0.2562966939560685,0.053326175457433
ko,wo,0.3251178562567198,0.1371976795018727
vi,wo,0.4729749631811487,0.2310751104565537
sms,wo,0.2717236467236467,0.147079772079772
jaa,wo,0.2521739130434782,0.0956521739130434
koi,wo,0.3373349339735894,0.1740696278511404
ka,wo,0.4496971487664352,0.2172157384153247
ess,wo,0.3239875389408099,0.0833333333333333
sga,wo,0.3820093457943925,0.0794392523364486
fa,wo,0.2397838483950494,0.0753791368877157
bor,wo,0.3038130381303813,0.1316113161131611
hy,wo,0.4037070740935868,0.22496288136405
am,wo,0.5221778221778222,0.1805194805194805
ca,wo,0.4277470223116926,0.1871162556618017
en,wo,0.4701795421996025,0.2280180979330099
az,wo,0.4561403508771929,0.2675438596491228
cpg,wo,0.5200262639527249,0.2385642372510396
hyw,wo,0.4901786376102587,0.2580979912534282
pt,wo,0.4529888678848981,0.1928628439403486
gu,wo,0.4180371352785146,0.2010610079575596
sjo,wo,0.1134060795011691,0.0090932709794751
lt,wo,0.4242398790525785,0.2055266252309759
krl,wo,0.4292178409825468,0.2236586942469295
xcl,wo,0.4552721393928507,0.1941799892222022
sk,wo,0.5133396107972379,0.2655367231638418
orv,wo,0.4357007575757576,0.1646374458874459
scn,wo,0.408782577650839,0.1445019635844341
naq,wo,0.3081830790568655,0.1160425335182616
sl,wo,0.423959633226629,0.1859096088112419
nhi,wo,0.3297748652362329,0.1226086037416763
pad,wo,0.2559523809523809,0.121031746031746
th,wo,0.3538133475493952,0.0756005730849965
te,wo,0.5436893203883495,0.3689320388349514
af,wo,0.4355559972175296,0.1646626254596045
got,wo,0.2683859580309864,0.0533437929005687
xpg,wo,0.2068761114404267,0.0391227030231179
akk,wo,0.3083047080218226,0.0498686603354213
sme,wo,0.2363636363636363,0.0877122877122877
bm,wo,0.3054329740287926,0.0760326991246473
wbp,wo,0.1746031746031746,0.0825396825396825
lb,wo,0.3543689320388349,0.1650485436893204
no,wo,0.4864173623924441,0.2276804472131387
is,wo,0.4115740895935995,0.1622696747231627
nds,wo,0.3464868313132234,0.1247607764512895
hit,wo,0.1642475171886936,0.0450725744843391
mr,wo,0.4854368932038835,0.2766990291262136
es,wo,0.4362755207259228,0.1836461126005362
bg,wo,0.4707453574154159,0.2274230475705927
de,wo,0.4574161348867162,0.2040888511601584
mk,wo,0.6389705882352941,0.2911764705882353
gd,wo,0.4016231008776069,0.1230536944418231
azz,wo,0.375396510705789,0.1774385408406027
bar,wo,0.3667198723064644,0.1638733705772811
xav,wo,0.3086199196069674,0.0513622152746761
da,wo,0.4489673750374139,0.2068243041005686
et,wo,0.4670139734164273,0.2304071928201632
gv,wo,0.355465352276022,0.0896878322219
bej,wo,0.1645887373441553,0.0261066019579951
pay,wo,0.2804678362573099,0.0512280701754385
tr,wo,0.3786567576092099,0.1856864059296641
ta,wuu,0.2320139951891537,0.1189591078066914
la,wuu,0.1597777777777777,0.0530241545893719
urb,wuu,0.3032786885245901,0.1065573770491803
da,wuu,0.1170308290930859,0.0409059163922977
sab,wuu,0.2639144858090674,0.0700331736085514
tr,wuu,0.2245998265257845,0.1007333228197445
kmr,wuu,0.1981631226914245,0.0718778077268643
mk,wuu,0.2316176470588235,0.0904411764705882
got,wuu,0.1610119631300255,0.023043734065503
ml,wuu,0.186849771119434,0.0607573866000832
bxr,wuu,0.2568551201515605,0.1140691993219663
te,wuu,0.3148404993065187,0.1581137309292649
sv,wuu,0.1321542364880812,0.0410372905357564
bg,wuu,0.1377512083439328,0.0526583566522513
ajp,wuu,0.3662864385297845,0.1812420785804816
vi,wuu,0.1616347569955817,0.0589101620029455
wbp,wuu,0.273015873015873,0.1206349206349206
zh,wuu,0.5164628840958007,0.3648738379814077
myv,wuu,0.1836871937746181,0.0636948794312614
no,wuu,0.1343100896983869,0.0452876376988984
hyw,wuu,0.1920539619005263,0.0729375138981543
fi,wuu,0.2065415150512735,0.0705838570956004
jaa,wuu,0.2347826086956521,0.0869565217391304
xav,wuu,0.2621706118803037,0.0759267530147387
yo,wuu,0.1134295766104573,0.0232924905980832
lb,wuu,0.233009708737864,0.0679611650485436
ro,wuu,0.1203124726323717,0.0410558212040004
it,wuu,0.0992539633198632,0.0310848616723655
nhi,wuu,0.2355987739139625,0.0838177782475425
or,wuu,0.1827016520894072,0.0602526724975704
cu,wuu,0.2160318645755539,0.0593975603684341
en,wuu,0.1055250234153158,0.0355318126180057
bm,wuu,0.1385372205744049,0.0320480358822252
cop,wuu,0.0857089534829468,0.0038725330098446
sk,wuu,0.2123352165725047,0.0755649717514124
otk,wuu,0.2468354430379747,0.1265822784810126
ky,wuu,0.183319253513555,0.0741110513785423
lt,wuu,0.2048546951117084,0.0890307408029564
tl,wuu,0.3058438012015292,0.1348989623156745
ckt,wuu,0.2550620509470934,0.0917700849118223
tt,wuu,0.2285087719298245,0.0995614035087719
mpu,wuu,0.3146067415730337,0.0674157303370786
ab,wuu,0.3443552196504487,0.1768540387340576
ko,wuu,0.2201046823493271,0.0830960454647494
nap,wuu,0.2238805970149253,0.0547263681592039
ckb,wuu,0.3934426229508196,0.1639344262295081
mr,wuu,0.2087378640776699,0.0970873786407767
myu,wuu,0.2563600782778865,0.0870841487279843
th,wuu,0.1886849032086096,0.0778329390597407
az,wuu,0.3026315789473684,0.1480263157894736
fr,wuu,0.1235201395177248,0.0401197303551665
hy,wuu,0.1386560659035394,0.0527803055701901
nds,wuu,0.1587533035632917,0.0454752574501048
pl,wuu,0.1934448926341573,0.0795292676757591
cs,wuu,0.1764255054095408,0.0673193321688264
ess,wuu,0.2718068535825545,0.0665887850467289
pcm,wuu,0.089965156794425,0.0305923344947735
hit,wuu,0.0511841100076394,0.0084033613445378
arh,wuu,0.2229131335971358,0.0729225551158846
yi,wuu,0.4458420684835779,0.2174303683737646
sd,wuu,0.1737046749254001,0.0588660819242246
gwi,wuu,0.5238095238095238,0.3363095238095238
fa,wuu,0.080409393131957,0.0228353711681649
bar,wuu,0.2305134344240489,0.0824687416866187
wuu,wuu,0.7620137299771167,0.6750572082379863
ltg,wuu,0.3294117647058823,0.1
et,wuu,0.1617735365240112,0.0561046464449746
vep,wuu,0.1841903300076746,0.0552570990023023
gu,wuu,0.229708222811671,0.083289124668435
af,wuu,0.1406141309748584,0.0440226572592666
ru,wuu,0.1370372275505384,0.0556566143083606
cpg,wuu,0.323265484788794,0.1348216239877435
bej,wuu,0.1615764371182327,0.0538867040415028
koi,wuu,0.2436974789915966,0.1104441776710684
hr,wuu,0.1207337180544105,0.0392827699917559
mdf,wuu,0.2015227218653343,0.0616226504877468
el,wuu,0.197668597582779,0.080347564900236
ceb,wuu,0.3500363108206245,0.1525054466230936
oc,wuu,0.1716469770674079,0.0539064826764618
sme,wuu,0.1433566433566433,0.0331668331668331
abq,wuu,0.1917177914110429,0.0368098159509202
fo,wuu,0.2079802638635632,0.0771210983588973
hi,wuu,0.0901466443915692,0.0247557333063332
scn,wuu,0.1553909318100678,0.0506069260978222
pay,wuu,0.2643274853801169,0.1066666666666666
orv,wuu,0.1849837662337662,0.0587121212121212
kk,wuu,0.1964624762666133,0.0827420805436194
is,wuu,0.1363123372777759,0.0367403037109047
sl,wuu,0.1326026802669415,0.0487765178232326
sms,wuu,0.1534900284900285,0.0537749287749287
ps,wuu,0.0899926235554462,0.0304893041553971
akk,wuu,0.1660133360274803,0.0352798545160638
am,wuu,0.4915084915084915,0.1984015984015984
aln,wuu,0.1362726704190119,0.0362726704190118
xnr,wuu,0.2832140015910899,0.1085918854415274
lv,wuu,0.2088501240297671,0.0925555466645328
ga,wuu,0.1357138129591634,0.0409689588986696
wo,wuu,0.1170816110737287,0.0181678362010958
xpg,wuu,0.1262596324836988,0.0237107291049199
yrk,wuu,0.2987421383647798,0.1171383647798742
arr,wuu,0.3613626563173782,0.1108236308753773
gv,wuu,0.1595631584034019,0.0318933024064946
sq,wuu,0.1190108191653786,0.0463678516228748
gn,wuu,0.3317972350230415,0.0875576036866359
es,wuu,0.0774798927613941,0.0258816250773355
eu,wuu,0.1976286206613604,0.0700746697300402
he,wuu,0.1580022469614952,0.0663534538521771
hbo,wuu,0.1017441860465116,0.0225797728501892
ur,wuu,0.0819937863028502,0.0198568148048088
ug,wuu,0.2396902226524685,0.1043562439496611
tn,wuu,0.1635514018691588,0.0233644859813084
egy,wuu,0.1839849108367627,0.0338648834019204
si,wuu,0.2409090909090909,0.0829545454545454
eo,wuu,0.1289646918013166,0.0511669658886894
ang,wuu,0.175438596491228,0.0526315789473684
eme,wuu,0.3919198895027624,0.1533149171270718
pt,wuu,0.0652131905061961,0.023205208989708
jv,wuu,0.2387227218852401,0.102698180297009
lzh,wuu,0.5225774438222159,0.2990004962075565
be,wuu,0.1689392044033024,0.0705529146860145
xum,wuu,0.1600688468158347,0.0223752151462994
pro,wuu,0.0860324920813323,0.0246245018902625
naq,wuu,0.301340730466944,0.0917244567730004
azz,wuu,0.2610031720856463,0.0967486122125297
grc,wuu,0.2682265402631166,0.1270086734350837
gl,wuu,0.0657828282828282,0.0215593434343434
sjo,wuu,0.1600415692387633,0.0734606391270459
tpn,wuu,0.243566992014197,0.1188997338065661
nmf,wuu,0.2749662618083671,0.0752361673414305
sr,wuu,0.1297609666403992,0.0411522633744856
de,wuu,0.1507913275959643,0.0553782955720781
uk,wuu,0.1583487150362061,0.066981399971603
bn,wuu,0.4125,0.1875
aqz,wuu,0.4046321525885558,0.1900544959128065
pad,wuu,0.2678571428571428,0.115079365079365
ca,wuu,0.0666163395403455,0.0200469719845663
yue,wuu,0.4968386262394022,0.3416439143555108
hsb,wuu,0.1893973314229426,0.0767439777917077
nl,wuu,0.1291176544042356,0.0425813541120351
hu,wuu,0.1168644716692189,0.0374234303215926
gya,wuu,0.1638187221396731,0.0286032689450222
ja,wuu,0.1454205915323844,0.0593843472901823
frm,wuu,0.1447869928113089,0.0426979302359241
gun,wuu,0.1719764687905875,0.0267400106960042
ht,wuu,0.127593984962406,0.0208270676691729
bor,wuu,0.2118081180811808,0.076260762607626
bho,wuu,0.1381845461365341,0.0373593398349587
gub,wuu,0.2040393013100436,0.0828602620087336
ar,wuu,0.0942033112313387,0.0204775657975023
sa,wuu,0.2739677000849997,0.0743524359146423
uz,wuu,0.2513935340022296,0.1076923076923077
gd,wuu,0.1206001698593941,0.0330282155326979
xcl,wuu,0.1697503143524339,0.0627806718160589
ka,wuu,0.2430196483971044,0.103757325060324
olo,wuu,0.1666666666666666,0.0698924731182795
say,wuu,0.2221021611001964,0.0660117878192534
sga,wuu,0.1717289719626168,0.0303738317757009
kpv,wuu,0.181844830955638,0.0618526480359585
ota,wuu,0.2120005031657512,0.060128307266552
br,wuu,0.2307615430741555,0.0781531081351189
apu,wuu,0.25,0.088
fro,wuu,0.1961121067303863,0.0658851055356431
sah,wuu,0.4082191780821917,0.1760273972602739
aii,wuu,0.1214128035320088,0.0220750551876379
id,wuu,0.1002109448876173,0.0337511820187668
yrl,wuu,0.2166350094971508,0.0657802659202239
quc,wuu,0.2157195645660641,0.0625187256566463
ha,wuu,0.2072302524116251,0.0620396338644558
krl,wuu,0.2226890756302521,0.0872656755009696
sdh,wuu,0.1544117647058823,0.0661764705882353
ctn,wuu,0.360604196568929,0.1625999589911831
cy,wuu,0.1327968988605662,0.0414072594854927
lij,wuu,0.1310056699492688,0.038346762160549
mt,wuu,0.1222794184051296,0.0291700532827598
gsw,wuu,0.1473503621807091,0.0509435760579489
wo,xcl,0.3081803325963664,0.0785350379698164
gv,xcl,0.3159369865661544,0.0917174060114042
gd,xcl,0.4907049164857979,0.3179201660847409
sk,xcl,0.7510200878844947,0.6198210922787194
lv,xcl,0.7047291349923982,0.5856605585340482
got,xcl,0.3352618160423612,0.123553637968229
cpg,xcl,0.6303348653972423,0.3928649595097395
sa,xcl,0.3435333064912987,0.1064286672929808
ga,xcl,0.5137004434443048,0.3347342643457542
cu,xcl,0.5497137167040079,0.3105302464525765
otk,xcl,0.189873417721519,0.0822784810126582
az,xcl,0.6918859649122807,0.5449561403508771
bm,xcl,0.275482890834117,0.062938580626492
ar,xcl,0.2626286458121466,0.1743806695684009
fo,xcl,0.6268904858950981,0.4913654403089134
mk,xcl,0.8727941176470588,0.674264705882353
ceb,xcl,0.5875090777051561,0.2824981844589688
gwi,xcl,0.6071428571428571,0.4871031746031746
pay,xcl,0.2842105263157894,0.0853801169590643
fr,xcl,0.6404400174397156,0.5051983767649327
bor,xcl,0.2690651906519065,0.1143911439114391
ckt,xcl,0.3311561071195297,0.1546374918354017
th,xcl,0.5203411854862893,0.3081331423050011
bej,xcl,0.2132039159902937,0.0315454773659108
mdf,xcl,0.3426124197002141,0.1832024744230311
xav,xcl,0.315765966949531,0.0616346583296114
jaa,xcl,0.2260869565217391,0.0608695652173913
zh,xcl,0.2833608096350231,0.1279823235792462
nl,xcl,0.6808521265702655,0.5349267001323643
hit,xcl,0.1718869365928189,0.0244461420932009
myu,xcl,0.2426614481409001,0.0792563600782778
si,xcl,0.6522727272727272,0.4090909090909091
pt,xcl,0.6247427011132115,0.4736904011762234
gub,xcl,0.243886462882096,0.0864628820960698
fa,xcl,0.4302363224344448,0.3314241601713275
gl,xcl,0.6049873737373738,0.4429608585858586
tn,xcl,0.3551401869158878,0.1448598130841121
nmf,xcl,0.2918353576248313,0.1379892037786774
myv,xcl,0.3056009222787972,0.16408876933423
is,xcl,0.6194842054685842,0.4729140826656833
ltg,xcl,0.6,0.4470588235294118
ab,xcl,0.368162494095418,0.2081247047709022
pl,xcl,0.7479531930188905,0.6063341187747114
hyw,xcl,0.6998739900674523,0.526573271069602
no,xcl,0.6904035513984544,0.5508686676775243
ml,xcl,0.5476487723678735,0.3849354972950478
vep,xcl,0.4504988488104374,0.2486569455103607
say,xcl,0.3038310412573674,0.0901768172888015
aii,xcl,0.1103752759381898,0.0375275938189845
gn,xcl,0.271889400921659,0.0967741935483871
br,xcl,0.6643014191485109,0.4103537877273636
ko,xcl,0.5176341316445526,0.3365076739487458
ajp,xcl,0.5931558935361216,0.3802281368821292
olo,xcl,0.5477150537634409,0.3548387096774194
el,xcl,0.7295644711435314,0.5857112207680755
gsw,xcl,0.4515345024780785,0.2344166984369043
tr,xcl,0.5787040687588708,0.4160029963728118
sme,xcl,0.2308691308691308,0.0923076923076923
gu,xcl,0.6164456233421751,0.4360742705570292
krl,xcl,0.5468648998060762,0.3619909502262443
azz,xcl,0.4240681998413957,0.2052934179222839
aln,xcl,0.5400250156347718,0.2778611632270168
kmr,xcl,0.6669661575321952,0.4936607766796446
yo,xcl,0.2001698410772777,0.0454931456993812
ky,xcl,0.5242300898548499,0.3673296981798633
am,xcl,0.6062937062937063,0.294005994005994
grc,xcl,0.5983325489141397,0.4416280060064098
jv,xcl,0.5609007878407586,0.3918287666457505
yrk,xcl,0.279874213836478,0.0888364779874213
lt,xcl,0.6794893331093567,0.5636653788006047
wuu,xcl,0.2929061784897025,0.1109839816933638
bho,xcl,0.2961740435108777,0.1344336084021005
sl,xcl,0.6863979165536325,0.549536107644729
te,xcl,0.739251040221914,0.6116504854368932
wbp,xcl,0.3619047619047619,0.1682539682539682
xpg,xcl,0.2483698873740367,0.0812092471843509
scn,xcl,0.5465012495537308,0.3216708318457694
fi,xcl,0.6733790936156137,0.5328454074319109
urb,xcl,0.4098360655737705,0.133879781420765
ang,xcl,0.3099415204678362,0.1871345029239766
hsb,xcl,0.5560132533357213,0.4260768335273573
kk,xcl,0.5664035175377236,0.4378934745678025
arr,xcl,0.3911168607158258,0.143165157395429
ctn,xcl,0.3824072175517736,0.1609596063153578
ro,xcl,0.6722715569334244,0.5123395162279089
gun,xcl,0.2012376804950722,0.0203988081595232
ja,xcl,0.1408223224579355,0.0296881890098447
es,xcl,0.6108372860383584,0.4720870282532481
mt,xcl,0.2869141154158764,0.0935609139347963
sah,xcl,0.339041095890411,0.1835616438356164
bg,xcl,0.7242431951157466,0.579877893665734
nds,xcl,0.5036908776086758,0.3038366900574136
oc,xcl,0.5710314702670505,0.3859823289983123
eme,xcl,0.3891574585635359,0.193024861878453
sv,xcl,0.7160284399339155,0.575436629690819
aqz,xcl,0.3719346049046321,0.1934604904632152
nap,xcl,0.5572139303482587,0.263681592039801
yue,xcl,0.3706710734300905,0.1815634430234229
sq,xcl,0.7071097372488409,0.5255023183925811
ht,xcl,0.2916541353383459,0.0895488721804511
bxr,xcl,0.4009372818825406,0.2126832186658689
hy,xcl,0.6589396043871832,0.5243067196704823
nhi,xcl,0.4088362752351759,0.1703836803720537
yrl,xcl,0.3507947615715285,0.1302609217234829
tl,xcl,0.6684871654833424,0.4582195521572911
tt,xcl,0.318859649122807,0.181578947368421
be,xcl,0.6582436827620716,0.5665499124343257
ca,xcl,0.5780238215064587,0.443163898674719
ta,xcl,0.6984474087032583,0.5558714191996501
xcl,xcl,0.8814442248967128,0.8402191485539788
sms,xcl,0.36502849002849,0.1919515669515669
mpu,xcl,0.2303370786516854,0.0505617977528089
uk,xcl,0.6638151355956269,0.5632187988073264
yi,xcl,0.8042328042328042,0.6507936507936508
uz,xcl,0.526644370122631,0.3885172798216276
fro,xcl,0.5963759458383114,0.4236608920748705
sr,xcl,0.6795376937220908,0.5433849925575693
ka,xcl,0.713300832225341,0.5679322401142464
ug,xcl,0.5178121974830591,0.3805421103581801
quc,xcl,0.3801058623789074,0.1491061619894137
cy,xcl,0.567719957711735,0.3721367320568542
la,xcl,0.647671497584541,0.4997004830917874
egy,xcl,0.3177297668038408,0.0574417009602194
en,xcl,0.6890495611796363,0.5347562577121874
ru,xcl,0.6883145426402989,0.5887573826146731
lb,xcl,0.5145631067961165,0.2718446601941747
koi,xcl,0.4009603841536615,0.2352941176470588
ps,xcl,0.599704942217851,0.4939759036144578
pro,xcl,0.5084295494022684,0.3623173597629509
he,xcl,0.6591087052735506,0.5277295475436625
ha,xcl,0.3118316023052979,0.1152032545381699
et,xcl,0.6742457438693867,0.5335540516415924
de,xcl,0.6317618991862303,0.4975557637140683
ur,xcl,0.3214237471295421,0.2072132919086856
hu,xcl,0.6413667687595712,0.5001914241960184
or,xcl,0.4217687074829932,0.2925170068027211
orv,xcl,0.6365124458874459,0.4647862554112554
pad,xcl,0.2678571428571428,0.1289682539682539
eo,xcl,0.6744464392579294,0.5547576301615799
frm,xcl,0.6322670912336565,0.4881072996574516
sdh,xcl,0.3088235294117647,0.1544117647058823
af,xcl,0.6204909072841102,0.4413196859783365
ess,xcl,0.322429906542056,0.0891744548286604
sab,xcl,0.3630667158127534,0.1618134906008109
hi,xcl,0.4334531463575153,0.2929850318095142
naq,xcl,0.2683310217290799,0.097457235321313
cs,xcl,0.7014800070412046,0.5709225332087582
ckb,xcl,0.3114754098360656,0.1147540983606557
sga,xcl,0.411214953271028,0.1098130841121495
kpv,xcl,0.3184483095563807,0.1574164549540746
hr,xcl,0.6732069249793899,0.5471558120362737
it,xcl,0.6463009014609885,0.4976841778054087
sd,xcl,0.5470657383126865,0.3720047020526268
mr,xcl,0.6529126213592233,0.4854368932038835
eu,xcl,0.6521293181258718,0.4938869286945105
id,xcl,0.6080789467303542,0.4656547777804718
sjo,xcl,0.0515718368407378,0.0048064432320083
hbo,xcl,0.5068956192536507,0.2861681990265008
bar,xcl,0.5490156956637403,0.343974461292897
lij,xcl,0.5663980901223515,0.3155774395702775
bn,xcl,0.7125,0.571875
cop,xcl,0.0324266318294219,0.0027061074044697
apu,xcl,0.332,0.184
tpn,xcl,0.2801685891748003,0.1093611357586512
da,xcl,0.6587847949715654,0.5249925172104161
xum,xcl,0.2607573149741824,0.076592082616179
ota,xcl,0.457461528785274,0.2879785315946161
akk,xcl,0.2857951101232572,0.1058395635481915
pcm,xcl,0.5217421602787456,0.3191637630662021
vi,xcl,0.610898379970545,0.4447717231222385
abq,xcl,0.1656441717791411,0.0444785276073619
arh,xcl,0.2492933860938383,0.0642547578669681
xnr,xcl,0.4176610978520286,0.2104216388225935
gya,xcl,0.25074294205052,0.050891530460624
lzh,xcl,0.4296803005600056,0.1746296165024456
mr,yi,0.6019417475728155,0.4514563106796116
gl,yi,0.6386679292929293,0.5190498737373738
bn,yi,0.753125,0.60625
lij,yi,0.4940316323485527,0.3209489704565801
fo,yi,0.6453931138045693,0.5434409524831063
gd,yi,0.4745682740398226,0.3219779182787581
myv,yi,0.2857142857142857,0.1578441733115573
pl,yi,0.6934914866142151,0.5775257265332747
uz,yi,0.5469342251950947,0.4096989966555184
xum,yi,0.1609294320137693,0.0387263339070568
olo,yi,0.5255376344086021,0.3514784946236559
tt,yi,0.3491228070175438,0.1828947368421052
lt,yi,0.6205274651436251,0.5089870653452041
hy,yi,0.6002682120791225,0.4913549499497102
pad,yi,0.2162698412698412,0.1111111111111111
mk,yi,0.8397058823529412,0.7279411764705882
cpg,yi,0.6126066973079448,0.4151893193258918
si,yi,0.6715909090909091,0.4431818181818182
az,yi,0.6842105263157895,0.555921052631579
aii,yi,0.1214128035320088,0.0463576158940397
ajp,yi,0.6286438529784537,0.4486692015209125
ps,yi,0.563560363904598,0.4629948364888124
ja,yi,0.1057840965238042,0.0357235831965275
br,yi,0.6586048370977413,0.4803118129122526
ko,yi,0.5068705176223165,0.3430296442454246
ru,yi,0.6394104195990591,0.5588247672401296
wbp,yi,0.2222222222222222,0.0888888888888888
sah,yi,0.3198630136986301,0.15
eu,yi,0.6274308689587265,0.4807171576269796
jv,yi,0.5381719305584606,0.381789026005717
quc,yi,0.3537401378208329,0.1609907120743034
ess,yi,0.2698598130841121,0.0887850467289719
egy,yi,0.3166152263374485,0.0625857338820301
be,yi,0.6404803602702026,0.5674881160870653
yue,yi,0.4530823394165828,0.2623221727259663
naq,yi,0.2320850670365233,0.0994914470642625
or,yi,0.4382896015549077,0.2944606413994169
gu,yi,0.6106100795755968,0.4509283819628647
hu,yi,0.6180130168453293,0.5032542113323124
aln,yi,0.5303939962476548,0.2955597248280175
bxr,yi,0.4055239804566756,0.225147073486888
cs,yi,0.6751702752840179,0.5870089775358492
mt,yi,0.2339022848369908,0.0685451097263614
lv,yi,0.6581046117734923,0.5381024779280361
pt,yi,0.6445158580130225,0.5373366939718547
koi,yi,0.3817527010804322,0.2448979591836734
aqz,yi,0.2786103542234332,0.1471389645776566
uk,yi,0.6238818685219367,0.5351412750248473
nhi,yi,0.3675087200084557,0.157065849275975
tr,yi,0.5847165273616148,0.4444882510645008
urb,yi,0.1530054644808743,0.0437158469945355
frm,yi,0.6205914990109519,0.5182129589424422
kk,yi,0.601379034675727,0.474667732587189
es,yi,0.6289956692101464,0.5403897710868221
am,yi,0.5721278721278721,0.2696303696303696
xnr,yi,0.4240254574383452,0.2334924423229912
myu,yi,0.2211350293542074,0.0870841487279843
et,yi,0.6733044452018112,0.5499780904620478
fa,yi,0.4193540354110118,0.3279627462210822
nap,yi,0.5472636815920398,0.2736318407960199
gwi,yi,0.4573412698412698,0.3839285714285714
ar,yi,0.2220477565797502,0.1562868649066428
cop,yi,0.041384780478701,0.0060187561237344
th,yi,0.5248725552260687,0.3503481824542698
ga,yi,0.4949367926401483,0.3306638427427361
mdf,yi,0.3188198905543659,0.1727337615988579
sr,yi,0.6898695385693021,0.6114175641362403
grc,yi,0.5448799838633765,0.3871669019924247
he,yi,0.6158717189255438,0.5152350798352229
gub,yi,0.2385371179039301,0.0858078602620087
krl,yi,0.5381383322559793,0.3694246929541047
ca,yi,0.6263714141922496,0.535447072638819
ro,yi,0.6208642040180057,0.4864694445904051
ht,yi,0.2803007518796993,0.0875187969924812
ur,yi,0.343576928272322,0.23929488045387
yrl,yi,0.2812156353094072,0.1198640407877636
ha,yi,0.2503467192652633,0.1082688692329028
yo,yi,0.1961664442557321,0.0504670629625136
af,yi,0.6784259167246348,0.5629533936201928
cy,yi,0.562198989780336,0.3906965816985786
pay,yi,0.2240935672514619,0.0664327485380116
id,yi,0.5859418567999418,0.4664549135610891
sme,yi,0.2435564435564435,0.1039960039960039
azz,yi,0.3706383822363204,0.1844766058683584
ky,yi,0.5706934951232624,0.3938253590354043
nds,yi,0.5120750934111,0.361432607308849
bej,yi,0.1174797088109781,0.0220065266504894
sms,yi,0.2955840455840456,0.1474358974358974
ceb,yi,0.5519244734931009,0.3050108932461873
tpn,yi,0.25,0.1033717834960071
en,yi,0.7117909123796403,0.6194131551952268
nmf,yi,0.2054655870445344,0.0991902834008097
arh,yi,0.2540041454682495,0.069719238741285
fr,yi,0.6596488580340074,0.5669249086091827
fro,yi,0.6040173237753883,0.4636350059737156
hr,yi,0.6659934047815333,0.5800082440230833
wuu,yi,0.4439359267734554,0.2116704805491991
bm,yi,0.2312811980033277,0.0590320480358822
hit,yi,0.095492742551566,0.0160427807486631
sv,yi,0.74349480764692,0.6550772952560774
gsw,yi,0.3922035836828059,0.2354651162790697
otk,yi,0.2025316455696202,0.1012658227848101
el,yi,0.7248802116856182,0.616176786097404
nl,yi,0.743587822481956,0.6625958392647536
zh,yi,0.4782937216650639,0.2593991848697165
ug,yi,0.5019361084220716,0.3660212971926428
hbo,yi,0.4042725797728502,0.2413466738777717
vi,yi,0.5997054491899853,0.4432989690721649
fi,yi,0.6731861285698534,0.5555877163965156
ckb,yi,0.2622950819672131,0.0983606557377049
yi,yi,0.9227313566936208,0.8914844763901367
hsb,yi,0.5514462254858064,0.4540162980209546
cu,yi,0.4787652476972865,0.2533731640527757
gya,yi,0.199851411589896,0.0453194650817236
lzh,yi,0.477422556177784,0.2539519387538101
sq,yi,0.7086553323029366,0.5656877897990726
yrk,yi,0.1871069182389937,0.0448113207547169
gun,yi,0.1539460615784246,0.0131408052563221
apu,yi,0.305,0.172
hyw,yi,0.6292343043510489,0.4937365651174857
ml,yi,0.5414065751144402,0.406575114440283
sk,yi,0.7477244193345888,0.6643910860012555
tl,yi,0.6947023484434736,0.4718732932823594
it,yi,0.6654491762511657,0.564368977308051
ota,yi,0.4308776049310243,0.2663004738144157
abq,yi,0.1748466257668711,0.0368098159509202
eo,yi,0.6579892280071813,0.5646319569120287
da,yi,0.6837274269180884,0.5978250024942632
oc,yi,0.5763923359475827,0.4481286607763328
ta,yi,0.7001968073474744,0.5560900940301772
sl,yi,0.6678693505507026,0.5881938039173132
bg,yi,0.7471381327906386,0.6397863139150344
gv,yi,0.4005992074997583,0.1500918140523823
xpg,yi,0.2335506816834617,0.0438648488441019
gn,yi,0.304147465437788,0.0829493087557603
arr,yi,0.3501509271237602,0.1332470892626132
la,yi,0.5522512077294686,0.4183864734299516
say,yi,0.2448919449901768,0.0913555992141453
bar,yi,0.5460228784251131,0.4010375099760574
bor,yi,0.267650676506765,0.1193726937269372
ka,yi,0.6744964790466341,0.5366622346973949
sab,yi,0.2395871728713601,0.1050497604128271
scn,yi,0.5132095680114245,0.3274723313102463
got,yi,0.2755442243577172,0.0783486958227103
sa,yi,0.2968729029660448,0.0926050194604751
kpv,yi,0.2829783076021106,0.1466679695133867
no,yi,0.7319826814519812,0.6495368932570927
ang,yi,0.391812865497076,0.2748538011695906
wo,yi,0.2742478131308276,0.0712294530423916
jaa,yi,0.208695652173913,0.0782608695652174
bho,yi,0.2826706676669167,0.1519879969992498
de,yi,0.7589939113635034,0.6916383701188455
pro,yi,0.4428323285991621,0.3401450904260754
mpu,yi,0.2022471910112359,0.0449438202247191
xav,yi,0.2786958463599821,0.0598481464939705
sjo,yi,0.0304624577812418,0.0037672122629254
sd,yi,0.5513156704946197,0.3916267293607017
kmr,yi,0.5845063392233204,0.4295697314565239
ckt,yi,0.31629653821032,0.1467994774657086
ctn,yi,0.2744173330599412,0.1166700840680746
ab,yi,0.374397732640529,0.2196504487482286
te,yi,0.7711511789181692,0.6296809986130375
xcl,yi,0.5372732171726244,0.3573738099514999
sga,yi,0.3738317757009345,0.1039719626168224
tn,yi,0.3925233644859813,0.1869158878504672
vep,yi,0.4919416730621642,0.2870299309286262
pcm,yi,0.4847386759581881,0.3533101045296167
akk,yi,0.2298646191149727,0.0511618508789654
sdh,yi,0.1764705882352941,0.0588235294117647
orv,yi,0.5528544372294373,0.3992018398268398
lb,yi,0.470873786407767,0.2621359223300971
ltg,yi,0.5705882352941176,0.4235294117647059
is,yi,0.5771512855754082,0.4644832556736281
eme,yi,0.349792817679558,0.1847375690607735
hi,yi,0.4373344133380583,0.3247439207546533
myv,yrl,0.2920549524449995,0.1366125468344701
ctn,yrl,0.3501469482605426,0.1682728453284122
la,yrl,0.2928019323671497,0.0894202898550724
fro,yrl,0.3441606929510155,0.0970479888490641
scn,yrl,0.3595144591217422,0.1004105676544091
eo,yrl,0.2588270496708558,0.1080191502094554
lb,yrl,0.5242718446601942,0.1796116504854369
sv,yrl,0.287334788765636,0.0899221147037998
gub,yrl,0.3602620087336244,0.1584061135371179
hbo,yrl,0.3117225527312061,0.0680773391022174
ckt,yrl,0.3107446113651208,0.161495754408883
yrk,yrl,0.2641509433962264,0.1022012578616352
bxr,yrl,0.2828796490178482,0.1087845248778542
da,yrl,0.2708769829392397,0.0926868203132794
ar,yrl,0.1237277793597201,0.0252125452548509
arh,yrl,0.3067646504616544,0.0885622762389297
mt,yrl,0.2648785333694572,0.0630362142147566
ur,yrl,0.1032014048358773,0.0148588410104011
kpv,yrl,0.3142466288841118,0.1357240570646863
az,yrl,0.3782894736842105,0.2203947368421052
ko,yrl,0.2321561492018857,0.0767631177853657
or,yrl,0.1924198250728863,0.0670553935860058
bej,yrl,0.2458371684377876,0.0392435779432683
jaa,yrl,0.391304347826087,0.1478260869565217
ga,yrl,0.2768217618637898,0.0743265603282811
mpu,yrl,0.3202247191011236,0.1067415730337078
apu,yrl,0.331,0.159
sjo,yrl,0.0822941023642504,0.0086386074305014
jv,yrl,0.3807432196890469,0.1445304329638151
orv,yrl,0.3553165584415584,0.0965503246753246
ru,yrl,0.2661856373949599,0.1118322913110775
say,yrl,0.3209233791748526,0.1081532416502946
myu,yrl,0.4021526418786693,0.1545988258317025
pcm,yrl,0.3564459930313589,0.1529616724738676
no,yrl,0.3018323316100038,0.0942837830431684
uz,yrl,0.2726867335562988,0.1146042363433667
yue,yrl,0.1801983043540738,0.0646644632849547
hy,yrl,0.2629436275683701,0.1128406532879927
olo,yrl,0.3844086021505376,0.1579301075268817
yi,yrl,0.5368872916042727,0.2197264650094838
ckb,yrl,0.2377049180327868,0.0655737704918032
sme,yrl,0.27002997002997,0.0905094905094905
et,yrl,0.3038934060405407,0.1198532872421572
th,yrl,0.156998633925299,0.0167260853630093
gun,yrl,0.0854152341660936,0.0211628084651233
aln,yrl,0.3836772983114446,0.0782363977485928
sk,yrl,0.3533427495291902,0.135593220338983
pad,yrl,0.4265873015873015,0.2023809523809523
ang,yrl,0.3040935672514619,0.1345029239766081
eme,yrl,0.4837707182320442,0.2720994475138121
af,yrl,0.246149259664116,0.050084467852529
oc,yrl,0.3793308845428373,0.0863695026307952
fr,yrl,0.2901281148338196,0.0835597142569675
ja,yrl,0.082867131009494,0.0100731579031255
gya,yrl,0.3020059435364041,0.0601783060921248
ka,yrl,0.3410154134042448,0.1525582311518195
lij,yrl,0.3478066248880931,0.0863921217547001
naq,yrl,0.2862690707350901,0.1057790106333795
cy,yrl,0.2712322330553271,0.0670738869963585
el,yrl,0.3504612744046342,0.1202174068511764
kmr,yrl,0.302785265049416,0.0930418288908855
pay,yrl,0.3504093567251462,0.1054970760233918
sab,yrl,0.2867674161444895,0.1234795429413933
ug,yrl,0.2460793804453049,0.097676669893514
xpg,yrl,0.2631890930646117,0.0444576170717249
ht,yrl,0.2281954887218045,0.0418796992481203
br,yrl,0.4396362182690386,0.1416150309814111
lt,yrl,0.3065681169158407,0.1414412901058289
kk,yrl,0.2769061656840212,0.1183171779754172
pro,yrl,0.2378665576785532,0.0430162460406661
is,yrl,0.252483434458561,0.0620216106287642
fi,yrl,0.348053809681332,0.1416639100231558
otk,yrl,0.3734177215189873,0.0632911392405063
bn,yrl,0.49375,0.28125
sah,yrl,0.3034246575342466,0.1082191780821917
yrl,yrl,0.7975607317804658,0.7243826851944417
bar,yrl,0.3544160681032189,0.1189811119978717
tt,yrl,0.2052631578947368,0.0649122807017543
pt,yrl,0.2529174543163201,0.0725519848771266
gn,yrl,0.4147465437788018,0.1935483870967742
sd,yrl,0.2480332760647436,0.0884347590198028
id,yrl,0.2408408699658124,0.082801930024489
eu,yrl,0.3095101337490769,0.1181997210141954
bho,yrl,0.1636909227306826,0.0352588147036759
ky,yrl,0.2622686429613701,0.1206512556639275
nl,yrl,0.2792387802502435,0.0902325116755325
nds,yrl,0.2980953248883623,0.089856921534676
xcl,yrl,0.3432728579126998,0.0894557212142985
aii,yrl,0.2075055187637969,0.0397350993377483
sa,yrl,0.2910571287970295,0.0709971815863642
got,yrl,0.327417140615807,0.0682486762110217
mk,yrl,0.5448529411764705,0.2088235294117647
gl,yrl,0.2513099747474747,0.0681502525252525
lv,yrl,0.3214104718465765,0.1440879144327972
xav,yrl,0.3229120142920947,0.0754801250558284
ab,yrl,0.2831365139348134,0.1582427964100141
aqz,yrl,0.4155313351498637,0.2295640326975477
azz,yrl,0.4696669310071372,0.2221451229183187
vi,yrl,0.3025773195876288,0.114580265095729
nmf,yrl,0.3269230769230769,0.1346153846153846
cop,yrl,0.0584612513413894,0.0025194793076097
krl,yrl,0.3807369101486748,0.1544925662572721
gwi,yrl,0.6279761904761905,0.5049603174603174
bm,yrl,0.2454604644433191,0.0688707227085292
ess,yrl,0.2842679127725857,0.0755451713395638
quc,yrl,0.4084689903125936,0.1575951263357635
ro,yrl,0.2913316868968175,0.0846338430280419
frm,yrl,0.2902976793554301,0.0705842620736237
abq,yrl,0.1871165644171779,0.0398773006134969
xum,yrl,0.2358003442340791,0.0585197934595524
ha,yrl,0.3317718124942213,0.1097482047646931
vep,yrl,0.338449731389102,0.1297006907137375
de,yrl,0.2787527076869036,0.1008308451886111
hit,yrl,0.1741787624140565,0.0267379679144385
ceb,yrl,0.5867828612926652,0.2585330428467683
ml,yrl,0.2463587182688306,0.0861423220973782
cs,yrl,0.3071535930454564,0.1183924388295351
sl,yrl,0.2849275676848787,0.1055558569800878
xnr,yrl,0.3110580747812251,0.1125696101829753
cu,yrl,0.3886482449589246,0.0813542444610405
hr,yrl,0.2596867271228359,0.0883759274525968
tl,yrl,0.5499726925177498,0.2506826870562534
mdf,yrl,0.3116821318106115,0.131334760885082
ajp,yrl,0.4752851711026616,0.1761723700887199
wo,yrl,0.2912621359223301,0.0598865711813899
gu,yrl,0.3342175066312997,0.1220159151193634
akk,yrl,0.2511618508789654,0.0409375631440695
sms,yrl,0.3714387464387464,0.1894586894586894
sr,yrl,0.2493652044479467,0.083793012871027
he,yrl,0.2741633472917305,0.0732986075647703
lzh,yrl,0.1947260225420004,0.0337421138441908
en,yrl,0.3362389799346849,0.127567631856723
gsw,yrl,0.2700152497140679,0.0847312237895539
wbp,yrl,0.4476190476190476,0.2349206349206349
nhi,yrl,0.4551315928548779,0.1870838177782475
ota,yrl,0.2587529875466476,0.0603798901421443
sq,yrl,0.3717156105100463,0.0958268933539412
ta,yrl,0.3839930024054231,0.1819374589984692
yo,yrl,0.1862186097294674,0.0308140240203809
koi,yrl,0.4045618247298919,0.21968787515006
es,yrl,0.2398845122705712,0.0732315941431222
be,yrl,0.2964723542656993,0.1242807105328996
cpg,yrl,0.5022980958634274,0.1720288903479973
hu,yrl,0.2456929555895865,0.0874808575803981
fa,yrl,0.1081007047339193,0.0220384988918494
pl,yrl,0.3492950996445545,0.1441617742987606
sga,yrl,0.4007009345794392,0.0864485981308411
gd,yrl,0.2514862696989714,0.0546381051240917
ps,yrl,0.1910499139414802,0.06073272682567
zh,yrl,0.0868938040939689,0.0249461922425241
tr,yrl,0.2876419334489828,0.1213826683488408
bg,yrl,0.3184940218773849,0.1212159755787331
grc,yrl,0.375736793742576,0.0946681906810999
hi,yrl,0.1456487622133346,0.033902023321352
arr,yrl,0.4346701164294955,0.1565329883570504
egy,yrl,0.283179012345679,0.0564128943758573
hyw,yrl,0.311318656882366,0.1105922466829738
it,yrl,0.2736478085172521,0.0676639726453217
te,yrl,0.4549237170596394,0.2635228848821082
urb,yrl,0.3797814207650273,0.1584699453551912
ca,yrl,0.2016943465861432,0.0523402113739305
si,yrl,0.3477272727272727,0.1431818181818182
mr,yrl,0.3859223300970874,0.1796116504854369
tpn,yrl,0.3442768411712511,0.179902395740905
gv,yrl,0.304242775683773,0.0919106987532618
uk,yrl,0.2745988925173931,0.1185574329121113
wuu,yrl,0.200228832951945,0.0617848970251716
ltg,yrl,0.5235294117647059,0.2294117647058823
am,yrl,0.4946053946053946,0.131068931068931
hsb,yrl,0.2971254589415241,0.1054893883764663
bor,yrl,0.3389913899138991,0.1682656826568265
tn,yrl,0.3785046728971962,0.0841121495327102
sdh,yrl,0.1029411764705882,0.0220588235294117
fo,yrl,0.3395902606457149,0.1042046551539204
nap,yrl,0.472636815920398,0.1641791044776119
pay,zh,0.1787134502923976,0.0343859649122807
la,zh,0.398,0.1945217391304347
nl,zh,0.4144501885567293,0.2120076921155815
ajp,zh,0.4752851711026616,0.2534854245880862
gya,zh,0.0917533432392273,0.012630014858841
sga,zh,0.2464953271028037,0.0443925233644859
myu,zh,0.2045009784735812,0.0557729941291585
hsb,zh,0.457329631951285,0.2735739231664726
cs,zh,0.4375512856968761,0.2377273158115665
id,zh,0.3473801614819484,0.2065077710156875
koi,zh,0.276110444177671,0.1452581032412965
da,zh,0.3624663274468722,0.1967474807941734
nhi,zh,0.2715357784589366,0.0962900327660923
sah,zh,0.2986301369863013,0.1424657534246575
yi,zh,0.6549865229110512,0.40041928721174
pad,zh,0.2698412698412698,0.1091269841269841
got,zh,0.1652284761717984,0.025789370464797
ota,zh,0.377374313388402,0.1636965910520357
hit,zh,0.1695951107715813,0.040488922841864
eu,zh,0.4417822269631574,0.2290965783211619
it,zh,0.3044684488654025,0.1491840223811004
es,zh,0.3016292018972984,0.153485254691689
sdh,zh,0.1102941176470588,0.0294117647058823
ga,zh,0.339565821695678,0.1587133496591435
be,zh,0.4663497623217413,0.2828371278458844
tpn,zh,0.2566548358473824,0.0900621118012422
hbo,zh,0.2349242833964305,0.077879935100054
uz,zh,0.4910813823857302,0.2942028985507246
fa,zh,0.251612421246607,0.1323555046442712
ab,zh,0.2924893717524799,0.1621162021728861
hyw,zh,0.4871395745311689,0.2717367133644652
kk,zh,0.465973818327171,0.2822024582792045
yrl,zh,0.2428271518544436,0.0971708487453763
gub,zh,0.2715065502183406,0.0828602620087336
ko,zh,0.4510202393752141,0.2297104103406311
or,zh,0.3158406219630709,0.1817298347910592
lv,zh,0.4761409404923848,0.2950308073937745
ckb,zh,0.2295081967213114,0.1065573770491803
lzh,zh,0.5407599064294322,0.3300489118877153
sab,zh,0.2569111684482123,0.083302617029119
mt,zh,0.2249616183509437,0.0523796622414883
olo,zh,0.3689516129032258,0.2096774193548387
aii,zh,0.1147902869757174,0.0353200883002207
gv,zh,0.2978641152024741,0.0665893495699236
jv,zh,0.4350554277347835,0.2483441399986055
et,zh,0.4347663794082801,0.2414431082331175
jaa,zh,0.1913043478260869,0.0521739130434782
fro,zh,0.3703454798884906,0.1679111907606531
nap,zh,0.3980099502487562,0.1442786069651741
xpg,zh,0.1742738589211618,0.0266745702430349
sd,zh,0.4055520390632064,0.2061669228682521
ckt,zh,0.2470607446113651,0.1058131939908556
kpv,zh,0.2331444205589212,0.0999609145983975
mdf,zh,0.2488698548655722,0.1139662146086128
xnr,zh,0.3532219570405728,0.1654733492442323
pcm,zh,0.1898954703832752,0.0965156794425087
ro,zh,0.340269385038446,0.1721752228819645
sq,zh,0.3292117465224111,0.169242658423493
bxr,zh,0.3997407518197228,0.2209592182670256
ka,zh,0.5301127689959128,0.3241739301718619
pt,zh,0.3011342155009451,0.1607183364839319
arr,zh,0.3333333333333333,0.0560586459680896
egy,zh,0.2619170096021948,0.0557270233196159
sme,zh,0.1986013986013986,0.074025974025974
ky,zh,0.4323784655556409,0.2602718685200829
lij,zh,0.315129811996419,0.1204118173679498
nmf,zh,0.1862348178137652,0.0799595141700404
lt,zh,0.4664874853015286,0.2739795061313623
uk,zh,0.3942212125514695,0.2360854749396564
sa,zh,0.2826018878897687,0.0755155907484454
scn,zh,0.32345590860407,0.1381649410924669
otk,zh,0.189873417721519,0.0949367088607595
abq,zh,0.1457055214723926,0.0337423312883435
xum,zh,0.1540447504302926,0.0258175559380378
apu,zh,0.229,0.114
say,zh,0.1770137524557956,0.0544204322200392
sms,zh,0.2578347578347578,0.1282051282051282
tl,zh,0.4806116876024031,0.2687056253413435
gn,zh,0.3640552995391705,0.0506912442396313
br,zh,0.4394363381970818,0.2023785728562862
sv,zh,0.3776109275430729,0.1896388954448902
orv,zh,0.4083874458874459,0.1897727272727272
cu,zh,0.3450833955688324,0.12705999502116
ha,zh,0.2300366751933923,0.0731038308626375
wo,zh,0.2376237623762376,0.0636354897625684
fo,zh,0.4516250134077014,0.2581250670385069
ht,zh,0.2069172932330827,0.0525563909774436
bg,zh,0.3605952683795472,0.2066904095649961
xcl,zh,0.3500089814981139,0.154930842464523
en,zh,0.3159159724665619,0.1618109826503659
de,zh,0.4366084148078762,0.2275432742033058
hy,zh,0.4170218880214569,0.2443603620863068
fr,zh,0.3300885400945769,0.176979575410001
urb,zh,0.221311475409836,0.0519125683060109
eo,zh,0.4251944943147815,0.2492519449431478
hu,zh,0.4055321592649311,0.1858728943338438
th,zh,0.4121547329490554,0.1983140639056408
tt,zh,0.3885964912280701,0.2320175438596491
sjo,zh,0.0969732398025461,0.0111067809820732
krl,zh,0.4195216548157724,0.2611506140917906
lb,zh,0.4126213592233009,0.1650485436893204
sl,zh,0.3896153220118279,0.1995279691823558
bho,zh,0.2613653413353338,0.1150787696924231
bn,zh,0.49375,0.259375
xav,zh,0.2822688700312639,0.0897722197409557
pro,zh,0.2965157862470624,0.1308879125370389
ltg,zh,0.5058823529411764,0.2823529411764706
el,zh,0.3720946864049202,0.1868340127297432
frm,zh,0.3598205239542625,0.1676557147681767
myv,zh,0.2724565280046114,0.1340186377173599
aln,zh,0.2759849906191369,0.0971232020012507
ctn,zh,0.3103683958717791,0.1443510354726266
mk,zh,0.4426470588235294,0.1977941176470588
gwi,zh,0.4414682539682539,0.3015873015873015
vep,zh,0.338449731389102,0.1910974673829624
gd,zh,0.3399075209965084,0.1431537227517222
ta,zh,0.4968292149573584,0.3068007872293899
ca,zh,0.2931219594027848,0.1544539506794162
ug,zh,0.4578896418199419,0.2697967086156825
ps,zh,0.3427587902630932,0.2045733956233095
wuu,zh,0.545766590389016,0.4290617848970252
ur,zh,0.2311225178981494,0.1074564365797649
si,zh,0.4852272727272727,0.2659090909090909
ess,zh,0.2873831775700934,0.0852803738317757
is,zh,0.3586314013386522,0.1704323243158682
yo,zh,0.1917991022685915,0.0420963241538274
azz,zh,0.3123513084853291,0.1393735130848533
eme,zh,0.3301104972375691,0.0966850828729281
vi,zh,0.2991899852724595,0.1646539027982327
ja,zh,0.1847276900272549,0.0948741652189158
kmr,zh,0.4080063891384646,0.2297094938604372
sr,zh,0.3996147447684091,0.2200332720427283
he,zh,0.393728934735982,0.2176488611990603
quc,zh,0.2980125836412663,0.1102566663337661
nds,zh,0.3494030802879795,0.1489109632734894
bm,zh,0.2087824640092599,0.05686175215221
ml,zh,0.3857677902621723,0.2076570952975447
af,zh,0.4072344231342542,0.1826493093510881
ang,zh,0.2163742690058479,0.1169590643274853
hr,zh,0.3889942291838417,0.2077493816982687
hi,zh,0.3094551038660794,0.157528814188562
az,zh,0.5054824561403509,0.3125
gsw,zh,0.2927468547464735,0.1211399161265726
sk,zh,0.4824231010671688,0.2635750156936597
ru,zh,0.3664956721394268,0.2117822555378378
tr,zh,0.4573016874310046,0.2597283551490301
cpg,zh,0.4313854235062377,0.2013569708907857
tn,zh,0.2897196261682243,0.0934579439252336
yrk,zh,0.1745283018867924,0.040880503144654
mr,zh,0.4611650485436893,0.2548543689320388
no,zh,0.3933393010467856,0.2149107583258737
cop,zh,0.0770307469789576,0.0081649792376242
fi,zh,0.4555766898224722,0.245989083691697
bar,zh,0.420391061452514,0.202779994679436
grc,zh,0.475044263654497,0.2845424594903516
akk,zh,0.1755910284906041,0.0275207112547989
cy,zh,0.3668506989310466,0.1760249030893927
ceb,zh,0.4226579520697168,0.1779230210602759
wbp,zh,0.2666666666666666,0.1206349206349206
oc,zh,0.3624540851781991,0.1567556835103742
ar,zh,0.197551153235976,0.0746694870438921
gu,zh,0.4328912466843501,0.2355437665782493
te,zh,0.6130374479889042,0.361997226074896
aqz,zh,0.3140326975476839,0.1491825613079019
gl,zh,0.2975536616161616,0.143197601010101
arh,zh,0.2050122479743734,0.0838515168645185
bor,zh,0.2398523985239852,0.1030135301353013
yue,zh,0.5895243569478373,0.411337835895962
zh,zh,0.7864060997389751,0.6645944955808948
pl,zh,0.4333240145373218,0.2479864744332175
bej,zh,0.1485231361392352,0.039076227930717
gun,zh,0.1631140652456261,0.0106196042478417
mpu,zh,0.2303370786516854,0.0337078651685393
am,zh,0.4507492507492507,0.1906093906093906
naq,zh,0.3079056865464632,0.1214979195561719
uk,be,0.8554238250745421,0.7920985375550191
am,be,0.5991008991008991,0.2855144855144855
ka,be,0.7495444920470774,0.6114640271827448
ceb,be,0.5570079883805374,0.2941176470588235
sd,be,0.561804864815987,0.3886427344244507
urb,be,0.1967213114754098,0.0655737704918032
sab,be,0.3368964246221894,0.1525985993365278
ltg,be,0.6176470588235294,0.5
oc,be,0.6002184056388364,0.4478308349051921
cy,be,0.6711500058733701,0.4528368377775167
ht,be,0.2909774436090225,0.0949624060150376
mpu,be,0.2415730337078651,0.0786516853932584
yo,be,0.195438553924542,0.0609001577095717
xcl,be,0.5483204598527034,0.3910544278785701
sk,be,0.8739014438166981,0.7846829880728186
ps,be,0.6154413572657979,0.5242193262847308
ctn,be,0.3389378716424031,0.1725787711024537
gd,be,0.5749740492592244,0.3868075870529395
bho,be,0.3090772693173293,0.1471867966991747
th,be,0.6217972212041448,0.3793023023356545
olo,be,0.5349462365591398,0.3494623655913978
sga,be,0.4088785046728972,0.1086448598130841
ab,be,0.446008502598016,0.2630136986301369
cu,be,0.5204381379138661,0.3103310928553647
koi,be,0.4285714285714285,0.2737094837935174
ang,be,0.3567251461988304,0.239766081871345
bm,be,0.253852275193518,0.0710410185922014
got,be,0.2937830947244558,0.1107079819572465
gya,be,0.1545319465081723,0.0304606240713224
myu,be,0.2377690802348336,0.0753424657534246
ug,be,0.530784123910939,0.3802516940948693
eo,be,0.7669060442848593,0.6744464392579294
pl,be,0.8623880080407897,0.763635395449765
sdh,be,0.3161764705882353,0.1544117647058823
ajp,be,0.623574144486692,0.4359949302915082
egy,be,0.2830075445816186,0.0563271604938271
ess,be,0.2616822429906542,0.0841121495327102
af,be,0.6891583026930339,0.5052171320679718
arr,be,0.3600689952565761,0.1259163432514014
arh,be,0.2826455624646693,0.0847936687394008
xpg,be,0.2483698873740367,0.0592768227622999
azz,be,0.4320975416336241,0.2286875495638382
bar,be,0.540901835594573,0.3510907156158552
orv,be,0.636133658008658,0.5135551948051948
yrl,be,0.3173048085574327,0.1260621813455963
sa,be,0.3102044468304031,0.1002102626045721
ru,be,0.8751537314060988,0.8392635856476827
de,be,0.8035682922545518,0.7173687137755401
aii,be,0.108167770419426,0.0419426048565121
vep,be,0.4474290099769762,0.2678434382194934
aln,be,0.5280800500312696,0.2821138211382114
ga,be,0.5908068038917201,0.4212389966245284
pro,be,0.4817615203841831,0.3712067027689792
ro,be,0.766503774543289,0.6384845777941254
ja,be,0.1062542834828899,0.0368924095354977
jaa,be,0.217391304347826,0.0695652173913043
hbo,be,0.4510546241211465,0.2579772850189291
ky,be,0.6154673220182781,0.4058828047000998
yue,be,0.4512142549216841,0.2580112085069694
ml,be,0.5588847274240533,0.4015813566375364
pcm,be,0.4137979094076655,0.2368641114982578
xav,be,0.3081732916480572,0.0786065207682
el,be,0.804369591647,0.6752127583494243
si,be,0.6886363636363636,0.4306818181818181
hit,be,0.1802902979373567,0.0466004583651642
sr,be,0.8628841607565012,0.7768146396988005
ta,be,0.7104745243822436,0.5606822654712442
lt,be,0.7884260036956157,0.6554678313455401
ca,be,0.7564670357322597,0.6518537158194934
sjo,be,0.0372824110158482,0.0040919719407638
mk,be,0.9044117647058824,0.7654411764705882
frm,be,0.6481883533555266,0.5536739518502436
be,be,0.8777833375031273,0.8549537152864648
et,be,0.7503286430692828,0.6231072593602415
xnr,be,0.4295942720763723,0.2362768496420047
abq,be,0.1932515337423312,0.058282208588957
eme,be,0.3449585635359116,0.1854281767955801
ur,be,0.357017425368094,0.2428069701472376
fr,be,0.7649662943958144,0.6648807727135527
hy,be,0.7407442885195651,0.6254609895109919
no,be,0.7565355596558213,0.6713494948756827
es,be,0.7701691070323778,0.6653021241493091
apu,be,0.27,0.154
mr,be,0.6699029126213593,0.5242718446601942
myv,be,0.3428763569987511,0.1955038908636756
is,be,0.6286134111047792,0.4904741152939336
nl,be,0.8122674258884643,0.707749556704378
it,be,0.7498834317687286,0.651523158221946
nap,be,0.6318407960199005,0.3432835820895522
otk,be,0.1772151898734177,0.0949367088607595
ckt,be,0.3298497713912475,0.1659046374918354
sms,be,0.3415242165242165,0.2022792022792023
yi,be,0.79444943595887,0.6831386642707398
lv,be,0.8042996985943293,0.6815235656557573
fi,be,0.7557062520674827,0.6310094828536774
gwi,be,0.5337301587301587,0.4444444444444444
zh,be,0.460193707926913,0.2653065897330219
ar,be,0.2900541024285075,0.2307692307692307
gv,be,0.4355851937759737,0.148932057601237
krl,be,0.5827407886231416,0.4143503555268261
bn,be,0.684375,0.521875
wbp,be,0.2444444444444444,0.0984126984126984
br,be,0.6913851688986608,0.4658205076953827
kk,be,0.6370540621564904,0.5038473068851804
cs,be,0.8413047893731974,0.7483717214391139
kmr,be,0.6559848257961466,0.4723969252271139
ko,be,0.5813769391637227,0.3833075368928483
hsb,be,0.6112653353631234,0.5121339661502642
sah,be,0.35,0.1767123287671232
jv,be,0.620860349996514,0.4471170605870459
pad,be,0.251984126984127,0.1369047619047619
te,be,0.7988904299583911,0.6685159500693482
or,be,0.4936831875607386,0.3362487852283771
uz,be,0.5884057971014492,0.4333333333333333
hu,be,0.7785222052067381,0.6468223583460949
lzh,be,0.3676543559934784,0.1813284185156305
gun,be,0.1665520666208266,0.0168844067537627
en,be,0.7499938054719982,0.6293640449772289
tt,be,0.3771929824561403,0.2092105263157894
scn,be,0.5383791503034631,0.3262227775794359
lb,be,0.441747572815534,0.2281553398058252
hi,be,0.5167653858485631,0.3614809564791846
gub,be,0.2504366812227074,0.0859170305676855
tpn,be,0.2595385980479148,0.1142413487133984
kpv,be,0.3374047293335939,0.1817471174516318
tn,be,0.4252336448598131,0.1962616822429906
wuu,be,0.425629290617849,0.2128146453089245
he,be,0.7507234535117284,0.587239982296667
nds,be,0.4912968194659619,0.3159573498587442
ha,be,0.2763583690325762,0.0929515825808241
gsw,be,0.4146016012199771,0.2264105985512771
gl,be,0.7527619949494949,0.6417455808080809
yrk,be,0.2712264150943396,0.0448113207547169
tl,be,0.7187329328235936,0.5002730748225014
naq,be,0.2752658344891354,0.1212205270457697
bxr,be,0.4357363645428258,0.2437930002991325
lij,be,0.5384959713518352,0.3349746344374813
hyw,be,0.7148469349936996,0.5504410347639167
bej,be,0.123085934231445,0.0278637770897832
pt,be,0.7873219911783239,0.6726065952530981
fa,be,0.5267823791617899,0.4192793286351072
wo,be,0.3266365471498606,0.1036239546284725
da,be,0.705976254614387,0.6319465229971066
nhi,be,0.4009089948208434,0.1816932670965014
bor,be,0.2533210332103321,0.1177121771217712
sl,be,0.815663827247572,0.7210677662633607
nmf,be,0.2705802968960863,0.1406882591093117
mt,be,0.2608145940576176,0.0770342273999819
xum,be,0.1506024096385542,0.0283993115318416
aqz,be,0.3303814713896458,0.1743869209809264
fro,be,0.5874153723616089,0.4588560334528076
sq,be,0.8531684698608965,0.651468315301391
id,be,0.7683000751642703,0.6134859248842228
bg,be,0.8807555329432715,0.7609386924446706
tr,be,0.6411942122693581,0.4718202964832045
akk,be,0.2579511012325722,0.0933117801576075
sme,be,0.251048951048951,0.1058941058941058
grc,be,0.5860507855397925,0.4359353638584459
ckb,be,0.2049180327868852,0.0901639344262295
sv,be,0.7860514514987019,0.6891078593344347
hr,be,0.8643033800494642,0.783553173948887
az,be,0.6721491228070176,0.518640350877193
cop,be,0.0228619418653478,0.0065786404143143
la,be,0.6471304347826087,0.5151014492753623
pay,be,0.2835087719298245,0.079298245614035
gn,be,0.2857142857142857,0.1013824884792626
fo,be,0.6587471843827094,0.5450498766491473
quc,be,0.3911914511135523,0.1697792869269949
eu,be,0.6853614507261836,0.5329449413309264
say,be,0.224852652259332,0.0549115913555992
ota,be,0.4626189777349155,0.293177911023523
vi,be,0.6616347569955817,0.4979381443298969
cpg,be,0.6333989932151456,0.4259137666885533
gu,be,0.6477453580901856,0.4779840848806366
mdf,be,0.3685462764691887,0.204853675945753
uk,bg,0.8321382933409058,0.7373988357234134
am,bg,0.6016983016983017,0.2799200799200799
ka,bg,0.7356084108927956,0.589057960309253
ceb,bg,0.5642701525054467,0.2752360203340595
sd,bg,0.5649697079301926,0.3706483407179672
urb,bg,0.1939890710382513,0.0519125683060109
sab,bg,0.2981938813122005,0.1150018429782528
ltg,bg,0.6294117647058823,0.4823529411764706
oc,bg,0.6158046262285317,0.4501141665839372
cy,bg,0.6727945495125103,0.4506636908257958
ht,bg,0.312781954887218,0.1033082706766917
mpu,bg,0.2528089887640449,0.0674157303370786
yo,bg,0.1851267742326822,0.0548344049496542
xcl,bg,0.5323333932099874,0.3433626728938387
sk,bg,0.8830037664783428,0.7981010671688638
ps,bg,0.6218342758790263,0.504302925989673
ctn,bg,0.2795434351718953,0.127674116601736
gd,bg,0.5773332075115599,0.3593469849957535
bho,bg,0.3116279069767442,0.1609902475618904
th,bg,0.5195415320027987,0.2985706193982607
olo,bg,0.4905913978494624,0.3219086021505376
sga,bg,0.3995327102803738,0.102803738317757
ab,bg,0.2777515351913084,0.16343882853094
cu,bg,0.4936021906895693,0.2909136171272093
koi,bg,0.3301320528211284,0.2064825930372149
ang,bg,0.2865497076023391,0.1871345029239766
bm,bg,0.2607972220212689,0.0634449829993489
got,bg,0.2693665424593057,0.0887428907628946
gya,bg,0.1712481426448737,0.0330609212481426
myu,bg,0.2201565557729941,0.0772994129158512
ug,bg,0.5605033881897387,0.3919651500484027
eo,bg,0.7519449431478157,0.6250748055056852
pl,bg,0.8598985582491313,0.7401120918034533
sdh,bg,0.2941176470588235,0.1764705882352941
ajp,bg,0.614702154626109,0.4423320659062104
egy,bg,0.2863511659807956,0.0712448559670781
ess,bg,0.2725856697819314,0.0887850467289719
af,bg,0.7194673556593462,0.5375136639173209
arr,bg,0.3622250970245795,0.1289348857266063
arh,bg,0.2570190314678726,0.078575466365178
xpg,bg,0.1920569057498518,0.0403082394783639
azz,bg,0.414056304520222,0.1981562252180808
bar,bg,0.5202846501729184,0.3444400106411279
orv,bg,0.6050730519480519,0.4531926406926407
yrl,bg,0.3123063081075677,0.1162651204638608
sa,bg,0.27320717577059,0.0884445040934102
ru,bg,0.8412837215392314,0.7447894990343563
de,bg,0.8148917900981597,0.6945168120523779
aii,bg,0.0905077262693156,0.0353200883002207
vep,bg,0.4205679201841903,0.237145049884881
aln,bg,0.5769230769230769,0.3353971232020012
ga,bg,0.5990800185320008,0.3977761599046925
pro,bg,0.4954531521405946,0.372534995402064
ro,bg,0.782232497854378,0.6404462893874906
ja,bg,0.0806888637414131,0.0156808679066851
jaa,bg,0.217391304347826,0.0782608695652174
hbo,bg,0.3941319632233639,0.2458085451595457
ky,bg,0.604638660625144,0.3971277167652254
yue,bg,0.280068975427504,0.132777697945107
ml,bg,0.5609654598418643,0.4215563878485227
pcm,bg,0.4843205574912892,0.3202787456445993
xav,bg,0.3175524787851719,0.0732469852612773
el,bg,0.8325109061002646,0.6850461274404634
si,bg,0.7034090909090909,0.4193181818181818
hit,bg,0.121466768525592,0.0374331550802139
sr,bg,0.8587689344190527,0.7586025742054111
ta,bg,0.72534441285808,0.5414388803848676
lt,bg,0.7586930959180245,0.5974298672938014
ca,bg,0.8299949672873679,0.6977688307330985
sjo,bg,0.0227331774486879,0.0024032216160041
mk,bg,0.9301470588235294,0.8154411764705882
frm,bg,0.6696096878467699,0.548994065711391
be,bg,0.8162997247935952,0.7284213159869902
et,bg,0.7465147605368648,0.5811220929288995
xnr,bg,0.3973747016706443,0.2076372315035799
abq,bg,0.1380368098159509,0.0337423312883435
eme,bg,0.3252762430939226,0.1729972375690607
ur,bg,0.3851816831014453,0.2698905848980143
fr,bg,0.7847285105812121,0.6675889593185096
hy,bg,0.71583888117247,0.5948560754825423
no,bg,0.8113593598713897,0.6816529348362228
es,bg,0.8159517426273458,0.6922355124767994
apu,bg,0.293,0.165
mr,bg,0.6601941747572816,0.4660194174757281
myv,bg,0.2734172350850226,0.1597655874723796
is,bg,0.6355469142837987,0.4639077916708569
nl,bg,0.8262780649833921,0.6901426038310732
it,bg,0.7841700341933479,0.667594031706559
nap,bg,0.5323383084577115,0.2736318407960199
otk,bg,0.1962025316455696,0.0949367088607595
ckt,bg,0.2782495101241019,0.1365120836054866
sms,bg,0.2845441595441595,0.1591880341880341
yi,bg,0.7949485874014176,0.7038035339922133
lv,bg,0.7893894534688325,0.666880051212291
fi,bg,0.7338460690263535,0.5776270812658507
gwi,bg,0.4732142857142857,0.3998015873015873
zh,bg,0.1846178504373311,0.0830814672345102
ar,bg,0.3076516291746329,0.2317780580075662
gv,bg,0.3772107857349956,0.1376244322025707
krl,bg,0.5681965093729799,0.4014221073044602
bn,bg,0.665625,0.521875
wbp,bg,0.1777777777777777,0.0825396825396825
br,bg,0.6805916450129922,0.4606236258245053
kk,bg,0.6446487458778855,0.4990506645348256
cs,bg,0.8413670769522417,0.7533086891172767
kmr,bg,0.6730558051312768,0.4695018468603374
ko,bg,0.5970556612356298,0.385327929865189
hsb,bg,0.5922808274379869,0.5089997313513029
sah,bg,0.2246575342465753,0.1123287671232876
jv,bg,0.6030816426131214,0.42034441888029
pad,bg,0.1964285714285714,0.1111111111111111
te,bg,0.8183079056865464,0.6643550624133149
or,bg,0.5102040816326531,0.3547133138969873
uz,bg,0.5823857302118172,0.4226309921962096
hu,bg,0.7715352220520674,0.6146630934150077
lzh,bg,0.3094917416885234,0.1210746437938612
gun,bg,0.1618916647566659,0.019023607609443
en,bg,0.7987472186569272,0.6419860152335832
tt,bg,0.3451754385964912,0.1991228070175438
scn,bg,0.5187433059621563,0.3196179935737236
lb,bg,0.4757281553398058,0.2281553398058252
hi,bg,0.5278185592061966,0.3827266744292006
gub,bg,0.2536026200873362,0.1151746724890829
tpn,bg,0.2637533274179237,0.1135758651286601
kpv,bg,0.2381278092632401,0.1255618526480359
tn,bg,0.4345794392523364,0.2242990654205607
wuu,bg,0.2551487414187643,0.1109839816933638
he,bg,0.7590304020699281,0.5648044122152998
nds,bg,0.4638658525471612,0.3015583705458853
ha,bg,0.27386199032268,0.1222300983141738
gsw,bg,0.3699485322150209,0.1957682043461685
gl,bg,0.7741950757575757,0.6449968434343434
yrk,bg,0.1839622641509433,0.0416666666666666
tl,bg,0.7165483342435828,0.4784270890223921
naq,bg,0.2303282478039759,0.1031900138696255
bxr,bg,0.3761092830790707,0.213381194535846
lij,bg,0.5413309459862727,0.3339301700984781
hyw,bg,0.6985397672522422,0.5544437032095471
bej,bg,0.0989038574177893,0.0206677265500794
pt,bg,0.8140012602394455,0.673098088636841
fa,bg,0.5284508304903255,0.4193789376696466
wo,bg,0.3183697010477747,0.0987215226377006
da,bg,0.7764142472313679,0.6627756160830091
nhi,bg,0.3773385477222281,0.1550576049043441
bor,bg,0.2507995079950799,0.109840098400984
sl,bg,0.8202213661765504,0.7194400737887255
nmf,bg,0.2520242914979757,0.1285425101214574
mt,bg,0.2239682109636051,0.0715253318883771
xum,bg,0.1669535283993115,0.036144578313253
aqz,bg,0.3160762942779291,0.164850136239782
fro,bg,0.6096674631620869,0.459378733572282
sq,bg,0.8578052550231839,0.6445131375579598
id,bg,0.7723007540673569,0.6028659408869383
bg,bg,0.9549732892393792,0.9295980666497076
tr,bg,0.6506367292225201,0.4804545812963255
akk,bg,0.2328955344514043,0.0769448373408769
sme,bg,0.218081918081918,0.0956043956043956
grc,bg,0.5485779600618571,0.3899235751585647
ckb,bg,0.3278688524590163,0.1557377049180328
sv,bg,0.8157747226811424,0.6856413736134057
hr,bg,0.852555647155812,0.7657873042044517
az,bg,0.6765350877192983,0.5208333333333334
cop,bg,0.0238883963980777,0.0054588718331544
la,bg,0.6323768115942029,0.4845507246376812
pay,bg,0.2456140350877192,0.0680701754385964
gn,bg,0.3502304147465437,0.1059907834101382
fo,bg,0.6393328327791483,0.5080982516357395
quc,bg,0.3478477978627783,0.1481074603016079
eu,bg,0.6947977352917043,0.5331090506277181
say,bg,0.2239685658153241,0.0850687622789783
ota,bg,0.4562036144073126,0.3020252421485178
vi,bg,0.6905743740795287,0.4990427098674521
cpg,bg,0.620267016852703,0.4077478660538411
gu,bg,0.6456233421750663,0.4684350132625994
mdf,bg,0.2717106828455864,0.1484653818700927
uk,bor,0.2272114155899474,0.0802924889961664
am,bor,0.3186813186813186,0.0826173826173826
ka,bor,0.2703501255724627,0.0949426306199832
ceb,bor,0.2461873638344226,0.064633260711692
sd,bor,0.2682882719956596,0.1015462519215118
urb,bor,0.3360655737704918,0.1420765027322404
sab,bor,0.3188352377441946,0.1643936601548101
ltg,bor,0.2764705882352941,0.0588235294117647
oc,bor,0.3501439491710513,0.085873126178894
cy,bor,0.2506754375660754,0.0395277810407611
ht,bor,0.2103007518796992,0.0358646616541353
mpu,bor,0.3258426966292135,0.0786516853932584
yo,bor,0.2019895669052529,0.0413684338226373
xcl,bor,0.2664810490389797,0.0474223100413148
sk,bor,0.290097300690521,0.0620684243565599
ps,bor,0.1969510695844603,0.0567986230636833
ctn,bor,0.4505502016266831,0.2228145717996036
gd,bor,0.2200622817778616,0.0316127205812965
bho,bor,0.2121530382595648,0.063615903975994
th,bor,0.1519341618631926,0.014493719388265
olo,bor,0.2963709677419355,0.1115591397849462
sga,bor,0.3130841121495327,0.0665887850467289
ab,bor,0.4256967406707605,0.2521492678318375
cu,bor,0.2740353497635051,0.0420711974110032
koi,bor,0.3217286914765906,0.1356542617046818
ang,bor,0.3099415204678362,0.0935672514619883
bm,bor,0.2547927367431093,0.1185704984446212
got,bor,0.2237693665424593,0.0325554030202
gya,bor,0.2552005943536404,0.0523774145616641
myu,bor,0.2690802348336595,0.1350293542074364
ug,bor,0.2304937076476282,0.0889641819941916
eo,bor,0.255834829443447,0.0613405146618791
pl,bor,0.2588095903723524,0.0682535245017772
sdh,bor,0.1691176470588235,0.0367647058823529
ajp,bor,0.2826362484157161,0.0697084917617237
egy,bor,0.2161351165980795,0.0504115226337448
ess,bor,0.1670560747663551,0.0595794392523364
af,bor,0.2312431680413395,0.0311040445195269
arr,bor,0.315653298835705,0.1642949547218628
arh,bor,0.264367816091954,0.0987375164876578
xpg,bor,0.2454060462359217,0.0729104919976289
azz,bor,0.2966891356066614,0.1278747026169706
bar,bor,0.333266826283586,0.0902500665070497
orv,bor,0.2643398268398268,0.054396645021645
yrl,bor,0.2809157252824152,0.125962211336599
sa,bor,0.2594282646624614,0.0621393101597101
ru,bor,0.2307724681664928,0.0726453960074258
de,bor,0.2835899537497804,0.0552758425541049
aii,bor,0.2693156732891832,0.086092715231788
vep,bor,0.2732156561780506,0.089025326170376
aln,bor,0.2964978111319575,0.0213258286429018
ga,bor,0.2247997882057052,0.0399430802832748
pro,bor,0.2013895984469194,0.021865740267702
ro,bor,0.2289247368328867,0.0480093881911968
ja,bor,0.1689990064976118,0.0209379300085536
jaa,bor,0.2347826086956521,0.0695652173913043
hbo,bor,0.2479042725797728,0.0441454840454299
ky,bor,0.2609630596728362,0.1231088242070501
yue,bor,0.2259663744790918,0.0701968673660008
ml,bor,0.2734082397003745,0.1073657927590511
pcm,bor,0.3133797909407665,0.1052264808362369
xav,bor,0.2367128182224207,0.0826261723983921
el,bor,0.2803761710648644,0.0536365586783951
si,bor,0.3261363636363636,0.1159090909090909
hit,bor,0.2314744079449961,0.0901451489686783
sr,bor,0.2016460905349794,0.0352858768934419
ta,bor,0.3181718784167942,0.1517603323857424
lt,bor,0.2607088862758273,0.0825634134050058
ca,bor,0.2053850025163563,0.0264720684448918
sjo,bor,0.127630553390491,0.0483891919979215
mk,bor,0.325735294117647,0.0617647058823529
frm,bor,0.2525691127514836,0.0316495392483234
be,bor,0.249812359269452,0.0747435576682511
et,bor,0.2571043705470893,0.0776409107876073
xnr,bor,0.2987271280827366,0.1157517899761336
abq,bor,0.2914110429447852,0.0751533742331288
eme,bor,0.4195441988950276,0.2220303867403315
ur,bor,0.1521004997973794,0.0259354315817911
fr,bor,0.2660311231847603,0.0447815004862997
hy,bor,0.2373676900234685,0.0930600124527036
no,bor,0.2690586236504138,0.0460001096110634
es,bor,0.2212724273045989,0.0364198803877088
apu,bor,0.377,0.163
mr,bor,0.3106796116504854,0.1601941747572815
myv,bor,0.3063694879431261,0.1156691324815063
is,bor,0.2402422535840792,0.0501435866492351
nl,bor,0.2776404185709648,0.0523713193976174
it,bor,0.2570329499533727,0.0379390736711221
nap,bor,0.3681592039800995,0.0646766169154228
otk,bor,0.2784810126582278,0.120253164556962
ckt,bor,0.3192357935989549,0.1515349444807315
sms,bor,0.2717236467236467,0.1285612535612535
yi,bor,0.4650094838774084,0.1424578217031047
lv,bor,0.2655837400976234,0.0900216051852444
fi,bor,0.2869252398279854,0.0991013342154592
gwi,bor,0.5763888888888888,0.4751984126984127
zh,bor,0.2018592297476759,0.0592572239776526
ar,bor,0.1186185575397632,0.0137330675670178
gv,bor,0.1877838987146032,0.0232917753938339
krl,bor,0.2967032967032967,0.1053652230122818
bn,bor,0.415625,0.221875
wbp,bor,0.1777777777777777,0.0698412698412698
br,bor,0.3145112932240655,0.0479712172696382
kk,bor,0.2906965124412911,0.1319076646347556
cs,bor,0.2503527372682834,0.0623227850672299
kmr,bor,0.237895577518219,0.0704801836877308
ko,bor,0.227583680896062,0.0785590226496685
hsb,bor,0.2674845526999194,0.0674308229605086
sah,bor,0.4445205479452054,0.1883561643835616
jv,bor,0.2481349787352715,0.062120895210207
pad,bor,0.3055555555555556,0.1408730158730158
te,bor,0.4230235783633841,0.2787794729542302
or,bor,0.2118561710398445,0.0670553935860058
uz,bor,0.2385730211817168,0.0871794871794871
hu,bor,0.2077909647779479,0.0458460949464012
lzh,bor,0.3294109307436024,0.0981073226057985
gun,bor,0.2622813049125219,0.0363664145465658
en,bor,0.312873220312105,0.0901427714813842
tt,bor,0.2793859649122807,0.1228070175438596
scn,bor,0.2583898607640129,0.047126026419136
lb,bor,0.3349514563106796,0.1116504854368932
hi,bor,0.1795507855346867,0.0457483251489225
gub,bor,0.1243449781659388,0.0425764192139738
tpn,bor,0.2639751552795031,0.1308784383318544
kpv,bor,0.2905022474105921,0.1154973617353918
tn,bor,0.2336448598130841,0.014018691588785
wuu,bor,0.2654462242562929,0.0983981693363844
he,bor,0.2285772648350526,0.0319340891294726
nds,bor,0.2732160758224733,0.0709013031987605
ha,bor,0.3036644373902055,0.0794218263629919
gsw,bor,0.2749237514296607,0.0785836828059474
gl,bor,0.2397095959595959,0.0285195707070707
yrk,bor,0.3624213836477987,0.1289308176100629
tl,bor,0.2768978700163845,0.0491534680502457
naq,bor,0.2515950069348127,0.1165973185390661
bxr,bor,0.3269518396649716,0.1416891016053445
lij,bor,0.266338406445837,0.0408833184124142
hyw,bor,0.2502409013416352,0.0734563783262916
bej,bor,0.2548740691155551,0.0712074303405572
pt,bor,0.2494475950430582,0.039903381642512
fa,bor,0.1347212192145827,0.0258983489802525
wo,bor,0.218783043352879,0.0470056714409305
da,bor,0.2381522498254015,0.047790082809538
nhi,bor,0.3051474474157066,0.0839234753197336
bor,bor,0.6969249692496925,0.6076260762607626
sl,bor,0.2325429982095382,0.0534425695838532
nmf,bor,0.3997975708502024,0.1815114709851552
mt,bor,0.197778379842861,0.0281766458954212
xum,bor,0.3149741824440619,0.1092943201376936
aqz,bor,0.3848773841961853,0.2213896457765667
fro,bor,0.3028673835125448,0.0608074472321784
sq,bor,0.2573415765069551,0.0285935085007728
id,bor,0.2023616128797614,0.0424071963727177
bg,bor,0.2595395573645382,0.0613711523785296
tr,bor,0.2962269358145403,0.1228808547547705
akk,bor,0.2354010911295211,0.0385936552838957
sme,bor,0.2459540459540459,0.0657342657342657
grc,bor,0.2760483202223268,0.0506958918846231
ckb,bor,0.3852459016393442,0.1639344262295081
sv,bor,0.2627743686570686,0.0429991739438281
hr,bor,0.1999587798845837,0.0379637262984336
az,bor,0.3870614035087719,0.194078947368421
cop,bor,0.1135631969392992,0.009611346988289
la,bor,0.2463381642512077,0.0565217391304347
pay,bor,0.2769590643274854,0.0942690058479532
gn,bor,0.2119815668202765,0.1013824884792626
fo,bor,0.3379277056741392,0.0950337874074868
quc,bor,0.2541695795465894,0.0461400179766303
eu,bor,0.2786165586280463,0.0850496430622794
say,bor,0.2705304518664047,0.0742632612966601
ota,bor,0.2603044152794666,0.0702335527695081
vi,bor,0.2173784977908689,0.0562592047128129
cpg,bor,0.316261764062158,0.0663164806303348
gu,bor,0.3013262599469496,0.1188328912466843
mdf,bor,0.3283369022127052,0.1149179157744468
uk,ca,0.7905012068720716,0.6988854181456765
am,ca,0.6095904095904096,0.2687312687312687
ka,ca,0.7069483429359334,0.5723149652829074
ceb,ca,0.5526506899055919,0.2984749455337691
sd,ca,0.5193055429966543,0.3454200198932995
urb,ca,0.1721311475409836,0.0628415300546448
sab,ca,0.3287873203096203,0.1393291559159601
ltg,ca,0.6647058823529411,0.5117647058823529
oc,ca,0.6326814255931699,0.5040206492603991
cy,ca,0.6833078820627276,0.4767414542464466
ht,ca,0.3439097744360902,0.1199248120300751
mpu,ca,0.247191011235955,0.0674157303370786
yo,ca,0.1941040883173601,0.0576246512192163
xcl,ca,0.5108676127178013,0.3271061613077061
sk,ca,0.8357658505963591,0.739406779661017
ps,ca,0.6282271944922547,0.5283993115318416
ctn,ca,0.2703164513703779,0.1191989611099719
gd,ca,0.5914881570255732,0.3931301311691988
bho,ca,0.2672168042010502,0.1201800450112528
th,ca,0.4657315163429181,0.250324859227668
olo,ca,0.5013440860215054,0.3259408602150537
sga,ca,0.4147196261682243,0.1121495327102803
ab,ca,0.2511100614076523,0.154180444024563
cu,ca,0.49932785660941,0.2637291511077919
koi,ca,0.3517406962785114,0.2220888355342136
ang,ca,0.3567251461988304,0.2163742690058479
bm,ca,0.2579034941763727,0.0649641901179194
got,ca,0.2809374387134732,0.0863894881349284
gya,ca,0.1448736998514116,0.0308320950965824
myu,ca,0.2113502935420743,0.0724070450097847
ug,ca,0.5248789932236205,0.3800580832526621
eo,ca,0.8321364452423698,0.7160383004189108
pl,ca,0.8252459496518764,0.6926794201046368
sdh,ca,0.3382352941176471,0.1838235294117647
ajp,ca,0.6134347275031685,0.4043092522179974
egy,ca,0.3025548696844993,0.0673868312757201
ess,ca,0.2803738317757009,0.0887850467289719
af,ca,0.7272185233031899,0.5927655768657458
arr,ca,0.3760241483398016,0.136265631737818
arh,ca,0.2545694365931788,0.0721688336159789
xpg,ca,0.1843509187907528,0.0355660936573799
azz,ca,0.4212926249008723,0.2177835051546391
bar,ca,0.4805134344240489,0.3073290768821495
orv,ca,0.6106872294372294,0.449025974025974
yrl,ca,0.3225032490252924,0.1231630510846746
sa,ca,0.2609940500156578,0.0779313738648056
ru,ca,0.7843879035011012,0.6987051490084032
de,ca,0.8518236637199227,0.7788502819897352
aii,ca,0.0949227373068432,0.0397350993377483
vep,ca,0.4405218726016884,0.2448196469685341
aln,ca,0.5732332707942464,0.3190118824265165
ga,ca,0.6442186776093719,0.426533853994308
pro,ca,0.5706549504444671,0.4574435475630939
ro,ca,0.8085579668260557,0.6675074002066803
ja,ca,0.0750413073853886,0.0160129208438926
jaa,ca,0.4260869565217391,0.1739130434782608
hbo,ca,0.4403055705786912,0.2159275283937263
ky,ca,0.5710006911911527,0.4019660548344981
yue,ca,0.2626814197442161,0.1145279494180198
ml,ca,0.5613816063254266,0.4248855597170204
pcm,ca,0.4564459930313589,0.3018815331010453
xav,ca,0.3640017865118356,0.0893255917820455
el,ca,0.8157405420868197,0.7154759350640063
si,ca,0.6909090909090909,0.4397727272727272
hit,ca,0.1504965622612681,0.027501909854851
sr,ca,0.8144645827860958,0.7033534716749846
ta,ca,0.7004154821780013,0.5368467089438006
lt,ca,0.7108180749202083,0.5814715269611961
ca,ca,0.936487166582788,0.917966784096628
sjo,ca,0.0363730839179007,0.0028578851649779
mk,ca,0.9102941176470588,0.7573529411764706
frm,ca,0.7223910840932117,0.6165388141072031
be,ca,0.7802727045283963,0.685389041781336
et,ca,0.7503773309313988,0.6176055309411363
xnr,ca,0.3894192521877486,0.1957040572792363
abq,ca,0.1288343558282208,0.0352760736196319
eme,ca,0.3173342541436464,0.1740331491712707
ur,ca,0.3404025395110091,0.2200459273267594
fr,ca,0.7926602273870611,0.7026444645671932
hy,ca,0.6763254945160209,0.5574021744336415
no,ca,0.8237819470578563,0.7271049891302362
es,ca,0.8813054237987213,0.82105588781192
apu,ca,0.242,0.123
mr,ca,0.6432038834951457,0.4538834951456311
myv,ca,0.2750504371217216,0.1544816985301181
is,ca,0.6418602572268222,0.5005084196529338
nl,ca,0.8714817312254939,0.7853949701555906
it,ca,0.8280696300901461,0.7338047870686976
nap,ca,0.527363184079602,0.3333333333333333
otk,ca,0.2215189873417721,0.0949367088607595
ckt,ca,0.2842913128674069,0.1399412148922273
sms,ca,0.3055555555555556,0.1695156695156695
yi,ca,0.8209044624138964,0.737047020065888
lv,ca,0.7361766824037769,0.6206289509482276
fi,ca,0.742115999558937,0.6187148527952365
gwi,ca,0.4543650793650793,0.3859126984126984
zh,ca,0.1556532490726748,0.0686793057654439
ar,ca,0.3178293942968718,0.2211040149696945
gv,ca,0.3345897361554074,0.0982893592345607
krl,ca,0.5523594053005818,0.4007756948933419
bn,ca,0.709375,0.540625
wbp,ca,0.1174603174603174,0.0476190476190476
br,ca,0.6503098141115331,0.4571257245652608
kk,ca,0.6073748376136704,0.480463675427201
cs,ca,0.7871362608495485,0.6886514739136911
kmr,ca,0.670659878207048,0.4782869122491764
ko,ca,0.5649774921133783,0.3836974372910193
hsb,ca,0.570878481239366,0.4679860302677532
sah,ca,0.2486301369863013,0.1246575342465753
jv,ca,0.6400334658021335,0.4587603709126403
pad,ca,0.1805555555555555,0.0992063492063492
te,ca,0.7794729542302358,0.6171983356449375
or,ca,0.4412050534499514,0.3032069970845481
uz,ca,0.5539576365663322,0.4108138238573021
hu,ca,0.7835949464012251,0.674291730474732
lzh,ca,0.2786559863897356,0.0882895016658396
gun,ca,0.1393536557414623,0.0143632057452822
en,ca,0.7646773146473331,0.6547269204275711
tt,ca,0.3385964912280702,0.200438596491228
scn,ca,0.561763655837201,0.3666547661549447
lb,ca,0.4223300970873786,0.2233009708737864
hi,ca,0.4496532172328254,0.3082400985504311
gub,ca,0.2587336244541485,0.0899563318777292
tpn,ca,0.2668589174800355,0.10603371783496
kpv,ca,0.2482900136798905,0.1382646081688489
tn,ca,0.3504672897196261,0.1448598130841121
wuu,ca,0.2162471395881006,0.0812356979405034
he,ca,0.8040036768460831,0.6555680386749736
nds,ca,0.474801786202497,0.3011027066435797
ha,ca,0.2744167411471014,0.1157888248528369
gsw,ca,0.3511246664125048,0.1769919939001143
gl,ca,0.8133522727272727,0.7054450757575758
yrk,ca,0.1918238993710692,0.0487421383647798
tl,ca,0.7225559803386128,0.5013653741125068
naq,ca,0.2295885344429033,0.1040221914008321
bxr,ca,0.3770066806261841,0.2139794595672549
lij,ca,0.5811698000596837,0.3727245598328857
hyw,ca,0.6921651471351271,0.5216811207471648
bej,ca,0.1274370345577775,0.0150615011296125
pt,ca,0.8467926906112161,0.7444486452425961
fa,ca,0.5118161217222402,0.4149712378912767
wo,ca,0.32442564644814,0.0912236854753436
da,ca,0.8002594033722439,0.7253317370048887
nhi,ca,0.3727935736180108,0.1693267096501426
bor,ca,0.2509225092250922,0.106150061500615
sl,ca,0.7860126960013022,0.6810536595952471
nmf,ca,0.2371794871794871,0.1194331983805668
mt,ca,0.2512417592341732,0.0977151630091212
xum,ca,0.1574870912220309,0.0395869191049913
aqz,ca,0.3215258855585831,0.1668937329700272
fro,ca,0.6395609318996416,0.4961170848267622
sq,ca,0.8423493044822257,0.6808346213292118
id,ca,0.8037970079771113,0.6468249157432776
bg,ca,0.8648562706690409,0.7400152632917832
tr,ca,0.6060853966251379,0.4668230563002681
akk,ca,0.2382299454435239,0.0410992119620125
sme,ca,0.2298701298701298,0.1022977022977023
grc,ca,0.5521862883524956,0.3951455657903583
ckb,ca,0.3278688524590163,0.1475409836065573
sv,ca,0.8342429785225395,0.7510030682086382
hr,ca,0.8034212695795548,0.6983099752679307
az,ca,0.6611842105263158,0.5296052631578947
cop,ca,0.0298604954975971,0.0053189007605094
la,ca,0.6358743961352658,0.4874589371980676
pay,ca,0.2439766081871345,0.055438596491228
gn,ca,0.3410138248847926,0.0921658986175115
fo,ca,0.6174514641209911,0.5060066502198863
quc,ca,0.3266753220812943,0.1356236892040347
eu,ca,0.6862230245343399,0.510749158939854
say,ca,0.2099214145383104,0.0805500982318271
ota,ca,0.4584678602876431,0.3054216109690134
vi,ca,0.7040500736377026,0.5213549337260678
cpg,ca,0.6073539067629679,0.4014007441453272
gu,ca,0.629708222811671,0.4525198938992042
mdf,ca,0.2726623840114204,0.1477516059957173
uk,cop,0.0658100241374414,0.0168962090018458
am,cop,0.1147852147852147,0.0206793206793206
ka,cop,0.0711577288619687,0.0136406165361697
ceb,cop,0.1561365286855482,0.0537400145243282
sd,cop,0.0569671760557012,0.0056967176055701
urb,cop,0.1475409836065573,0.0218579234972677
sab,cop,0.2078879469222263,0.0571323258385551
ltg,cop,0.1588235294117647,0.0294117647058823
oc,cop,0.0594658989377543,0.0109202819418246
cy,cop,0.0610243157523787,0.010630799953013
ht,cop,0.076766917293233,0.0100751879699248
mpu,cop,0.1685393258426966,0.0505617977528089
yo,cop,0.1346597112701686,0.0241416959844716
xcl,cop,0.0859529369498832,0.0202083707562421
sk,cop,0.0685812931575643,0.0128688010043942
ps,cop,0.0302434226702729,0.00590115564298
ctn,cop,0.1204975736450003,0.0339689699952156
gd,cop,0.0443521751439086,0.0098140983297159
bho,cop,0.0402100525131282,0.0049512378094523
th,cop,0.066038050178256,0.0054976176989971
olo,cop,0.0766129032258064,0.0154569892473118
sga,cop,0.094626168224299,0.0245327102803738
ab,cop,0.1423712801133679,0.044496929617383
cu,cop,0.0862832959920338,0.0149365197908887
koi,cop,0.1404561824729892,0.0396158463385354
ang,cop,0.2280701754385964,0.0584795321637426
bm,cop,0.0884757288577009,0.0168559646965202
got,cop,0.0768778191802314,0.0125514806824867
gya,cop,0.1459881129271917,0.0334323922734026
myu,cop,0.1007827788649706,0.0195694716242661
ug,cop,0.0431752178121974,0.0087124878993223
eo,cop,0.0622381807301017,0.0125673249551166
pl,cop,0.077732071302102,0.0168803333466459
sdh,cop,0.125,0.0220588235294117
ajp,cop,0.1495564005069708,0.0519645120405576
egy,cop,0.1795267489711934,0.0577846364883401
ess,cop,0.1717289719626168,0.0416666666666666
af,cop,0.0396502037165855,0.0025837225479479
arr,cop,0.3014230271668823,0.1017680034497628
arh,cop,0.1311475409836065,0.0209157716223855
xpg,cop,0.0580912863070539,0.0106698280972139
azz,cop,0.1316415543219667,0.0422283901665345
bar,cop,0.0669060920457568,0.0154296355413673
orv,cop,0.0756764069264069,0.0135146103896103
yrl,cop,0.1162651204638608,0.0380885734279716
sa,cop,0.132733861226681,0.0172236388851608
ru,cop,0.0514854077915519,0.0113118257445743
de,cop,0.0343803056027164,0.0064716156353062
aii,cop,0.3686534216335541,0.1567328918322295
vep,cop,0.0729086722947045,0.0161166538756715
aln,cop,0.0434646654158849,0.0063789868667917
ga,cop,0.0417631875041366,0.0074789860348136
pro,cop,0.0282006743639521,0.0038827015428629
ro,cop,0.0362916644772564,0.0071462350901161
ja,cop,0.0502409376112377,0.0088219824357278
jaa,cop,0.217391304347826,0.0434782608695652
hbo,cop,0.0340724716062736,0.0087209302325581
ky,cop,0.058520850933108,0.0079870977651486
yue,cop,0.1887483833884178,0.0674665900273027
ml,cop,0.0707449022055763,0.0087390761548064
pcm,cop,0.0594425087108013,0.022369337979094
xav,cop,0.1009379187137114,0.0241179097811523
el,cop,0.0847457627118644,0.0187727955374383
si,cop,0.1113636363636363,0.0125
hit,cop,0.0374331550802139,0.0038197097020626
sr,cop,0.0311706505559933,0.0031520882584712
ta,cop,0.0572928055980756,0.0144325388147824
lt,cop,0.0704686712581891,0.0167142617167814
ca,cop,0.0324442207683274,0.0034557960073813
sjo,cop,0.1858924395946999,0.0144193296960249
mk,cop,0.0852941176470588,0.0242647058823529
frm,cop,0.0473295701259227,0.0066097360930187
be,cop,0.0707405554165624,0.0192019014260695
et,cop,0.0453121703426002,0.0102893681938426
xnr,cop,0.0839299920445505,0.0123309466984884
abq,cop,0.0966257668711656,0.0184049079754601
eme,cop,0.2223756906077348,0.1008287292817679
ur,cop,0.0224233418884236,0.0006078616776982
fr,cop,0.0438172854411912,0.0069926551966998
hy,cop,0.0568992767852866,0.0131232338713539
no,cop,0.04954420066132,0.0072160616744916
es,cop,0.0201072386058981,0.0042689214270983
apu,cop,0.271,0.091
mr,cop,0.0533980582524271,0.0097087378640776
myv,cop,0.129215102315304,0.0403496973772696
is,cop,0.0453890248399316,0.0048216061591409
nl,cop,0.0533203466446891,0.0083664244149746
it,cop,0.0350326391047559,0.0061081753186198
nap,cop,0.0796019900497512,0.0199004975124378
otk,cop,0.1139240506329113,0.0379746835443038
ckt,cop,0.1949706074461136,0.068092749836708
sms,cop,0.1182336182336182,0.0384615384615384
yi,cop,0.175801138065289,0.0422282120395327
lv,cop,0.0790323010855938,0.0185644554693126
fi,cop,0.0604118425405226,0.0132318888521336
gwi,cop,0.125,0.0704365079365079
zh,cop,0.1463227549571827,0.0311627054998397
ar,cop,0.0453077329862099,0.0124394907049587
gv,cop,0.1144293031796656,0.0404948294191553
krl,cop,0.107950872656755,0.0290885585003232
bn,cop,0.14375,0.05625
wbp,cop,0.0857142857142857,0.0317460317460317
br,cop,0.0732560463721767,0.0153907655406755
kk,cop,0.0639552313380633,0.0135904866593384
cs,cop,0.0678636714465613,0.0147729888559396
kmr,cop,0.0781671159029649,0.0123789557751821
ko,cop,0.0862152486501175,0.0147807696397556
hsb,cop,0.0676099220918778,0.0137010835497447
sah,cop,0.2164383561643835,0.0390410958904109
jv,cop,0.0748797322735829,0.0165934602244997
pad,cop,0.1726190476190476,0.0555555555555555
te,cop,0.0596393897364771,0.0166435506241331
or,cop,0.0544217687074829,0.0048590864917395
uz,cop,0.0647714604236343,0.0107023411371237
hu,cop,0.0335949464012251,0.0042113323124042
lzh,cop,0.2518607783369958,0.0820160204153966
gun,cop,0.1184964473985789,0.0035144014057605
en,cop,0.0481190935175503,0.0122354317090454
tt,cop,0.0728070175438596,0.0114035087719298
scn,cop,0.0562299178864691,0.0146376294180649
lb,cop,0.1067961165048543,0.0145631067961165
hi,cop,0.0293626284614995,0.0025987613695809
gub,cop,0.1457423580786026,0.0409388646288209
tpn,cop,0.1535048802129547,0.0607808340727595
kpv,cop,0.1181356263435606,0.0317568888020324
tn,cop,0.0700934579439252,0.014018691588785
wuu,cop,0.183066361556064,0.0663615560640732
he,cop,0.0908317162019541,0.0135158138426446
nds,cop,0.0535860749111455,0.0088398797047297
ha,cop,0.1858415261811569,0.0608993127253675
gsw,cop,0.0404117422798322,0.0101505909264201
gl,cop,0.0167140151515151,0.0025410353535353
yrk,cop,0.139937106918239,0.0298742138364779
tl,cop,0.1321682140906608,0.0518842162752594
naq,cop,0.2363384188626907,0.0766527970411465
bxr,cop,0.0954232725097218,0.0175491075879948
lij,cop,0.0665472993136377,0.0120859444941808
hyw,cop,0.0607071380920613,0.0103772885627455
bej,cop,0.1142163835662287,0.0235963517697263
pt,cop,0.0169712245326612,0.0031884057971014
fa,cop,0.0378016286077147,0.0041088726747516
wo,cop,0.0704604441026627,0.009997116216476
da,cop,0.0412052279756559,0.0074827895839568
nhi,cop,0.132861219744213,0.0412218581545291
bor,cop,0.1173431734317343,0.0367158671586715
sl,cop,0.0364603114318268,0.006537898106451
nmf,cop,0.1204453441295546,0.0239541160593792
mt,cop,0.1042174659080646,0.0223968210963605
xum,cop,0.0834767641996557,0.0103270223752151
aqz,cop,0.2036784741144414,0.0912806539509536
fro,cop,0.0629480286738351,0.0115989645559538
sq,cop,0.0517774343122102,0.0054095826893353
id,cop,0.031108309288849,0.0050675266105763
bg,cop,0.0474433986263037,0.0098575426100228
tr,cop,0.0824199653051569,0.0175938337801608
akk,cop,0.0776318448171347,0.0084865629420084
sme,cop,0.0825174825174825,0.0177822177822177
grc,cop,0.1087653241892467,0.017234810282615
ckb,cop,0.221311475409836,0.081967213114754
sv,cop,0.0410225395326882,0.0050743450554637
hr,cop,0.0354492992580379,0.0053173948887056
az,cop,0.0679824561403508,0.0153508771929824
cop,cop,0.3148415994027901,0.1127700275276442
la,cop,0.042927536231884,0.0087922705314009
pay,cop,0.1822222222222222,0.0512280701754385
gn,cop,0.1981566820276497,0.0829493087557603
fo,cop,0.0834495334119918,0.0158210876327362
quc,cop,0.1284330370518326,0.0435433935883351
eu,cop,0.068187412816936,0.012144087962583
say,cop,0.2100196463654224,0.0766208251473477
ota,cop,0.0879282150194976,0.007547486267768
vi,cop,0.0816642120765832,0.0139175257731958
cpg,cop,0.1216896476253009,0.0354563361785948
gu,cop,0.0928381962864721,0.0137931034482758
mdf,cop,0.1467999048298834,0.0421127765881513
uk,cs,0.8382436461735057,0.76554735198069
am,cs,0.576023976023976,0.2622377622377622
ka,cs,0.7484611217806668,0.619786280592899
ceb,cs,0.5620915032679739,0.2861292665214234
sd,cs,0.5288904964282485,0.3505741929650058
urb,cs,0.2158469945355191,0.0683060109289617
sab,cs,0.2764467379284924,0.1179506081828234
ltg,cs,0.6235294117647059,0.4764705882352941
oc,cs,0.606671299513551,0.4600416956219597
cy,cs,0.6808998003054152,0.45741806648655
ht,cs,0.2989473684210526,0.0970676691729323
mpu,cs,0.1910112359550561,0.0449438202247191
yo,cs,0.1734805289336406,0.0549557200048526
xcl,cs,0.5507454643434525,0.3593497395365547
sk,cs,0.9099968612680476,0.8894381669805399
ps,cs,0.6346201131054832,0.5552003934103762
ctn,cs,0.2444808967261294,0.109151800970542
gd,cs,0.5464754175710107,0.3585920543550061
bho,cs,0.2870217554388597,0.1332333083270817
th,cs,0.561190150934595,0.3259254323126645
olo,cs,0.5161290322580645,0.344758064516129
sga,cs,0.3785046728971962,0.0969626168224299
ab,cs,0.249881908360888,0.1531412376003779
cu,cs,0.5131690316156335,0.2944983818770226
koi,cs,0.3241296518607443,0.1896758703481392
ang,cs,0.3859649122807017,0.2573099415204678
bm,cs,0.2481371626998481,0.0631556102148593
got,cs,0.2754461659148853,0.1079623455579525
gya,cs,0.1671619613670133,0.0278603268945022
myu,cs,0.2133072407045009,0.0675146771037182
ug,cs,0.57405614714424,0.4151984511132623
eo,cs,0.8004189108318372,0.6953919808497906
pl,cs,0.8810122874981695,0.77915784709187
sdh,cs,0.2426470588235294,0.1102941176470588
ajp,cs,0.6248415716096325,0.4461343472750317
egy,cs,0.2868655692729767,0.0656721536351166
ess,cs,0.2636292834890966,0.0899532710280373
af,cs,0.6793202822220014,0.5092914637781973
arr,cs,0.3686934023285899,0.1289348857266063
arh,cs,0.2191445260976069,0.0685886564914264
xpg,cs,0.1879075281564908,0.0391227030231179
azz,cs,0.4071173671689135,0.2125297383029341
bar,cs,0.5113727055067837,0.3387869114126097
orv,cs,0.6261228354978355,0.4818993506493506
yrl,cs,0.3216035189443167,0.1277616714985504
sa,cs,0.2885518722319152,0.0943050149868026
ru,cs,0.8473394529733875,0.7759893755816074
de,cs,0.7687245087133853,0.6791903284351033
aii,cs,0.0949227373068432,0.0419426048565121
vep,cs,0.4313123561013047,0.2547966231772832
aln,cs,0.5223889931207004,0.2791744840525328
ga,cs,0.5947779469190548,0.4181282679197829
pro,cs,0.515990599775212,0.4043118422397057
ro,cs,0.7763823936384495,0.6548788818243918
ja,cs,0.1242967118789946,0.0194715842378455
jaa,cs,0.2956521739130435,0.1217391304347826
hbo,cs,0.4743104380746349,0.2589913466738778
ky,cs,0.6335918900238077,0.4339144458950925
yue,cs,0.3565167409110504,0.1584279350481391
ml,cs,0.5792759051186017,0.4382022471910112
pcm,cs,0.4312195121951219,0.2710801393728223
xav,cs,0.2853952657436355,0.0674408217954443
el,cs,0.8183508546091682,0.6948437388257169
si,cs,0.6761363636363636,0.4125
hit,cs,0.1268143621084797,0.0458365164247517
sr,cs,0.8349531564661589,0.7756763856054636
ta,cs,0.7227203148917559,0.5593702164880823
lt,cs,0.8011086846967915,0.6707542415588779
ca,cs,0.7607951685958732,0.6573729240060393
sjo,cs,0.031241881008054,0.0031826448428163
mk,cs,0.9161764705882351,0.7897058823529411
frm,cs,0.6682587928788537,0.5656390215660733
be,cs,0.8289967475606705,0.757755816862647
et,cs,0.7644643523702874,0.6417547105506597
xnr,cs,0.3945902943516308,0.2040572792362768
abq,cs,0.1104294478527607,0.0260736196319018
eme,cs,0.3328729281767956,0.1792127071823204
ur,cs,0.3666756720248548,0.2413210860461974
fr,cs,0.7735436160579535,0.6709595197370628
hy,cs,0.7316442358350496,0.6217251784089276
no,cs,0.7647563894115713,0.6699245510513527
es,cs,0.7948236749845329,0.7012786141472469
apu,cs,0.26,0.136
mr,cs,0.6140776699029126,0.4490291262135922
myv,cs,0.2694783360553367,0.1559227591507349
is,cs,0.6403238242097147,0.4966310214206698
nl,cs,0.8059239279738268,0.7111211008716066
it,cs,0.7608253030774013,0.665814423375816
nap,cs,0.4975124378109453,0.2487562189054726
otk,cs,0.189873417721519,0.0443037974683544
ckt,cs,0.2433050293925538,0.106629653821032
sms,cs,0.287037037037037,0.1655982905982906
yi,cs,0.7939502845163222,0.716282320055905
lv,cs,0.8061401403003388,0.6878450828198768
fi,cs,0.7499035174771198,0.6412779799316353
gwi,cs,0.4464285714285714,0.3799603174603174
zh,cs,0.2673902092778312,0.1125154554197005
ar,cs,0.3301305780417362,0.2391734125208477
gv,cs,0.3815598724267903,0.1309558326084855
krl,cs,0.5510665804783452,0.3868778280542986
bn,cs,0.609375,0.471875
wbp,cs,0.1523809523809524,0.0698412698412698
br,cs,0.6638017189686188,0.4568259044573256
kk,cs,0.6537423803337664,0.5179374437893475
cs,cs,0.9150343258723648,0.8921449946513926
kmr,cs,0.6754517320555057,0.5055405810122792
ko,cs,0.6031641008069757,0.3831066791119723
hsb,cs,0.629354347631414,0.5480433419897913
sah,cs,0.1986301369863013,0.1047945205479452
jv,cs,0.5832113225963885,0.4275953426758697
pad,cs,0.2321428571428571,0.1349206349206349
te,cs,0.8058252427184466,0.6546463245492372
or,cs,0.5257531584062196,0.369290573372206
uz,cs,0.5926421404682274,0.4387959866220736
hu,cs,0.7924004594180705,0.6628062787136294
lzh,cs,0.3095980718792089,0.0982490961933791
gun,cs,0.112537245014898,0.0163496065398426
en,cs,0.7538492797002839,0.6228820908762036
tt,cs,0.3543859649122807,0.225438596491228
scn,cs,0.526508389860764,0.3240806854694751
lb,cs,0.4174757281553398,0.2135922330097087
hi,cs,0.5005821900470815,0.3472890193894598
gub,cs,0.275,0.1016375545851528
tpn,cs,0.2573203194321207,0.1100266193433895
kpv,cs,0.2327535665428962,0.1282001172562048
tn,cs,0.397196261682243,0.1495327102803738
wuu,cs,0.2745995423340961,0.080091533180778
he,cs,0.7804786708882306,0.5944234501072413
nds,cs,0.474072723958808,0.3050214162034084
ha,cs,0.244182821216137,0.1129534317502388
gsw,cs,0.3763820053373999,0.2009626382005337
gl,cs,0.7622001262626262,0.6477430555555556
yrk,cs,0.1705974842767295,0.040880503144654
tl,cs,0.7312943746586564,0.4937192790824686
naq,cs,0.2238557558945908,0.1001386962552011
bxr,cs,0.3824907767474324,0.2045069299032804
lij,cs,0.5471501044464339,0.3431811399582214
hyw,cs,0.7270773107997924,0.5591876065525165
bej,cs,0.1588988369174127,0.0184921763869132
pt,cs,0.7913421550094518,0.6677210670027305
fa,cs,0.5203326941753617,0.4333740070224369
wo,cs,0.3124098817648755,0.0947803518215899
da,cs,0.716951012670857,0.6304499650803153
nhi,cs,0.3586301659444033,0.1553746961209174
bor,cs,0.2459409594095941,0.1124846248462484
sl,cs,0.8197601866420704,0.7418751017307796
nmf,cs,0.2179487179487179,0.1184210526315789
mt,cs,0.3007315090761311,0.0753183419127607
xum,cs,0.1462994836488812,0.0301204819277108
aqz,cs,0.2758855585831062,0.1423705722070844
fro,cs,0.589605734767025,0.4573377140581441
sq,cs,0.8539412673879444,0.6561051004636785
id,cs,0.7485876391145164,0.6116431879349223
bg,cs,0.8991986771813788,0.7999872805901806
tr,cs,0.6590738842453872,0.501163065762498
akk,cs,0.2460295009092746,0.0699939381693271
sme,cs,0.2161838161838161,0.0936063936063936
grc,cs,0.5786548331428315,0.4174903068199646
ckb,cs,0.2131147540983606,0.0901639344262295
sv,cs,0.7803723153174416,0.685656124616474
hr,cs,0.8422093981863149,0.7760098928276999
az,cs,0.6633771929824561,0.5350877192982456
cop,cs,0.0388653011710913,0.0059720990995194
la,cs,0.6642415458937198,0.5397971014492754
pay,cs,0.2215204678362573,0.0615204678362573
gn,cs,0.3133640552995391,0.0967741935483871
fo,cs,0.6515606564410598,0.5285852193499946
quc,cs,0.3489463697193648,0.1466094077698991
eu,cs,0.6872487076392878,0.5006564371871667
say,cs,0.2021611001964636,0.0789783889980353
ota,cs,0.4500817644345675,0.3046668623422365
vi,cs,0.6485272459499264,0.480559646539028
cpg,cs,0.6005690523090392,0.3928649595097395
gu,cs,0.6249336870026525,0.4594164456233421
mdf,cs,0.2700452058053771,0.1484653818700927
uk,cu,0.5506886270055374,0.4018174073548204
am,cu,0.6597402597402597,0.2489510489510489
ka,cu,0.6066873491899345,0.4044910621953021
ceb,cu,0.5214233841684822,0.1989832970225127
sd,cu,0.5070078668957411,0.290442173795099
urb,cu,0.3442622950819672,0.1092896174863388
sab,cu,0.3380022115739034,0.085514190932547
ltg,cu,0.5352941176470588,0.3470588235294117
oc,cu,0.4944902213838975,0.3149012210860716
cy,cu,0.4962410431105368,0.2789850816398449
ht,cu,0.2757142857142857,0.0724812030075188
mpu,cu,0.2528089887640449,0.0617977528089887
yo,cu,0.1908285818270047,0.0236564357636782
xcl,cu,0.5299083887192384,0.3386024788934794
sk,cu,0.6702762084118016,0.5219711236660389
ps,cu,0.4649618883698057,0.3211212195721662
ctn,cu,0.3765292871300663,0.0923381860433326
gd,cu,0.440502028876097,0.2368594885344909
bho,cu,0.2843210802700675,0.0982745686421605
th,cu,0.4284143537800287,0.2554226501849199
olo,cu,0.4724462365591398,0.2036290322580645
sga,cu,0.3901869158878505,0.0957943925233644
ab,cu,0.3371752479924421,0.0826641473783656
cu,cu,0.7671894448593478,0.6904655215334827
koi,cu,0.3733493397358943,0.1404561824729892
ang,cu,0.3391812865497076,0.1461988304093567
bm,cu,0.2691166895753454,0.0340736453736526
got,cu,0.3186899392037654,0.1288487938811531
gya,cu,0.2407132243684992,0.0676077265973254
myu,cu,0.3052837573385518,0.0900195694716242
ug,cu,0.458083252662149,0.2652468538238141
eo,cu,0.4985038898862956,0.350688210652304
pl,cu,0.647643010237363,0.4667119293901514
sdh,cu,0.1764705882352941,0.0588235294117647
ajp,cu,0.5893536121673004,0.3193916349809886
egy,cu,0.3633401920438957,0.0809327846364883
ess,cu,0.3138629283489096,0.0486760124610591
af,cu,0.5149557785948524,0.3410513763291265
arr,cu,0.4105217766278568,0.1569642087106511
arh,cu,0.2894290559638213,0.0461654418692293
xpg,cu,0.3046828689982216,0.0865441612329579
azz,cu,0.4011697065820777,0.1105273592386994
bar,cu,0.4493216280925778,0.2056397978185687
orv,cu,0.6036525974025974,0.4709821428571428
yrl,cu,0.329001299610117,0.0702789163251024
sa,cu,0.3533306491298707,0.1334049120923366
ru,cu,0.5742937707800436,0.4259073075610132
de,cu,0.5378637082138048,0.3777296411217142
aii,cu,0.3112582781456953,0.075055187637969
vep,cu,0.3545663852647736,0.1419800460475825
aln,cu,0.4841150719199499,0.2256410256410256
ga,cu,0.4390760473889734,0.2467403534317294
pro,cu,0.3937876775314192,0.2656585266169408
ro,cu,0.5433065349517454,0.3771740843886291
ja,cu,0.1236458881220679,0.029037365252918
jaa,cu,0.2869565217391304,0.0608695652173913
hbo,cu,0.4747836668469443,0.2959707950243375
ky,cu,0.5028031641194993,0.2520543737040165
yue,cu,0.3335967811467165,0.1264549504239114
ml,cu,0.4744069912609238,0.2467748647523928
pcm,cu,0.4558188153310104,0.1758885017421602
xav,cu,0.276462706565431,0.0437695399732023
el,cu,0.5680469141099908,0.3796395623256812
si,cu,0.5806818181818182,0.2852272727272727
hit,cu,0.1772345301757066,0.0473644003055767
sr,cu,0.5709657648191927,0.4350757376762105
ta,cu,0.6424666520883446,0.381368904439099
lt,cu,0.5642533176549639,0.402654123971107
ca,cu,0.4124811273276296,0.2897835933568193
sjo,cu,0.1171732917640945,0.0049363471031436
mk,cu,0.7683823529411765,0.5294117647058824
frm,cu,0.5065373667197376,0.3623775751435326
be,cu,0.5743682762071554,0.4341381035776833
et,cu,0.5537108265576058,0.3699466056445461
xnr,cu,0.4160700079554494,0.1638822593476531
abq,cu,0.156441717791411,0.0368098159509202
eme,cu,0.4078038674033149,0.1812845303867403
ur,cu,0.2711063082534107,0.1437930568688369
fr,cu,0.5105979810175403,0.3607086561357615
hy,cu,0.523731979500934,0.3370851094401073
no,cu,0.5558742395732476,0.4006649737846873
es,cu,0.4415858939987626,0.3153021241493091
apu,cu,0.258,0.072
mr,cu,0.5776699029126213,0.279126213592233
myv,cu,0.2478624267460851,0.0679219905850706
is,cu,0.5168113707217324,0.3693640843417921
nl,cu,0.5463150270972253,0.3841562398541495
it,cu,0.4945290643456637,0.3435809760646565
nap,cu,0.527363184079602,0.1990049751243781
otk,cu,0.1962025316455696,0.0189873417721519
ckt,cu,0.2713912475506205,0.0630306988896146
sms,cu,0.301994301994302,0.0961538461538461
yi,cu,0.6793451133073775,0.4510332434860736
lv,cu,0.5705902749993331,0.3921207756528233
fi,cu,0.5746361230565663,0.3938692248318447
gwi,cu,0.4652777777777778,0.2013888888888889
zh,cu,0.2717062783349361,0.1145532811283601
ar,cu,0.2051743074482366,0.1280071594191107
gv,cu,0.3446409587319996,0.074900937469798
krl,cu,0.4983839689722042,0.2530704589528119
bn,cu,0.665625,0.3625
wbp,cu,0.2095238095238095,0.0507936507936507
br,cu,0.5692584449330402,0.2853288027183689
kk,cu,0.5142400319776157,0.2990906365544119
cs,cu,0.5908572666585422,0.4322216354551733
kmr,cu,0.5914944594189877,0.332534691025257
ko,cu,0.4560180535699517,0.2356534376218438
hsb,cu,0.4852690964448822,0.3289155547595594
sah,cu,0.2746575342465753,0.1
jv,cu,0.4698459178693439,0.2583141602175277
pad,cu,0.2638888888888889,0.0813492063492063
te,cu,0.7364771151178918,0.4382801664355062
or,cu,0.3838678328474247,0.1865889212827988
uz,cu,0.4704570791527313,0.2693422519509476
hu,cu,0.4843989280245023,0.3178598774885146
lzh,cu,0.4040547246048061,0.1735663145955908
gun,cu,0.1926808770723508,0.0075636030254412
en,cu,0.568657670560134,0.3664286316039863
tt,cu,0.2969298245614035,0.094298245614035
scn,cu,0.4302034987504463,0.1910924669760799
lb,cu,0.4077669902912621,0.1262135922330097
hi,cu,0.3687541132992457,0.2071921564656845
gub,cu,0.2747816593886463,0.0716157205240174
tpn,cu,0.3078970718722271,0.0805235137533274
kpv,cu,0.2589407856165722,0.0737736955247215
tn,cu,0.3504672897196261,0.0654205607476635
wuu,cu,0.3020594965675057,0.0720823798627002
he,cu,0.4942974840840227,0.351887788104722
nds,cu,0.4140162216349221,0.2036817643306297
ha,cu,0.2845255339476685,0.0637655253182112
gsw,cu,0.3434998093785741,0.1194243232939382
gl,cu,0.4533775252525252,0.3193339646464646
yrk,cu,0.2295597484276729,0.0306603773584905
tl,cu,0.5707263790278536,0.304205352266521
naq,cu,0.2960702727693019,0.0652797041146555
bxr,cu,0.3765081264333433,0.117858211187556
lij,cu,0.4346463742166517,0.200387943897344
hyw,cu,0.57104736490994,0.3620191238603513
bej,cu,0.2137059660279474,0.0136390260229269
pt,cu,0.4624112581390464,0.3253434152488973
fa,cu,0.3451204024204995,0.2317155165973553
wo,cu,0.2647313275016822,0.0386426992213784
da,cu,0.5137184475705876,0.366656689613888
nhi,cu,0.3956241412112884,0.1006236127259274
bor,cu,0.263960639606396,0.0589790897908979
sl,cu,0.5755520590309804,0.4107210677662634
nmf,cu,0.2776653171390013,0.097165991902834
mt,cu,0.238688702248713,0.0518378036665763
xum,cu,0.1729776247848537,0.0524956970740103
aqz,cu,0.3821525885558583,0.1021798365122615
fro,cu,0.4991288331342094,0.3119026284348865
sq,cu,0.6120556414219475,0.4119010819165378
id,cu,0.4889314550347938,0.3229881434425236
bg,cu,0.6200712286949885,0.4313151869753243
tr,cu,0.5145678914997635,0.2936248225831888
akk,cu,0.2759345322287331,0.0960193978581531
sme,cu,0.2074925074925075,0.055044955044955
grc,cu,0.55790134247742,0.3806226047199623
ckb,cu,0.3360655737704918,0.1147540983606557
sv,cu,0.5703032806230823,0.4223507198489497
hr,cu,0.5622011541632317,0.4111706512778236
az,cu,0.6644736842105263,0.4111842105263157
cop,cu,0.0669994867727336,0.0059254420753044
la,cu,0.5447342995169082,0.3879613526570048
pay,cu,0.3146198830409357,0.0589473684210526
gn,cu,0.3133640552995391,0.0737327188940092
fo,cu,0.5286388501555294,0.363455969108656
quc,cu,0.3603315689603515,0.077998601817637
eu,cu,0.5643718716665299,0.3363830310987117
say,cu,0.3153241650294695,0.0535363457760314
ota,cu,0.4103736005702545,0.2454610256195228
vi,cu,0.5030927835051546,0.2957290132547864
cpg,cu,0.5747428321295688,0.263296126066973
gu,cu,0.5469496021220159,0.3018567639257294
mdf,cu,0.2633832976445396,0.0773257197240066
uk,cy,0.6978560272611103,0.5694661365895215
am,cy,0.4048951048951049,0.1382617382617382
ka,cy,0.5706406657802728,0.4140444181809228
ceb,cy,0.5620915032679739,0.3311546840958606
sd,cy,0.4082647617325255,0.2636766434578171
urb,cy,0.1885245901639344,0.0519125683060109
sab,cy,0.278289716181349,0.0910431256911168
ltg,cy,0.5352941176470588,0.3352941176470588
oc,cy,0.5872133425990271,0.4054402859128363
cy,cy,0.8888171032538471,0.8319628803007165
ht,cy,0.3212781954887218,0.1051127819548872
mpu,cy,0.2865168539325842,0.0730337078651685
yo,cy,0.2123013465971127,0.0505883780177119
xcl,cy,0.5114963175857733,0.30564038081552
sk,cy,0.7515693659761457,0.6257062146892656
ps,cy,0.4964347184656995,0.3875092205556921
ctn,cy,0.1792768778620737,0.0549518146401476
gd,cy,0.698593941681608,0.4700386901953383
bho,cy,0.2253563390847711,0.0969242310577644
th,cy,0.5217072601872522,0.3031019891380402
olo,cy,0.366263440860215,0.230510752688172
sga,cy,0.4766355140186916,0.1355140186915887
ab,cy,0.1674067076051015,0.1074161549362305
cu,cy,0.4539208364451083,0.2259397560368434
koi,cy,0.2292917166866746,0.134453781512605
ang,cy,0.3450292397660818,0.2105263157894736
bm,cy,0.2795341098169717,0.0601895391738407
got,cy,0.2979996077662287,0.090998234948029
gya,cy,0.2083952451708766,0.0330609212481426
myu,cy,0.2162426614481409,0.0577299412915851
ug,cy,0.3681510164569216,0.2478218780251694
eo,cy,0.6762417713943746,0.5813883901855177
pl,cy,0.757777866528216,0.617503361422847
sdh,cy,0.1102941176470588,0.0147058823529411
ajp,cy,0.6032953105196451,0.4233206590621039
egy,cy,0.335562414266118,0.088477366255144
ess,cy,0.2503894080996884,0.0541277258566978
af,cy,0.5699095697108219,0.4119049985093908
arr,cy,0.3937041828374299,0.1285036653730056
arh,cy,0.2605992085924251,0.0608630111173921
xpg,cy,0.1885002963841138,0.0574985180794309
azz,cy,0.426050753370341,0.2251189532117367
bar,cy,0.4223862729449321,0.2444799148709763
orv,cy,0.5142180735930736,0.3453869047619047
yrl,cy,0.3460961711486554,0.118664400679796
sa,cy,0.2277546638035163,0.0560551156444325
ru,cy,0.6893199343455835,0.5751214653467198
de,cy,0.6763899459438363,0.5505873973030463
aii,cy,0.0816777041942604,0.0353200883002207
vep,cy,0.3323100537221796,0.170376055257099
aln,cy,0.50093808630394,0.2358974358974359
ga,cy,0.6757561718181216,0.4654841485207492
pro,cy,0.4545826095841422,0.3202207009298048
ro,cy,0.676142434273904,0.5009545828735572
ja,cy,0.0986090966566253,0.0175802107075118
jaa,cy,0.2608695652173913,0.0956521739130434
hbo,cy,0.4017712276906436,0.2449972958355868
ky,cy,0.4819906305199293,0.3156439597573151
yue,cy,0.3097427791349332,0.1391004454663026
ml,cy,0.4344569288389513,0.3037869330004161
pcm,cy,0.4015331010452961,0.2604878048780488
xav,cy,0.270656543099598,0.0321572130415364
el,cy,0.7353929771865837,0.5730887506257598
si,cy,0.5306818181818181,0.3227272727272727
hit,cy,0.1413292589763178,0.0435446906035141
sr,cy,0.7009894054811312,0.5375186060765257
ta,cy,0.554559370216488,0.4246665208834463
lt,cy,0.6164118931631111,0.4944565765160423
ca,cy,0.7062573393725885,0.5681429290387519
sjo,cy,0.0222135619641465,0.0042868277474668
mk,cy,0.8272058823529411,0.6102941176470589
frm,cy,0.6108940029912674,0.4678921213875621
be,cy,0.6810107580685514,0.5797473104828621
et,cy,0.5965561452196634,0.4538520213577421
xnr,cy,0.2319013524264121,0.0871121718377088
abq,cy,0.1656441717791411,0.0337423312883435
eme,cy,0.3401243093922652,0.1764502762430939
ur,cy,0.2613805214102391,0.1495339727137647
fr,cy,0.6866217258610859,0.5508770164671161
hy,cy,0.5474400114948034,0.3942238612960391
no,cy,0.6699245510513527,0.5444016149363342
es,cy,0.7370694988657455,0.5954939162713961
apu,cy,0.347,0.178
mr,cy,0.5194174757281553,0.3762135922330097
myv,cy,0.2390239216063022,0.1269094053223172
is,cy,0.5521269819985921,0.4110656699406657
nl,cy,0.7121450513223946,0.5702904522864064
it,cy,0.6928815666770283,0.5315589058128691
nap,cy,0.4427860696517413,0.1641791044776119
otk,cy,0.1772151898734177,0.0949367088607595
ckt,cy,0.2212606139777923,0.1009144350097975
sms,cy,0.2332621082621082,0.1193019943019943
yi,cy,0.6017769791354697,0.4801836877308575
lv,cy,0.6223893734496279,0.4932383772105305
fi,cy,0.5945666556400926,0.4623718160767449
gwi,cy,0.4087301587301587,0.3462301587301587
zh,cy,0.2279159225168292,0.1059554883912625
ar,cy,0.2973111499816946,0.2239189683927917
gv,cy,0.4928964917367353,0.254759833768242
krl,cy,0.4728506787330316,0.3164188752424046
bn,cy,0.56875,0.43125
wbp,cy,0.1142857142857142,0.0349206349206349
br,cy,0.6433140115930441,0.4237457525484709
kk,cy,0.4918557010092935,0.3601478964724692
cs,cy,0.6912648440779408,0.555559166429703
kmr,cy,0.5409803334331637,0.3886393131676151
ko,cy,0.4450772120940014,0.2874865602514266
hsb,cy,0.4483746753828244,0.3669741201755171
sah,cy,0.1191780821917808,0.0438356164383561
jv,cy,0.5393571777173534,0.3674266192567803
pad,cy,0.3134920634920635,0.1884920634920635
te,cy,0.6116504854368932,0.4882108183079057
or,cy,0.3926141885325558,0.2691933916423712
uz,cy,0.3924191750278706,0.2693422519509476
hu,cy,0.642802450229709,0.4808575803981623
lzh,cy,0.2893598922520734,0.1057630963351527
gun,cy,0.1722056688822675,0.0158912063564825
en,cy,0.6288932608490964,0.5057906447760306
tt,cy,0.1973684210526315,0.1096491228070175
scn,cy,0.4402891824348447,0.2209925026776151
lb,cy,0.3932038834951456,0.1601941747572815
hi,cy,0.3677247337957103,0.2285222497848428
gub,cy,0.3131004366812227,0.1171397379912663
tpn,cy,0.2843833185448092,0.1126885536823425
kpv,cy,0.2157514168458081,0.107094000390854
tn,cy,0.4392523364485981,0.1728971962616822
wuu,cy,0.2162471395881006,0.0675057208237986
he,cy,0.7368671909576823,0.5632723930139925
nds,cy,0.3772897111090859,0.2012211792581791
ha,cy,0.2906894319967947,0.1159737417943107
gsw,cy,0.2889344262295082,0.1382958444529165
gl,cy,0.7310921717171717,0.5544823232323233
yrk,cy,0.1517295597484276,0.0400943396226415
tl,cy,0.6947023484434736,0.4877116329874386
naq,cy,0.276005547850208,0.1100323624595469
bxr,cy,0.2053046166118257,0.108684814039286
lij,cy,0.5099970158161743,0.277678304983587
hyw,cy,0.52368245496998,0.3405974353272552
bej,cy,0.136055560204167,0.0179901263492594
pt,cy,0.7545599663936148,0.5779878176853602
fa,cy,0.493587668401524,0.3905670244291157
wo,cy,0.3580697875612804,0.0987215226377006
da,cy,0.6452160031926569,0.5183078918487479
nhi,cy,0.3810379452489166,0.1593911848641792
bor,cy,0.2718942189421894,0.1046740467404674
sl,cy,0.6149964733329716,0.4699690738429819
nmf,cy,0.1804993252361673,0.0796221322537112
mt,cy,0.2665041090941931,0.0814594057617628
xum,cy,0.1746987951807229,0.0327022375215146
aqz,cy,0.2690735694822888,0.1205722070844686
fro,cy,0.5350955794504182,0.3652180406212664
sq,cy,0.7758887171561051,0.5571870170015456
id,cy,0.7013553815192881,0.5518269766990762
bg,cy,0.7588399898244721,0.596095141185449
tr,cy,0.4862304841507648,0.3377424696420123
akk,cy,0.3307738937159022,0.0828854314002828
sme,cy,0.2079920079920079,0.0805194805194805
grc,cy,0.5016248683296354,0.3154709876958246
ckb,cy,0.2868852459016393,0.1393442622950819
sv,cy,0.6923530800094406,0.5645946424356856
hr,cy,0.6952596867271228,0.546166529266282
az,cy,0.4725877192982456,0.3442982456140351
cop,cy,0.0293939252554472,0.0070452106564643
la,cy,0.5239227053140096,0.3684444444444444
pay,cy,0.2757894736842105,0.063625730994152
gn,cy,0.3640552995391705,0.0967741935483871
fo,cy,0.5196288748256999,0.4034645500375415
quc,cy,0.4792769399780285,0.228502946169979
eu,cy,0.530237137933864,0.3461065069336178
say,cy,0.2667976424361493,0.0847740667976424
ota,cy,0.3405174221141347,0.1866325632101975
vi,cy,0.5899116347569956,0.4047864506627393
cpg,cy,0.592908732764281,0.3676953381483913
gu,cy,0.5018567639257294,0.3342175066312997
mdf,cy,0.2193671187247204,0.1042112776588151
uk,da,0.7762672156751385,0.6885205168252165
am,da,0.58001998001998,0.2557442557442557
ka,da,0.6956714433446595,0.562416900576156
ceb,da,0.5054466230936819,0.2854030501089324
sd,da,0.5193055429966543,0.3394520300207975
urb,da,0.2021857923497267,0.0601092896174863
sab,da,0.2569111684482123,0.1227423516402506
ltg,da,0.5882352941176471,0.4117647058823529
oc,da,0.559316986002184,0.4120917303683113
cy,da,0.6681545871020792,0.4544813814166569
ht,da,0.2711278195488721,0.0942105263157894
mpu,da,0.2921348314606741,0.0730337078651685
yo,da,0.1761494601480043,0.0585951716608031
xcl,da,0.494431471169391,0.3225255972696246
sk,da,0.8542059008160703,0.7645166352793471
ps,da,0.6004425866732235,0.4765183181706418
ctn,da,0.2443442006698106,0.1010183856195748
gd,da,0.618665660092479,0.4116259318675097
bho,da,0.2801200300075018,0.1176294073518379
th,da,0.5872122080431813,0.3644087562056442
olo,da,0.4932795698924731,0.3387096774193548
sga,da,0.3773364485981308,0.1098130841121495
ab,da,0.2614076523382144,0.1614548889938592
cu,da,0.4671147622603933,0.2435648493900921
koi,da,0.2857142857142857,0.2028811524609844
ang,da,0.3040935672514619,0.1929824561403508
bm,da,0.2342472690443463,0.0610576575273095
got,da,0.2292606393410472,0.0779564620513826
gya,da,0.151188707280832,0.0282317979197622
myu,da,0.1937377690802348,0.0655577299412915
ug,da,0.5120038722168442,0.3673765730880929
eo,da,0.7770795930580491,0.6606822262118492
pl,da,0.8030938402758364,0.6705406232943275
sdh,da,0.1911764705882352,0.0955882352941176
ajp,da,0.6261089987325729,0.4524714828897338
egy,da,0.2701474622770919,0.0681584362139917
ess,da,0.3173676012461059,0.0965732087227414
af,da,0.7237404352578753,0.6032992149458412
arr,da,0.3975851660198361,0.1474773609314359
arh,da,0.2489165253438854,0.0695308083663086
xpg,da,0.1742738589211618,0.0409010077059869
azz,da,0.3688540840602696,0.2040047581284694
bar,da,0.4809789837722799,0.3383878691141261
orv,da,0.5608630952380952,0.3989853896103896
yrl,da,0.2986104168749375,0.1215635309407177
sa,da,0.2527624927302823,0.0811971547443296
ru,da,0.7759987280625869,0.6959789008029105
de,da,0.850355170462307,0.7920691606658471
aii,da,0.1103752759381898,0.0397350993377483
vep,da,0.4159631619339984,0.237145049884881
aln,da,0.4903064415259537,0.2639774859287054
ga,da,0.6295916341253558,0.4172347607386326
pro,da,0.4361908654337386,0.3144988249719015
ro,da,0.7535774963655789,0.6063090046065192
ja,da,0.1701651764130844,0.0360662618277256
jaa,da,0.2347826086956521,0.0956521739130434
hbo,da,0.3034748512709572,0.1570443482963764
ky,da,0.5676215344443591,0.4038092312418401
yue,da,0.3903578100301768,0.1817789912343727
ml,da,0.5697045359966708,0.4153141905950894
pcm,da,0.4307317073170731,0.3018118466898954
xav,da,0.2661902635104957,0.0562751228226887
el,da,0.785561038403776,0.6754630622899235
si,da,0.6715909090909091,0.4238636363636364
hit,da,0.1176470588235294,0.0320855614973262
sr,da,0.8022064617809299,0.6997635933806147
ta,da,0.7102558495517166,0.5576208178438662
lt,da,0.7022509658995465,0.5854191164118931
ca,da,0.8047810770005033,0.7046133199127663
sjo,da,0.0487139516757599,0.0031176929072486
mk,da,0.8713235294117647,0.7235294117647059
frm,da,0.6616490567858349,0.5518405943937859
be,da,0.7495621716287215,0.6808856642481861
et,da,0.7201259392700067,0.6059529026080465
xnr,da,0.3381066030230708,0.1555290373906125
abq,da,0.1365030674846625,0.0429447852760736
eme,da,0.3252762430939226,0.1802486187845303
ur,da,0.3295285694988518,0.208496555450493
fr,da,0.7529681054432036,0.6545510950129121
hy,da,0.6662675415489248,0.5643948464964798
no,da,0.8431831052814264,0.7505069511682713
es,da,0.802093215095896,0.690719736028047
apu,da,0.264,0.147
mr,da,0.633495145631068,0.4830097087378641
myv,da,0.2512249015275242,0.1453549812662119
is,da,0.6431452739320394,0.5193143597823293
nl,da,0.8362927998801228,0.7491571139581928
it,da,0.7674463786136152,0.6396875971401927
nap,da,0.417910447761194,0.2238805970149253
otk,da,0.1582278481012658,0.0316455696202531
ckt,da,0.2503265839320705,0.1154474199869366
sms,da,0.2564102564102564,0.150997150997151
yi,da,0.8042328042328042,0.7225716282320056
lv,da,0.7602091168547118,0.6464218079005628
fi,da,0.741481971551439,0.6273982798544492
gwi,da,0.4672619047619047,0.3968253968253968
zh,da,0.3605348720062279,0.1844003297156203
ar,da,0.3068868730423463,0.2082740104950575
gv,da,0.3880351792790181,0.130762539866628
krl,da,0.5142210730446024,0.383322559793148
bn,da,0.675,0.53125
wbp,da,0.1428571428571428,0.0539682539682539
br,da,0.6337197681391166,0.443134119528283
kk,da,0.5960827420805436,0.4646747276906166
cs,da,0.7835750362215813,0.6903034488361701
kmr,da,0.6223420185684336,0.4373564939602675
ko,da,0.5761428216973664,0.3903257440599265
hsb,da,0.5673860481776664,0.4704934181069222
sah,da,0.2308219178082191,0.1273972602739726
jv,da,0.5978526110297706,0.445095168374817
pad,da,0.3313492063492063,0.1765873015873016
te,da,0.7988904299583911,0.6393897364771152
or,da,0.4616132167152575,0.3294460641399417
uz,da,0.5403567447045708,0.3926421404682274
hu,da,0.7401416539050536,0.6310298621745789
lzh,da,0.405153469908556,0.1888424186574041
gun,da,0.2209488883795553,0.0348384139353655
en,da,0.7720512807806097,0.6738258891625494
tt,da,0.3140350877192982,0.1929824561403508
scn,da,0.4759014637629418,0.2811495894323456
lb,da,0.4077669902912621,0.233009708737864
hi,da,0.4716076882836362,0.3206264027405119
gub,da,0.2730349344978166,0.1008733624454148
tpn,da,0.2548802129547471,0.1064773735581189
kpv,da,0.2243502051983584,0.1254641391440297
tn,da,0.3037383177570093,0.1495327102803738
wuu,da,0.3272311212814645,0.1075514874141876
he,da,0.704184114663126,0.5156095734177646
nds,da,0.446459491479085,0.3090312585436982
ha,da,0.2476654236138934,0.1056183930717785
gsw,da,0.3483130003812428,0.2043938238658025
gl,da,0.7690656565656566,0.6284722222222222
yrk,da,0.2020440251572327,0.0440251572327044
tl,da,0.7012561441835062,0.4735117422173676
naq,da,0.203791030975497,0.0972723069810448
bxr,da,0.3579619104596669,0.2008176288762588
lij,da,0.4874664279319606,0.2914055505819158
hyw,da,0.6745978800681937,0.5058186939441109
bej,da,0.1066856330014224,0.023010626725797
pt,da,0.7811888258769166,0.6566561646712875
fa,da,0.5193366038299674,0.4117339442687451
wo,da,0.2835720465250408,0.0872825146592329
da,da,0.8880574678240047,0.8664072632944229
nhi,da,0.3303033505971884,0.1431138357467498
bor,da,0.2422509225092251,0.1130381303813038
sl,da,0.7840323368238294,0.6766317617058217
nmf,da,0.2149122807017544,0.1062753036437247
mt,da,0.1988620969926849,0.0607784701526235
xum,da,0.1454388984509466,0.0370051635111876
aqz,da,0.297683923705722,0.1525885558583106
fro,da,0.5637694145758662,0.4335175228992433
sq,da,0.8021638330757341,0.6267387944358578
id,da,0.7616807700700725,0.621075091530684
bg,da,0.8759857542610023,0.7518443144238107
tr,da,0.6214910897334806,0.4776947642327708
akk,da,0.2120428369367549,0.0469185694079612
sme,da,0.2233766233766233,0.1076923076923077
grc,da,0.5139962796118246,0.3406844617763733
ckb,da,0.3032786885245901,0.1557377049180328
sv,da,0.8418102430965305,0.7634381637951381
hr,da,0.7860263808738664,0.6939406430338005
az,da,0.6480263157894737,0.5219298245614035
cop,da,0.0739047263565529,0.0071851817291093
la,da,0.5943961352657005,0.4487536231884058
pay,da,0.2449122807017544,0.0521637426900584
gn,da,0.3594470046082949,0.1152073732718894
fo,da,0.6290357181164861,0.5221495226858307
quc,da,0.2550684110656147,0.1178467991610905
eu,da,0.6633297776319028,0.4736194305407401
say,da,0.2126719056974459,0.0768172888015717
ota,da,0.4244622416034215,0.2883559059080045
vi,da,0.6821060382916053,0.4944035346097202
cpg,da,0.5637995184942001,0.3843291748741519
gu,da,0.6084880636604775,0.4387267904509284
mdf,da,0.2736140851772543,0.1605995717344753
uk,de,0.7725756069856595,0.6708433906005964
am,de,0.5643356643356643,0.2496503496503496
ka,de,0.7319151031663959,0.5944255675382872
ceb,de,0.5177923021060276,0.2447349310094408
sd,de,0.5320553395424541,0.3669409530698978
urb,de,0.1530054644808743,0.0300546448087431
sab,de,0.2115739034279395,0.0965720604496866
ltg,de,0.6176470588235294,0.4529411764705882
oc,de,0.5208974486250372,0.3216519408319269
cy,de,0.6175848701985199,0.3852930811699753
ht,de,0.2352631578947368,0.0713533834586466
mpu,de,0.2134831460674157,0.0561797752808988
yo,de,0.1281086982894577,0.0382142423874802
xcl,de,0.4691036464882342,0.2846236752290282
sk,de,0.8549905838041432,0.7598085373509103
ps,de,0.6346201131054832,0.495697074010327
ctn,de,0.1981409336340646,0.08816895632561
gd,de,0.5166556572614891,0.3232046805699726
bho,de,0.2676669167291823,0.1308327081770442
th,de,0.5622896744743944,0.2774464398760537
olo,de,0.5228494623655914,0.3299731182795699
sga,de,0.2967289719626168,0.072429906542056
ab,de,0.237411431270666,0.148606518658479
cu,de,0.4348020911127707,0.1883993029624097
koi,de,0.2989195678271308,0.1812725090036014
ang,de,0.2807017543859649,0.1637426900584795
bm,de,0.1885263690949866,0.058815018447515
got,de,0.2370072563247695,0.0657972151402235
gya,de,0.0913818722139673,0.0156017830609212
myu,de,0.1839530332681017,0.0459882583170254
ug,de,0.5099709583736689,0.3496611810261374
eo,de,0.7516457211250748,0.6561938958707361
pl,de,0.8049709120438782,0.6659877258143962
sdh,de,0.1617647058823529,0.0955882352941176
ajp,de,0.6349809885931559,0.3713561470215462
egy,de,0.2954389574759945,0.0659293552812071
ess,de,0.2749221183800623,0.0825545171339563
af,de,0.7417271191493591,0.6276458312630429
arr,de,0.3600689952565761,0.1250539025442001
arh,de,0.208215564348973,0.0633126059920859
xpg,de,0.1855364552459988,0.0349733254297569
azz,de,0.3541831879460745,0.1867565424266455
bar,de,0.535780792764033,0.3832801276935355
orv,de,0.5435470779220779,0.3599837662337662
yrl,de,0.265220433869839,0.1037688693391982
sa,de,0.2460072473493491,0.0800787366349035
ru,de,0.7808573419313809,0.6868555556075138
de,de,0.9400942567765354,0.9162812481704818
aii,de,0.086092715231788,0.0353200883002207
vep,de,0.3944742900997697,0.2079815809669992
aln,de,0.4829268292682926,0.2435272045028142
ga,de,0.5408365874644252,0.3403931431597061
pro,de,0.3679370593644631,0.2250945131296618
ro,de,0.7191774823533533,0.539978631355858
ja,de,0.1523140105088113,0.0387386238663712
jaa,de,0.1826086956521739,0.0608695652173913
hbo,de,0.1958491076257436,0.07348566792861
ky,de,0.5615544121035251,0.3811535212349282
yue,de,0.3780715620060353,0.1789768644920247
ml,de,0.5551394090719933,0.4244694132334581
pcm,de,0.3321254355400697,0.1910801393728223
xav,de,0.2380527020991514,0.0607414024117909
el,de,0.790710148036902,0.6740685117642852
si,de,0.6647727272727273,0.4261363636363636
hit,de,0.0909090909090909,0.0160427807486631
sr,de,0.8160406269153314,0.6991506873303563
ta,de,0.6975727093811502,0.5482178001312049
lt,de,0.7049386863766168,0.5740802956492524
ca,de,0.7520550243247778,0.6273611810098977
sjo,de,0.0316315926214601,0.0064951935567679
mk,de,0.8441176470588235,0.6867647058823529
frm,de,0.6431224972258407,0.5135330728035895
be,de,0.7595071303477609,0.6662496872654491
et,de,0.7451190418228736,0.6156580164564974
xnr,de,0.3731105807478122,0.1988862370723945
abq,de,0.1273006134969325,0.0260736196319018
eme,de,0.3062845303867403,0.1657458563535911
ur,de,0.3666756720248548,0.2474672430095907
fr,de,0.7320488312036758,0.6206526478183586
hy,de,0.6860481823842138,0.5654964318214474
no,de,0.817515847932918,0.7161621512998045
es,de,0.7598164570014436,0.6221901422973809
apu,de,0.222,0.131
mr,de,0.6747572815533981,0.5364077669902912
myv,de,0.2684215582668844,0.1434335671053895
is,de,0.6247080777267496,0.4913401048126669
nl,de,0.8489298469069204,0.779800704278115
it,de,0.7651072427727696,0.6402471246502953
nap,de,0.4527363184079602,0.2189054726368159
otk,de,0.1962025316455696,0.1075949367088607
ckt,de,0.2617570215545395,0.1156107119529719
sms,de,0.2592592592592592,0.1328347578347578
yi,de,0.8230008984725966,0.7419387042028551
lv,de,0.7202528606865648,0.6023045530927422
fi,de,0.7430394751350755,0.6169230345131768
gwi,de,0.4375,0.375
zh,de,0.3565164628840958,0.1840683244035353
ar,de,0.2975714924948135,0.1741610055729569
gv,de,0.4108437228182082,0.1378177249444283
krl,de,0.5404007756948933,0.3784744667097608
bn,de,0.71875,0.578125
wbp,de,0.2285714285714285,0.0984126984126984
br,de,0.6066360183889666,0.367879272436538
kk,de,0.5747976416508445,0.4431897671629859
cs,de,0.7930887868816943,0.6978158725000339
kmr,de,0.6243386243386243,0.4009184386542877
ko,de,0.5663953117430911,0.3866275978590923
hsb,de,0.5650577594698666,0.4374496283693024
sah,de,0.1815068493150685,0.0958904109589041
jv,de,0.5749145924841386,0.3504845569267238
pad,de,0.2678571428571428,0.1468253968253968
te,de,0.7919556171983356,0.6144244105409153
or,de,0.4927113702623906,0.3411078717201166
uz,de,0.5599777034559643,0.397324414715719
hu,de,0.7560298621745789,0.6588820826952527
lzh,de,0.2782661090238889,0.119479690933579
gun,de,0.1930628772251509,0.0172664069065627
en,de,0.6617688598599542,0.4999132766079756
tt,de,0.3105263157894737,0.1723684210526316
scn,de,0.4285969296679757,0.2357193859335951
lb,de,0.5145631067961165,0.3398058252427184
hi,de,0.4940684115493005,0.3741878870720059
gub,de,0.2958515283842794,0.0827510917030567
tpn,de,0.2544365572315883,0.1013753327417923
kpv,de,0.226890756302521,0.1180379128395544
tn,de,0.2757009345794392,0.1261682242990654
wuu,de,0.2997711670480549,0.108695652173913
he,de,0.714227351649474,0.5157797977734654
nds,de,0.4874692426865943,0.3432971839970837
ha,de,0.2134866089314882,0.0791136314605356
gsw,de,0.3939191765154403,0.2384197483797178
gl,de,0.7149621212121212,0.5372790404040404
yrk,de,0.1572327044025157,0.025943396226415
tl,de,0.6100491534680502,0.3675587110868378
naq,de,0.2272769301895515,0.1067961165048543
bxr,de,0.375710439724798,0.2111875560873466
lij,de,0.4168904804535959,0.2081468218442256
hyw,de,0.6831962048773256,0.4987769624193907
bej,de,0.0729646054723454,0.014057401054305
pt,de,0.7459777357697963,0.6028691451375762
fa,de,0.5519834649002665,0.4023457927634036
wo,de,0.2234932231087186,0.0702681918677304
da,de,0.7736206724533573,0.702883368253018
nhi,de,0.3050417503435155,0.1197547827925166
bor,de,0.2349938499384994,0.1119926199261992
sl,de,0.777385925885736,0.6702566328468341
nmf,de,0.1737516869095816,0.097165991902834
mt,de,0.1519010205003161,0.0418134200307053
xum,de,0.144578313253012,0.0223752151462994
aqz,de,0.2690735694822888,0.1464577656675749
fro,de,0.5688470728793309,0.4118379131819992
sq,de,0.7975270479134466,0.616692426584235
id,de,0.7381858739664913,0.5306597483209272
bg,de,0.8424701093869245,0.7131137115237853
tr,de,0.6062036744992904,0.4488448194291121
akk,de,0.1841584158415841,0.02436855930491
sme,de,0.2054945054945054,0.0908091908091908
grc,de,0.5398148770703064,0.3494699567448844
ckb,de,0.2377049180327868,0.1229508196721311
sv,de,0.8405121548265282,0.7612697663441114
hr,de,0.7942291838417147,0.681121187139324
az,de,0.6447368421052632,0.506578947368421
cop,de,0.0272477021415574,0.0073718098259693
la,de,0.5956231884057971,0.4386086956521739
pay,de,0.2212865497076023,0.0449122807017543
gn,de,0.3317972350230415,0.1059907834101382
fo,de,0.642068003861418,0.5273517108226966
quc,de,0.3524418256266853,0.164685908319185
eu,de,0.6752687289734963,0.4988102075982604
say,de,0.1651277013752455,0.0588408644400785
ota,de,0.4121766111786658,0.2527569290116986
vi,de,0.6274668630338733,0.4093519882179676
cpg,de,0.5767126285839352,0.354125629240534
gu,de,0.6387267904509284,0.4705570291777188
mdf,de,0.2729003093028789,0.1453723530811325
uk,egy,0.1574258128638364,0.0287519522930569
am,egy,0.3414585414585414,0.0829170829170829
ka,egy,0.1384744176884818,0.0242773427882011
ceb,egy,0.3594771241830065,0.1234567901234567
sd,egy,0.1642101455827832,0.0311963106971697
urb,egy,0.2349726775956284,0.0519125683060109
sab,egy,0.2841872465904902,0.0615554736454109
ltg,egy,0.3588235294117647,0.1176470588235294
oc,egy,0.2643700982825375,0.0383202620867666
cy,egy,0.1975801715024081,0.0284271114765652
ht,egy,0.2090225563909774,0.0343609022556391
mpu,egy,0.3033707865168539,0.0561797752808988
yo,egy,0.1571029964818634,0.0286303530268106
xcl,egy,0.2542662116040955,0.0631399317406143
sk,egy,0.1983678593848085,0.040097300690521
ps,egy,0.0951561347430538,0.0208999262355544
ctn,egy,0.2833025767206616,0.0548834666119882
gd,egy,0.1998678871378692,0.0423704822119467
bho,egy,0.100675168792198,0.0130532633158289
th,egy,0.1574317795621897,0.018458667910572
olo,egy,0.2063172043010752,0.0376344086021505
sga,egy,0.3411214953271028,0.080607476635514
ab,egy,0.2229570146433632,0.0495984884270193
cu,egy,0.3212845407020164,0.0725914861837191
koi,egy,0.2713085234093637,0.0792316926770708
ang,egy,0.1988304093567251,0.0584795321637426
bm,egy,0.2043695290457932,0.0313246039210012
got,egy,0.2544616591488527,0.0648166307119043
gya,egy,0.1864784546805349,0.0412332838038633
myu,egy,0.3209393346379647,0.0704500978473581
ug,egy,0.1506292352371732,0.0292352371732817
eo,egy,0.1433273488928785,0.0323159784560143
pl,egy,0.2026305629884047,0.0349587976090631
sdh,egy,0.1029411764705882,0.0220588235294117
ajp,egy,0.320659062103929,0.0887198986058301
egy,egy,0.7738340192043895,0.6566358024691358
ess,egy,0.309190031152648,0.0588006230529595
af,egy,0.1492596641160687,0.0188810493888502
arr,egy,0.3915480810694264,0.1379905131522207
arh,egy,0.299415865837573,0.0284529866214433
xpg,egy,0.2335506816834617,0.0320094842916419
azz,egy,0.3454599524187153,0.0876288659793814
bar,egy,0.2313780260707635,0.0539372173450385
orv,egy,0.2313717532467532,0.046590909090909
yrl,egy,0.2962111366590023,0.0549835049485154
sa,egy,0.2156310114973381,0.0474656645640406
ru,egy,0.1535256515172062,0.0255182443522705
de,egy,0.1713502332025837,0.03121158011826
aii,egy,0.1876379690949227,0.0441501103752759
vep,egy,0.227168073676132,0.044512663085188
aln,egy,0.2571607254534084,0.0517823639774859
ga,egy,0.193427758289761,0.0334568800052948
pro,egy,0.1524471237355676,0.0241136201083069
ro,egy,0.1680065857460634,0.0226122291699507
ja,egy,0.0957640670906318,0.007477832145912
jaa,egy,0.4521739130434782,0.1304347826086956
hbo,egy,0.2486479177934018,0.0407652785289345
ky,egy,0.1602027494048076,0.0287228323477459
yue,egy,0.2266130191119413,0.0432533409972697
ml,egy,0.1622971285892634,0.0291302538493549
pcm,egy,0.2110104529616724,0.0366550522648083
xav,egy,0.3421170165252344,0.0558284948637784
el,egy,0.2217692912822713,0.0384037760137309
si,egy,0.2829545454545454,0.059090909090909
hit,egy,0.1268143621084797,0.0160427807486631
sr,egy,0.1340513089922073,0.0196129936082654
ta,egy,0.2556308768860704,0.0765361906844522
lt,egy,0.1587434906769696,0.0259533008567109
ca,egy,0.1111055192081865,0.0123636973662137
sjo,egy,0.1232138217718888,0.016432839698623
mk,egy,0.3360294117647059,0.0661764705882353
frm,egy,0.1827567906595262,0.0242196169247841
be,egy,0.1670627970978233,0.0336502376782586
et,egy,0.1930149147150948,0.0337244591589983
xnr,egy,0.1841686555290373,0.0393794749403341
abq,egy,0.1595092024539877,0.0490797546012269
eme,egy,0.3746546961325966,0.1588397790055248
ur,egy,0.0548426313656625,0.0035796298797784
fr,egy,0.1889693798839588,0.0293121373712982
hy,egy,0.1582451266823123,0.0323770295512237
no,egy,0.1806024954785436,0.03156798626208
es,egy,0.1354093627552072,0.0179624664879356
apu,egy,0.321,0.1
mr,egy,0.2475728155339805,0.0655339805825242
myv,egy,0.2052070323758286,0.0404457680853107
is,egy,0.1589509794062105,0.0245102968947291
nl,egy,0.1721235733373292,0.028146150196049
it,egy,0.1651694124961144,0.025093254585017
nap,egy,0.3532338308457711,0.0696517412935323
otk,egy,0.2784810126582278,0.0569620253164556
ckt,egy,0.3169497060744611,0.074134552580013
sms,egy,0.2197293447293447,0.0516381766381766
yi,egy,0.3493061794948587,0.0898472596585804
lv,egy,0.1820170174175135,0.0334213544584033
fi,egy,0.2272990406880582,0.0483790936156136
gwi,egy,0.6458333333333334,0.2410714285714285
zh,egy,0.1699409259513669,0.0329257681916014
ar,egy,0.0869137208640117,0.0146768091770735
gv,egy,0.1922296317773267,0.0404948294191553
krl,egy,0.2349709114414996,0.0497737556561085
bn,egy,0.375,0.14375
wbp,egy,0.165079365079365,0.0317460317460317
br,egy,0.3142114731161303,0.0604637217669398
kk,egy,0.2127510742480264,0.0462676126711302
cs,egy,0.1835398301986432,0.0309677594074555
kmr,egy,0.1992612558650294,0.0421283817510232
ko,egy,0.1573661637345369,0.0252726348996301
hsb,egy,0.1764126443986746,0.031163248858243
sah,egy,0.2212328767123287,0.0506849315068493
jv,egy,0.2367705500941225,0.0475493271979362
pad,egy,0.3055555555555556,0.0694444444444444
te,egy,0.3134535367545076,0.0943134535367545
or,egy,0.1253644314868804,0.0204081632653061
uz,egy,0.1687848383500557,0.0280936454849498
hu,egy,0.1291156202143951,0.0183767228177641
lzh,egy,0.3200538739632806,0.102466860423903
gun,egy,0.2084192833677133,0.0401100160440064
en,egy,0.2404319320485056,0.0523214613139337
tt,egy,0.1276315789473684,0.0122807017543859
scn,egy,0.2527668689753659,0.0482863263120314
lb,egy,0.2184466019417475,0.0485436893203883
hi,egy,0.084189743330127,0.0089606642029058
gub,egy,0.2414847161572052,0.0418122270742358
tpn,egy,0.2837178349600709,0.0550133096716947
kpv,egy,0.188000781708032,0.0291186241938635
tn,egy,0.3177570093457944,0.0747663551401869
wuu,egy,0.2860411899313501,0.051487414187643
he,egy,0.1829230926360943,0.0362237428931331
nds,egy,0.1932926273580607,0.0341747926729244
ha,egy,0.263999753444078,0.0500508521589052
gsw,egy,0.163076629813191,0.0291174227983225
gl,egy,0.1358743686868687,0.0175347222222222
yrk,egy,0.2083333333333333,0.0117924528301886
tl,egy,0.3145821955215729,0.0950300382304751
naq,egy,0.2792417938049006,0.0634304207119741
bxr,egy,0.166915943763087,0.0248279988034699
lij,egy,0.2245598328857057,0.0338704864219635
hyw,egy,0.1941294196130754,0.0419538951893855
bej,egy,0.1834992887624466,0.0148104761107857
pt,egy,0.1374081075404326,0.0197437513127494
fa,egy,0.0720920387479144,0.0044575042956396
wo,egy,0.2254157454580409,0.0270114390079784
da,egy,0.1701087498752868,0.0287339120023944
nhi,egy,0.3163513370679632,0.0587675721382517
bor,egy,0.2317958179581795,0.0563960639606396
sl,egy,0.1455699636482014,0.0183386685475557
nmf,egy,0.2597840755735492,0.0614035087719298
mt,egy,0.205003160841687,0.0292603630452451
xum,egy,0.1652323580034423,0.0215146299483648
aqz,egy,0.361716621253406,0.1171662125340599
fro,egy,0.2408900836320191,0.0452011150935882
sq,egy,0.2071097372488408,0.0432766615146831
id,egy,0.1365322600198821,0.019469970661688
bg,egy,0.1893920122106334,0.0349147799542101
tr,egy,0.2177889922725122,0.0457932502759817
akk,egy,0.2436047686401293,0.0412204485754697
sme,egy,0.1901098901098901,0.0376623376623376
grc,egy,0.2653129832582532,0.0519509625944104
ckb,egy,0.2868852459016393,0.040983606557377
sv,egy,0.1686482180788293,0.0284399339155062
hr,egy,0.135078318219291,0.0194558944765045
az,egy,0.275219298245614,0.0756578947368421
cop,egy,0.0449307143190407,0.0062520412448094
la,egy,0.1730144927536231,0.033159420289855
pay,egy,0.327953216374269,0.0423391812865497
gn,egy,0.3179723502304147,0.0875576036866359
fo,egy,0.2378526225463906,0.0546497908398584
quc,egy,0.3473484470188754,0.0669130130829921
eu,egy,0.17637646672684,0.0288422089111348
say,egy,0.2507858546168959,0.0460707269155206
ota,egy,0.182146001928802,0.019749255733993
vi,egy,0.196759941089838,0.0380706921944035
cpg,egy,0.3219522871525498,0.0625957539943094
gu,egy,0.236604774535809,0.0535809018567639
mdf,egy,0.2224601475136807,0.0430644777539852
uk,el,0.8410478489280137,0.760577878744853
am,el,0.5957042957042957,0.2744255744255744
ka,el,0.7587038952085488,0.6200325011079924
ceb,el,0.5737109658678287,0.2868554829339143
sd,el,0.549326340537119,0.3682973144045574
urb,el,0.2404371584699453,0.0710382513661202
sab,el,0.3317360855141909,0.1389605602653888
ltg,el,0.5823529411764706,0.4352941176470588
oc,el,0.6309937456567061,0.4784076243423012
cy,el,0.67802184893692,0.4708680841066604
ht,el,0.2930075187969925,0.0831578947368421
mpu,el,0.2303370786516854,0.0730337078651685
yo,el,0.1839136236806987,0.0531359941768773
xcl,el,0.5917010957427699,0.3892581282557931
sk,el,0.8713119899560577,0.7717357187696171
ps,el,0.6451930169658224,0.507253503811163
ctn,el,0.2804319595379673,0.1303396896999521
gd,el,0.5528923280173634,0.3664244597527602
bho,el,0.2969242310577644,0.1359339834958739
th,el,0.4886882350981241,0.3092326658448006
olo,el,0.5094086021505376,0.3225806451612903
sga,el,0.4053738317757009,0.1051401869158878
ab,el,0.2168162494095418,0.1259329239489844
cu,el,0.5268608414239482,0.2791137664924072
koi,el,0.3385354141656663,0.1908763505402161
ang,el,0.2690058479532163,0.1695906432748538
bm,el,0.2580481805686175,0.0732113144758735
got,el,0.2862325946263973,0.0854089037066091
gya,el,0.1679049034175334,0.026002971768202
myu,el,0.1917808219178082,0.0724070450097847
ug,el,0.5625363020329138,0.4147144240077444
eo,el,0.803411131059246,0.7088569718731299
pl,el,0.8490754423099964,0.719331176697685
sdh,el,0.3014705882352941,0.1176470588235294
ajp,el,0.6476552598225602,0.467680608365019
egy,el,0.2832647462277092,0.0625
ess,el,0.2772585669781931,0.0774922118380062
af,el,0.7353671867236411,0.5683195866043923
arr,el,0.4079344545062527,0.1444588184562311
arh,el,0.2589033352176371,0.0800829093649896
xpg,el,0.2554831061055127,0.0563129816241849
azz,el,0.4325931800158604,0.2209555908009516
bar,el,0.5491487097632349,0.3640595903165735
orv,el,0.6320211038961039,0.4610660173160173
yrl,el,0.3010096970908727,0.1057682695191442
sa,el,0.2968281662416678,0.0954681698206057
ru,el,0.8410405570337671,0.7620962650867209
de,el,0.8036902601330913,0.7302899908280155
aii,el,0.1125827814569536,0.0353200883002207
vep,el,0.4190330007674597,0.2194934765924789
aln,el,0.5818011257035647,0.3514071294559099
ga,el,0.6139387120259449,0.4202131180091336
pro,el,0.5240625319301113,0.3950137938081128
ro,el,0.8052300632301683,0.6611668680924107
ja,el,0.0894524048601924,0.023854683008984
jaa,el,0.2782608695652174,0.0869565217391304
hbo,el,0.494118442401298,0.31611681990265
ky,el,0.6264495814453575,0.4323016665386683
yue,el,0.3491162523351056,0.1787613162810748
ml,el,0.5863503953391593,0.4535996670828131
pcm,el,0.5273170731707317,0.3694773519163763
xav,el,0.3202322465386333,0.080393032603841
el,el,0.8944432525209183,0.842058213545019
si,el,0.6943181818181818,0.4227272727272727
hit,el,0.1535523300229182,0.0297937356760886
sr,el,0.8564048682251992,0.7427545749058752
ta,el,0.7375902033675924,0.5703039580144326
lt,el,0.7748194187804468,0.658827481941878
ca,el,0.8429290387518873,0.7397081026673377
sjo,el,0.0420888542478565,0.0059106261366588
mk,el,0.9169117647058824,0.8014705882352942
frm,el,0.6962898634631157,0.5758189800742992
be,el,0.8256192144108081,0.7469352014010507
et,el,0.7505396238051187,0.620413197656491
xnr,el,0.3937947494033413,0.1913285600636436
abq,el,0.1457055214723926,0.0291411042944785
eme,el,0.3446132596685083,0.1805939226519337
ur,el,0.3678913953802512,0.2301094151019856
fr,el,0.7899604252607573,0.6854730522856088
hy,el,0.7369605824033718,0.6105177451027348
no,el,0.8261385849211714,0.7358190686713312
es,el,0.8360486698288306,0.7280779542173644
apu,el,0.256,0.136
mr,el,0.6553398058252428,0.4830097087378641
myv,el,0.2928235181093284,0.1588048803919685
is,el,0.6565764920161353,0.5291587051501234
nl,el,0.8303738667865438,0.739417097475088
it,el,0.810118122474355,0.7002875349704694
nap,el,0.527363184079602,0.2437810945273631
otk,el,0.1582278481012658,0.0632911392405063
ckt,el,0.2790659699542782,0.1232854343566296
sms,el,0.3173076923076923,0.1623931623931624
yi,el,0.8217031047219726,0.7285614455425776
lv,el,0.7980848737030221,0.6778960283801446
fi,el,0.7413303561583416,0.6200931745506671
gwi,el,0.4732142857142857,0.3968253968253968
zh,el,0.236822823647937,0.1124124192883637
ar,el,0.318008379774641,0.2415815807671968
gv,el,0.3716052962211269,0.1194549144679617
krl,el,0.5701357466063348,0.3878474466709761
bn,el,0.734375,0.578125
wbp,el,0.165079365079365,0.0571428571428571
br,el,0.6973815710573655,0.4950029982010793
kk,el,0.6556410512641151,0.5222344358948736
cs,el,0.8357774437719191,0.7391991983859393
kmr,el,0.6738544474393531,0.4984526305281022
ko,el,0.5984498505381807,0.3951817762916927
hsb,el,0.5735649682099042,0.4678964807020686
sah,el,0.2253424657534246,0.1047945205479452
jv,el,0.6179320923098376,0.4503939203792791
pad,el,0.2936507936507936,0.1468253968253968
te,el,0.7947295423023578,0.6740638002773925
or,el,0.488824101068999,0.337220602526725
uz,el,0.5821627647714605,0.4340022296544035
hu,el,0.7749808575803981,0.6704632465543645
lzh,el,0.3722265541929538,0.1258240589778124
gun,el,0.1542516617006646,0.013064405225762
en,el,0.8125833164016235,0.6990846965424623
tt,el,0.343859649122807,0.1951754385964912
scn,el,0.5465905033916458,0.3306854694751874
lb,el,0.4660194174757281,0.2233009708737864
hi,el,0.4990803084763496,0.3299583185676437
gub,el,0.2717248908296943,0.1213973799126637
tpn,el,0.2759538598047915,0.1153504880212954
kpv,el,0.2642173148329099,0.13406292749658
tn,el,0.4626168224299065,0.205607476635514
wuu,el,0.3524027459954233,0.1384439359267734
he,el,0.7875940489565247,0.6298982058352909
nds,el,0.5138977490203226,0.3326346486831313
ha,el,0.3028014916633278,0.1318765987610564
gsw,el,0.429613038505528,0.2242184521540221
gl,el,0.797979797979798,0.6663983585858586
yrk,el,0.210691823899371,0.0589622641509434
tl,el,0.7149098853085746,0.4396504642271983
naq,el,0.2046232085067036,0.0932963476652797
bxr,el,0.4134011367035596,0.2269418685811147
lij,el,0.5680393912264996,0.3612354521038496
hyw,el,0.7227040249054926,0.5766066266399822
bej,el,0.1705296627897247,0.0304577022843276
pt,el,0.8265028355387524,0.7039151438773367
fa,el,0.5285006350075951,0.4265507881564858
wo,el,0.2952033067384408,0.0809381909064692
da,el,0.7694303102863415,0.6906115933353287
nhi,el,0.3693055702357045,0.1579114258535038
bor,el,0.2514760147601476,0.1095940959409594
sl,el,0.819136237860127,0.6932884813629212
nmf,el,0.2095141700404858,0.1029014844804318
mt,el,0.2660525602817664,0.0681838706764201
xum,el,0.1222030981067125,0.0240963855421686
aqz,el,0.3194822888283379,0.162125340599455
fro,el,0.6326911589008363,0.4751095181202708
sq,el,0.8856259659969088,0.7272024729520865
id,el,0.7724219867613898,0.6385083529326189
bg,el,0.8984991096413126,0.7820529127448487
tr,el,0.6570730168743101,0.5071262419176786
akk,el,0.2439684784805011,0.0259850474843402
sme,el,0.2153846153846154,0.0842157842157842
grc,el,0.5865438490329232,0.4326632152222147
ckb,el,0.2459016393442623,0.081967213114754
sv,el,0.8447014396978995,0.7603552041538825
hr,el,0.8526380873866447,0.7461253091508656
az,el,0.6765350877192983,0.5394736842105263
cop,el,0.0457705407549106,0.0035925908645546
la,el,0.6543091787439613,0.5151884057971015
pay,el,0.2601169590643274,0.0755555555555555
gn,el,0.2903225806451613,0.0921658986175115
fo,el,0.6565483213557868,0.546873324037327
quc,el,0.3842005392989114,0.1676820133826026
eu,el,0.7112907196192664,0.5455813571838845
say,el,0.2658153241650294,0.0952848722986247
ota,el,0.4640446140299383,0.3076439263700784
vi,el,0.6877761413843888,0.5043446244477172
cpg,el,0.6649157364850077,0.4712190851389801
gu,el,0.6440318302387268,0.4578249336870026
mdf,el,0.2905067808708065,0.1513204853675945
uk,en,0.79969473235837,0.7192602584126082
am,en,0.5916083916083916,0.2619380619380619
ka,en,0.744029152508987,0.6020091594031615
ceb,en,0.5911401597676107,0.2723311546840958
sd,en,0.5722940591373542,0.4055520390632064
urb,en,0.133879781420765,0.0218579234972677
sab,en,0.2583855510504976,0.1216365646885366
ltg,en,0.6,0.4823529411764706
oc,en,0.6128263675171249,0.4659982130447732
cy,en,0.6640432280042289,0.4992364618818278
ht,en,0.2101503759398496,0.0609774436090225
mpu,en,0.2134831460674157,0.0505617977528089
yo,en,0.1237413563023171,0.0408831736018439
xcl,en,0.5379917370217352,0.361595114065026
sk,en,0.8454174513496547,0.7454488386691777
ps,en,0.6267519055815097,0.5281534300467174
ctn,en,0.2016950310983528,0.0897409609732759
gd,en,0.5611965650655846,0.385580824761725
bho,en,0.3405851462865716,0.1915978994748687
th,en,0.4055909106054043,0.2781794555692533
olo,en,0.5241935483870968,0.3245967741935484
sga,en,0.3598130841121495,0.1063084112149532
ab,en,0.1822390174775625,0.1173358526216343
cu,en,0.4437640029873039,0.22638785163057
koi,en,0.2713085234093637,0.1692677070828331
ang,en,0.2631578947368421,0.1812865497076023
bm,en,0.2337408666714895,0.0674238587860811
got,en,0.2067071974897038,0.0656991566973916
gya,en,0.0676077265973254,0.0144873699851411
myu,en,0.1859099804305283,0.0684931506849315
ug,en,0.6040658276863504,0.4484027105517909
eo,en,0.7911430281268701,0.7199281867145422
pl,en,0.8194150458617889,0.7082684345753957
sdh,en,0.1029411764705882,0.0073529411764705
ajp,en,0.6261089987325729,0.4474017743979721
egy,en,0.2480281207133059,0.0606995884773662
ess,en,0.2484423676012461,0.0708722741433021
af,en,0.7249329225876975,0.5994236311239193
arr,en,0.3354894351013368,0.1168607158257869
arh,en,0.2019973619747503,0.0633126059920859
xpg,en,0.2187314759928867,0.0391227030231179
azz,en,0.3957176843774782,0.2179817605075337
bar,en,0.4969406757116254,0.3279462623038042
orv,en,0.5825487012987013,0.4221049783549783
yrl,en,0.2477256822953114,0.0985704288713386
sa,en,0.2309309712342862,0.0743524359146423
ru,en,0.8099388815367997,0.7368866526067702
de,en,0.8008142575571298,0.741374431629686
aii,en,0.0838852097130242,0.0375275938189845
vep,en,0.4029163468917882,0.2164236377590176
aln,en,0.5410881801125703,0.289993746091307
ga,en,0.5909391753259646,0.4217684823615064
pro,en,0.453663022376622,0.3429038520486359
ro,en,0.7723188481950501,0.6436165554446255
ja,en,0.1282840035489817,0.0248030261976485
jaa,en,0.1739130434782608,0.0434782608695652
hbo,en,0.3450513791238507,0.2127501352082206
ky,en,0.6658474771522924,0.4313032793180247
yue,en,0.2768357522632562,0.1608708147722373
ml,en,0.5900957136912193,0.4452767374115688
pcm,en,0.5278745644599303,0.396794425087108
xav,en,0.2487717731129968,0.0580616346583296
el,en,0.8303296860473433,0.7243080883930487
si,en,0.6511363636363636,0.4295454545454545
hit,en,0.0909090909090909,0.014514896867838
sr,en,0.831275720164609,0.7438052709920322
ta,en,0.7161600699759457,0.551716597419637
lt,en,0.7353435242734756,0.6022173693935831
ca,en,0.828166415031035,0.7455628250293574
sjo,en,0.0212392829306313,0.0056508183943881
mk,en,0.9007352941176472,0.7580882352941176
frm,en,0.6973512809379071,0.5898103922420032
be,en,0.7798348761571179,0.7045909432074056
et,en,0.7496470129996592,0.624194621614165
xnr,en,0.3898170246618934,0.1937151949085123
abq,en,0.0874233128834355,0.0368098159509202
eme,en,0.3104281767955801,0.1712707182320442
ur,en,0.4173983520194516,0.2960961772254491
fr,en,0.7854831136599926,0.7067612435858738
hy,en,0.7286747449590497,0.596197135878155
no,en,0.8380679223222931,0.7692139059902446
es,en,0.8285110332027222,0.7405238193441946
apu,en,0.177,0.102
mr,en,0.6844660194174758,0.5461165048543689
myv,en,0.2409453357671246,0.1345950619656067
is,en,0.6432290793693362,0.5279407327947437
nl,en,0.8274518618416123,0.76219375140481
it,en,0.8168479950264221,0.7338824992228784
nap,en,0.4776119402985074,0.1890547263681592
otk,en,0.189873417721519,0.0886075949367088
ckt,en,0.2219137818419334,0.1064663618549967
sms,en,0.2606837606837607,0.1542022792022792
yi,en,0.8324847758810023,0.7459319157432365
lv,en,0.7900029340375023,0.6455415966498627
fi,en,0.7520674826331459,0.6442275884882567
gwi,en,0.3978174603174603,0.3492063492063492
zh,en,0.2034047717177268,0.1177016073636488
ar,en,0.3370459260464549,0.2279868201602733
gv,en,0.4176089687832222,0.1391707741374311
krl,en,0.552682611506141,0.3952811893988364
bn,en,0.60625,0.521875
wbp,en,0.146031746031746,0.0539682539682539
br,en,0.6576054367379572,0.4521287227663402
kk,en,0.6805236334565804,0.5213350654541821
cs,en,0.7907029017887368,0.6902871999025064
kmr,en,0.6332235200159728,0.4722970949386044
ko,en,0.612509895199499,0.4390987393220459
hsb,en,0.564968209904182,0.4595683710934002
sah,en,0.1390410958904109,0.0643835616438356
jv,en,0.5813288712263822,0.4303841595203235
pad,en,0.2936507936507936,0.1666666666666666
te,en,0.8072122052704577,0.6879334257975035
or,en,0.5714285714285714,0.391642371234208
uz,en,0.61438127090301,0.4517279821627648
hu,en,0.7677067381316999,0.6578292496171516
lzh,en,0.3193095626284823,0.1469483235273268
gun,en,0.1071892428756971,0.0235312094124837
en,en,0.8955453910233856,0.8599838446709714
tt,en,0.3828947368421053,0.2021929824561403
scn,en,0.4759014637629418,0.288200642627633
lb,en,0.4368932038834951,0.2281553398058252
hi,en,0.5493005281898108,0.4143674378575406
gub,en,0.3050218340611353,0.1070960698689956
tpn,en,0.2588731144631765,0.1104702750665483
kpv,en,0.2160445573578268,0.1163767832714481
tn,en,0.308411214953271,0.1308411214953271
wuu,en,0.2528604118993135,0.1212814645308924
he,en,0.7572260238994996,0.6213869880502503
nds,en,0.4596737446459491,0.305477080105714
ha,en,0.2074768083335901,0.0965574629395629
gsw,en,0.361370568051849,0.1943861990087685
gl,en,0.7916982323232323,0.6785669191919191
yrk,en,0.1281446540880503,0.025943396226415
tl,en,0.7515019115237576,0.5182960131075914
naq,en,0.2018492834026814,0.106426259824318
bxr,en,0.4062219563266527,0.2199621098813441
lij,en,0.5398388540734109,0.348552670844524
hyw,en,0.7119561188940775,0.5478467126232303
bej,en,0.0691155551836666,0.0103757007781775
pt,en,0.8105229993698803,0.7134299516908212
fa,en,0.5380132978061111,0.4417162636651144
wo,en,0.2347399788522541,0.0726713448043833
da,en,0.7940736306495061,0.7328145265888456
nhi,en,0.3471091850755734,0.1515696015220378
bor,en,0.2325338253382533,0.11230012300123
sl,en,0.7934458249688026,0.6919863273832131
nmf,en,0.1612685560053981,0.0894062078272604
mt,en,0.1969655919804931,0.0511153255666937
xum,en,0.0989672977624784,0.0180722891566265
aqz,en,0.2486376021798365,0.1321525885558583
fro,en,0.6138241736360016,0.4638341298287535
sq,en,0.8446676970633694,0.6831530139103554
id,en,0.7446839463666561,0.6269912469994908
bg,en,0.8731874841007378,0.7548333757313661
tr,en,0.6941235609525311,0.5286528150134048
akk,en,0.1398262275207112,0.0309153364316023
sme,en,0.1546453546453546,0.0644355644355644
grc,en,0.5416526591810663,0.381294964028777
ckb,en,0.221311475409836,0.0737704918032786
sv,en,0.8597179608213359,0.8125
hr,en,0.8185490519373454,0.7281121187139324
az,en,0.6885964912280702,0.5581140350877193
cop,en,0.0238883963980777,0.0084915784071291
la,en,0.6004734299516908,0.461207729468599
pay,en,0.2175438596491228,0.063391812865497
gn,en,0.3594470046082949,0.1059907834101382
fo,en,0.6560656441059745,0.5465515392041188
quc,en,0.3775092379906122,0.1748726655348047
eu,en,0.7030032001312875,0.5121030606383852
say,en,0.1411591355599214,0.0636542239685658
ota,en,0.4397249360560191,0.2842467189399975
vi,en,0.6813696612665685,0.5245949926362298
cpg,en,0.5865616108557671,0.3838914423287371
gu,en,0.6456233421750663,0.4854111405835544
mdf,en,0.2357839638353557,0.1344277896740423
uk,es,0.8126508590089451,0.7216030100809314
am,es,0.6215784215784216,0.2822177822177822
ka,es,0.7308809770030039,0.5953119613926232
ceb,es,0.5548293391430646,0.2861292665214234
sd,es,0.5498688850709829,0.381318383217289
urb,es,0.2021857923497267,0.0519125683060109
sab,es,0.3074087725764836,0.1426465167711021
ltg,es,0.6705882352941176,0.5294117647058824
oc,es,0.6387372183063635,0.5164300605579272
cy,es,0.7084459062610126,0.4962410431105368
ht,es,0.33,0.1038345864661654
mpu,es,0.2415730337078651,0.0617977528089887
yo,es,0.2019895669052529,0.0555622952808443
xcl,es,0.5451769355128435,0.3568349200646667
sk,es,0.8573446327683616,0.7994350282485876
ps,es,0.6501106466683059,0.540447504302926
ctn,es,0.2729820244685941,0.1204292256168409
gd,es,0.6200811550438804,0.4165329810323676
bho,es,0.2951237809452363,0.1309827456864216
th,es,0.3854329790424149,0.2369973011694932
olo,es,0.5026881720430108,0.3319892473118279
sga,es,0.4077102803738318,0.0992990654205607
ab,es,0.2302314596126594,0.137836561171469
cu,es,0.4993776450087129,0.2619865571321882
koi,es,0.2857142857142857,0.1620648259303721
ang,es,0.3099415204678362,0.2280701754385964
bm,es,0.2563842870578022,0.0583809592707805
got,es,0.287997646597372,0.0940380466758187
gya,es,0.1849925705794948,0.0237741456166419
myu,es,0.1937377690802348,0.0684931506849315
ug,es,0.5483059051306873,0.4054211035818005
eo,es,0.8470975463794135,0.7399760622381807
pl,es,0.8407550887282506,0.7324573665082471
sdh,es,0.3676470588235294,0.1985294117647058
ajp,es,0.6400506970849176,0.4372623574144487
egy,es,0.3066700960219479,0.0680727023319616
ess,es,0.2784267912772585,0.1156542056074766
af,es,0.7362615522210076,0.6074729206002186
arr,es,0.3868046571798189,0.1354031910306166
arh,es,0.271151309591106,0.0765027322404371
xpg,es,0.1956135151155898,0.0343805572021339
azz,es,0.3901665344964314,0.2039056304520222
bar,es,0.5063846767757382,0.343708433093908
orv,es,0.6350649350649351,0.4738095238095238
yrl,es,0.3045086474057782,0.117664700589823
sa,es,0.2844808303136044,0.0821366259562474
ru,es,0.8194410022118618,0.7423251202962866
de,es,0.870757957184396,0.8122572839217064
aii,es,0.0927152317880794,0.0397350993377483
vep,es,0.454336147352264,0.2540291634689179
aln,es,0.550656660412758,0.3016260162601626
ga,es,0.6546429280561255,0.4496988549870938
pro,es,0.5628895473587412,0.4587718401961786
ro,es,0.813724975040723,0.6859509922407301
ja,es,0.0992014790966035,0.0159226024449721
jaa,es,0.2521739130434782,0.0782608695652174
hbo,es,0.4478772309356409,0.2358031368307193
ky,es,0.5907380385531065,0.4027340450042239
yue,es,0.2411984480528811,0.112803563730421
ml,es,0.5784436121514773,0.4327923429047025
pcm,es,0.4848780487804878,0.3320557491289199
xav,es,0.2912014292094685,0.0732469852612773
el,es,0.8322248444539798,0.7285990130873203
si,es,0.6840909090909091,0.4284090909090909
hit,es,0.1504965622612681,0.029029793735676
sr,es,0.8402941949041239,0.7438052709920322
ta,es,0.7205335665864859,0.551716597419637
lt,es,0.7300520745842433,0.6178397446665547
ca,es,0.9021305150142592,0.8471397416540849
sjo,es,0.0438425565081839,0.0040270200051961
mk,es,0.9036764705882352,0.7698529411764706
frm,es,0.7243209340473779,0.6309644425145945
be,es,0.8022266700025019,0.7157242932199149
et,es,0.7532986026583572,0.627732606261259
xnr,es,0.42442322991249,0.2175815433571996
abq,es,0.111963190184049,0.0291411042944785
eme,es,0.3270027624309392,0.1723066298342541
ur,es,0.3471565581521005,0.2311225178981494
fr,es,0.7902454975349633,0.7170238454572895
hy,es,0.7065472484314382,0.5938981751999617
no,es,0.8428725406017648,0.7503425345731563
es,es,0.8943596617859353,0.8462982058156321
apu,es,0.23,0.138
mr,es,0.6747572815533981,0.5218446601941747
myv,es,0.2716879623402825,0.1528484964934191
is,es,0.6547774686288313,0.5117942185422324
nl,es,0.8641642316625459,0.7891161559401614
it,es,0.8358175318619833,0.7565278209511967
nap,es,0.5621890547263682,0.3184079601990049
otk,es,0.2278481012658227,0.0886075949367088
ckt,es,0.2713912475506205,0.1206727629000653
sms,es,0.2866809116809117,0.1574074074074074
yi,es,0.8041329739442947,0.7257661974643107
lv,es,0.7582619828758902,0.6446880584673655
fi,es,0.7495865034733709,0.6399961406990848
gwi,es,0.4623015873015873,0.3938492063492063
zh,es,0.1235975637679168,0.0604249667994687
ar,es,0.3388113737135418,0.2324533214009681
gv,es,0.3904513385522373,0.126510099545762
krl,es,0.5530058177117001,0.3959276018099547
bn,es,0.740625,0.553125
wbp,es,0.1841269841269841,0.0888888888888888
br,es,0.663601838896662,0.4680191884869079
kk,es,0.6297591685819927,0.4997501748775857
cs,es,0.8038401646558612,0.728028056492126
kmr,es,0.6821403613856444,0.4929619646600778
ko,es,0.5882297340406678,0.4066779304559472
hsb,es,0.5751768603922272,0.470762066803976
sah,es,0.2493150684931507,0.1335616438356164
jv,es,0.6254618977898626,0.4471867810081573
pad,es,0.2003968253968254,0.1051587301587301
te,es,0.8072122052704577,0.6643550624133149
or,es,0.4645286686103013,0.3294460641399417
uz,es,0.570345596432553,0.4260869565217391
hu,es,0.7932618683001531,0.6840543644716692
lzh,es,0.328205855249167,0.1211809739845466
gun,es,0.0886240354496141,0.0203988081595232
en,es,0.7829437388188769,0.6893518541461214
tt,es,0.3662280701754385,0.2162280701754386
scn,es,0.5571224562656194,0.370492681185291
lb,es,0.4514563106796116,0.2184466019417475
hi,es,0.4819014833189895,0.3453315108253598
gub,es,0.3168122270742358,0.1016375545851528
tpn,es,0.2744010647737356,0.1111357586512866
kpv,es,0.2294313074066836,0.1261481336720734
tn,es,0.411214953271028,0.1682242990654205
wuu,es,0.2219679633867277,0.0869565217391304
he,es,0.8053654716916896,0.6559084873863752
nds,es,0.4850997903946049,0.3071174701540144
ha,es,0.2754029648349616,0.1042006965204795
gsw,es,0.377859321387724,0.2017727792603888
gl,es,0.8260574494949495,0.7290561868686869
yrk,es,0.2036163522012578,0.0589622641509434
tl,es,0.7236482796286182,0.4909885308574549
naq,es,0.2280166435506241,0.1052242256125751
bxr,es,0.4104098115465151,0.2367135307607937
lij,es,0.5984780662488809,0.3997314234556848
hyw,es,0.7164776517678453,0.5479949596026981
bej,es,0.1307840348088026,0.01472680110451
pt,es,0.8467968914093678,0.752703213610586
fa,es,0.5389844858928705,0.4399731055606743
wo,es,0.3140440257617994,0.0920888205325387
da,es,0.8148259004290133,0.7424922677840966
nhi,es,0.3635979283373851,0.1593911848641792
bor,es,0.2247847478474784,0.1012915129151291
sl,es,0.815202647713092,0.7241875101730779
nmf,es,0.2081646423751686,0.1042510121457489
mt,es,0.2753544658177549,0.0946446310846202
xum,es,0.1712564543889845,0.0344234079173838
aqz,es,0.2867847411444141,0.1478201634877384
fro,es,0.6418010752688172,0.5072431302270012
sq,es,0.8539412673879444,0.705564142194745
id,es,0.814392745435589,0.6552142181703562
bg,es,0.886797252607479,0.773658102264055
tr,es,0.6448805393471061,0.5030456552594228
akk,es,0.2362093352192362,0.0436047686401293
sme,es,0.2036963036963037,0.0879120879120879
grc,es,0.5738138461193661,0.4125820838656178
ckb,es,0.3032786885245901,0.1475409836065573
sv,es,0.8511918810479112,0.767037408543781
hr,es,0.8274525968672712,0.7350370981038747
az,es,0.6831140350877193,0.5537280701754386
cop,es,0.0542154621378248,0.0063920123174543
la,es,0.643903381642512,0.4960386473429952
pay,es,0.2652631578947368,0.0661988304093567
gn,es,0.336405529953917,0.0967741935483871
fo,es,0.6345596910865601,0.5189316743537488
quc,es,0.3080994706881054,0.141815639668431
eu,es,0.6973004020677771,0.5296217280708952
say,es,0.2347740667976424,0.0752455795677799
ota,es,0.4763302444546941,0.3148978992829888
vi,es,0.7117820324005891,0.5282032400589102
cpg,es,0.6224556795797768,0.4162836506894287
gu,es,0.6445623342175066,0.4716180371352785
mdf,es,0.2781346657149655,0.151558410659053
uk,et,0.7697359079937527,0.679326991338918
am,et,0.6296703296703297,0.2958041958041958
ka,et,0.7835721672329738,0.6569163342689713
ceb,et,0.5424836601307189,0.2904865649963689
sd,et,0.6044850348132742,0.4598969165385658
urb,et,0.221311475409836,0.0573770491803278
sab,et,0.3177294507924806,0.1371175820125322
ltg,et,0.5882352941176471,0.4647058823529412
oc,et,0.5767894371091036,0.4078228928819616
cy,et,0.6099494890167978,0.4261130036414894
ht,et,0.2758646616541353,0.0752631578947368
mpu,et,0.2303370786516854,0.0617977528089887
yo,et,0.1717821181608637,0.050952323183307
xcl,et,0.5214657804921861,0.3558469552721394
sk,et,0.8448681732580038,0.7473320778405524
ps,et,0.6685517580526187,0.5596262601426113
ctn,et,0.2879502426354999,0.1249401954753605
gd,et,0.5315655374162499,0.3477399263942625
bho,et,0.345536384096024,0.1813953488372093
th,et,0.5267384133542131,0.3305900776330256
olo,et,0.5772849462365591,0.4354838709677419
sga,et,0.3691588785046729,0.1179906542056074
ab,et,0.3487954652810581,0.193103448275862
cu,et,0.4906148867313916,0.2538212596465024
koi,et,0.382953181272509,0.2328931572629051
ang,et,0.2456140350877192,0.1520467836257309
bm,et,0.2389495767923027,0.0673515155899587
got,et,0.2578937046479702,0.0660913904687193
gya,et,0.1775631500742942,0.0222882615156017
myu,et,0.2818003913894324,0.0939334637964774
ug,et,0.6126815101645692,0.4766698935140367
eo,et,0.7603231597845601,0.6379413524835428
pl,et,0.806595045063035,0.6794733548996899
sdh,et,0.125,0.0367647058823529
ajp,et,0.605830164765526,0.4321926489226869
egy,et,0.2848079561042524,0.0578703703703703
ess,et,0.2686915887850467,0.0809968847352024
af,et,0.7106230746298321,0.536122428699195
arr,et,0.3523070288917637,0.1099611901681759
arh,et,0.2781232334652346,0.0765027322404371
xpg,et,0.2329579134558387,0.0491997628927089
azz,et,0.3791633624107851,0.2041038858049167
bar,et,0.4920856610800745,0.3136472466081405
orv,et,0.5939664502164502,0.4352813852813852
yrl,et,0.2732180345896231,0.1191642507247825
sa,et,0.3017939426475193,0.1008813134702277
ru,et,0.7705742890945395,0.6897969108755325
de,et,0.8378193119060164,0.7222108385535585
aii,et,0.0949227373068432,0.0419426048565121
vep,et,0.5418265541059094,0.3960092095165003
aln,et,0.5333333333333333,0.2836147592245153
ga,et,0.5686676815143292,0.3855648950956383
pro,et,0.4472259119239808,0.3069377745989578
ro,et,0.7319286077102272,0.5925945387350463
ja,et,0.1232128910919494,0.0380346716394914
jaa,et,0.2260869565217391,0.0782608695652174
hbo,et,0.3674959437533802,0.1857760951865873
ky,et,0.6676138545426619,0.4915137086245296
yue,et,0.3726110073286391,0.1987354504957608
ml,et,0.6158967956720766,0.4648356221389929
pcm,et,0.5026480836236934,0.361184668989547
xav,et,0.2626172398392139,0.05895489057615
el,et,0.770042194092827,0.6495029678895802
si,et,0.6727272727272727,0.4522727272727272
hit,et,0.1191749427043544,0.0267379679144385
sr,et,0.7961649592855267,0.6947727869713686
ta,et,0.7133172971790946,0.6013557839492675
lt,et,0.7581891483285739,0.6701663027045187
ca,et,0.7254823016272437,0.6059386009058882
sjo,et,0.0289685632631852,0.0062353858144972
mk,et,0.8779411764705882,0.7
frm,et,0.6692719641047908,0.5260770975056689
be,et,0.769827370527896,0.7017763322491869
et,et,0.8794650826882192,0.8468279857831442
xnr,et,0.4359586316626889,0.2430389817024661
abq,et,0.161042944785276,0.0398773006134969
eme,et,0.3639502762430939,0.1812845303867403
ur,et,0.4519113872754289,0.3331757395650412
fr,et,0.7212244692625013,0.5898480732468055
hy,et,0.7746539585229177,0.6856650222711815
no,et,0.8098248049836497,0.7054385355961929
es,et,0.7297999587543823,0.6050113425448546
apu,et,0.292,0.157
mr,et,0.7135922330097088,0.558252427184466
myv,et,0.3007013161687001,0.1638005572101066
is,et,0.6282781893555921,0.5084420010503615
nl,et,0.8142903523888014,0.7152918258784746
it,et,0.7407833385141436,0.6141902393534349
nap,et,0.4825870646766169,0.2139303482587064
otk,et,0.189873417721519,0.1012658227848101
ckt,et,0.3252775963422599,0.1391247550620509
sms,et,0.306980056980057,0.1787749287749288
yi,et,0.8656284316661675,0.7688928821004293
lv,et,0.7938438558587394,0.697847483396015
fi,et,0.8103153600176425,0.7434805380968134
gwi,et,0.5704365079365079,0.4682539682539682
zh,et,0.3457205660118148,0.1865755369327288
ar,et,0.2712687629662775,0.1983647235894724
gv,et,0.3660964530781869,0.1238040011597564
krl,et,0.6186166774402069,0.4776987718164189
bn,et,0.65625,0.571875
wbp,et,0.2031746031746031,0.0698412698412698
br,et,0.6393164101539076,0.4224465320807515
kk,et,0.6834216048765864,0.5719996002798041
cs,et,0.7962437881680682,0.6977779583214851
kmr,et,0.6477987421383647,0.4781870819606669
ko,et,0.6138213783569834,0.4335692427661661
hsb,et,0.6101011910092236,0.493507656487866
sah,et,0.3445205479452055,0.1431506849315068
jv,et,0.6037788468242348,0.4396569755281322
pad,et,0.2936507936507936,0.1726190476190476
te,et,0.8502080443828016,0.723994452149792
or,et,0.5889212827988338,0.4392614188532556
uz,et,0.6431438127090301,0.4928651059085842
hu,et,0.8036944869831547,0.6774502297090352
lzh,et,0.357056780321826,0.1530445877932941
gun,et,0.1391244556497822,0.0131408052563221
en,et,0.7879043168426738,0.6760360967535718
tt,et,0.4328947368421053,0.2859649122807017
scn,et,0.4848268475544448,0.2656194216351303
lb,et,0.4126213592233009,0.2281553398058252
hi,et,0.5647243456690123,0.4372162878212592
gub,et,0.2541484716157205,0.0951965065502183
tpn,et,0.2346938775510204,0.0951641526175687
kpv,et,0.2921633769786984,0.1632792651944498
tn,et,0.3691588785046729,0.1542056074766355
wuu,et,0.3077803203661327,0.1292906178489702
he,et,0.7125251080924658,0.5219078745786947
nds,et,0.4934840061970291,0.3081199307390868
ha,et,0.2583597867291275,0.106080685425463
gsw,et,0.3480270682424704,0.1899065955013343
gl,et,0.7051136363636363,0.5511679292929293
yrk,et,0.2657232704402515,0.0534591194968553
tl,et,0.6843255051884216,0.4587657018022938
naq,et,0.236708275543227,0.1035598705501618
bxr,et,0.4663475919832486,0.2608435536942866
lij,et,0.5158161742763354,0.2945389435989257
hyw,et,0.7565043362241495,0.6221184493365948
bej,et,0.1101163082587231,0.0171533762865032
pt,et,0.7288216761184625,0.5855744591472379
fa,et,0.5147296859825187,0.4153696740294345
wo,et,0.2710756512544458,0.0800730558492742
da,et,0.7739199840367156,0.6786391300009977
nhi,et,0.3796638833104323,0.1679526477116583
bor,et,0.2790282902829028,0.1285977859778597
sl,et,0.7712820791058542,0.6629862731267973
nmf,et,0.2449392712550607,0.1143724696356275
mt,et,0.2077124537162467,0.0593335139528583
xum,et,0.229776247848537,0.0602409638554216
aqz,et,0.3160762942779291,0.1546321525885558
fro,et,0.6126294305057746,0.4309538032656312
sq,et,0.7612055641421948,0.6081916537867079
id,et,0.7352277962320879,0.6040055282108479
bg,et,0.8455227677435767,0.7010302721953702
tr,et,0.6914820217631289,0.5636532092729853
akk,et,0.211032531824611,0.0459890887047888
sme,et,0.2382617382617382,0.1075924075924076
grc,et,0.5661713619758398,0.4120666083955265
ckb,et,0.2786885245901639,0.1147540983606557
sv,et,0.8272215010620723,0.7436570686806703
hr,et,0.7891591096455071,0.6854080791426216
az,et,0.6962719298245614,0.5899122807017544
cop,et,0.0342462557738067,0.0069518966080343
la,et,0.6094396135265701,0.4832753623188406
pay,et,0.2835087719298245,0.0753216374269005
gn,et,0.3087557603686636,0.1059907834101382
fo,et,0.6623404483535342,0.5527727126461439
quc,et,0.3671227404374313,0.1487066813142914
eu,et,0.7148190695002872,0.5855419709526545
say,et,0.1959724950884086,0.0769155206286836
ota,et,0.484422826952912,0.3481068388611681
vi,et,0.6711340206185566,0.4916789396170839
cpg,et,0.630772597942657,0.4092799299627927
gu,et,0.6503978779840849,0.503448275862069
mdf,et,0.3485605519866762,0.1958125148703307
uk,eu,0.6050333664631549,0.4613445974726678
am,eu,0.6620379620379621,0.2935064935064935
ka,eu,0.7370364898803369,0.5691633426897129
ceb,eu,0.4865649963689179,0.233115468409586
sd,eu,0.6292612351930554,0.4194773487657112
urb,eu,0.3032786885245901,0.1174863387978142
sab,eu,0.3096203464799115,0.1444894950239587
ltg,eu,0.5941176470588235,0.4470588235294118
oc,eu,0.490717760349449,0.255336046857937
cy,eu,0.5218489369200047,0.2950193821214613
ht,eu,0.2481203007518796,0.065563909774436
mpu,eu,0.2191011235955056,0.0449438202247191
yo,eu,0.1827004731287152,0.0526507339560839
xcl,eu,0.4641638225255973,0.2768097718699479
sk,eu,0.7129629629629629,0.5166352793471437
ps,eu,0.5652815343004671,0.3825915908532087
ctn,eu,0.431139361629417,0.2045656482810471
gd,eu,0.4234217231291875,0.2097763517976786
bho,eu,0.377344336084021,0.1644411102775693
th,eu,0.346783060673708,0.1481358078166128
olo,eu,0.5564516129032258,0.3938172043010752
sga,eu,0.352803738317757,0.0887850467289719
ab,eu,0.494189891355692,0.300425129900803
cu,eu,0.4550659696290764,0.217176997759522
koi,eu,0.4033613445378151,0.2316926770708283
ang,eu,0.3450292397660818,0.2280701754385964
bm,eu,0.2061057657527309,0.0549808290530275
got,eu,0.2641694449892136,0.0623651696411061
gya,eu,0.1749628528974739,0.0308320950965824
myu,eu,0.2671232876712329,0.0919765166340508
ug,eu,0.6025169409486931,0.4474346563407551
eo,eu,0.5601436265709157,0.3937761819269898
pl,eu,0.6955149966052957,0.5348057031031591
sdh,eu,0.1764705882352941,0.0735294117647058
ajp,eu,0.6311787072243346,0.3814955640050697
egy,eu,0.2536008230452675,0.0485253772290809
ess,eu,0.3656542056074766,0.1039719626168224
af,eu,0.541190499850939,0.311537314916029
arr,eu,0.4040534713238465,0.1375592927986201
arh,eu,0.3163745995854531,0.1200301488599962
xpg,eu,0.2554831061055127,0.0681683461766449
azz,eu,0.3446669310071372,0.1752577319587628
bar,eu,0.4573024740622506,0.2436153232242617
orv,eu,0.5010822510822511,0.3200892857142857
yrl,eu,0.3098070578826352,0.1213635909227231
sa,eu,0.342772782176889,0.128483872410862
ru,eu,0.641304296997386,0.4970750115736952
de,eu,0.6350672286946509,0.4414359034404699
aii,eu,0.0905077262693156,0.0286975717439293
vep,eu,0.4351496546431312,0.2739831158864159
aln,eu,0.4590994371482176,0.2305816135084427
ga,eu,0.478390363359587,0.2566020252829439
pro,eu,0.374169817104322,0.1998569531010524
ro,eu,0.5731876061863976,0.399961466379416
ja,eu,0.0857759147394314,0.0227389851399669
jaa,eu,0.2260869565217391,0.1217391304347826
hbo,eu,0.3091535965386695,0.1550162249864791
ky,eu,0.6709162122724829,0.4713923661777129
yue,eu,0.3265555395890214,0.1634573933036355
ml,eu,0.6079900124843945,0.4290470245526425
pcm,eu,0.4306620209059233,0.2894773519163763
xav,eu,0.3046002679767753,0.0656543099598034
el,eu,0.6225059000214547,0.4210827433311879
si,eu,0.7170454545454545,0.4818181818181818
hit,eu,0.215431627196333,0.0672268907563025
sr,eu,0.6624638823220383,0.4759653270291568
ta,eu,0.75530286464028,0.6380931554778045
lt,eu,0.6761296825130186,0.5316647068704855
ca,eu,0.5159704747525583,0.3313705754068109
sjo,eu,0.0204598597038191,0.0024681735515718
mk,eu,0.8022058823529412,0.5860294117647059
frm,eu,0.5013267718434892,0.3200656148984416
be,eu,0.6110833124843633,0.4498999249437078
et,eu,0.7054871220604704,0.5606407322654462
xnr,eu,0.477326968973747,0.2704852824184566
abq,eu,0.2239263803680981,0.0567484662576687
eme,eu,0.3977900552486187,0.2068370165745856
ur,eu,0.4531946508172362,0.2710387680669999
fr,eu,0.5582553576818593,0.3773434617835463
hy,eu,0.6951482350687294,0.5521816178935772
no,eu,0.6275050695116827,0.4604395403642741
es,eu,0.569808207877913,0.3691070323778098
apu,eu,0.27,0.13
mr,eu,0.6868932038834952,0.5412621359223301
myv,eu,0.3154001344989912,0.1700451532327793
is,eu,0.4968433285284883,0.3462673058228018
nl,eu,0.6519067955345771,0.4369521240728253
it,eu,0.5563957102890892,0.3498834317687286
nap,eu,0.4527363184079602,0.2487562189054726
otk,eu,0.189873417721519,0.0759493670886076
ckt,eu,0.3638145003265839,0.1544741998693664
sms,eu,0.3169515669515669,0.1663105413105413
yi,eu,0.7417390436258361,0.5395827093940302
lv,eu,0.704595769651383,0.5601611053319463
fi,eu,0.7102078509207189,0.5651946190318669
gwi,eu,0.6507936507936508,0.5446428571428571
zh,eu,0.2284768970096625,0.1016966616293447
ar,eu,0.2093153805475328,0.1284546231135337
gv,eu,0.3065622885860636,0.0935536870590509
krl,eu,0.5798319327731093,0.4327731092436975
bn,eu,0.675,0.55
wbp,eu,0.2666666666666666,0.1492063492063492
br,eu,0.5671597041774935,0.3070157905256845
kk,eu,0.7063055860897371,0.5665034475866894
cs,eu,0.6272061312643025,0.4503662780463365
kmr,eu,0.5966856344214835,0.3597883597883597
ko,eu,0.6201543060363671,0.4159646490305658
hsb,eu,0.5263723470941166,0.3386764574191815
sah,eu,0.4171232876712328,0.2082191780821917
jv,eu,0.5422854354040298,0.3568988356689674
pad,eu,0.3214285714285714,0.1845238095238095
te,eu,0.8307905686546463,0.7031900138696255
or,eu,0.5451895043731778,0.379980563654033
uz,eu,0.6405797101449275,0.4779264214046823
hu,eu,0.7291347626339969,0.5292879019908117
lzh,eu,0.3479478273197703,0.1249379740554334
gun,eu,0.1686912674765069,0.0156620062648025
en,eu,0.6692320271964557,0.4553424087298244
tt,eu,0.4850877192982456,0.2881578947368421
scn,eu,0.4277936451267404,0.2126026419136022
lb,eu,0.3980582524271844,0.1941747572815534
hi,eu,0.5791356587185069,0.3781704044955196
gub,eu,0.248471615720524,0.0886462882096069
tpn,eu,0.2941437444543034,0.1293256433007985
kpv,eu,0.319718585108462,0.1627906976744186
tn,eu,0.2663551401869158,0.0981308411214953
wuu,eu,0.2768878718535469,0.1064073226544622
he,eu,0.5393388486024581,0.3332992884621931
nds,eu,0.4226738357787296,0.2078738722318417
ha,eu,0.2453231423552254,0.0967731993712824
gsw,eu,0.3215306900495616,0.1554041174227983
gl,eu,0.5372790404040404,0.3168718434343434
yrk,eu,0.3584905660377358,0.1281446540880503
tl,eu,0.5980338612779902,0.3604587657018023
naq,eu,0.2864539990753583,0.1292649098474341
bxr,eu,0.4977565061322165,0.262438927111377
lij,eu,0.4043569083855565,0.1771113100566995
hyw,eu,0.674375509598992,0.5004818026832704
bej,eu,0.170445987783449,0.034390427579282
pt,eu,0.546687670657425,0.3544003360638521
fa,eu,0.4224917199990039,0.295515103219862
wo,eu,0.2416610593098144,0.074882245506104
da,eu,0.6058066447171505,0.4362965180085802
nhi,eu,0.3363280837120811,0.1468132332734383
bor,eu,0.3017835178351783,0.1255842558425584
sl,eu,0.6304866800499159,0.4455808149313656
nmf,eu,0.3168016194331984,0.148110661268556
mt,eu,0.211686083265601,0.0577982479906077
xum,eu,0.3115318416523235,0.1049913941480206
aqz,eu,0.3378746594005449,0.1777929155313351
fro,eu,0.5094334926324173,0.2966447630426125
sq,eu,0.6275115919629057,0.4714064914992272
id,eu,0.6050723759183376,0.4269815483839682
bg,eu,0.6708216738743322,0.4711905367590944
tr,eu,0.6995446301845135,0.5298257372654156
akk,eu,0.2118003637098403,0.0545968882602546
sme,eu,0.2442557442557442,0.0964035964035964
grc,eu,0.489387928909209,0.2712745691297429
ckb,eu,0.319672131147541,0.1557377049180328
sv,eu,0.6505339863110692,0.4716928251121076
hr,eu,0.6547403132728772,0.4737840065952184
az,eu,0.7324561403508771,0.5866228070175439
cop,eu,0.041151495357626,0.0062520412448094
la,eu,0.5365217391304348,0.3574009661835748
pay,eu,0.31953216374269,0.0865497076023391
gn,eu,0.304147465437788,0.1059907834101382
fo,eu,0.5026279094712003,0.3509599914190711
quc,eu,0.3103964845700589,0.1076600419454709
eu,eu,0.8768359727578567,0.8390087798473783
say,eu,0.2212180746561886,0.0886051080550098
ota,eu,0.5109648203278964,0.33665981802172
vi,eu,0.6142857142857143,0.429160530191458
cpg,eu,0.585905012037645,0.3182315605165244
gu,eu,0.6488063660477453,0.5183023872679046
mdf,eu,0.3457054484891744,0.1836783250059481
uk,fa,0.7036774101945193,0.5952719011784751
am,fa,0.4705294705294705,0.2161838161838161
ka,fa,0.6722312503077756,0.5208056335253853
ceb,fa,0.4880174291938998,0.2512708787218591
sd,fa,0.5696717605570124,0.3975947192332037
urb,fa,0.2076502732240437,0.0628415300546448
sab,fa,0.3015112421673424,0.1349060081091043
ltg,fa,0.5411764705882353,0.388235294117647
oc,fa,0.5828452298222973,0.3887620371289586
cy,fa,0.6598731352049806,0.4376248091154704
ht,fa,0.2775187969924812,0.0790225563909774
mpu,fa,0.3258426966292135,0.0898876404494382
yo,fa,0.2004124711876743,0.055804925391241
xcl,fa,0.4971259206035566,0.3127357643254895
sk,fa,0.764752040175769,0.647834274952919
ps,fa,0.6533071059749201,0.5505286451930169
ctn,fa,0.3226710409404689,0.1535096712459845
gd,fa,0.541851467396433,0.347173728413702
bho,fa,0.3347336834208552,0.1884471117779445
th,fa,0.5159764102222371,0.2850098290740679
olo,fa,0.4751344086021505,0.3158602150537634
sga,fa,0.3843457943925233,0.1156542056074766
ab,fa,0.2862541332073689,0.1863958431743032
cu,fa,0.4753298481453821,0.2443116753796365
koi,fa,0.3325330132052821,0.1848739495798319
ang,fa,0.2339181286549707,0.1286549707602339
bm,fa,0.2362005353396513,0.0549808290530275
got,fa,0.2820160815846244,0.0863894881349284
gya,fa,0.1712481426448737,0.0215453194650817
myu,fa,0.1986301369863013,0.0596868884540117
ug,fa,0.563213939980639,0.4162633107454017
eo,fa,0.7202274087372831,0.5903650508677438
pl,fa,0.7602007534912204,0.6182621776695022
sdh,fa,0.4852941176470588,0.3088235294117647
ajp,fa,0.6489226869455006,0.4740177439797212
egy,fa,0.3219307270233196,0.0550411522633744
ess,fa,0.2986760124610592,0.0891744548286604
af,fa,0.6893570505813376,0.4921991453840802
arr,fa,0.3626563173781802,0.1155670547649849
arh,fa,0.3018654607122668,0.1051441492368569
xpg,fa,0.1944279786603438,0.0326022525192649
azz,fa,0.3858049167327518,0.1853687549563838
bar,fa,0.4874301675977653,0.3080606544293695
orv,fa,0.5564935064935065,0.3858495670995671
yrl,fa,0.2952114365690293,0.0944716585024492
sa,fa,0.2803203149465396,0.0905471301391312
ru,fa,0.7205057821713655,0.6139249089302165
de,fa,0.7618796713697481,0.630998380266573
aii,fa,0.0905077262693156,0.0331125827814569
vep,fa,0.3829623944742901,0.2095165003837298
aln,fa,0.4922451532207629,0.2462789243277048
ga,fa,0.5709510887550466,0.3846052021973658
pro,fa,0.4803310513947073,0.3451517318892408
ro,fa,0.7121888848019897,0.559140349955336
ja,fa,0.1360062266566785,0.0256902716458668
jaa,fa,0.1652173913043478,0.0434782608695652
hbo,fa,0.3591130340724716,0.2002433747971876
ky,fa,0.6051762537439521,0.4385223869134475
yue,fa,0.2766920534559563,0.1386693490444029
ml,fa,0.5422388680815647,0.3932584269662921
pcm,fa,0.4690592334494773,0.3086411149825784
xav,fa,0.3184457347029924,0.0920053595355069
el,fa,0.7165486662375742,0.5430880354716442
si,fa,0.4625,0.2931818181818181
hit,fa,0.1566080977845683,0.0366692131398013
sr,fa,0.7610541984064443,0.6555467997548375
ta,fa,0.6568991909031271,0.5215394708069101
lt,fa,0.6484125650932303,0.522425667730556
ca,fa,0.7622043281328637,0.6112061734608287
sjo,fa,0.0680046765393608,0.0257209664848012
mk,fa,0.8036764705882353,0.6404411764705882
frm,fa,0.6530129782409417,0.4999276306267188
be,fa,0.703652739554666,0.5938829121841381
et,fa,0.6692958112209293,0.5416686953275882
xnr,fa,0.4260143198090692,0.2426412092283214
abq,fa,0.1411042944785276,0.0368098159509202
eme,fa,0.3173342541436464,0.1705801104972375
ur,fa,0.4833175739565041,0.3578954477914359
fr,fa,0.7181054432035416,0.5732216520776738
hy,fa,0.6483548062646678,0.5257435700943531
no,fa,0.7603354098540346,0.6447688119987578
es,fa,0.758878119199835,0.6130026809651474
apu,fa,0.239,0.12
mr,fa,0.6237864077669902,0.4805825242718446
myv,fa,0.2625612450763762,0.1342107791334422
is,fa,0.6275574625948398,0.4815739778530164
nl,fa,0.7790514722409531,0.6098249294473165
it,fa,0.7411408144233759,0.5720624805719614
nap,fa,0.4278606965174129,0.1741293532338308
otk,fa,0.2025316455696202,0.1012658227848101
ckt,fa,0.2646962769431744,0.1185499673416067
sms,fa,0.2471509971509971,0.1289173789173789
yi,fa,0.7255665368872916,0.6047718877907557
lv,fa,0.667653570190179,0.5464244752073831
fi,fa,0.6822968353732495,0.5576965486823244
gwi,fa,0.5833333333333334,0.4831349206349206
zh,fa,0.1939826899299354,0.1034597243211063
ar,fa,0.3408859781149574,0.2423056583818085
gv,fa,0.3603943171933894,0.1072774717309365
krl,fa,0.5142210730446024,0.3639301874595992
bn,fa,0.584375,0.4
wbp,fa,0.2857142857142857,0.1269841269841269
br,fa,0.6249250449730162,0.4199480311812912
kk,fa,0.6066753272709103,0.4652743079844109
cs,fa,0.7088109842791567,0.6001489485585841
kmr,fa,0.6655685334930618,0.5181191973644804
ko,fa,0.5465812824178551,0.3536514763046894
hsb,fa,0.5160741470403869,0.4205247604549118
sah,fa,0.2972602739726027,0.1664383561643835
jv,fa,0.6165376838876107,0.4278742243603151
pad,fa,0.2658730158730158,0.1289682539682539
te,fa,0.8252427184466019,0.6837725381414702
or,fa,0.5830903790087464,0.391642371234208
uz,fa,0.5806020066889632,0.4425863991081382
hu,fa,0.680895865237366,0.5125382848392037
lzh,fa,0.311866449280499,0.1197986815056355
gun,fa,0.1930628772251509,0.0197876079150431
en,fa,0.7444088190256255,0.569559593837188
tt,fa,0.3390350877192982,0.2175438596491228
scn,fa,0.491163870046412,0.2596394144948232
lb,fa,0.4563106796116505,0.2184466019417475
hi,fa,0.5527430432508142,0.423800604127643
gub,fa,0.2370087336244541,0.0777292576419214
tpn,fa,0.2885980479148181,0.1291038154392191
kpv,fa,0.2301153019347273,0.114813367207348
tn,fa,0.2429906542056074,0.1261682242990654
wuu,fa,0.2254004576659038,0.0983981693363844
he,fa,0.7298879923739489,0.5846866169611548
nds,fa,0.4599471429873325,0.2698441629454114
ha,fa,0.2568496317070916,0.1009646500446882
gsw,fa,0.3574151734654975,0.1826629813191002
gl,fa,0.7408459595959596,0.5691287878787878
yrk,fa,0.1894654088050314,0.0589622641509434
tl,fa,0.6750409612233752,0.4849808847624249
naq,fa,0.2103559870550161,0.0884882108183079
bxr,fa,0.3916641738957024,0.2287366636753415
lij,fa,0.5038794389734408,0.2760370038794389
hyw,fa,0.6282706989845082,0.4841005114520791
bej,fa,0.1346330850974813,0.0214208016065601
pt,fa,0.7507666456626759,0.5801890359168242
fa,fa,0.867246059217571,0.8280000996090345
wo,fa,0.2967413246178987,0.0797846774968759
da,fa,0.723436096976953,0.584555522298713
nhi,fa,0.3547193742733326,0.1379346792093859
bor,fa,0.2518450184501845,0.1074415744157441
sl,fa,0.6937496608974011,0.5910965221637459
nmf,fa,0.2432523616734143,0.1201079622132253
mt,fa,0.2346247629368734,0.0635780727896685
xum,fa,0.1746987951807229,0.0473321858864027
aqz,fa,0.3133514986376022,0.1702997275204359
fro,fa,0.5838062524890482,0.4133562325766627
sq,fa,0.7465224111282844,0.5850077279752705
id,fa,0.7486603787309362,0.5666416119098998
bg,fa,0.7895573645382854,0.6576570847112694
tr,fa,0.6457183409556853,0.4844563160384797
akk,fa,0.2285714285714285,0.0474843402707617
sme,fa,0.2008991008991009,0.0723276723276723
grc,fa,0.5087967009569914,0.3509267352473161
ckb,fa,0.3114754098360656,0.1885245901639344
sv,fa,0.7724952796790182,0.6271978994571631
hr,fa,0.735078318219291,0.6311624072547403
az,fa,0.7182017543859649,0.5822368421052632
cop,fa,0.0483366770867354,0.0016796528717398
la,fa,0.5867149758454107,0.4381062801932367
pay,fa,0.319766081871345,0.0961403508771929
gn,fa,0.3640552995391705,0.1105990783410138
fo,fa,0.5924058779362866,0.4658908076799313
quc,fa,0.307000898831519,0.1094577049835214
eu,fa,0.6083531632066956,0.4580290473455321
say,fa,0.2036345776031434,0.0722986247544204
ota,fa,0.4385089521573231,0.2824437083315862
vi,fa,0.6507363770250368,0.4260677466863034
cpg,fa,0.562048588312541,0.3228277522433793
gu,fa,0.6180371352785146,0.4673740053050398
mdf,fa,0.2719486081370449,0.1434689507494646
uk,fi,0.6967201476643475,0.5848360073832174
am,fi,0.6040959040959041,0.27002997002997
ka,fi,0.7362978283350569,0.6115132712857635
ceb,fi,0.4684095860566449,0.2040668119099491
sd,fi,0.5795279862555385,0.4263495795279862
urb,fi,0.2868852459016393,0.087431693989071
sab,fi,0.3225211942499078,0.1610762992996682
ltg,fi,0.5529411764705883,0.4235294117647059
oc,fi,0.5947582646679241,0.4329395413481584
cy,fi,0.5382356396100082,0.3454128979208269
ht,fi,0.2460150375939849,0.0722556390977443
mpu,fi,0.2865168539325842,0.0786516853932584
yo,fi,0.149338832949169,0.0403979133810505
xcl,fi,0.467397161846596,0.2892042392671097
sk,fi,0.7909604519774012,0.6701977401129944
ps,fi,0.5891320383575117,0.4507007622326038
ctn,fi,0.3573918392454377,0.1803704463126239
gd,fi,0.4668302349721619,0.2939511182410116
bho,fi,0.322430607651913,0.1666916729182295
th,fi,0.5417985539599507,0.3193616099690134
olo,fi,0.543010752688172,0.3904569892473118
sga,fi,0.3364485981308411,0.0817757009345794
ab,fi,0.3420878601794992,0.2081247047709022
cu,fi,0.4683594722429673,0.2280806572068708
koi,fi,0.3781512605042016,0.2328931572629051
ang,fi,0.2573099415204678,0.175438596491228
bm,fi,0.2171019315633364,0.0634449829993489
got,fi,0.2876054128260443,0.0735438321239458
gya,fi,0.1151560178306092,0.0208023774145616
myu,fi,0.2837573385518591,0.1017612524461839
ug,fi,0.5923523717328171,0.4659244917715392
eo,fi,0.6849192100538599,0.5580490724117295
pl,fi,0.7303539811227818,0.5866980843217914
sdh,fi,0.2058823529411764,0.0735294117647058
ajp,fi,0.5627376425855514,0.3624841571609632
egy,fi,0.2727194787379972,0.0608710562414266
ess,fi,0.2390965732087227,0.0514018691588785
af,fi,0.6676935307562357,0.4670575375136639
arr,fi,0.3971539456662354,0.1315222078482104
arh,fi,0.3224043715846995,0.1237987563595251
xpg,fi,0.2234736218138708,0.0474214582098399
azz,fi,0.391157811260904,0.2073750991276764
bar,fi,0.485168927906358,0.3128491620111732
orv,fi,0.532426948051948,0.3642992424242424
yrl,fi,0.2772168349495151,0.0990702789163251
sa,fi,0.3149912763387464,0.1089786605824721
ru,fi,0.7134446590319247,0.6059706238572438
de,fi,0.7919715863630155,0.6714600042932694
aii,fi,0.0883002207505518,0.0397350993377483
vep,fi,0.4850345356868764,0.3261703760552571
aln,fi,0.4756722951844903,0.2462163852407755
ga,fi,0.5264411939903368,0.3279833211992852
pro,fi,0.3876570961479513,0.2625932359252069
ro,fi,0.6571208379310949,0.4887114006971082
ja,fi,0.1143776265387333,0.0452627999766234
jaa,fi,0.2260869565217391,0.0782608695652174
hbo,fi,0.3054353704705246,0.1555570578691184
ky,fi,0.664465094846786,0.4836802088933262
yue,fi,0.3759160798965368,0.204267854576807
ml,fi,0.6129837702871411,0.4756554307116105
pcm,fi,0.4659233449477352,0.3377003484320557
xav,fi,0.3046002679767753,0.0835194283162125
el,fi,0.71479653865408,0.5911463920474862
si,fi,0.7295454545454545,0.4772727272727273
hit,fi,0.119938884644767,0.0252100840336134
sr,fi,0.7226162332545312,0.6130811662726556
ta,fi,0.7382462278591734,0.619287120052482
lt,fi,0.7125818914832858,0.6209474214681673
ca,fi,0.6375272605267572,0.5023989263546385
sjo,fi,0.0234476487399324,0.0037022603273577
mk,fi,0.7691176470588236,0.5727941176470588
frm,fi,0.602161431948666,0.4664447339219376
be,fi,0.714160620465349,0.6075806855141356
et,fi,0.7695278900303487,0.6947271045328399
xnr,fi,0.4526650755767701,0.2474144789180588
abq,fi,0.1748466257668711,0.0444785276073619
eme,fi,0.3905386740331492,0.1926795580110497
ur,fi,0.3585033094691341,0.2581385924625152
fr,fi,0.664830465841634,0.5284988429419458
hy,fi,0.724124718616792,0.6287657454858949
no,fi,0.7375728456858912,0.6127623814830376
es,fi,0.6600329964941225,0.5175500103114045
apu,fi,0.258,0.129
mr,fi,0.6747572815533981,0.5266990291262136
myv,fi,0.2723604572965702,0.141416082236526
is,fi,0.599041265797325,0.4672320740169622
nl,fi,0.7654154491646062,0.6383706700631853
it,fi,0.6759714019272615,0.5277276966117501
nap,fi,0.4477611940298507,0.1890547263681592
otk,fi,0.1645569620253164,0.0822784810126582
ckt,fi,0.33736120182887,0.151208360548661
sms,fi,0.3051994301994302,0.1634615384615384
yi,fi,0.756114605171209,0.6446041729060596
lv,fi,0.7608759435597877,0.6547704782481129
fi,fi,0.8283438085786746,0.7874352188774948
gwi,fi,0.5753968253968254,0.4930555555555556
zh,fi,0.3612446764665476,0.2008517653523835
ar,fi,0.2239433755033966,0.1519749420331123
gv,fi,0.2722528269063496,0.0621436165072001
krl,fi,0.5982546864899806,0.4760827407886231
bn,fi,0.603125,0.515625
wbp,fi,0.2888888888888888,0.1555555555555555
br,fi,0.5873475914451329,0.3930641615030981
kk,fi,0.6701309083641451,0.5556110722494254
cs,fi,0.7077710525246781,0.6016844727898065
kmr,fi,0.573025856044724,0.3855445742238195
ko,fi,0.6222219596630315,0.4518000401715561
hsb,fi,0.5517148741828602,0.4332407987821259
sah,fi,0.3301369863013698,0.1753424657534246
jv,fi,0.5717771735341282,0.3978944432824374
pad,fi,0.3353174603174603,0.1884920634920635
te,fi,0.8668515950069348,0.7350901525658807
or,fi,0.5422740524781341,0.4042759961127308
uz,fi,0.6303232998885173,0.4911928651059086
hu,fi,0.7699081163859112,0.6592649310872895
lzh,fi,0.3312894307790459,0.1392571064010774
gun,fi,0.1542516617006646,0.0143632057452822
en,fi,0.700873676229366,0.5711107036488248
tt,fi,0.4043859649122807,0.2587719298245614
scn,fi,0.4755444484112817,0.2713316672616923
lb,fi,0.4951456310679611,0.2621359223300971
hi,fi,0.5186891442650061,0.3846335577718152
gub,fi,0.2512008733624454,0.0856986899563318
tpn,fi,0.290150842945874,0.139751552795031
kpv,fi,0.2838577291381668,0.1461794019933555
tn,fi,0.2850467289719626,0.0747663551401869
wuu,fi,0.3089244851258581,0.1338672768878718
he,fi,0.6390222313008546,0.4687638307289007
nds,fi,0.4267748108994805,0.2562653786567028
ha,fi,0.2460936296113662,0.0957561561931765
gsw,fi,0.3577011056042699,0.188953488372093
gl,fi,0.6263888888888889,0.4551767676767677
yrk,fi,0.2955974842767295,0.0715408805031446
tl,fi,0.588203167667941,0.3276897870016384
naq,fi,0.2318076745261211,0.103837263060564
bxr,fi,0.4693389171402931,0.2719114567753515
lij,fi,0.4404655326768129,0.2414204715010444
hyw,fi,0.7018753242902676,0.5606700763471945
bej,fi,0.0971466822860011,0.0261066019579951
pt,fi,0.6296576349506406,0.4622474270111321
fa,fi,0.418258336031078,0.3207410912169733
wo,fi,0.2241661059309814,0.0676727866961453
da,fi,0.7226379327546643,0.6130898932455353
nhi,fi,0.3579959835112567,0.1432195328189409
bor,fi,0.269680196801968,0.1206027060270602
sl,fi,0.7201182789864902,0.5982583690521405
nmf,fi,0.286774628879892,0.1427125506072874
mt,fi,0.1886570938318432,0.0552695746410186
xum,fi,0.2573149741824441,0.0705679862306368
aqz,fi,0.358991825613079,0.2029972752043596
fro,fi,0.5702907208283552,0.3991935483870967
sq,fi,0.7102009273570324,0.5208655332302936
id,fi,0.6812307543098223,0.5331813883568121
bg,fi,0.74917323836174,0.5844568812007123
tr,fi,0.6840009462229932,0.5527617883614572
akk,fi,0.191594261466963,0.0336633663366336
sme,fi,0.2262737262737262,0.0952047952047952
grc,fi,0.5452385754947444,0.3958851610300544
ckb,fi,0.2704918032786885,0.1557377049180328
sv,fi,0.7676126976634411,0.6457989143261742
hr,fi,0.7218878812860676,0.6083676834295136
az,fi,0.7072368421052632,0.5921052631578947
cop,fi,0.020995660896748,0.0035459338403396
la,fi,0.5600096618357487,0.4208985507246376
pay,fi,0.3061988304093567,0.111345029239766
gn,fi,0.2949308755760368,0.0829493087557603
fo,fi,0.592513139547356,0.4708248417891236
quc,fi,0.2578647757914711,0.0789973035054429
eu,fi,0.6987363584147042,0.5598998933289571
say,fi,0.1535363457760314,0.0627701375245579
ota,fi,0.4891190406306344,0.3398884649251541
vi,fi,0.6060382916053019,0.4276141384388807
cpg,fi,0.5594221930400525,0.3635368789669512
gu,fi,0.6196286472148541,0.4801061007957559
mdf,fi,0.291696407328099,0.1448965024982155
uk,fo,0.5312011926735766,0.4002555729092716
am,fo,0.5792207792207792,0.2196803196803196
ka,fo,0.5588713251588122,0.3867139410055646
ceb,fo,0.4517066085693537,0.1931735657225853
sd,fo,0.4666787232118636,0.2970431322904421
urb,fo,0.3114754098360656,0.081967213114754
sab,fo,0.2897161813490601,0.1330630298562476
ltg,fo,0.4823529411764706,0.3058823529411765
oc,fo,0.6855951553658295,0.4461431549687283
cy,fo,0.5156231645718313,0.2903794197110302
ht,fo,0.3081954887218045,0.083984962406015
mpu,fo,0.3539325842696629,0.095505617977528
yo,fo,0.1996845808564843,0.0490112823001334
xcl,fo,0.4789832944135082,0.2549847314532064
sk,fo,0.6315913370998116,0.4701035781544256
ps,fo,0.5168428817310057,0.3909515613474305
ctn,fo,0.3431071013601258,0.1522794067391155
gd,fo,0.4956119656506558,0.2910257620081155
bho,fo,0.3102775693923481,0.1524381095273818
th,fo,0.4136540832306001,0.2057441775230733
olo,fo,0.4388440860215054,0.2379032258064516
sga,fo,0.3796728971962617,0.1121495327102803
ab,fo,0.2984411903637222,0.167312234293812
cu,fo,0.4906148867313916,0.2451580781677869
koi,fo,0.3457382953181273,0.1908763505402161
ang,fo,0.327485380116959,0.2163742690058479
bm,fo,0.2825001808579903,0.0651812197062866
got,fo,0.2986860168660522,0.1030594234163561
gya,fo,0.2421991084695393,0.0494056463595839
myu,fo,0.2270058708414872,0.0802348336594911
ug,fo,0.4651500484027105,0.3387221684414327
eo,fo,0.6035308198683423,0.4317773788150807
pl,fo,0.6187414300358108,0.4552764354273999
sdh,fo,0.2352941176470588,0.1323529411764706
ajp,fo,0.5373891001267427,0.3396704689480355
egy,fo,0.3586248285322359,0.0645576131687242
ess,fo,0.3080218068535825,0.0611370716510903
af,fo,0.6866739540892378,0.4871310742323362
arr,fo,0.3945666235446313,0.1155670547649849
arh,fo,0.3608441680798945,0.1477294139815338
xpg,fo,0.2246591582691167,0.0326022525192649
azz,fo,0.3796590007930214,0.1646510705789056
bar,fo,0.4890263367916999,0.280194200585262
orv,fo,0.5282061688311688,0.3399756493506493
yrl,fo,0.2856143157052884,0.0849745076477056
sa,fo,0.2833624122041784,0.0820471525074934
ru,fo,0.5542888139651246,0.427249388581556
de,fo,0.633171847862147,0.4897620162753937
aii,fo,0.0838852097130242,0.0088300220750551
vep,fo,0.4036838066001535,0.1818879508825786
aln,fo,0.4666041275797373,0.2209505941213258
ga,fo,0.4742868488980078,0.2803626977298299
pro,fo,0.4782875242668846,0.288443854092163
ro,fo,0.5812446359448619,0.3827089135270523
ja,fo,0.1454976278138166,0.0286681223867433
jaa,fo,0.2608695652173913,0.1304347826086956
hbo,fo,0.3337614926987561,0.1912520281233099
ky,fo,0.5060287228323478,0.3492819291913063
yue,fo,0.2784164391435551,0.1163960339129185
ml,fo,0.4719101123595505,0.3137744486059093
pcm,fo,0.4374912891986062,0.278397212543554
xav,fo,0.2871817775792765,0.0692273336310853
el,fo,0.6385611099191876,0.4697489809053851
si,fo,0.5488636363636363,0.3215909090909091
hit,fo,0.1115355233002291,0.0137509549274255
sr,fo,0.5916294545136153,0.4334121355397951
ta,fo,0.6265033894598732,0.4845834244478461
lt,fo,0.5258693095918024,0.3844280194859734
ca,fo,0.5595202147290723,0.3757087736956886
sjo,fo,0.0909976617303195,0.0389711613406079
mk,fo,0.7220588235294118,0.5529411764705883
frm,fo,0.6273942200993873,0.4151589713899744
be,fo,0.5425318989241932,0.411433575181386
et,fo,0.5592612428388269,0.3962055926124284
xnr,fo,0.3480509148766905,0.1543357199681782
abq,fo,0.151840490797546,0.0260736196319018
eme,fo,0.3529005524861878,0.1747237569060773
ur,fo,0.2888693772794813,0.1692557071457517
fr,fo,0.5916339671999196,0.3912281584331086
hy,fo,0.4914986349920973,0.3249197758513338
no,fo,0.6657958676629094,0.5439814391932626
es,fo,0.5833883274902042,0.3837079810270158
apu,fo,0.329,0.144
mr,fo,0.5558252427184466,0.3786407766990291
myv,fo,0.2586223460466904,0.111345950619656
is,fo,0.7269171890538925,0.6288592403875164
nl,fo,0.6466871456756824,0.4866511825378986
it,fo,0.6217516319552377,0.4072660864159154
nap,fo,0.4776119402985074,0.1840796019900497
otk,fo,0.2658227848101265,0.0949367088607595
ckt,fo,0.2953951665578053,0.1183866753755715
sms,fo,0.2635327635327635,0.1022079772079772
yi,fo,0.6877308575421783,0.5631426574822801
lv,fo,0.5396228428156091,0.3930810061081326
fi,fo,0.5935742639761826,0.4242474363215349
gwi,fo,0.5565476190476191,0.4424603174603174
zh,fo,0.1797293584283555,0.0674314237303659
ar,fo,0.2478867510067933,0.1404873286417443
gv,fo,0.3509229728423698,0.0963564318159853
krl,fo,0.4699418228829993,0.2873303167420814
bn,fo,0.6375,0.515625
wbp,fo,0.2412698412698412,0.146031746031746
br,fo,0.5737557465520687,0.3184089546272237
kk,fo,0.497451783751374,0.3671429999000699
cs,fo,0.5811810266617919,0.4180796468565084
kmr,fo,0.540680842567635,0.3686732554657083
ko,fo,0.4637806160426291,0.2929451658258208
hsb,fo,0.4755081937852601,0.3372436643682278
sah,fo,0.2780821917808219,0.1397260273972602
jv,fo,0.5085407515861395,0.3025169072021195
pad,fo,0.2341269841269841,0.123015873015873
te,fo,0.6990291262135923,0.5977808599167822
or,fo,0.3663751214771623,0.2410106899902818
uz,fo,0.4774804905239688,0.3372352285395764
hu,fo,0.5082312404287902,0.3665773353751914
lzh,fo,0.347664280144609,0.1291911816828524
gun,fo,0.2123920849568339,0.0249828099931239
en,fo,0.613426763334341,0.4693519532585695
tt,fo,0.3074561403508772,0.1767543859649122
scn,fo,0.526419136022849,0.2783827204569796
lb,fo,0.4611650485436893,0.2427184466019417
hi,fo,0.3831823014225687,0.233956023557603
gub,fo,0.2036026200873362,0.0545851528384279
tpn,fo,0.3254214729370009,0.1506211180124223
kpv,fo,0.2692007035372288,0.115204221223373
tn,fo,0.2943925233644859,0.1121495327102803
wuu,fo,0.2574370709382151,0.0926773455377574
he,fo,0.5588125148946311,0.3827664862288496
nds,fo,0.4505604665998359,0.2620067438257541
ha,fo,0.2911209048602336,0.1114740962184485
gsw,fo,0.3740945482272207,0.153783835303088
gl,fo,0.5766414141414141,0.3878314393939394
yrk,fo,0.2971698113207547,0.1139937106918239
tl,fo,0.5980338612779902,0.3020207536865101
naq,fo,0.2229311141932501,0.0855293573740175
bxr,fo,0.3901685113171801,0.1896500149566257
lij,fo,0.5019397194867203,0.2457475380483438
hyw,fo,0.5366540656734119,0.3334815803128011
bej,fo,0.2272613170445988,0.0814157811061835
pt,fo,0.579747952110901,0.4147784078975005
fa,fo,0.3949996264661204,0.2760415369674029
wo,fo,0.2902047486302028,0.0567144093050081
da,fo,0.6226678639130001,0.4875785692906315
nhi,fo,0.3427756051157383,0.1178522354930768
bor,fo,0.2881918819188191,0.106150061500615
sl,fo,0.5902826759264282,0.4319081981444306
nmf,fo,0.2564102564102564,0.1123481781376518
mt,fo,0.2678587555314729,0.0629459044522712
xum,fo,0.225473321858864,0.0533562822719449
aqz,fo,0.3637602179836512,0.1995912806539509
fro,fo,0.5901284348864994,0.3810234966148945
sq,fo,0.6445131375579598,0.4350850077279752
id,fo,0.5472686274034382,0.3637465751763936
bg,fo,0.6358432968710251,0.4460061053167133
tr,fo,0.5189737423119382,0.3615656047941964
akk,fo,0.2486562942008486,0.0530208122853101
sme,fo,0.2242757242757243,0.0853146853146853
grc,fo,0.4851520652636769,0.3093076940316905
ckb,fo,0.360655737704918,0.1967213114754098
sv,fo,0.6842105263157895,0.5483980410667926
hr,fo,0.5708161582852432,0.4122423742786479
az,fo,0.606359649122807,0.4747807017543859
cop,fo,0.062613726496524,0.0011197685811598
la,fo,0.5150048309178744,0.3334589371980676
pay,fo,0.3368421052631579,0.1083040935672514
gn,fo,0.3271889400921659,0.1059907834101382
fo,fo,0.7370481604633702,0.6641638957417141
quc,fo,0.2805353041046639,0.0840906821132527
eu,fo,0.5435710182981865,0.3362189218019201
say,fo,0.2637524557956778,0.0876227897838899
ota,fo,0.3865570883475198,0.2276405719317371
vi,fo,0.5280559646539028,0.3264359351988218
cpg,fo,0.5108338804990151,0.2998467936091048
gu,fo,0.5161803713527852,0.3305039787798408
mdf,fo,0.2919343326195575,0.124910778015703
uk,fr,0.8270268351554735,0.7469473235837001
am,fr,0.6011988011988012,0.2917082917082917
ka,fr,0.7021716649431231,0.5688678780716009
ceb,fr,0.5867828612926652,0.307915758896151
sd,fr,0.5186725743738132,0.366398408536034
urb,fr,0.273224043715847,0.0901639344262295
sab,fr,0.3468485071876152,0.1669738297088094
ltg,fr,0.7058823529411765,0.5117647058823529
oc,fr,0.6844038518812667,0.5764916112379629
cy,fr,0.7140256078938094,0.5290144484905439
ht,fr,0.3482706766917293,0.1348872180451127
mpu,fr,0.2078651685393258,0.0842696629213483
yo,fr,0.2302559747664685,0.0657527599175057
xcl,fr,0.552901023890785,0.383150709538351
sk,fr,0.8528719397363466,0.7722065285624607
ps,fr,0.6230636833046471,0.5143840668797639
ctn,fr,0.3583487116396692,0.1683411933565716
gd,fr,0.6360290648296688,0.4504104935359064
bho,fr,0.3029257314328582,0.1419354838709677
th,fr,0.4581681271449038,0.3012361310098957
olo,fr,0.5181451612903226,0.3165322580645161
sga,fr,0.4030373831775701,0.1051401869158878
ab,fr,0.3343410486537553,0.1936702881435994
cu,fr,0.505999502116007,0.2878267363704257
koi,fr,0.4009603841536615,0.2653061224489796
ang,fr,0.391812865497076,0.2631578947368421
bm,fr,0.2863343702524777,0.0829776459523981
got,fr,0.3184938223181016,0.1090409884291037
gya,fr,0.1965081723625557,0.0468053491827637
myu,fr,0.2113502935420743,0.0812133072407045
ug,fr,0.5333010648596321,0.3972894482090997
eo,fr,0.8138839018551766,0.7214242968282466
pl,fr,0.8577019849035504,0.7512280841886657
sdh,fr,0.3455882352941176,0.1985294117647058
ajp,fr,0.6514575411913816,0.4702154626108998
egy,fr,0.2860082304526748,0.065414951989026
ess,fr,0.2422118380062305,0.0852803738317757
af,fr,0.7001888104938885,0.5835238000596243
arr,fr,0.3656748598533851,0.1379905131522207
arh,fr,0.2202751083474656,0.1000565291124929
xpg,fr,0.2454060462359217,0.0634262003556609
azz,fr,0.4585646312450436,0.2344369547977795
bar,fr,0.535049215216813,0.3870710295291301
orv,fr,0.6293290043290043,0.4759469696969697
yrl,fr,0.2850144956513046,0.1113665900229931
sa,fr,0.3093991857916163,0.1098733950700129
ru,fr,0.8445196799581008,0.775227148381787
de,fr,0.8161139082411256,0.7574693128817594
aii,fr,0.086092715231788,0.0397350993377483
vep,fr,0.4512663085188028,0.2356101304681504
aln,fr,0.6067542213883678,0.3504065040650406
ga,fr,0.6487523992322457,0.4611489840492421
pro,fr,0.6316542352099724,0.5390824563196076
ro,fr,0.8214842450037658,0.7018548683726551
ja,fr,0.1065039872916699,0.0184462047677488
jaa,fr,0.2782608695652174,0.1130434782608695
hbo,fr,0.5138588426176312,0.3437669010275824
ky,fr,0.5846709162122725,0.4184010444666308
yue,fr,0.2491737318580255,0.1236528236815634
ml,fr,0.548481065334998,0.4107365792759051
pcm,fr,0.4856445993031359,0.3377003484320557
xav,fr,0.3818669048682447,0.1094238499330058
el,fr,0.8388757777301008,0.7442966459271974
si,fr,0.6056818181818182,0.3943181818181818
hit,fr,0.1688311688311688,0.0343773873185637
sr,fr,0.8490499956220996,0.7723491813326329
ta,fr,0.6752678766673956,0.5401268314017057
lt,fr,0.7543255501427851,0.6384176045691248
ca,fr,0.8677067606106358,0.793994296259017
sjo,fr,0.0238373603533385,0.0033775006495193
mk,fr,0.925,0.8058823529411765
frm,fr,0.767018864283302,0.6989916533989482
be,fr,0.8234926194645984,0.7535651738804103
et,fr,0.7222357466283655,0.6040865345602675
xnr,fr,0.4021479713603819,0.2084327764518695
abq,fr,0.2223926380368098,0.058282208588957
eme,fr,0.3653314917127072,0.1892265193370165
ur,fr,0.3345265432932595,0.2311225178981494
fr,fr,0.889970486635141,0.8445936881644699
hy,fr,0.7016619569902773,0.5990229417117678
no,fr,0.7827691408319479,0.7071375070790479
es,fr,0.852969684471025,0.7880490822850073
apu,fr,0.317,0.172
mr,fr,0.6650485436893204,0.5
myv,fr,0.3091555384763185,0.1687001633202036
is,fr,0.6499949716737622,0.5135653067837708
nl,fr,0.8437351714492645,0.7687620189305961
it,fr,0.8204382965495803,0.7527665526888405
nap,fr,0.5572139303482587,0.3582089552238806
otk,fr,0.2278481012658227,0.0822784810126582
ckt,fr,0.3167864141084258,0.1541476159372959
sms,fr,0.3269230769230769,0.1584757834757834
yi,fr,0.7791754018169113,0.7086952181291803
lv,fr,0.7612226934464271,0.6470619615374357
fi,fr,0.7336944536332561,0.6278531260337413
gwi,fr,0.5228174603174603,0.433531746031746
zh,fr,0.1483376837477675,0.0752049274167697
ar,fr,0.3331082455355327,0.2545987064231379
gv,fr,0.3169034502754421,0.0882381366579685
krl,fr,0.5588235294117647,0.4014221073044602
bn,fr,0.55625,0.440625
wbp,fr,0.2920634920634921,0.1047619047619047
br,fr,0.691684989006596,0.5341794923046173
kk,fr,0.6159688218247227,0.4943539522334366
cs,fr,0.8182990074609687,0.7319684229055802
kmr,fr,0.682439852251173,0.5144254766896277
ko,fr,0.5829365407564068,0.4138261044224157
hsb,fr,0.6216530849825378,0.5081042356944568
sah,fr,0.2753424657534246,0.1404109589041096
jv,fr,0.6410095516976922,0.4761904761904761
pad,fr,0.2579365079365079,0.1388888888888889
te,fr,0.8030513176144244,0.6685159500693482
or,fr,0.4742468415937804,0.3411078717201166
uz,fr,0.5706800445930881,0.4329988851727982
hu,fr,0.7916347626339969,0.6717075038284839
lzh,fr,0.3228539023179981,0.1322393138158361
gun,fr,0.18763847505539,0.0168080067232026
en,fr,0.7327333726479377,0.6569024386617838
tt,fr,0.3635964912280702,0.2228070175438596
scn,fr,0.6025526597643699,0.4312745448054266
lb,fr,0.4466019417475728,0.2135922330097087
hi,fr,0.4724514419750586,0.3427833746772642
gub,fr,0.2294759825327511,0.093886462882096
tpn,fr,0.2879325643300798,0.1302129547471162
kpv,fr,0.3200117256204807,0.1669923783466875
tn,fr,0.3878504672897196,0.1682242990654205
wuu,fr,0.1967963386727688,0.0903890160183066
he,fr,0.7959350423858645,0.6544105130562081
nds,fr,0.5025972842431422,0.3399252711200218
ha,fr,0.3067463864147687,0.122384195765402
gsw,fr,0.440430804422417,0.2532405642394205
gl,fr,0.8054450757575757,0.7109217171717171
yrk,fr,0.3034591194968553,0.1108490566037735
tl,fr,0.7329328235936646,0.4866193336974331
naq,fr,0.2185852981969487,0.1061488673139158
bxr,fr,0.4206800279190348,0.2344201814737262
lij,fr,0.6093703372127723,0.4219635929573261
hyw,fr,0.7106960195686013,0.5513305166407234
bej,fr,0.1514517613588821,0.0327169274537695
pt,fr,0.8517622348246167,0.7589792060491494
fa,fr,0.5396817491346465,0.4541922952411784
wo,fr,0.3234643852734788,0.0987215226377006
da,fr,0.7217399980045894,0.6606804349995011
nhi,fr,0.4142268259169221,0.1922629743156114
bor,fr,0.2637761377613776,0.1138991389913899
sl,fr,0.824887417937171,0.7386197167815094
nmf,fr,0.2392037786774629,0.119770580296896
mt,fr,0.3044342093380294,0.1152352569312742
xum,fr,0.2065404475043029,0.0533562822719449
aqz,fr,0.3494550408719346,0.19141689373297
fro,fr,0.7075119474313023,0.6068299482277977
sq,fr,0.8516228748068007,0.7001545595054096
id,fr,0.8036030356666586,0.6696651552990811
bg,fr,0.8822818621215975,0.7733401170185703
tr,fr,0.6353690269673553,0.5026415391894024
akk,fr,0.2427157001414427,0.0638512830874924
sme,fr,0.2487512487512487,0.1032967032967032
grc,fr,0.5711468208610682,0.4179161343822138
ckb,fr,0.4508196721311475,0.1967213114754098
sv,fr,0.8015400047203209,0.735367004956337
hr,fr,0.8439406430338005,0.76760098928277
az,fr,0.6721491228070176,0.5504385964912281
cop,fr,0.0384920449773713,0.0049456445667895
la,fr,0.664608695652174,0.5213043478260869
pay,fr,0.2039766081871345,0.0807017543859649
gn,fr,0.271889400921659,0.0737327188940092
fo,fr,0.6565483213557868,0.5495012335085273
quc,fr,0.2899230999700389,0.1311295316089084
eu,fr,0.6895872651185689,0.5148518913596455
say,fr,0.2641453831041257,0.0885068762278978
ota,fr,0.4744014424084867,0.3272254601870099
vi,fr,0.6944035346097202,0.523858615611193
cpg,fr,0.6250820748522653,0.4267892317793827
gu,fr,0.6074270557029178,0.4493368700265252
mdf,fr,0.324292172257911,0.1724958363073994
uk,frm,0.7452080079511572,0.6561124520800795
am,frm,0.5903096903096903,0.2855144855144855
ka,frm,0.677894322154922,0.5449844881075491
ceb,frm,0.5453885257806826,0.3071895424836601
sd,frm,0.576091870874401,0.3961479338095668
urb,frm,0.3825136612021858,0.1557377049180328
sab,frm,0.3236269812016218,0.1540729819388131
ltg,frm,0.6588235294117647,0.4823529411764706
oc,frm,0.6856944306562097,0.5846321850491413
cy,frm,0.6613414777399271,0.467637730529778
ht,frm,0.3530827067669173,0.1323308270676691
mpu,frm,0.3370786516853932,0.1179775280898876
yo,frm,0.2317117554288487,0.0567754458328278
xcl,frm,0.536285252380097,0.3498293515358361
sk,frm,0.8094005021971123,0.7209667294413057
ps,frm,0.6095402016228179,0.4954511925252028
ctn,frm,0.3660036907935206,0.1731939033558882
gd,frm,0.5909219590450128,0.4039822591299424
bho,frm,0.3470367591897974,0.1705926481620405
th,frm,0.4249825075800486,0.2676840035984407
olo,frm,0.5329301075268817,0.3313172043010752
sga,frm,0.4065420560747663,0.1191588785046729
ab,frm,0.4477090222012281,0.2527161076995748
cu,frm,0.5140154344037839,0.2963903410505352
koi,frm,0.3937575030012005,0.2448979591836734
ang,frm,0.4561403508771929,0.3216374269005848
bm,frm,0.2708529262822831,0.0664833972364899
got,frm,0.302902529907825,0.1060992351441459
gya,frm,0.2893759286775632,0.0768945022288261
myu,frm,0.2328767123287671,0.0949119373776908
ug,frm,0.5112294288480155,0.3646660212971926
eo,frm,0.793836026331538,0.6894075403949731
pl,frm,0.7756433297389406,0.6808046114727692
sdh,frm,0.213235294117647,0.1102941176470588
ajp,frm,0.6501901140684411,0.4410646387832699
egy,frm,0.301440329218107,0.0522119341563786
ess,frm,0.2433800623052959,0.0852803738317757
af,frm,0.7366590479976151,0.6041935804432078
arr,frm,0.3725743855109961,0.154376886589047
arh,frm,0.2813265498398342,0.0810250612398718
xpg,frm,0.2276229994072317,0.0409010077059869
azz,frm,0.4549960348929421,0.2190721649484536
bar,frm,0.5405693003458366,0.3617983506251662
orv,frm,0.6285443722943723,0.4805871212121212
yrl,frm,0.2909127261821453,0.1088673397980605
sa,frm,0.3242070415604169,0.1108128662819308
ru,frm,0.7464215069652602,0.6707505833610011
de,frm,0.7920081767265773,0.7143439103877602
aii,frm,0.0949227373068432,0.0176600441501103
vep,frm,0.4927091327705295,0.2601688411358404
aln,frm,0.5993746091307067,0.3351469668542839
ga,frm,0.6107287047455159,0.4245813753392018
pro,frm,0.6301215898641055,0.5265147644834985
ro,frm,0.7485506104075806,0.6233338587917958
ja,frm,0.0786487304952104,0.0236315434351806
jaa,frm,0.3304347826086956,0.1304347826086956
hbo,frm,0.4919551108707409,0.3315305570578691
ky,frm,0.573151063666385,0.4046540204285385
yue,frm,0.3007616036786895,0.1312688604684581
ml,frm,0.5551394090719933,0.4049105285060341
pcm,frm,0.5225783972125435,0.3503135888501742
xav,frm,0.3550692273336311,0.0951317552478785
el,frm,0.7910677250947579,0.6741042694700708
si,frm,0.6602272727272728,0.4375
hit,frm,0.1566080977845683,0.0252100840336134
sr,frm,0.7988792575080991,0.7142982225724542
ta,frm,0.7155040454843647,0.55368467089438
lt,frm,0.6994792541575676,0.5850831513522594
ca,frm,0.8045629927864453,0.7244254319745009
sjo,frm,0.0188360613146271,0.0024032216160041
mk,frm,0.8566176470588235,0.7264705882352941
frm,frm,0.8785159453852462,0.8468664061369229
be,frm,0.7394295721791343,0.6530522892169127
et,frm,0.7010565266079166,0.5698265089179934
xnr,frm,0.4359586316626889,0.2346857597454256
abq,frm,0.2085889570552147,0.0414110429447852
eme,frm,0.3891574585635359,0.2144337016574585
ur,frm,0.3643117655004728,0.2414561664190193
fr,frm,0.8051950229734716,0.737783814602408
hy,frm,0.6472532209397002,0.5400641793189329
no,frm,0.7882314254918796,0.6962860118014579
es,frm,0.806382759331821,0.7344400907403589
apu,frm,0.288,0.159
mr,frm,0.6092233009708737,0.470873786407767
myv,frm,0.2962820635988087,0.1473724661350754
is,frm,0.6543249192674288,0.515045869509347
nl,frm,0.8075972128568217,0.7225094278364677
it,frm,0.8025645010879702,0.7250699409387629
nap,frm,0.572139303482587,0.3681592039800995
otk,frm,0.170886075949367,0.0822784810126582
ckt,frm,0.3517308948399739,0.1724363161332462
sms,frm,0.3482905982905983,0.1566951566951566
yi,frm,0.7994409503843466,0.7158829989018668
lv,frm,0.7187591688671948,0.589234749673255
fi,frm,0.7095876061307752,0.5959587606130775
gwi,frm,0.5575396825396826,0.4652777777777778
zh,frm,0.1732609790722168,0.0756170719421165
ar,frm,0.2759793353130212,0.2072245047390473
gv,frm,0.2987339325408331,0.086305209239393
krl,frm,0.5672268907563025,0.3820297349709114
bn,frm,0.64375,0.521875
wbp,frm,0.238095238095238,0.0984126984126984
br,frm,0.6700979412352589,0.4854087547471517
kk,frm,0.6206655341261117,0.4973518537024083
cs,frm,0.7391856576078861,0.6464313279441036
kmr,frm,0.617550164719976,0.4356593790556055
ko,frm,0.5634415208478561,0.3762775145621891
hsb,frm,0.5854750604459569,0.4601952180531924
sah,frm,0.3897260273972602,0.1986301369863013
jv,frm,0.5998745032419995,0.4431429965836994
pad,frm,0.2599206349206349,0.1547619047619047
te,frm,0.811373092926491,0.6643550624133149
or,frm,0.4635568513119533,0.3100097181729835
uz,frm,0.5664437012263099,0.4150501672240803
hu,frm,0.7005168453292496,0.5743683001531393
lzh,frm,0.3569504501311406,0.0927553696746296
gun,frm,0.1567728627091451,0.013064405225762
en,frm,0.7850597895842728,0.6811502990718119
tt,frm,0.4245614035087719,0.2390350877192982
scn,frm,0.6121028204212781,0.4227061763655837
lb,frm,0.6213592233009708,0.3300970873786408
hi,frm,0.5008859413759935,0.3610928297811303
gub,frm,0.2209606986899563,0.0829694323144104
tpn,frm,0.2710736468500443,0.1184560780834072
kpv,frm,0.3259722493648622,0.1665038108266562
tn,frm,0.3644859813084112,0.1635514018691588
wuu,frm,0.3318077803203661,0.1338672768878718
he,frm,0.7580771456780037,0.611718244646444
nds,frm,0.5092499772168049,0.3262553540508521
ha,frm,0.3101365303417881,0.1160353807748019
gsw,frm,0.4415745329775066,0.2352744948532215
gl,frm,0.7759311868686869,0.6734690656565656
yrk,frm,0.2680817610062893,0.0927672955974842
tl,frm,0.7274713271436374,0.4871654833424358
naq,frm,0.196301433194637,0.0729542302357836
bxr,frm,0.4513909661980257,0.2482799880346993
lij,frm,0.6119068934646374,0.4116681587585795
hyw,frm,0.6760803498628716,0.5110073382254836
bej,frm,0.2132039159902937,0.0442640783198058
pt,frm,0.7825078764965343,0.683360638521319
fa,frm,0.5100480613591653,0.4093931319570685
wo,frm,0.312025377295011,0.0744016149187734
da,frm,0.7363064950613589,0.6621769929162925
nhi,frm,0.4326181164781735,0.1991332840080329
bor,frm,0.2709717097170971,0.1149446494464944
sl,frm,0.748331615213499,0.650046117953448
nmf,frm,0.2672064777327935,0.1275303643724696
mt,frm,0.3044342093380294,0.107107378307595
xum,frm,0.2590361445783132,0.0748709122203098
aqz,frm,0.3780653950953678,0.2091280653950953
fro,frm,0.8089904420549582,0.7375796495420152
sq,frm,0.8245749613601236,0.6499227202472952
id,frm,0.7273234245811411,0.5906941784060326
bg,frm,0.8039302976341898,0.6876112948359197
tr,frm,0.6363349629395995,0.4911784418861378
akk,frm,0.2288139017983431,0.0495453626995352
sme,frm,0.256043956043956,0.0954045954045954
grc,frm,0.5583719939935902,0.4036172930814227
ckb,frm,0.3770491803278688,0.1967213114754098
sv,frm,0.8212030918102431,0.7356325230115648
hr,frm,0.7774113767518549,0.6899010717230009
az,frm,0.6820175438596491,0.5679824561403509
cop,frm,0.0212289460178229,0.0034526197919096
la,frm,0.6166763285024155,0.482415458937198
pay,frm,0.3417543859649122,0.1061988304093567
gn,frm,0.3317972350230415,0.0967741935483871
fo,frm,0.6431942507776467,0.5210769065751367
quc,frm,0.2863277738939379,0.1351243383601318
eu,frm,0.66082711085583,0.5018462295889062
say,frm,0.2613948919449901,0.0861493123772102
ota,frm,0.4797685437544551,0.3224453855507568
vi,frm,0.6551546391752577,0.4865979381443299
cpg,frm,0.6215802144889473,0.4073101335084264
gu,frm,0.6159151193633953,0.4440318302387268
mdf,frm,0.3285748275041636,0.1689269569355222
uk,fro,0.6453570921482323,0.5574329121113162
am,fro,0.5676323676323677,0.2957042957042957
ka,fro,0.6290441719604077,0.4919485891564485
ceb,fro,0.5068990559186638,0.2534495279593319
sd,fro,0.5285288000723393,0.3460529885161407
urb,fro,0.3879781420765027,0.1366120218579235
sab,fro,0.3280501290084777,0.1511242167342425
ltg,fro,0.5352941176470588,0.3647058823529411
oc,fro,0.6461828650848803,0.5416459843145042
cy,fro,0.6028427111476565,0.4222953130506284
ht,fro,0.3504511278195488,0.1318045112781954
mpu,fro,0.2022471910112359,0.0617977528089887
yo,fro,0.2076913744995754,0.0428242144850175
xcl,fro,0.5216454104544638,0.3477636069696425
sk,fro,0.7502354048964218,0.6455586942875079
ps,fro,0.5574133267764937,0.4467666584706171
ctn,fro,0.3534960016403526,0.1733305994122069
gd,fro,0.5129753703878456,0.3168821364537133
bho,fro,0.2999249812453113,0.1347336834208552
th,fro,0.3741711924832572,0.2405291040549095
olo,fro,0.4952956989247312,0.2829301075268817
sga,fro,0.3691588785046729,0.1226635514018691
ab,fro,0.4770902220122815,0.2890883325460557
cu,fro,0.5030619865571322,0.2872790639780931
koi,fro,0.3925570228091236,0.2545018007202881
ang,fro,0.4619883040935672,0.2982456140350877
bm,fro,0.2806916009549302,0.0617810894885336
got,fro,0.3304569523435968,0.1254167483820357
gya,fro,0.2704309063893016,0.0676077265973254
myu,fro,0.2181996086105675,0.0831702544031311
ug,fro,0.5176185866408519,0.3612778315585673
eo,fro,0.6855176540993417,0.5807899461400359
pl,fro,0.7156435959902552,0.6075588748219445
sdh,fro,0.2058823529411764,0.088235294117647
ajp,fro,0.5842839036755386,0.403041825095057
egy,fro,0.2146776406035665,0.0282921810699588
ess,fro,0.2274143302180685,0.0899532710280373
af,fro,0.6895557984696412,0.5530159992050084
arr,fro,0.3484260457093575,0.1474773609314359
arh,fro,0.2472206519690974,0.1040135669869983
xpg,fro,0.2448132780082987,0.0657972732661529
azz,fro,0.4502379064234734,0.2250198255352894
bar,fro,0.4902899707368981,0.3012769353551476
orv,fro,0.5801677489177489,0.4357819264069264
yrl,fro,0.2688193541937418,0.0995701289613116
sa,fro,0.3581622153625911,0.1338075426117299
ru,fro,0.6592937941612461,0.5796433899002558
de,fro,0.7284995023710555,0.64741281736042
aii,fro,0.1280353200883002,0.0110375275938189
vep,fro,0.464313123561013,0.1995395241749808
aln,fro,0.5242651657285804,0.257848655409631
ga,fro,0.531074194188894,0.3459196505394136
pro,fro,0.5579850822519669,0.4757331153571064
ro,fro,0.6698544480058851,0.5395757798679348
ja,fro,0.0886900113163641,0.029295038332191
jaa,fro,0.3217391304347826,0.1478260869565217
hbo,fro,0.3855462412114656,0.2692671714440238
ky,fro,0.5567160740342524,0.3534290761078258
yue,fro,0.2923552234516453,0.1462135364276476
ml,fro,0.5226799833541407,0.3753641281731169
pcm,fro,0.4880139372822299,0.3238327526132404
xav,fro,0.2983474765520321,0.0879857079053148
el,fro,0.7362511621254381,0.6201101337338196
si,fro,0.6375,0.425
hit,fro,0.1841100076394194,0.0366692131398013
sr,fro,0.7148235706155328,0.6200858068470362
ta,fro,0.687513667176908,0.5412202055543407
lt,fro,0.6266588274819419,0.5043675457752393
ca,fro,0.704462338533803,0.6252138902868646
sjo,fro,0.0678747726682255,0.0246817355157183
mk,fro,0.8125,0.6551470588235294
frm,fro,0.7872340425531915,0.7385535774593526
be,fro,0.6396672504378283,0.5479734801100825
et,fro,0.6442053329438304,0.4954152263174124
xnr,fro,0.3774860779634049,0.2108194112967382
abq,fro,0.1871165644171779,0.062883435582822
eme,fro,0.4191988950276243,0.2365331491712707
ur,fro,0.3263541807375388,0.1942455761177901
fr,fro,0.7329040480262937,0.6663145185632358
hy,fro,0.5693759279658988,0.454811054169261
no,fro,0.7323115146422112,0.6337894371471894
es,fro,0.7198494534955661,0.6445246442565478
apu,fro,0.323,0.169
mr,fro,0.5606796116504854,0.4101941747572815
myv,fro,0.2974349120953021,0.1460274762224997
is,fro,0.6053601957695015,0.4740985328461444
nl,fro,0.7389675582527909,0.6398441597362703
it,fro,0.7275722723033883,0.6422676406589991
nap,fro,0.6019900497512438,0.373134328358209
otk,fro,0.0886075949367088,0.0316455696202531
ckt,fro,0.3251143043762247,0.1606792945787067
sms,fro,0.3415242165242165,0.1474358974358974
yi,fro,0.7792752321054208,0.6904262753319357
lv,fro,0.6423408284654983,0.5095089488143821
fi,fro,0.6583140368287573,0.528972323299151
gwi,fro,0.5753968253968254,0.4861111111111111
zh,fro,0.2315336355726519,0.1032765489765077
ar,fro,0.2371720294512468,0.1623723711507952
gv,fro,0.3123610708417899,0.0900744177056151
krl,fro,0.5171299288946348,0.3299935358758888
bn,fro,0.609375,0.484375
wbp,fro,0.3174603174603174,0.1523809523809524
br,fro,0.6305216869878073,0.4239456326204277
kk,fro,0.5825921854701709,0.4421904666733287
cs,fro,0.6721885959567236,0.5731865512992377
kmr,fro,0.571528401717081,0.37685933912349
ko,fro,0.5283741153396269,0.3460897716128879
hsb,fro,0.5315662219038237,0.3975105220739679
sah,fro,0.4431506849315068,0.2356164383561644
jv,fro,0.5129331381161543,0.3578052011434149
pad,fro,0.2023809523809523,0.115079365079365
te,fro,0.7808599167822469,0.6324549237170597
or,fro,0.4567541302235179,0.2983479105928086
uz,fro,0.5379041248606466,0.3714604236343367
hu,fro,0.6217457886676876,0.4689892802450229
lzh,fro,0.4326221025023038,0.182108173247324
gun,fro,0.1442432576973031,0.012835205134082
en,fro,0.7279858863874008,0.6179116016076039
tt,fro,0.3710526315789473,0.2057017543859649
scn,fro,0.5873795073188147,0.4004819707247412
lb,fro,0.4951456310679611,0.2475728155339805
hi,fro,0.4478982095546668,0.3036332033952648
gub,fro,0.1921397379912663,0.0748908296943231
tpn,fro,0.2493345164152617,0.1071428571428571
kpv,fro,0.3392612859097127,0.1700214969708813
tn,fro,0.3457943925233644,0.1121495327102803
wuu,fro,0.3009153318077803,0.137299771167048
he,fro,0.6672454294760495,0.5339938038334525
nds,fro,0.4652328442540782,0.2633737355326711
ha,fro,0.2760809936203655,0.0965574629395629
gsw,fro,0.3963019443385436,0.2008673274876096
gl,fro,0.7035353535353536,0.5814236111111111
yrk,fro,0.3286163522012578,0.1265723270440251
tl,fro,0.7034407427635172,0.4500273074822501
naq,fro,0.2435506241331484,0.0912621359223301
bxr,fro,0.445009472529664,0.2399042775949745
lij,fro,0.569233064756789,0.3512384362876753
hyw,fro,0.6158920761989475,0.4488918538284782
bej,fro,0.2317797673834825,0.0647644548573341
pt,fro,0.6999831968073934,0.5920730938878387
fa,fro,0.4491122344796673,0.343626266902408
wo,fro,0.2941459194463136,0.0636354897625684
da,fro,0.6921081512521201,0.6109947121620274
nhi,fro,0.4066166367191628,0.185498361695381
bor,fro,0.2600246002460024,0.1105781057810578
sl,fro,0.6759264283001465,0.570804622646628
nmf,fro,0.3437921727395411,0.1788124156545209
mt,fro,0.3168969565610042,0.1082814052199042
xum,fro,0.3313253012048193,0.1583476764199655
aqz,fro,0.4243869209809264,0.2574931880108992
fro,fro,0.8480187176423736,0.8012495021903624
sq,fro,0.7727975270479135,0.5911901081916537
id,fro,0.6265063162233591,0.5083771791576752
bg,fro,0.7437674891885017,0.617336555583821
tr,fro,0.6009205961204858,0.4384462229932187
akk,fro,0.2190745605172762,0.0657506566983228
sme,fro,0.2526473526473526,0.0812187812187812
grc,fro,0.5301104910464152,0.3823259149689594
ckb,fro,0.3524590163934426,0.1475409836065573
sv,fro,0.7589391078593344,0.6675566438517819
hr,fro,0.6893239901071723,0.5858615004122012
az,fro,0.6918859649122807,0.5164473684210527
cop,fro,0.0879951476694816,0.0014930247748798
la,fro,0.5688792270531401,0.4323961352657005
pay,fro,0.2945029239766082,0.1017543859649122
gn,fro,0.2764976958525346,0.1013824884792626
fo,fro,0.5960527727126461,0.4736672744824627
quc,fro,0.3220812943173874,0.1408169379806252
eu,fro,0.6020759826044145,0.4445720850086157
say,fro,0.2334970530451866,0.0794695481335952
ota,fro,0.4316742840370665,0.266552056690008
vi,fro,0.5847569955817379,0.4283505154639175
cpg,fro,0.5975049244911359,0.3843291748741519
gu,fro,0.5867374005305039,0.4339522546419098
mdf,fro,0.3176302640970735,0.1570306923625981
uk,ga,0.6835155473519807,0.5858653982677836
am,ga,0.3762237762237762,0.1465534465534465
ka,ga,0.5730536268281873,0.4337913034914069
ceb,ga,0.5824255628177197,0.3297022512708787
sd,ga,0.3721855502305814,0.2226241070621213
urb,ga,0.1256830601092896,0.0327868852459016
sab,ga,0.2436417250276446,0.0840398083302617
ltg,ga,0.5176470588235295,0.3294117647058823
oc,ga,0.5847314603395215,0.4386975081902114
cy,ga,0.7616586397274756,0.556619288147539
ht,ga,0.2996992481203007,0.0900751879699248
mpu,ga,0.2078651685393258,0.0617977528089887
yo,ga,0.1936188280965667,0.0508310081281087
xcl,ga,0.5154481767558828,0.3237830070055685
sk,ga,0.6949937225360954,0.5902385436283741
ps,ga,0.5129087779690189,0.4007868207523973
ctn,ga,0.158704121386098,0.0529697218235253
gd,ga,0.7380390676606586,0.5750684155893178
bho,ga,0.2622655663915979,0.1230307576894223
th,ga,0.590010995235398,0.3259920701029554
olo,ga,0.353494623655914,0.2016129032258064
sga,ga,0.5151869158878505,0.1962616822429906
ab,ga,0.1637222484648086,0.1014643363249881
cu,ga,0.4694548170276326,0.2458053273587254
koi,ga,0.2412965186074429,0.1164465786314525
ang,ga,0.3391812865497076,0.1812865497076023
bm,ga,0.2763510091875859,0.0650365333140418
got,ga,0.2838791919984311,0.0996273779172386
gya,ga,0.1768202080237741,0.0211738484398216
myu,ga,0.1868884540117416,0.0616438356164383
ug,ga,0.4101645692158761,0.2767666989351404
eo,ga,0.6732495511669659,0.5951526032315978
pl,ga,0.7316053623014763,0.6017146584661262
sdh,ga,0.1029411764705882,0.0294117647058823
ajp,ga,0.6045627376425855,0.4385297845373891
egy,ga,0.2772633744855967,0.0772462277091906
ess,ga,0.2406542056074766,0.0642523364485981
af,ga,0.569213952101759,0.4501639670078505
arr,ga,0.3376455368693402,0.1203104786545925
arh,ga,0.2394950065950631,0.0586018466176747
xpg,ga,0.1932424422050978,0.0474214582098399
azz,ga,0.4186161776367962,0.2161974623314829
bar,ga,0.4501862197392923,0.2831870178238893
orv,ga,0.5528138528138529,0.3832656926406926
yrl,ga,0.3073078076577027,0.11036688993302
sa,ga,0.2018968371135865,0.045720932313336
ru,ga,0.6891048272830576,0.5947850566058911
de,ga,0.6494423628593173,0.5662968600589349
aii,ga,0.1015452538631346,0.0397350993377483
vep,ga,0.340752110514198,0.1742133537989255
aln,ga,0.5156973108192621,0.2636022514071294
ga,ga,0.840360050301145,0.7610364683301344
pro,ga,0.5015837335240625,0.3785634004291407
ro,ga,0.6939905067171107,0.5436042947471669
ja,ga,0.0851994708404392,0.0158668175515213
jaa,ga,0.2260869565217391,0.0608695652173913
hbo,ga,0.5371822606814495,0.3195646295294754
ky,ga,0.5097918746640043,0.3333077336610091
yue,ga,0.3236815634430234,0.1533984767926426
ml,ga,0.4244694132334581,0.2888056595921764
pcm,ga,0.450801393728223,0.2758885017421603
xav,ga,0.2242072353729343,0.0326038410004466
el,ga,0.7448687692197669,0.6200028606164628
si,ga,0.4465909090909091,0.2420454545454545
hit,ga,0.1367456073338426,0.029029793735676
sr,ga,0.6637772524297347,0.5512652132037474
ta,ga,0.5442816531817188,0.4122020555434069
lt,ga,0.6120443473878716,0.5026037292121619
ca,ga,0.7464351618855897,0.627948330816977
sjo,ga,0.0315016887503247,0.0038321641984931
mk,ga,0.7757352941176471,0.586764705882353
frm,ga,0.5910647947122111,0.4774931249095382
be,ga,0.6913935451588692,0.608206154615962
et,ga,0.5692584838599737,0.4581527825113199
xnr,ga,0.2120127287191726,0.0688146380270485
abq,ga,0.1211656441717791,0.0306748466257668
eme,ga,0.3283839779005524,0.1750690607734806
ur,ga,0.3303390517357828,0.1827637444279346
fr,ga,0.6757638260052989,0.5727437367944461
hy,ga,0.5553426888260932,0.4002107380621677
no,ga,0.6454264783792177,0.560002922961691
es,ga,0.7343679109094658,0.628541967415962
apu,ga,0.252,0.124
mr,ga,0.4854368932038835,0.3155339805825243
myv,ga,0.2411374771832068,0.1340186377173599
is,ga,0.5352485669270223,0.404741152939336
nl,ga,0.7069004270622612,0.6112484703179242
it,ga,0.6884908299658067,0.579250854833696
nap,ga,0.4129353233830846,0.1741293532338308
otk,ga,0.2025316455696202,0.120253164556962
ckt,ga,0.2059111691704768,0.0984650555192684
sms,ga,0.2403846153846154,0.1225071225071225
yi,ga,0.4939602675451732,0.4185883997204752
lv,ga,0.6058253980955429,0.4965725107359099
fi,ga,0.574346675487926,0.4708071452199801
gwi,ga,0.4047619047619047,0.3571428571428571
zh,ga,0.2291180107157576,0.1086344278060173
ar,ga,0.2914209006223813,0.2334377415286987
gv,ga,0.5519474243742147,0.2800811829515802
krl,ga,0.4466709760827408,0.3093083387201034
bn,ga,0.596875,0.440625
wbp,ga,0.1111111111111111,0.0380952380952381
br,ga,0.6143314011593044,0.4255446731960823
kk,ga,0.4890576596382532,0.3563505546117718
cs,ga,0.6514035016452046,0.5397570784417273
kmr,ga,0.511131077168813,0.3634820804632125
ko,ga,0.4384016446707705,0.2799839313775299
hsb,ga,0.4366436822781409,0.3569445688188412
sah,ga,0.1006849315068493,0.0356164383561643
jv,ga,0.5189290943317297,0.3526458899811754
pad,ga,0.3035714285714285,0.1825396825396825
te,ga,0.579750346740638,0.4549237170596394
or,ga,0.4557823129251701,0.3100097181729835
uz,ga,0.4365663322185061,0.2983277591973244
hu,ga,0.6559150076569679,0.5274693721286371
lzh,ga,0.3188842418657404,0.1146593889558375
gun,ga,0.1560088624035449,0.0155092062036824
en,ga,0.6602028831811131,0.5492068526346566
tt,ga,0.2285087719298245,0.1425438596491228
scn,ga,0.458943234559086,0.2673152445555158
lb,ga,0.3446601941747573,0.1553398058252427
hi,ga,0.4308543849879343,0.2735111966114851
gub,ga,0.308296943231441,0.1199781659388646
tpn,ga,0.2899290150842946,0.1251109139307897
kpv,ga,0.2089114715653703,0.1016220441665038
tn,ga,0.4813084112149532,0.1869158878504672
wuu,ga,0.2700228832951945,0.1098398169336384
he,ga,0.7324754025806013,0.5806352772954755
nds,ga,0.4159300100246058,0.2442358516358334
ha,ga,0.2750023114617684,0.112768514808765
gsw,ga,0.3163362561951963,0.1639820815859702
gl,ga,0.7254892676767677,0.6173137626262626
yrk,ga,0.1218553459119496,0.0385220125786163
tl,ga,0.7192790824685964,0.488803932277444
naq,ga,0.2552935737401757,0.110217290799815
bxr,ga,0.2063017249975072,0.1126732475820121
lij,ga,0.5173082661891972,0.3194568785437183
hyw,ga,0.5643021273441554,0.3684678674672003
bej,ga,0.1327085599531419,0.0217555016316626
pt,ga,0.73452215921025,0.6244780508296577
fa,ga,0.4806633961700326,0.3790621809398112
wo,ga,0.3662405075459002,0.1105450350860328
da,ga,0.627955701885663,0.5320762246832286
nhi,ga,0.3622238663989007,0.1556917873374907
bor,ga,0.2363468634686346,0.1044280442804428
sl,ga,0.60797026748413,0.4854321523520156
nmf,ga,0.1788124156545209,0.078272604588394
mt,ga,0.2758060146301815,0.0872392305608236
xum,ga,0.1092943201376936,0.0283993115318416
aqz,ga,0.2561307901907357,0.1260217983651226
fro,ga,0.5234966148944643,0.3812724014336917
sq,ga,0.7225656877897991,0.5664605873261206
id,ga,0.6942753921877652,0.5348543995344665
bg,ga,0.716611549224116,0.5614983464767235
tr,ga,0.492400646585712,0.3575145876044788
akk,ga,0.2958981612446959,0.1261264902000404
sme,ga,0.1877122877122877,0.0682317682317682
grc,ga,0.5154978820681773,0.3689907886774692
ckb,ga,0.2704918032786885,0.1721311475409836
sv,ga,0.6794902053339628,0.5758054047675242
hr,ga,0.6555647155812037,0.5377988458367683
az,ga,0.4440789473684211,0.3300438596491228
cop,ga,0.0226753137684878,0.0066719544627443
la,ga,0.5213816425120773,0.3810531400966183
pay,ga,0.2554385964912281,0.0687719298245614
gn,ga,0.2949308755760368,0.1198156682027649
fo,ga,0.4376810039686796,0.3269870213450606
quc,ga,0.4438230300609208,0.2060321581943473
eu,ga,0.52342660211701,0.3461885615820136
say,ga,0.230943025540275,0.0696463654223968
ota,ga,0.3561155604008554,0.2291919996645561
vi,ga,0.5741531664212076,0.3885125184094256
cpg,ga,0.596410593127599,0.4020573429634493
gu,ga,0.4779840848806366,0.2944297082228116
mdf,ga,0.2155603140613847,0.1034975017844396
uk,gd,0.5978986227459889,0.4772824080647451
am,gd,0.3588411588411588,0.1248751248751248
ka,gd,0.536809967006451,0.3808538927463436
ceb,gd,0.5497458242556281,0.3209876543209876
sd,gd,0.3362871869065919,0.1775024866624468
urb,gd,0.1557377049180328,0.0300546448087431
sab,gd,0.2528566162919277,0.0799852561739771
ltg,gd,0.4411764705882353,0.2823529411764706
oc,gd,0.5613024918097885,0.3706939342797578
cy,gd,0.7467990132738165,0.5567954892517326
ht,gd,0.3397744360902255,0.0896240601503759
mpu,gd,0.2528089887640449,0.0617977528089887
yo,gd,0.2190949896882203,0.055804925391241
xcl,gd,0.5199389258128255,0.3359080294593138
sk,gd,0.6602322661644695,0.5290332705586943
ps,gd,0.5106958446029014,0.3602163757069093
ctn,gd,0.1692297177226437,0.0482537078805276
gd,gd,0.8650561479664056,0.8149476266867981
bho,gd,0.2099024756189047,0.0786196549137284
th,gd,0.5449971678939126,0.2635857794955519
olo,gd,0.3299731182795699,0.1801075268817204
sga,gd,0.514018691588785,0.1764018691588785
ab,gd,0.1504015115729806,0.0842701936702881
cu,gd,0.4520786656708986,0.2073686830968384
koi,gd,0.2364945978391356,0.1116446578631452
ang,gd,0.2982456140350877,0.1345029239766081
bm,gd,0.2708529262822831,0.0659046516675106
got,gd,0.3158462443616395,0.1114924494999019
gya,gd,0.2295690936106983,0.0360326894502228
myu,gd,0.2201565557729941,0.0655577299412915
ug,gd,0.3123910939012584,0.1894482090997095
eo,gd,0.6268701376421305,0.5412926391382405
pl,gd,0.6735492631494868,0.517486055087397
sdh,gd,0.0955882352941176,0.0220588235294117
ajp,gd,0.623574144486692,0.4195183776932826
egy,gd,0.3461934156378601,0.1191700960219478
ess,gd,0.2468847352024922,0.0580218068535825
af,gd,0.6148265924674551,0.4637781973566531
arr,gd,0.364381198792583,0.1276412246658042
arh,gd,0.2328999434708875,0.0439042773695119
xpg,gd,0.2009484291641968,0.0663900414937759
azz,gd,0.4197065820777161,0.2066812053925455
bar,gd,0.4323623304070231,0.2504655493482309
orv,gd,0.5250541125541126,0.3415584415584415
yrl,gd,0.3181045686294111,0.1038688393481955
sa,gd,0.2107994452646177,0.0386972665861405
ru,gd,0.6069386056386108,0.4934275439917324
de,gd,0.6634735476065023,0.5473284155884707
aii,gd,0.130242825607064,0.0441501103752759
vep,gd,0.2916346891788181,0.1373752877973906
aln,gd,0.5062539086929331,0.2415259537210756
ga,gd,0.7128863591237011,0.5557283738169303
pro,gd,0.4894247471135179,0.3294165730050066
ro,gd,0.6561750126985795,0.4761179128789869
ja,gd,0.0859937414662395,0.0155586724257928
jaa,gd,0.1913043478260869,0.0521739130434782
hbo,gd,0.5160897782585181,0.3111817198485668
ky,gd,0.3730128254358344,0.2374625604792258
yue,gd,0.2708722517603104,0.1108636298318724
ml,gd,0.3495630461922597,0.2201414898044111
pcm,gd,0.3831358885017422,0.2099651567944251
xav,gd,0.2300133988387673,0.0263510495757034
el,gd,0.7049631695630408,0.5528856468568977
si,gd,0.4090909090909091,0.2204545454545454
hit,gd,0.1573720397249809,0.0351413292589763
sr,gd,0.6131687242798354,0.4800805533666054
ta,gd,0.4047671113054887,0.2366061666302208
lt,gd,0.5507307240047035,0.4326390055434235
ca,gd,0.7182016440194599,0.5662808253648717
sjo,gd,0.0407248636009353,0.005066250974279
mk,gd,0.7330882352941176,0.5169117647058824
frm,gd,0.6001833357456458,0.4432382882230906
be,gd,0.626970227670753,0.5252064048036027
et,gd,0.5287014947173669,0.3877825924663648
xnr,gd,0.1833731105807478,0.0457438345266507
abq,gd,0.1579754601226994,0.0352760736196319
eme,gd,0.336671270718232,0.1792127071823204
ur,gd,0.2615156017830609,0.1232608401999189
fr,gd,0.6417060737163364,0.4931918033336687
hy,gd,0.4936539106279036,0.333349298338043
no,gd,0.6253493852646194,0.5099289354938892
es,gd,0.6916786966384821,0.5232419055475356
apu,gd,0.243,0.111
mr,gd,0.3689320388349514,0.2305825242718446
myv,gd,0.2341243154962052,0.1252762032856182
is,gd,0.5392768149464204,0.3953884661370163
nl,gd,0.706825503858545,0.5870482755175944
it,gd,0.6559372085794218,0.4883820329499533
nap,gd,0.4029850746268656,0.1840796019900497
otk,gd,0.240506329113924,0.0949367088607595
ckt,gd,0.2098301763553233,0.0978118876551273
sms,gd,0.245014245014245,0.1132478632478632
yi,gd,0.4936607766796446,0.3803533992213238
lv,gd,0.5426902456589582,0.4186604785148435
fi,gd,0.5359741978167384,0.3944619031866799
gwi,gd,0.4126984126984127,0.3551587301587302
zh,gd,0.1992718780052205,0.0747240921371983
ar,gd,0.2907944514501892,0.2078021396900297
gv,gd,0.505750459070262,0.2736058760993525
krl,gd,0.4049773755656108,0.2482223658694247
bn,gd,0.509375,0.334375
wbp,gd,0.1238095238095238,0.0317460317460317
br,gd,0.6194283429942035,0.4097541475114931
kk,gd,0.3442590186869191,0.232437293894274
cs,gd,0.5989113214445302,0.4702901788736781
kmr,gd,0.4792852151342717,0.3439153439153439
ko,gd,0.3304110495409809,0.1998653071351772
hsb,gd,0.4257186352646189,0.3351840243574818
sah,gd,0.0924657534246575,0.034931506849315
jv,gd,0.515512793697274,0.333054451648888
pad,gd,0.3095238095238095,0.1746031746031746
te,gd,0.3925104022191401,0.2565880721220527
or,gd,0.3177842565597668,0.1827016520894072
uz,gd,0.3119286510590858,0.2045707915273132
hu,gd,0.5930321592649311,0.4216117917304747
lzh,gd,0.3016941943715885,0.111646700219749
gun,gd,0.1671632668653067,0.0150508060203224
en,gd,0.5363123231462256,0.403789068888107
tt,gd,0.1592105263157894,0.0899122807017543
scn,gd,0.4402891824348447,0.229382363441628
lb,gd,0.3398058252427184,0.145631067961165
hi,gd,0.3407077405963651,0.1758382692924281
gub,gd,0.3086244541484716,0.124235807860262
tpn,gd,0.2952528837622005,0.1259982253771073
kpv,gd,0.2150674223177643,0.1000586281024037
tn,gd,0.4532710280373832,0.1962616822429906
wuu,gd,0.2597254004576659,0.0881006864988558
he,gd,0.6896469546862765,0.5096857658393763
nds,gd,0.4131960266107718,0.2269206233482183
ha,gd,0.3010139612290812,0.1063580608376737
gsw,gd,0.2979889439573008,0.1426324818909645
gl,gd,0.6950126262626263,0.5183869949494949
yrk,gd,0.1360062893081761,0.0157232704402515
tl,gd,0.7263790278536318,0.4691425450573457
naq,gd,0.2737864077669903,0.0998613037447988
bxr,gd,0.1836673646425366,0.0953235616711536
lij,gd,0.5150701283199045,0.2861832288868994
hyw,gd,0.5405826106293085,0.3241420206063301
bej,gd,0.1690235126767634,0.0285331771399882
pt,gd,0.7025708884688091,0.5329048519218652
fa,gd,0.4288916004681624,0.3173045795253629
wo,gd,0.3615303277900605,0.0930500817071998
da,gd,0.5778708969370447,0.4602414446772423
nhi,gd,0.3651833844202515,0.1639361589683965
bor,gd,0.2616851168511685,0.1019680196801968
sl,gd,0.5663284683413814,0.4271878899679887
nmf,gd,0.189608636977058,0.0809716599190283
mt,gd,0.2827598663415515,0.0873295403233089
xum,gd,0.1617900172117039,0.0301204819277108
aqz,gd,0.2752043596730245,0.1335149863760218
fro,gd,0.5093090402230187,0.3338560334528076
sq,gd,0.6568778979907264,0.472952086553323
id,gd,0.6513590185001091,0.4905802196736415
bg,gd,0.6493894683286695,0.4773594505214958
tr,gd,0.3666121274246964,0.2294393628765179
akk,gd,0.3353404728227925,0.1486765003030915
sme,gd,0.1908091908091908,0.062037962037962
grc,gd,0.5094914722427666,0.3269459198995943
ckb,gd,0.2868852459016393,0.1721311475409836
sv,gd,0.6437780269058296,0.5115500354024074
hr,gd,0.600247320692498,0.4692497938994229
az,gd,0.2763157894736842,0.168859649122807
cop,gd,0.0661130033126487,0.0070918676806793
la,gd,0.4775748792270531,0.3235942028985507
pay,gd,0.256140350877193,0.071812865497076
gn,gd,0.3317972350230415,0.1013824884792626
fo,gd,0.4382173120240266,0.3266652365118524
quc,gd,0.5512833316688305,0.2183161889543593
eu,gd,0.4917945351604168,0.2967506359235251
say,gd,0.2718074656188605,0.0806483300589391
ota,gd,0.3136819153842928,0.1627741205081974
vi,gd,0.5122238586156111,0.3103829160530191
cpg,gd,0.5874370759465967,0.3644123440577806
gu,gd,0.4180371352785146,0.2360742705570291
mdf,gd,0.2036640494884606,0.0958838924577682
uk,gl,0.7322163850631833,0.5915093000141985
am,gl,0.5759240759240759,0.2546453546453546
ka,gl,0.6241197616585414,0.4324124686068843
ceb,gl,0.5134350036310821,0.2883079157588961
sd,gl,0.5191246948186997,0.3307713174789764
urb,gl,0.2158469945355191,0.0573770491803278
sab,gl,0.3155178768890527,0.1238481385919646
ltg,gl,0.611764705882353,0.4411764705882353
oc,gl,0.5899930507296733,0.4378040305767894
cy,gl,0.646951720897451,0.3979795606719135
ht,gl,0.3216541353383458,0.1031578947368421
mpu,gl,0.2584269662921348,0.0730337078651685
yo,gl,0.207570059444377,0.06029358243358
xcl,gl,0.4400035925992455,0.2451948985090713
sk,gl,0.8037507846829881,0.661487758945386
ps,gl,0.5869191049913941,0.4361937546102779
ctn,gl,0.2915043400997881,0.1325268266010525
gd,gl,0.5687458714730584,0.3566103614230442
bho,gl,0.300225056264066,0.1383345836459114
th,gl,0.3608436344250824,0.1740579082397627
olo,gl,0.4536290322580645,0.2560483870967742
sga,gl,0.3808411214953271,0.0957943925233644
ab,gl,0.3049598488427019,0.1719414265470004
cu,gl,0.4601941747572815,0.211899427433408
koi,gl,0.2749099639855942,0.148859543817527
ang,gl,0.2631578947368421,0.1637426900584795
bm,gl,0.2754105476379946,0.065615278883021
got,gl,0.2583839968621298,0.0802118062365169
gya,gl,0.2418276374442793,0.0456909361069836
myu,gl,0.2191780821917808,0.0782778864970645
ug,gl,0.5051306873184899,0.3350435624394966
eo,gl,0.7504488330341114,0.6023339317773788
pl,gl,0.7538240345061704,0.6041907956920537
sdh,gl,0.4044117647058823,0.2205882352941176
ajp,gl,0.6463878326996197,0.4423320659062104
egy,gl,0.3154149519890261,0.0765603566529492
ess,gl,0.2659657320872274,0.0786604361370716
af,gl,0.7395408923780185,0.5652389943356851
arr,gl,0.3536006899525657,0.1263475636050021
arh,gl,0.2866026003391747,0.0815903523648012
xpg,gl,0.2128037937166567,0.0438648488441019
azz,gl,0.3862014274385408,0.1941911181601903
bar,gl,0.4991354083532854,0.3181032189412077
orv,gl,0.5424512987012987,0.352448593073593
yrl,gl,0.297110866739978,0.1170648805358392
sa,gl,0.2686887666085089,0.0710419183107412
ru,gl,0.7214877926742016,0.5930501713842139
de,gl,0.7783941221239974,0.6075098062174346
aii,gl,0.0905077262693156,0.0286975717439293
vep,gl,0.4167306216423638,0.1987720644666155
aln,gl,0.5277673545966229,0.275609756097561
ga,gl,0.5914024753458204,0.3844066450459991
pro,gl,0.4919791560232962,0.3436190865433738
ro,gl,0.724782372620111,0.5575114287215596
ja,gl,0.0991988226731058,0.01609526997232
jaa,gl,0.2956521739130435,0.0956521739130434
hbo,gl,0.3892644672796106,0.1410221741481882
ky,gl,0.5537209123723217,0.361492972889947
yue,gl,0.1955022273315131,0.0814772237390429
ml,gl,0.5343320848938826,0.3612151477320016
pcm,gl,0.4625087108013937,0.3034843205574913
xav,gl,0.2626172398392139,0.0629745422063421
el,gl,0.7622470142315669,0.6094543374097118
si,gl,0.6272727272727273,0.3965909090909091
hit,gl,0.1527883880825057,0.0466004583651642
sr,gl,0.7660450048156904,0.584887487960774
ta,gl,0.6787666739558277,0.4950798163131423
lt,gl,0.6204434738787166,0.4498572148496556
ca,gl,0.7950847173293072,0.6613990941117263
sjo,gl,0.047479864899974,0.0041569238763315
mk,gl,0.8389705882352941,0.6882352941176471
frm,gl,0.6447628696868818,0.4993969218893231
be,gl,0.7301100825619214,0.6015136352264198
et,gl,0.6611000210980735,0.4570978788321405
xnr,gl,0.3965791567223548,0.1949085123309467
abq,gl,0.1871165644171779,0.0429447852760736
eme,gl,0.3252762430939226,0.1691988950276243
ur,gl,0.3232473321626368,0.1868161556125895
fr,gl,0.7269846060971928,0.6028523996377905
hy,gl,0.6069735140571867,0.4300014368504238
no,gl,0.7608834651710846,0.6171650925300061
es,gl,0.7716642606723035,0.650329964941225
apu,gl,0.284,0.154
mr,gl,0.6043689320388349,0.4271844660194174
myv,gl,0.2543952348928812,0.130848304352003
is,gl,0.6050696702535394,0.4352854413194328
nl,gl,0.7733573087585225,0.6126969855897705
it,gl,0.7695057506994094,0.6524867889337892
nap,gl,0.4776119402985074,0.2487562189054726
otk,gl,0.2151898734177215,0.1012658227848101
ckt,gl,0.2795558458523841,0.1304702808621815
sms,gl,0.2891737891737891,0.1314102564102564
yi,gl,0.7671957671957672,0.6651692123390237
lv,gl,0.6574111120002134,0.4894508015256995
fi,gl,0.661456610431139,0.4649492777594001
gwi,gl,0.4990079365079365,0.4196428571428571
zh,gl,0.0901680633786692,0.0378943994138388
ar,gl,0.3251515274783387,0.2063295773502013
gv,gl,0.3572049869527399,0.1261235140620469
krl,gl,0.4941822882999354,0.2876535229476405
bn,gl,0.728125,0.5375
wbp,gl,0.1968253968253968,0.0825396825396825
br,gl,0.6454127523485909,0.4258444933040176
kk,gl,0.5748975716998102,0.4171080243829319
cs,gl,0.7285994773259672,0.5788086823468876
kmr,gl,0.6032744334631127,0.4173904362583608
ko,gl,0.5424459751645262,0.3261575906518426
hsb,gl,0.5125817139786872,0.3859586281006537
sah,gl,0.2054794520547945,0.0986301369863013
jv,gl,0.5891375583908527,0.374468381789026
pad,gl,0.1904761904761904,0.0892857142857142
te,gl,0.7378640776699029,0.5852981969486823
or,gl,0.4518950437317784,0.3138969873663751
uz,gl,0.515273132664437,0.3499442586399108
hu,gl,0.6755359877488515,0.4925344563552833
lzh,gl,0.2050046076415963,0.0514283688948748
gun,gl,0.0740316296126518,0.0142104056841622
en,gl,0.7182679108582642,0.5676863685694605
tt,gl,0.3192982456140351,0.1771929824561403
scn,gl,0.5149053909318101,0.3250624776865405
lb,gl,0.4320388349514563,0.1941747572815534
hi,gl,0.4420931841576807,0.2726674429200628
gub,gl,0.2596069868995633,0.0989082969432314
tpn,gl,0.2688553682342502,0.1231144631765749
kpv,gl,0.2410592143834277,0.1131522376392417
tn,gl,0.4579439252336448,0.1775700934579439
wuu,gl,0.1281464530892448,0.05720823798627
he,gl,0.7158615054642018,0.493514452047799
nds,gl,0.4450013669917069,0.2525289346577964
ha,gl,0.2757111597374179,0.1118131106111504
gsw,gl,0.3565097216927183,0.1732272207396111
gl,gl,0.833459595959596,0.7654829545454546
yrk,gl,0.2562893081761006,0.0864779874213836
tl,gl,0.7291097760786456,0.4817039868924085
naq,gl,0.2104484512251502,0.0965325936199722
bxr,gl,0.3767075481104796,0.1995213879748728
lij,gl,0.55043270665473,0.3736198149806028
hyw,gl,0.622711437254466,0.4076791935364316
bej,gl,0.1855911639193373,0.0419211781440883
pt,gl,0.7801512287334593,0.6520310859063222
fa,gl,0.4747117563563015,0.3556291555644097
wo,gl,0.2751129481880227,0.0815149476112659
da,gl,0.721241145365659,0.5935348697994612
nhi,gl,0.3538737976958038,0.1480815981397315
bor,gl,0.2426814268142681,0.1039975399753997
sl,gl,0.735961152406272,0.5533069285443004
nmf,gl,0.2058029689608637,0.097165991902834
mt,gl,0.221981396188928,0.0710737830759505
xum,gl,0.1944922547332186,0.0430292598967297
aqz,gl,0.2847411444141689,0.1437329700272479
fro,gl,0.5946585025886101,0.4380227001194743
sq,gl,0.794435857805255,0.598145285935085
id,gl,0.7271779453483015,0.5027519821545474
bg,gl,0.8107351818875604,0.6657339099465784
tr,gl,0.5789504809966882,0.4135881564422015
akk,gl,0.2268741159830268,0.0575065669832289
sme,gl,0.2325674325674325,0.0962037962037962
grc,gl,0.4943857997713978,0.3135659696541832
ckb,gl,0.3688524590163934,0.1639344262295081
sv,gl,0.7789709700259617,0.6167689402879396
hr,gl,0.7504122011541632,0.5817394888705688
az,gl,0.6589912280701754,0.4923245614035088
cop,gl,0.0525824662903,0.0035925908645546
la,gl,0.5699806763285025,0.3834589371980676
pay,gl,0.3204678362573099,0.0788304093567251
gn,gl,0.3179723502304147,0.0783410138248847
fo,gl,0.5774428831921056,0.4442239622439129
quc,gl,0.2963147907719964,0.1382203135923299
eu,gl,0.625748748666612,0.4109707064905227
say,gl,0.2088408644400785,0.0769155206286836
ota,gl,0.3986330663759487,0.2352719191580359
vi,gl,0.6520618556701031,0.451620029455081
cpg,gl,0.5668636463121033,0.3683519369665134
gu,gl,0.6042440318302388,0.4063660477453581
mdf,gl,0.2600523435641209,0.1194384963121579
uk,got,0.4245704955274741,0.1913957120545222
am,got,0.5114885114885115,0.1612387612387612
ka,got,0.4625006155512877,0.1739301718619195
ceb,got,0.5032679738562091,0.1372549019607843
sd,got,0.3777014196581969,0.1392530970250474
urb,got,0.4207650273224044,0.1775956284153005
sab,got,0.2572797640987836,0.0722447475119793
ltg,got,0.4823529411764706,0.2176470588235294
oc,got,0.4847612429266356,0.2383599722029186
cy,got,0.4627040996123576,0.1804299306942323
ht,got,0.2569172932330827,0.0441353383458646
mpu,got,0.2359550561797752,0.0449438202247191
yo,got,0.1875530753366492,0.0252335314812568
xcl,got,0.4377582180707742,0.1966049937129513
sk,got,0.533427495291902,0.2751098556183302
ps,got,0.3432505532333415,0.1556429800835997
ctn,got,0.3544528740345841,0.0865969516779441
gd,got,0.4444654147400207,0.1920354817401151
bho,got,0.2622655663915979,0.0651162790697674
th,got,0.3539133042348316,0.1452703828341052
olo,got,0.3743279569892473,0.1008064516129032
sga,got,0.4357476635514019,0.1214953271028037
ab,got,0.4409069437883798,0.1142182333490788
cu,got,0.4644261886980333,0.2231018172765745
koi,got,0.3145258103241296,0.1056422569027611
ang,got,0.3391812865497076,0.1228070175438596
bm,got,0.2921941691383925,0.035231136511611
got,got,0.8094724455775643,0.7199450872720141
gya,got,0.2455423476968796,0.0624071322436849
myu,got,0.3033268101761252,0.0792563600782778
ug,got,0.3909970958373669,0.1415295256534366
eo,got,0.3785158587672053,0.1846199880311191
pl,got,0.5136520361569286,0.2322243966079582
sdh,got,0.088235294117647,0.0073529411764705
ajp,got,0.4930291508238276,0.2243346007604562
egy,got,0.2928669410150891,0.0594135802469135
ess,got,0.2978971962616822,0.0521806853582554
af,got,0.3925270793997814,0.176388750869522
arr,got,0.3704182837429927,0.1401466149202242
arh,got,0.2575843225928019,0.036743923120407
xpg,got,0.2471843509187907,0.0385299347954949
azz,got,0.4643140364789849,0.1486915146708961
bar,got,0.4408087257249268,0.174780526735834
orv,got,0.4850108225108225,0.243952922077922
yrl,got,0.3095071478556433,0.0649805058482455
sa,got,0.3273833489911869,0.0951550127499664
ru,got,0.4265245713056531,0.1920812543547489
de,got,0.3822156196943972,0.1765289893253712
aii,got,0.1567328918322295,0.0353200883002207
vep,got,0.3369148119723714,0.0928626247122026
aln,got,0.4681676047529706,0.1438398999374609
ga,got,0.4360645972599113,0.1721159573763981
pro,got,0.3589455400020435,0.1831000306529069
ro,got,0.4509134219606607,0.217907624402291
ja,got,0.0949538579238456,0.0155241389203232
jaa,got,0.3478260869565217,0.0869565217391304
hbo,got,0.3833153055705787,0.1556922660897782
ky,got,0.4372936026418861,0.1679594501190384
yue,got,0.3022704411553384,0.0788187958039948
ml,got,0.3578859758635039,0.1152725759467332
pcm,got,0.3928919860627177,0.1153310104529616
xav,got,0.2929879410451094,0.0424296560964716
el,got,0.4705356504326682,0.2203032253450618
si,got,0.5022727272727273,0.1806818181818182
hit,got,0.2085561497326203,0.0427807486631016
sr,got,0.4537255932054986,0.2109272392960336
ta,got,0.552372621911218,0.2409796632407609
lt,got,0.4341508483117756,0.1933478918192508
ca,got,0.3380305317899681,0.177117933232679
sjo,got,0.1304884385554689,0.0112366848532086
mk,got,0.6352941176470588,0.2933823529411765
frm,got,0.4124571814541419,0.2167703961017031
be,got,0.4731673755316487,0.2341130848136102
et,got,0.4193485564048883,0.1784247853676745
xnr,got,0.3536197295147176,0.0902943516308671
abq,got,0.2315950920245398,0.062883435582822
eme,got,0.4257596685082873,0.1937154696132596
ur,got,0.1920842901526408,0.0558557341618262
fr,got,0.3825753764630915,0.1941090652983197
hy,got,0.4028928588533934,0.1515877197183773
no,got,0.4468477685014341,0.2310783901788487
es,got,0.353155289750464,0.178614147246855
apu,got,0.273,0.07
mr,got,0.4975728155339806,0.1771844660194174
myv,got,0.2797579018157364,0.0582188490729176
is,got,0.4118981372844803,0.2355882582995318
nl,got,0.4240153842311631,0.1989211058664868
it,got,0.3950885918557662,0.1982670189617656
nap,got,0.4527363184079602,0.1592039800995024
otk,got,0.1582278481012658,0.0126582278481012
ckt,got,0.327726975832789,0.1094056172436316
sms,got,0.280982905982906,0.0637464387464387
yi,got,0.5290006988120196,0.2452830188679245
lv,got,0.4367181456882985,0.1954869168600464
fi,got,0.4425515492336531,0.2047772632043224
gwi,got,0.6140873015873016,0.251984126984127
zh,got,0.2880203324632504,0.0806887392956908
ar,got,0.1697758613676117,0.0793637879835658
gv,got,0.3255049772881028,0.0755774620662994
krl,got,0.4246929541047188,0.1489980607627666
bn,got,0.60625,0.23125
wbp,got,0.1873015873015873,0.0444444444444444
br,got,0.5427743353987607,0.2067759344393364
kk,got,0.4262016588388128,0.1596882182472269
cs,got,0.4446629023303679,0.2037074650309406
kmr,got,0.4501347708894879,0.2082459818308875
ko,got,0.3834729491829814,0.1214008057941562
hsb,got,0.4188233187069042,0.2044416584579564
sah,got,0.3773972602739726,0.1452054794520547
jv,got,0.4239698807780799,0.1686536986683399
pad,got,0.2996031746031746,0.0892857142857142
te,got,0.7184466019417476,0.2926490984743412
or,got,0.2964042759961127,0.1107871720116618
uz,got,0.4204013377926421,0.1559643255295429
hu,got,0.3928981623277182,0.1421324655436447
lzh,got,0.4273410363649252,0.1749840504713971
gun,got,0.1700664680265872,0.0074872029948811
en,got,0.4316099330495413,0.19438924431714
tt,got,0.2719298245614035,0.0675438596491228
scn,got,0.4390396287040343,0.1556586933238129
lb,got,0.5048543689320388,0.1407766990291262
hi,got,0.2573617509576604,0.0903997704989959
gub,got,0.2505458515283842,0.0614628820960698
tpn,got,0.3280834072759538,0.084072759538598
kpv,got,0.2516122728161032,0.0580418213797146
tn,got,0.3271028037383177,0.0700934579439252
wuu,got,0.3627002288329519,0.0892448512585812
he,got,0.4326762673203282,0.2503659823647567
nds,got,0.3978857194933017,0.1510981500045566
ha,got,0.3072703177489444,0.0582796560544888
gsw,got,0.3361132291269538,0.1031738467403736
gl,got,0.3734532828282828,0.1918402777777778
yrk,got,0.2633647798742138,0.0338050314465408
tl,got,0.5669033315128346,0.212998361551065
naq,got,0.3079056865464632,0.0603791030975497
bxr,got,0.352078970984146,0.0860504536843154
lij,got,0.4271859146523425,0.1562220232766338
hyw,got,0.4502260766436884,0.175746794159069
bej,got,0.2239979917998494,0.0139737260480294
pt,got,0.3707624448645242,0.1843478260869565
fa,got,0.2437433075179919,0.1126578180640984
wo,got,0.3262520426799961,0.0644044987022974
da,got,0.4160431008680036,0.2152050284346004
nhi,got,0.4181376175879928,0.0968185181270478
bor,got,0.2643911439114391,0.0654981549815498
sl,got,0.4463132765449514,0.1777440182301557
nmf,got,0.228744939271255,0.0587044534412955
mt,got,0.2589180890454258,0.0499412986543845
xum,got,0.2444061962134251,0.0731497418244406
aqz,got,0.3760217983651226,0.1137602179836512
fro,got,0.4547988849064118,0.2172192353643966
sq,got,0.4721792890262751,0.2279752704791344
id,got,0.4169677278568484,0.2075261256455641
bg,got,0.470618163317222,0.2094886797252607
tr,got,0.4556457971928718,0.1723505756189875
akk,got,0.2875732471206304,0.1015154576682158
sme,got,0.2399600399600399,0.0598401598401598
grc,got,0.4892310450704856,0.2790291131580716
ckb,got,0.2131147540983606,0.0573770491803278
sv,got,0.4467341279206986,0.2316645031862166
hr,got,0.4356553998351195,0.1958779884583676
az,got,0.6392543859649122,0.2817982456140351
cop,got,0.0899547426865114,0.0061587271963794
la,got,0.4374009661835749,0.2201739130434782
pay,got,0.263391812865497,0.0444444444444444
gn,got,0.3179723502304147,0.1013824884792626
fo,got,0.4148879116164324,0.2457899817655261
quc,got,0.4550084889643463,0.1220413462498751
eu,got,0.4715270370066464,0.1674735373758923
say,got,0.2758349705304518,0.0479371316306483
ota,got,0.3529288439766866,0.1267139083399723
vi,got,0.3976435935198821,0.1635493372606774
cpg,got,0.5581089954038083,0.2055154300722258
gu,got,0.4482758620689655,0.1527851458885941
mdf,got,0.311444206519153,0.0799428979300499
uk,grc,0.5044015334374556,0.3536845094419991
am,grc,0.5758241758241758,0.2628371628371628
ka,grc,0.5781257694391096,0.3836608066184074
ceb,grc,0.5105301379811183,0.2665214233841685
sd,grc,0.4747264671308436,0.2707297223980468
urb,grc,0.4043715846994535,0.1502732240437158
sab,grc,0.3332104681164762,0.1441208993733874
ltg,grc,0.5352941176470588,0.3588235294117647
oc,grc,0.4787054502134418,0.2507693835004467
cy,grc,0.4402678256783742,0.2177258310818748
ht,grc,0.2337593984962406,0.0498496240601503
mpu,grc,0.247191011235955,0.0786516853932584
yo,grc,0.1607424481378139,0.0384568724978769
xcl,grc,0.4664990120352075,0.2857014550026944
sk,grc,0.5902385436283741,0.4059949780288763
ps,grc,0.4497172362921072,0.2549791000737644
ctn,grc,0.4696193014831522,0.2457795092611578
gd,grc,0.3932244974992922,0.2169481928847787
bho,grc,0.2415603900975244,0.091072768192048
th,grc,0.4317129243994269,0.249791756905341
olo,grc,0.4852150537634409,0.282258064516129
sga,grc,0.3119158878504673,0.0689252336448598
ab,grc,0.4600850259801606,0.2205007085498346
cu,grc,0.5245705750560119,0.2977844162310181
koi,grc,0.4357743097238895,0.2388955582232893
ang,grc,0.2514619883040935,0.1111111111111111
bm,grc,0.198075670983144,0.0427548289083411
got,grc,0.3003530103941949,0.0947244557756422
gya,grc,0.1961367013372957,0.0438335809806835
myu,grc,0.3258317025440313,0.1223091976516634
ug,grc,0.479380445304937,0.3147144240077444
eo,grc,0.5302214242968283,0.3405146618791143
pl,grc,0.572293888201073,0.3844935234367719
sdh,grc,0.1470588235294117,0.0514705882352941
ajp,grc,0.5640050697084917,0.3409378960709759
egy,grc,0.31730109739369,0.0707304526748971
ess,grc,0.3142523364485981,0.0973520249221183
af,grc,0.4914041538308655,0.2576766371857299
arr,grc,0.3958602846054334,0.1492022423458387
arh,grc,0.2685132843414358,0.0934614659883173
xpg,grc,0.2620035566093657,0.0776526378186129
azz,grc,0.3852101506740682,0.1977597145122918
bar,grc,0.4857009843043363,0.2543229582335727
orv,grc,0.5291937229437229,0.325297619047619
yrl,grc,0.3282015395381386,0.1388583424972508
sa,grc,0.3621885205565248,0.1376101641837784
ru,grc,0.5015034113174373,0.3424925297058177
de,grc,0.4823975957691782,0.3218146868840622
aii,grc,0.1611479028697571,0.0573951434878587
vep,grc,0.4251726784343821,0.2240982348426707
aln,grc,0.3985616010006254,0.1801125703564728
ga,grc,0.4047918459196505,0.2226487523992322
pro,grc,0.3931746193930724,0.2050679472770001
ro,grc,0.5010771898481425,0.3123325101150754
ja,grc,0.1099892149205995,0.0415252121154162
jaa,grc,0.217391304347826,0.0869565217391304
hbo,grc,0.4565305570578691,0.2691995673336939
ky,grc,0.479840258044697,0.3277014054220106
yue,grc,0.4307371748814484,0.2516166115821239
ml,grc,0.4548481065334998,0.3037869330004161
pcm,grc,0.438397212543554,0.2497560975609756
xav,grc,0.3349709691826708,0.0808396605627512
el,grc,0.5896803261102768,0.3960881069870557
si,grc,0.5943181818181819,0.3556818181818181
hit,grc,0.2513368983957219,0.067990832696715
sr,grc,0.5012695911041065,0.306453025129148
ta,grc,0.6365624316641154,0.4740870325825497
lt,grc,0.5466151520241895,0.3848479758105157
ca,grc,0.4224291226304311,0.2524744170441201
sjo,grc,0.0459210184463497,0.0053260587165497
mk,grc,0.700735294117647,0.4786764705882353
frm,grc,0.5105900516234863,0.3063636802238626
be,grc,0.5231423567675757,0.3632099074305729
et,grc,0.5384390671405619,0.3641040621906292
xnr,grc,0.4427207637231503,0.2028639618138424
abq,grc,0.2070552147239263,0.0552147239263803
eme,grc,0.3970994475138121,0.2068370165745856
ur,grc,0.2402404430636228,0.1117790085100634
fr,grc,0.5144799946339337,0.3119864506824966
hy,grc,0.497581301786484,0.3216150198764309
no,grc,0.4988216810683425,0.3034764975611538
es,grc,0.4389874200866158,0.254145184574139
apu,grc,0.227,0.115
mr,grc,0.6116504854368932,0.4320388349514563
myv,grc,0.2836968008454222,0.1281583245268517
is,grc,0.4935805035030672,0.3069457946431564
nl,grc,0.5164706176169427,0.3180240253739916
it,grc,0.4907988809449798,0.2961221635063724
nap,grc,0.3880597014925373,0.1691542288557214
otk,grc,0.1265822784810126,0.0696202531645569
ckt,grc,0.353037230568256,0.1913781841933376
sms,grc,0.3579059829059829,0.1698717948717948
yi,grc,0.7281621243885394,0.474094040131776
lv,grc,0.558427355898749,0.3855592008748766
fi,grc,0.565787297386702,0.3854890285588268
gwi,grc,0.6785714285714286,0.5287698412698413
zh,grc,0.4268214498328525,0.2568576269634107
ar,grc,0.1834438433063499,0.1035675060000813
gv,grc,0.269160143036629,0.0720015463419348
krl,grc,0.510989010989011,0.3015513897866839
bn,grc,0.71875,0.53125
wbp,grc,0.3682539682539683,0.146031746031746
br,grc,0.5550669598241056,0.3253048171097341
kk,grc,0.4979514339962027,0.3427600679524333
cs,grc,0.5321579937983236,0.3464299738662983
kmr,grc,0.521213936308276,0.3114705001497454
ko,grc,0.4489644009121306,0.2768765433557427
hsb,grc,0.4777469329273753,0.2744694188233187
sah,grc,0.397945205479452,0.1780821917808219
jv,grc,0.4766087987171442,0.3020985846754514
pad,grc,0.3313492063492063,0.1547619047619047
te,grc,0.7128987517337032,0.5769764216366158
or,grc,0.3576287657920311,0.2147716229348882
uz,grc,0.4824972129319955,0.3210702341137124
hu,grc,0.4688935681470138,0.2998660030627871
lzh,grc,0.4413766215354079,0.218792089033813
gun,grc,0.1540224616089846,0.0168844067537627
en,grc,0.5251770396102898,0.3242513293457091
tt,grc,0.3324561403508771,0.1793859649122807
scn,grc,0.4319885755087468,0.1976079971438772
lb,grc,0.5533980582524272,0.2475728155339805
hi,grc,0.3265833038019541,0.1688688638012791
gub,grc,0.2115720524017467,0.0683406113537117
tpn,grc,0.308340727595386,0.1308784383318544
kpv,grc,0.2951924956028923,0.1353332030486613
tn,grc,0.2710280373831775,0.116822429906542
wuu,grc,0.4553775743707093,0.2425629290617849
he,grc,0.5050556633643142,0.3336056923024546
nds,grc,0.4534767155745922,0.2192654697894832
ha,grc,0.2648626991709557,0.098560729805529
gsw,grc,0.3803850552802135,0.1575009531071292
gl,grc,0.4657670454545454,0.2829861111111111
yrk,grc,0.3435534591194968,0.1344339622641509
tl,grc,0.5439650464227198,0.3746586564718733
naq,grc,0.3348127600554785,0.1336107258437355
bxr,grc,0.4105095223850832,0.20291155648619
lij,grc,0.4401671142942405,0.1886004177857356
hyw,grc,0.5711956118894077,0.3389667185531095
bej,grc,0.2075140155635511,0.0485315036398627
pt,grc,0.460932577189666,0.2893005671077505
fa,grc,0.2550489329382175,0.140996588390567
wo,grc,0.2450254734211285,0.0559454003652792
da,grc,0.4786989923176694,0.2951212211912601
nhi,grc,0.3497516118803509,0.1468132332734383
bor,grc,0.2717097170971709,0.122140221402214
sl,grc,0.5266670283761055,0.3120286473875536
nmf,grc,0.3468286099865047,0.1616059379217274
mt,grc,0.2371534362864625,0.0574370089406664
xum,grc,0.2650602409638554,0.0903614457831325
aqz,grc,0.3950953678474114,0.2173024523160762
fro,grc,0.5081391875746715,0.2933094384707287
sq,grc,0.5425038639876353,0.3268933539412674
id,grc,0.4165797832359431,0.2815993016996824
bg,grc,0.5361867209361486,0.3456499618417705
tr,grc,0.5069685380854755,0.3430452609998423
akk,grc,0.2286522529804,0.0656294200848656
sme,grc,0.2542457542457542,0.1059940059940059
grc,grc,0.7606849100159125,0.6770434119993725
ckb,grc,0.2950819672131147,0.1393442622950819
sv,grc,0.5203416332310598,0.3258791597828652
hr,grc,0.4913025556471558,0.3013602638087386
az,grc,0.6480263157894737,0.4901315789473684
cop,grc,0.0259413054635375,0.0081649792376242
la,grc,0.5438067632850242,0.3518164251207729
pay,grc,0.2725146198830409,0.0987134502923976
gn,grc,0.271889400921659,0.0921658986175115
fo,grc,0.5093853909685724,0.3150273517108227
quc,grc,0.3201837611105563,0.1182462798362129
eu,grc,0.5568638713383113,0.3689997538360548
say,grc,0.2458742632612966,0.0868369351669941
ota,grc,0.4040420982011824,0.2499895173801836
vi,grc,0.4567746686303387,0.2907216494845361
cpg,grc,0.5918144014007442,0.3156051652440358
gu,grc,0.5464190981432361,0.3273209549071618
mdf,grc,0.3012134189864383,0.1394242207946704
uk,gv,0.2560343603578021,0.1104642907851767
am,gv,0.2898101898101898,0.0312687312687312
ka,gv,0.1727483133894716,0.0535775840843059
ceb,gv,0.5490196078431373,0.317356572258533
sd,gv,0.1180938602043584,0.0235102631340989
urb,gv,0.1967213114754098,0.0355191256830601
sab,gv,0.2325838555105049,0.0519719867305565
ltg,gv,0.3529411764705882,0.088235294117647
oc,gv,0.4082199940434826,0.1233991859426188
cy,gv,0.4430870433454716,0.1854222953130506
ht,gv,0.2534586466165413,0.0632330827067669
mpu,gv,0.2696629213483146,0.0505617977528089
yo,gv,0.1910712119374014,0.0561688705568361
xcl,gv,0.3556673253098616,0.1173881803484821
sk,gv,0.2832705586942875,0.1058537350910232
ps,gv,0.1539218096877305,0.0599950823702975
ctn,gv,0.1870685530722438,0.0494839723873966
gd,gv,0.4253090497310559,0.197603095215627
bho,gv,0.1071267816954238,0.0237059264816204
th,gv,0.2061106853696731,0.0351181154832905
olo,gv,0.2365591397849462,0.0833333333333333
sga,gv,0.3913551401869158,0.0911214953271028
ab,gv,0.17203589985829,0.0876712328767123
cu,gv,0.3611152601443864,0.0899178491411501
koi,gv,0.2436974789915966,0.0936374549819928
ang,gv,0.239766081871345,0.0701754385964912
bm,gv,0.2765680387759531,0.0687260363162844
got,gv,0.2539713669346931,0.0528535006864091
gya,gv,0.2399702823179792,0.0430906389301634
myu,gv,0.2622309197651663,0.0626223091976516
ug,gv,0.0926427879961277,0.0305905130687318
eo,gv,0.2555356074207062,0.1035308198683423
pl,gv,0.3039258756340109,0.1130503081858966
sdh,gv,0.1102941176470588,0.0220588235294117
ajp,gv,0.4017743979721166,0.1622306717363751
egy,gv,0.3258744855967078,0.0821330589849108
ess,gv,0.2620716510903427,0.0440031152647975
af,gv,0.2147470933121335,0.0543575474510583
arr,gv,0.4109529969814575,0.1177231565329883
arh,gv,0.2543810062182023,0.0456001507442999
xpg,gv,0.2459988144635447,0.0527563722584469
azz,gv,0.3834258524980174,0.1670301348136399
bar,gv,0.2829209896249002,0.0957036445863261
orv,gv,0.2934659090909091,0.090530303030303
yrl,gv,0.3157052884134759,0.0966709987003898
sa,gv,0.2086968192188968,0.0284078199794211
ru,gv,0.2468587354510467,0.0941327210575785
de,gv,0.2359980875436645,0.0619987120192026
aii,gv,0.2075055187637969,0.0220750551876379
vep,gv,0.2854950115118956,0.0859554873369148
aln,gv,0.3944965603502189,0.0540337711069418
ga,gv,0.4535045337216228,0.1928982725527831
pro,gv,0.2763870440380096,0.0849085521610299
ro,gv,0.3049060305116214,0.1063002469654773
ja,gv,0.0972251000143446,0.0107585151655217
jaa,gv,0.3130434782608696,0.0521739130434782
hbo,gv,0.3443077339102217,0.1062060573282855
ky,gv,0.0993011289455495,0.0251900775670071
yue,gv,0.1530392297743928,0.0380801839344733
ml,gv,0.1406575114440283,0.0382854764877236
pcm,gv,0.3082229965156794,0.096794425087108
xav,gv,0.23537293434569,0.0281375614113443
el,gv,0.3724165057569906,0.1283701637702925
si,gv,0.1215909090909091,0.0193181818181818
hit,gv,0.1527883880825057,0.0229182582123758
sr,gv,0.2320287190263549,0.0806409246125558
ta,gv,0.1086813907719221,0.0251476055106057
lt,gv,0.2260204938686376,0.0907945573660339
ca,gv,0.2682268075826203,0.0893809763462506
sjo,gv,0.0802156404260847,0.0028578851649779
mk,gv,0.4911764705882352,0.1683823529411764
frm,gv,0.3148067737733391,0.090075746610701
be,gv,0.2821491118338754,0.1369777332999749
et,gv,0.242303260463833,0.0801726796176379
xnr,gv,0.1237072394590294,0.0147175815433572
abq,gv,0.1641104294478527,0.0260736196319018
eme,gv,0.3383977900552486,0.1633287292817679
ur,gv,0.0764554910171552,0.0140483587734702
fr,gv,0.342028037696616,0.1198225844317
hy,gv,0.1929690119258585,0.0744767469706403
no,gv,0.2896655035714938,0.0873052120060651
es,gv,0.2937100433078985,0.0997525262940812
apu,gv,0.282,0.101
mr,gv,0.1334951456310679,0.0412621359223301
myv,gv,0.2384474973580555,0.1016428091075031
is,gv,0.2547238331489613,0.0590269630026929
nl,gv,0.2783147274044105,0.0921055917684373
it,gv,0.3183089835250233,0.0999766863537457
nap,gv,0.3930348258706467,0.1094527363184079
otk,gv,0.2594936708860759,0.0632911392405063
ckt,gv,0.240365774003919,0.089157413455258
sms,gv,0.2592592592592592,0.0986467236467236
yi,gv,0.3491065189178396,0.0988319856244384
lv,gv,0.2172521405137233,0.0846336454082313
fi,gv,0.2733212041018855,0.08300253611203
gwi,gv,0.433531746031746,0.3541666666666667
zh,gv,0.0818450336584695,0.0185808490177222
ar,gv,0.1549932880445836,0.0368466013098482
gv,gv,0.8795786218227506,0.8331883637769402
krl,gv,0.2149321266968326,0.0694893341952165
bn,gv,0.228125,0.08125
wbp,gv,0.1111111111111111,0.0380952380952381
br,gv,0.4946032380571657,0.1924845092944233
kk,gv,0.1189167582692115,0.0340761466973118
cs,gv,0.2622496648657432,0.1017047839568861
kmr,gv,0.2456823400219626,0.0851552360986323
ko,gv,0.0986566159008471,0.0230513841464135
hsb,gv,0.2180531924420166,0.095101638757052
sah,gv,0.1020547945205479,0.0191780821917808
jv,gv,0.3251063236421947,0.1149689744126054
pad,gv,0.2996031746031746,0.1567460317460317
te,gv,0.1234396671289875,0.044382801664355
or,gv,0.1156462585034013,0.0262390670553935
uz,gv,0.110479375696767,0.0332218506131549
hu,gv,0.1963055130168453,0.0495788667687595
lzh,gv,0.1888424186574041,0.0164811795562486
gun,gv,0.1207884483153793,0.019100007640003
en,gv,0.3119712970350511,0.1021254664479585
tt,gv,0.0964912280701754,0.025
scn,gv,0.3364869689396644,0.1048732595501606
lb,gv,0.2621359223300971,0.0533980582524271
hi,gv,0.1056548372399129,0.0246038576418771
gub,gv,0.331004366812227,0.1252183406113537
tpn,gv,0.2766193433895297,0.1075865128660159
kpv,gv,0.2172171194059019,0.0774868086769591
tn,gv,0.4906542056074766,0.1775700934579439
wuu,gv,0.1132723112128146,0.017162471395881
he,gv,0.3490961086712287,0.1022367480339087
nds,gv,0.2563565114371639,0.0625170873963364
ha,gv,0.2906894319967947,0.0884519370049619
gsw,gv,0.2109226077011056,0.0563762866946244
gl,gv,0.3258838383838384,0.1218118686868686
yrk,gv,0.1383647798742138,0.025943396226415
tl,gv,0.6122337520480612,0.3478973238667395
naq,gv,0.2613037447988904,0.0836800739713361
bxr,gv,0.115863994416193,0.0383886728487386
lij,gv,0.3561623396001194,0.1230975828111011
hyw,gv,0.2194055296123341,0.0584093099103105
bej,gv,0.1444230608317295,0.0199983264998744
pt,gv,0.3005923125393824,0.1048309178743961
fa,gv,0.1591503349353786,0.0535149538063102
wo,gv,0.3410554647697779,0.0826684610208593
da,gv,0.2682829492168013,0.0848049486181782
nhi,gv,0.3437268787654582,0.1257795159074093
bor,gv,0.2420664206642066,0.0888683886838868
sl,gv,0.2181379198090174,0.0756605718626227
nmf,gv,0.1912955465587044,0.0745614035087719
mt,gv,0.2273999819380475,0.0674613925765375
xum,gv,0.1678141135972461,0.0189328743545611
aqz,gv,0.25,0.108991825613079
fro,gv,0.3420201115093588,0.0969982078853046
sq,gv,0.3956723338485317,0.1174652241112828
id,gv,0.2881943602550736,0.098998617947288
bg,gv,0.3034851182905113,0.1158738234545917
tr,gv,0.1386315249960574,0.0318068916574672
akk,gv,0.2693473428975551,0.0891493230955748
sme,gv,0.2065934065934065,0.0515484515484515
grc,gv,0.3014859140724803,0.0797866379793361
ckb,gv,0.2295081967213114,0.1147540983606557
sv,gv,0.2745604201085674,0.0668810479112579
hr,gv,0.2267518549051937,0.0798845836768342
az,gv,0.0701754385964912,0.0197368421052631
cop,gv,0.083282788223767,0.0027994214528997
la,gv,0.2273719806763285,0.0667342995169082
pay,gv,0.2792982456140351,0.0563742690058479
gn,gv,0.3824884792626728,0.1152073732718894
fo,gv,0.2792019736136437,0.0703636168615252
quc,gv,0.5387995605712573,0.2317986617397383
eu,gv,0.194428489373923,0.0563715434479363
say,gv,0.2944007858546169,0.0842829076620825
ota,gv,0.1875550337540358,0.0224747368862426
vi,gv,0.2930044182621502,0.0760677466863033
cpg,gv,0.4329174874151893,0.1650251696213613
gu,gv,0.1602122015915119,0.0371352785145888
mdf,gv,0.218177492267428,0.0770877944325481
uk,hbo,0.2529461877041034,0.1327914241090444
am,hbo,0.5030969030969031,0.1942057942057942
ka,hbo,0.3582016053577584,0.1946619392327769
ceb,hbo,0.476397966594045,0.2207697893972403
sd,hbo,0.2265123428881454,0.0827380414142327
urb,hbo,0.314207650273224,0.0928961748633879
sab,hbo,0.2823442683376336,0.0936232952451161
ltg,hbo,0.3470588235294117,0.1764705882352941
oc,hbo,0.3267149806413184,0.1796882755882061
cy,hbo,0.2550804651709151,0.1004346293903441
ht,hbo,0.2001503759398496,0.048796992481203
mpu,hbo,0.2303370786516854,0.0730337078651685
yo,hbo,0.1817299526871284,0.041611063933034
xcl,hbo,0.4373091431650799,0.2547152865097898
sk,hbo,0.3207784055241682,0.1672159447583176
ps,hbo,0.1696582247356774,0.0885173346447012
ctn,hbo,0.3584170596678286,0.1514592304012029
gd,hbo,0.2900820987071812,0.1522128904406907
bho,hbo,0.1480870217554388,0.0408102025506376
th,hbo,0.2129410588744877,0.0548762203045347
olo,hbo,0.3004032258064516,0.1438172043010752
sga,hbo,0.3329439252336448,0.0899532710280373
ab,hbo,0.3388757675956542,0.1647614548889938
cu,hbo,0.4525267612646253,0.2173761513567338
koi,hbo,0.3157262905162065,0.1656662665066026
ang,hbo,0.2748538011695906,0.1286549707602339
bm,hbo,0.2165231859943572,0.0501338349128264
got,hbo,0.2496567954500882,0.0767797607373994
gya,hbo,0.187964338781575,0.0438335809806835
myu,hbo,0.3043052837573385,0.111545988258317
ug,hbo,0.2335914811229429,0.1145208131655372
eo,hbo,0.2519449431478157,0.1307600239377618
pl,hbo,0.3127521067135269,0.1635581825685264
sdh,hbo,0.1617647058823529,0.0514705882352941
ajp,hbo,0.4435994930291508,0.247148288973384
egy,hbo,0.2981824417009602,0.0714163237311385
ess,hbo,0.2464953271028037,0.0712616822429906
af,hbo,0.2152439630328927,0.0751267017787936
arr,hbo,0.3794739111686072,0.1297973264338076
arh,hbo,0.2658752590917655,0.064631618616921
xpg,hbo,0.2045050385299348,0.0438648488441019
azz,hbo,0.3833267248215702,0.1702022204599524
bar,hbo,0.3417132216014897,0.157754722000532
orv,hbo,0.3982278138528138,0.232426948051948
yrl,hbo,0.3033090072978107,0.1076676996900929
sa,hbo,0.26443877779269,0.0744419093633964
ru,hbo,0.2333911628407225,0.1174157224557744
de,hbo,0.2493194192377495,0.1072439162422184
aii,hbo,0.2472406181015452,0.075055187637969
vep,hbo,0.2862624712202609,0.1250959324635456
aln,hbo,0.2984365228267667,0.125515947467167
ga,hbo,0.2931696339929843,0.1455754848103779
pro,hbo,0.2708695207928885,0.1585777051190354
ro,hbo,0.2650937943355578,0.1351829471213634
ja,hbo,0.1102468879998724,0.017242844923309
jaa,hbo,0.1652173913043478,0.0695652173913043
hbo,hbo,0.9232017306652244,0.8795970795024337
ky,hbo,0.279394823746256,0.1300975347515552
yue,hbo,0.3210949849116252,0.0951286104325334
ml,hbo,0.2584269662921348,0.1007074490220557
pcm,hbo,0.2305923344947735,0.0760975609756097
xav,hbo,0.2657436355515855,0.0540419830281375
el,hbo,0.3381248659086033,0.1876206822570263
si,hbo,0.2977272727272727,0.1068181818181818
hit,hbo,0.1413292589763178,0.0229182582123758
sr,hbo,0.2368444094212415,0.10069170825672
ta,hbo,0.3087688607041329,0.1325169472993658
lt,hbo,0.2898538551990593,0.1505123467159415
ca,hbo,0.1803053178996812,0.0889615836269082
sjo,hbo,0.1356196414653156,0.0192907248636009
mk,hbo,0.4088235294117647,0.2102941176470588
frm,hbo,0.2997539441308438,0.1735417571283832
be,hbo,0.3129847385539154,0.1746309732299224
et,hbo,0.2474804031354983,0.1080870538974633
xnr,hbo,0.2342879872712808,0.0664280031821798
abq,hbo,0.1871165644171779,0.0444785276073619
eme,hbo,0.3922651933701657,0.1716160220994475
ur,hbo,0.0838173713359448,0.0193164933135215
fr,hbo,0.2397206291712781,0.1240148237582587
hy,hbo,0.2565256956750802,0.1290291680636045
no,hbo,0.2615319972962604,0.1097937485156835
es,hbo,0.1906269333883274,0.0950402144772118
apu,hbo,0.255,0.122
mr,hbo,0.2839805825242718,0.1334951456310679
myv,hbo,0.2320107599193006,0.1083677586703814
is,hbo,0.2707362587017979,0.1307253081246578
nl,hbo,0.2460977498064483,0.1154816313278889
it,hbo,0.2036990985390115,0.0983525023313646
nap,hbo,0.4825870646766169,0.2238805970149253
otk,hbo,0.1012658227848101,0.0253164556962025
ckt,hbo,0.3589157413455258,0.1670476812540823
sms,hbo,0.3084045584045584,0.1741452991452991
yi,hbo,0.5594489368074274,0.3304382549665569
lv,hbo,0.3009789016030514,0.1583313328532181
fi,hbo,0.2942992612195391,0.1274947623773293
gwi,hbo,0.6200396825396826,0.4553571428571428
zh,hbo,0.2391354123734945,0.0536932728854696
ar,hbo,0.143196517918887,0.0581865516820567
gv,hbo,0.2408427563544989,0.0709384362617183
krl,hbo,0.3316095669036845,0.1548157724628313
bn,hbo,0.440625,0.19375
wbp,hbo,0.2349206349206349,0.1015873015873015
br,hbo,0.4436338197081751,0.2281631021387167
kk,hbo,0.2820025981812731,0.1215149395423203
cs,hbo,0.274024725460725,0.1343055611975464
kmr,hbo,0.2985923929320155,0.1383647798742138
ko,hbo,0.2229403216087526,0.0842657466592625
hsb,hbo,0.3222888868988985,0.1785618339751052
sah,hbo,0.3561643835616438,0.15
jv,hbo,0.3203653350066234,0.1434846266471449
pad,hbo,0.3869047619047619,0.1884920634920635
te,hbo,0.3106796116504854,0.1581137309292649
or,hbo,0.1817298347910592,0.0621963070942662
uz,hbo,0.2795986622073578,0.1364548494983277
hu,hbo,0.1997511485451761,0.0946592649310872
lzh,hbo,0.4060041114340398,0.0797476430141064
gun,hbo,0.0669264267705707,0.0134464053785621
en,hbo,0.2779360823822668,0.1220768022359768
tt,hbo,0.2407894736842105,0.1008771929824561
scn,hbo,0.3343448768297036,0.16181720813995
lb,hbo,0.3252427184466019,0.1116504854368932
hi,hbo,0.1271368062235272,0.0443308189473328
gub,hbo,0.258296943231441,0.0763100436681222
tpn,hbo,0.2821650399290151,0.1237799467613132
kpv,hbo,0.2232753566542896,0.0973226499902286
tn,hbo,0.3644859813084112,0.0887850467289719
wuu,hbo,0.2894736842105263,0.0938215102974828
he,hbo,0.3509004868416573,0.2478807067715248
nds,hbo,0.3080287979586257,0.1402533491296819
ha,hbo,0.3138965081517552,0.0994544950226523
gsw,hbo,0.2594357605794891,0.1015059092642012
gl,hbo,0.1813289141414141,0.0876578282828282
yrk,hbo,0.2287735849056603,0.0770440251572327
tl,hbo,0.4614964500273075,0.2441288913162206
naq,hbo,0.2507628294036061,0.0726768377253814
bxr,hbo,0.2653305414298534,0.1013062119852428
lij,hbo,0.3276633840644584,0.1560728140853476
hyw,hbo,0.3334815803128011,0.1778222518716181
bej,hbo,0.215128441134633,0.0277801020835076
pt,hbo,0.1991640411678218,0.1027473219911783
fa,hbo,0.1030953507483128,0.0450730881290933
wo,hbo,0.2456983562433913,0.0550802653080842
da,hbo,0.2217898832684824,0.0885962286740496
nhi,hbo,0.3555649508508614,0.1373004967762393
bor,hbo,0.2415744157441574,0.0911439114391143
sl,hbo,0.2264934078454777,0.1056643698117302
nmf,hbo,0.3029689608636977,0.1099865047233468
mt,hbo,0.2488937054095547,0.0721575002257744
xum,hbo,0.1342512908777969,0.0335628227194492
aqz,hbo,0.3978201634877384,0.19141689373297
fro,hbo,0.3473715651135006,0.1812027080844285
sq,hbo,0.2380216383307573,0.1143740340030912
id,hbo,0.1897776592391436,0.081104672308028
bg,hbo,0.2742940727550241,0.1291020096667514
tr,hbo,0.2749763444251695,0.1224570257057246
akk,hbo,0.2532228733077389,0.0784400889068498
sme,hbo,0.2295704295704295,0.081018981018981
grc,hbo,0.5433111454761425,0.3003204912705349
ckb,hbo,0.2377049180327868,0.1065573770491803
sv,hbo,0.2345556997875855,0.0981974274250649
hr,hbo,0.2260098928276999,0.1004122011541632
az,hbo,0.3333333333333333,0.168859649122807
cop,hbo,0.0997060607474455,0.0042924462277795
la,hbo,0.3015845410628019,0.1551400966183574
pay,hbo,0.327719298245614,0.0928654970760233
gn,hbo,0.3502304147465437,0.0875576036866359
fo,hbo,0.3391612142014373,0.1841145554006221
quc,hbo,0.3468490961749725,0.1319284929591531
eu,hbo,0.2401739558545991,0.1014195454172478
say,hbo,0.3240667976424361,0.0788801571709233
ota,hbo,0.2795085747830098,0.109270828965575
vi,hbo,0.2602356406480118,0.1007363770250368
cpg,hbo,0.5165244035894069,0.3239220836069161
gu,hbo,0.2625994694960212,0.1119363395225464
mdf,hbo,0.2295979062574351,0.1027837259100642
uk,he,0.7712977424393014,0.618415447962516
am,he,0.6606393606393607,0.3006993006993007
ka,he,0.7041414290638696,0.5301620130989314
ceb,he,0.5570079883805374,0.2970225127087872
sd,he,0.5274437110046116,0.3481327425626186
urb,he,0.2021857923497267,0.0601092896174863
sab,he,0.338739402875046,0.1433837080722447
ltg,he,0.6176470588235294,0.4705882352941176
oc,he,0.6568053211555643,0.5063039809391442
cy,he,0.7043932808645601,0.4508986256313873
ht,he,0.3311278195488721,0.1053383458646616
mpu,he,0.2303370786516854,0.0674157303370786
yo,he,0.236685672691981,0.0653888147519107
xcl,he,0.6187354050655649,0.4143165079935333
sk,he,0.8021814187068425,0.6322190834902699
ps,he,0.6255224981558889,0.501352348168183
ctn,he,0.2742806370036224,0.1217961861800287
gd,he,0.639426252713032,0.4456921770312352
bho,he,0.3038259564891223,0.1432858214553638
th,he,0.6652450604737947,0.4357445107120248
olo,he,0.5141129032258065,0.3434139784946236
sga,he,0.4299065420560747,0.1179906542056074
ab,he,0.2366556447803495,0.1430325932923949
cu,he,0.5121732636295743,0.2775205377147124
koi,he,0.3217286914765906,0.1944777911164465
ang,he,0.3742690058479532,0.239766081871345
bm,he,0.2804745713665629,0.071330391376691
got,he,0.2763286919003726,0.0864875465777603
gya,he,0.1664190193164933,0.0222882615156017
myu,he,0.2270058708414872,0.0841487279843444
ug,he,0.5198451113262342,0.3749273959341723
eo,he,0.7833632555356074,0.6532016756433273
pl,he,0.8225301862427946,0.6571881198663418
sdh,he,0.2720588235294117,0.1397058823529411
ajp,he,0.6311787072243346,0.4474017743979721
egy,he,0.3159293552812071,0.0738168724279835
ess,he,0.3095794392523364,0.0942367601246105
af,he,0.6937295041240187,0.4955778594852429
arr,he,0.358775334195774,0.1263475636050021
arh,he,0.2264933107216883,0.0765027322404371
xpg,he,0.1932424422050978,0.0432720806164789
azz,he,0.4103885804916732,0.2074742268041237
bar,he,0.5152966214418728,0.3532854482575153
orv,he,0.6146645021645022,0.4493641774891775
yrl,he,0.3225032490252924,0.1201639508147555
sa,he,0.2817071534022279,0.0893839753053281
ru,he,0.7840091280214359,0.6518726005040987
de,he,0.771551724137931,0.6583606541381262
aii,he,0.108167770419426,0.0397350993377483
vep,he,0.4558710667689946,0.2601688411358404
aln,he,0.5640400250156348,0.3021888680425266
ga,he,0.663710371301873,0.4660798199748494
pro,he,0.5733115357106365,0.4582609584142229
ro,he,0.7951412607500044,0.6252605398209938
ja,he,0.1264138814066293,0.0381356157324025
jaa,he,0.208695652173913,0.0608695652173913
hbo,he,0.6046511627906976,0.4726203353163872
ky,he,0.5843637201443822,0.3939789570693495
yue,he,0.4464003448771375,0.2389711165397327
ml,he,0.5551394090719933,0.3999167707032875
pcm,he,0.5031358885017422,0.3372822299651568
xav,he,0.3246985261277356,0.0786065207682
el,he,0.8019738253593649,0.640563541443181
si,he,0.6829545454545455,0.4420454545454545
hit,he,0.1405653170359052,0.0213903743315508
sr,he,0.7940635671132125,0.5966202609228614
ta,he,0.7157227203148917,0.5547780450470151
lt,he,0.7115739963043843,0.579035780278851
ca,he,0.8392887099479953,0.7289548733433988
sjo,he,0.0581969342686412,0.0040270200051961
mk,he,0.8669117647058824,0.7066176470588236
frm,he,0.7021759058233222,0.5796786799826313
be,he,0.7545033775331499,0.5925068801601201
et,he,0.7203044614310986,0.5682522680429103
xnr,he,0.4101034208432776,0.211217183770883
abq,he,0.1426380368098159,0.0398773006134969
eme,he,0.3055939226519337,0.1647099447513812
ur,he,0.350668647845468,0.1957990004052411
fr,he,0.7820203239762552,0.670121071871751
hy,he,0.6806360457876335,0.5067292494851287
no,he,0.7897659803796196,0.6967609930762345
es,he,0.8278923489379253,0.7210352650030935
apu,he,0.224,0.118
mr,he,0.6553398058252428,0.4684466019417476
myv,he,0.2748582957056393,0.1469881833029109
is,he,0.6474361123216341,0.5021230710781849
nl,he,0.8164381508953323,0.6820758722309632
it,he,0.8070407211687908,0.6821262045383898
nap,he,0.5223880597014925,0.2885572139303483
otk,he,0.170886075949367,0.0949367088607595
ckt,he,0.3171129980404964,0.1526779882429784
sms,he,0.2606837606837607,0.1346153846153846
yi,he,0.7597084955575522,0.6665668363781572
lv,he,0.7438851991144542,0.5935557867221466
fi,he,0.7177610541404785,0.5687093395082148
gwi,he,0.4523809523809524,0.3888888888888889
zh,he,0.3806841599120758,0.2021797866007235
ar,he,0.3420331123133873,0.2450636618801611
gv,he,0.3925775587126703,0.124383879385329
krl,he,0.5643180349062702,0.3852617970265029
bn,he,0.7125,0.528125
wbp,he,0.1619047619047619,0.0634920634920634
br,he,0.6838896662002798,0.4578253048171097
kk,he,0.6010792445288298,0.4453882282402318
cs,he,0.7675779610296407,0.6031035463297721
kmr,he,0.7038035339922133,0.5024458420684835
ko,he,0.5580892517456905,0.3772463579758262
hsb,he,0.5415957732604997,0.412733948240351
sah,he,0.2308219178082191,0.1253424657534246
jv,he,0.6622045597155407,0.4427943944781426
pad,he,0.248015873015873,0.1428571428571428
te,he,0.8030513176144244,0.6615811373092927
or,he,0.4771622934888241,0.337220602526725
uz,he,0.5494983277591973,0.4002229654403567
hu,he,0.7291347626339969,0.5561830015313936
lzh,he,0.4122775926844829,0.1982703622315162
gun,he,0.1663228665291466,0.0143632057452822
en,he,0.7710948456571403,0.6391563548423864
tt,he,0.3464912280701754,0.2043859649122807
scn,he,0.5536415565869333,0.3483577293823634
lb,he,0.4902912621359223,0.2864077669902912
hi,he,0.4820196088357886,0.3113451121348656
gub,he,0.2852620087336244,0.1
tpn,he,0.3001330967169476,0.1357586512866015
kpv,he,0.2549345319523158,0.1287863982802423
tn,he,0.397196261682243,0.1962616822429906
wuu,he,0.3787185354691075,0.1853546910755149
he,he,0.9070234569162156,0.8766554318591904
nds,he,0.4951243962453294,0.3225189100519456
ha,he,0.279132123154683,0.1052177396985853
gsw,he,0.3888200533739992,0.2177373236751811
gl,he,0.7906881313131313,0.6755681818181818
yrk,he,0.1957547169811321,0.0589622641509434
tl,he,0.744401966138722,0.527580557072638
naq,he,0.2422561257512714,0.1042071197411003
bxr,he,0.4060225346495164,0.223850832585502
lij,he,0.5990749030140257,0.3834676216054909
hyw,he,0.699429249129049,0.5111555852049514
bej,he,0.1187348339051125,0.015396201154715
pt,he,0.8212476370510396,0.7000294055870615
fa,he,0.5423462908085763,0.4003785143312498
wo,he,0.3522060943958473,0.0943958473517254
da,he,0.7445874488676045,0.6349396388306894
nhi,he,0.3857943134975161,0.1655216150512631
bor,he,0.263530135301353,0.1169741697416974
sl,he,0.7698985405024145,0.6015951386251425
nmf,he,0.2155870445344129,0.1022267206477732
mt,he,0.3009121286011018,0.0997922875462837
xum,he,0.1437177280550774,0.0344234079173838
aqz,he,0.2758855585831062,0.1512261580381471
fro,he,0.6419504181600956,0.4965651135005974
sq,he,0.8238021638330757,0.6537867078825348
id,he,0.8004994786994156,0.6096064786751691
bg,he,0.8202111422030017,0.6542864411091326
tr,he,0.6231666929506386,0.4629198864532408
akk,he,0.2656698322893513,0.0510002020610224
sme,he,0.234065934065934,0.1004995004995005
grc,he,0.5854904861157803,0.4236536004840987
ckb,he,0.3114754098360656,0.1557377049180328
sv,he,0.8026168279443002,0.6842105263157895
hr,he,0.786356141797197,0.5935696619950536
az,he,0.6907894736842105,0.5317982456140351
cop,he,0.0402183548733261,0.0073251528017543
la,he,0.6408309178743962,0.4754782608695652
pay,he,0.2304093567251462,0.0666666666666666
gn,he,0.3456221198156682,0.1105990783410138
fo,he,0.6309127963102006,0.508205513246809
quc,he,0.3923898931389194,0.1776690302606611
eu,he,0.6891769918765898,0.4986460983014688
say,he,0.2398821218074656,0.0796660117878192
ota,he,0.4597257746656044,0.2854207723594281
vi,he,0.7110456553755523,0.5332842415316642
cpg,he,0.6121689647625301,0.4160647844167214
gu,he,0.6265251989389921,0.4435013262599469
mdf,he,0.2826552462526767,0.152510111824887
uk,hi,0.584055090160443,0.4371006673292631
am,hi,0.5106893106893107,0.2374625374625374
ka,hi,0.739350962722214,0.577928793027035
ceb,hi,0.485838779956427,0.2062454611474219
sd,hi,0.7734876571118546,0.6118998101094132
urb,hi,0.4153005464480874,0.0792349726775956
sab,hi,0.3239955768521931,0.1470696645779579
ltg,hi,0.4764705882352941,0.3
oc,hi,0.507098183262186,0.2467983718852377
cy,hi,0.4247621285093386,0.2084459062610125
ht,hi,0.2017293233082706,0.0398496240601503
mpu,hi,0.3089887640449438,0.0561797752808988
yo,hi,0.1418172995268712,0.0374863520562901
xcl,hi,0.4112627986348123,0.2202263337524699
sk,hi,0.685420590081607,0.5036880100439423
ps,hi,0.6695352839931153,0.5200393410376198
ctn,hi,0.4640831112022418,0.2101701865901168
gd,hi,0.3748230631310748,0.1643861470227423
bho,hi,0.5246811702925731,0.3674418604651163
th,hi,0.2533901975810482,0.1188484989837737
olo,hi,0.4831989247311828,0.3051075268817204
sga,hi,0.2990654205607476,0.0619158878504672
ab,hi,0.4728389230042513,0.2240906943788379
cu,hi,0.4002987303958177,0.1617127209360219
koi,hi,0.3589435774309724,0.1776710684273709
ang,hi,0.2690058479532163,0.1345029239766081
bm,hi,0.2302683932576141,0.0520147580120089
got,hi,0.2332810354971563,0.0253971366934693
gya,hi,0.1831352154531946,0.0092867756315007
myu,hi,0.2602739726027397,0.0626223091976516
ug,hi,0.6575024201355276,0.5082284607938045
eo,hi,0.5760023937761819,0.4186116098144823
pl,hi,0.6218166327196241,0.4645286686103013
sdh,hi,0.3529411764705882,0.2426470588235294
ajp,hi,0.449936628643853,0.2547528517110266
egy,hi,0.1592935528120713,0.0048010973936899
ess,hi,0.2461059190031152,0.0794392523364486
af,hi,0.6106528868130776,0.3878565040246447
arr,hi,0.2940922811556705,0.0396722725312634
arh,hi,0.2605992085924251,0.115319389485585
xpg,hi,0.1784232365145228,0.0112625963248369
azz,hi,0.3384218873909596,0.128766851704996
bar,hi,0.5094440010641128,0.2488693801542963
orv,hi,0.4787472943722943,0.2840367965367965
yrl,hi,0.2116365090472858,0.0785764270718784
sa,hi,0.3680490314499172,0.105578669529817
ru,hi,0.6156083555065069,0.4806099688094759
de,hi,0.645634525691314,0.4752868684503249
aii,hi,0.1324503311258278,0.0110375275938189
vep,hi,0.4213353798925556,0.2233307751343054
aln,hi,0.5019387116948093,0.2102564102564102
ga,hi,0.3649811370706202,0.1822092792375405
pro,hi,0.3850005108817819,0.1843261469296005
ro,hi,0.494316290963866,0.3215630637731421
ja,hi,0.1092294778002688,0.0299113285836481
jaa,hi,0.2695652173913043,0.0869565217391304
hbo,hi,0.2412114656571119,0.0839643050297458
ky,hi,0.6948775055679287,0.4491206512556639
yue,hi,0.3062940077597356,0.1383819514298031
ml,hi,0.5888472742405326,0.4099042863087807
pcm,hi,0.4461324041811846,0.2572125435540069
xav,hi,0.3148727110317106,0.0964716391246092
el,hi,0.6687763713080169,0.4433240363298291
si,hi,0.5875,0.4113636363636364
hit,hi,0.2834224598930481,0.0244461420932009
sr,hi,0.5958322388582435,0.4522371070834428
ta,hi,0.7754209490487645,0.621036518696698
lt,hi,0.6403494036620192,0.465059633798085
ca,hi,0.4930716322764636,0.3016104680422747
sjo,hi,0.1523772408417771,0.0405949597297999
mk,hi,0.799264705882353,0.5897058823529412
frm,hi,0.5400685096733729,0.3158681912481305
be,hi,0.5508506379784839,0.4149987490617963
et,hi,0.6805264780823475,0.5117418894136359
xnr,hi,0.5178997613365155,0.3412887828162291
abq,hi,0.2423312883435582,0.0230061349693251
eme,hi,0.4157458563535912,0.0849447513812154
ur,hi,0.8141969471835743,0.7458462785357287
fr,hi,0.5428866083106952,0.3289650199550591
hy,hi,0.6844197519038268,0.5351788878777719
no,hi,0.630647253329436,0.4440526863844791
es,hi,0.5322953186223963,0.3458238812126211
apu,hi,0.219,0.099
mr,hi,0.7305825242718447,0.5898058252427184
myv,hi,0.3114612354693054,0.1529445672014602
is,hi,0.5195210798609947,0.3382443319589241
nl,hi,0.6403186733598062,0.4465422941484978
it,hi,0.5500466272925085,0.3234069008392912
nap,hi,0.3681592039800995,0.1492537313432835
otk,hi,0.0759493670886076,0.0253164556962025
ckt,hi,0.3342586544741999,0.1294905290659699
sms,hi,0.3899572649572649,0.1695156695156695
yi,hi,0.7033043825496655,0.493361285814116
lv,hi,0.6690939158731429,0.4945453575524792
fi,hi,0.6790026463777704,0.5192138052707024
gwi,hi,0.7619047619047619,0.5287698412698413
zh,hi,0.2757132389980308,0.1120346201401291
ar,hi,0.1560427938005939,0.0943741610055729
gv,hi,0.1999613414516285,0.0370155600657195
krl,hi,0.5071105365223012,0.3493859082094376
bn,hi,0.78125,0.609375
wbp,hi,0.3619047619047619,0.1587301587301587
br,hi,0.4877073755746552,0.2395562662402558
kk,hi,0.6934146097731588,0.5368242230438693
cs,hi,0.6051509119714019,0.4374050452939025
kmr,hi,0.4791853848457622,0.3100728761106119
ko,hi,0.6105722083722249,0.4199581743209234
hsb,hi,0.4950299991045043,0.3346467269633742
sah,hi,0.5089041095890411,0.1726027397260274
jv,hi,0.3870180575890678,0.23767691556857
pad,hi,0.3234126984126984,0.1488095238095238
te,hi,0.8460471567267683,0.7323162274618585
or,hi,0.6676384839650146,0.4548104956268221
uz,hi,0.6793756967670012,0.5295429208472687
hu,hi,0.7060681470137825,0.5054555895865237
lzh,hi,0.361309987949245,0.0586942652583823
gun,hi,0.0672320268928107,0.0095500038200015
en,hi,0.6599650133058461,0.4597033564430525
tt,hi,0.4846491228070175,0.2763157894736842
scn,hi,0.4276151374509104,0.1861835058907533
lb,hi,0.4611650485436893,0.1990291262135922
hi,hi,0.8634469025801987,0.7907659596010732
gub,hi,0.1042576419213973,0.0328602620087336
tpn,hi,0.2444543034605146,0.081410825199645
kpv,hi,0.3068204025796365,0.1242915770959546
tn,hi,0.1962616822429906,0.0467289719626168
wuu,hi,0.2620137299771167,0.0961098398169336
he,hi,0.4497667926326898,0.2734484049977871
nds,hi,0.4408092590904948,0.2077827394513806
ha,hi,0.2198662434123339,0.056677042561716
gsw,hi,0.3794319481509721,0.1493518871521159
gl,hi,0.4863162878787879,0.3018308080808081
yrk,hi,0.449685534591195,0.1289308176100629
tl,hi,0.6351720371381758,0.3943200436919716
naq,hi,0.3188164586222838,0.1054091539528432
bxr,hi,0.478412603449995,0.2494765180975172
lij,hi,0.4037600716204118,0.1454789615040286
hyw,hi,0.6685197539100141,0.4829886591060707
bej,hi,0.2465065684879926,0.0546397790979834
pt,hi,0.5060197437513128,0.3322453266120563
fa,hi,0.4318300669870757,0.3569987797893268
wo,hi,0.2010958377391137,0.0369124291069883
da,hi,0.5978250024942632,0.4245235957298214
nhi,hi,0.3348483247014058,0.106436951696438
bor,hi,0.2410209102091021,0.0992619926199262
sl,hi,0.601622266833053,0.4163366068037545
nmf,hi,0.4095816464237516,0.1312415654520917
mt,hi,0.2041000632168337,0.0280863361329359
xum,hi,0.3201376936316695,0.0404475043029259
aqz,hi,0.4012261580381471,0.1784741144414169
fro,hi,0.5376095181202708,0.284647550776583
sq,hi,0.5996908809891809,0.4204018547140649
id,hi,0.4105181485342967,0.2890187425744975
bg,hi,0.6923174764690918,0.5036250317985246
tr,hi,0.7090561425642643,0.5162730641854597
akk,hi,0.1887249949484744,0.0240856738735098
sme,hi,0.2293706293706293,0.0755244755244755
grc,hi,0.4858692485264125,0.2793428808355185
ckb,hi,0.2950819672131147,0.1311475409836065
sv,hi,0.6776905829596412,0.4936570686806703
hr,hi,0.5941055234954657,0.4535861500412201
az,hi,0.7225877192982456,0.5778508771929824
cop,hi,0.1035785937572901,0.0008864834600849
la,hi,0.4969371980676328,0.3270724637681159
pay,hi,0.2968421052631579,0.087719298245614
gn,hi,0.2396313364055299,0.0506912442396313
fo,hi,0.5601201330043978,0.3701598198004934
quc,hi,0.2351942474782782,0.0514331369220013
eu,hi,0.6468778206285386,0.5166570936243539
say,hi,0.1507858546168958,0.0406679764243614
ota,hi,0.4442534278166799,0.286636756258124
vi,hi,0.4343888070692194,0.2869661266568483
cpg,hi,0.5355657693149486,0.2534471437951411
gu,hi,0.7230769230769231,0.5681697612732095
mdf,hi,0.3545086842731382,0.1558410659053057
uk,hr,0.8668181172795684,0.7998012210705665
am,hr,0.5755244755244755,0.2436563436563436
ka,hr,0.7737233466292411,0.6276160929728665
ceb,hr,0.5315904139433552,0.2628903413217138
sd,hr,0.5497784609820056,0.3772492992133104
urb,hr,0.1666666666666666,0.0382513661202185
sab,hr,0.3339476594176189,0.1338002211573903
ltg,hr,0.6529411764705882,0.5176470588235295
oc,hr,0.6183857837784176,0.4542837287799067
cy,hr,0.7072712322330553,0.4767414542464466
ht,hr,0.3384210526315789,0.1123308270676691
mpu,hr,0.2303370786516854,0.0617977528089887
yo,hr,0.1893728011646245,0.0565328157224311
xcl,hr,0.5715825399676666,0.3725525417639662
sk,hr,0.8868487131198995,0.8191305712492153
ps,hr,0.6478977133021884,0.5510204081632653
ctn,hr,0.2894538992550065,0.133141958854487
gd,hr,0.6060205718599604,0.4213456638671322
bho,hr,0.304126031507877,0.1389347336834208
th,hr,0.4703628427681338,0.2787125578915803
olo,hr,0.5174731182795699,0.355510752688172
sga,hr,0.4299065420560747,0.102803738317757
ab,hr,0.2430798299480396,0.1399149740198394
cu,hr,0.49932785660941,0.2862335075927309
koi,hr,0.3157262905162065,0.1944777911164465
ang,hr,0.3333333333333333,0.2280701754385964
bm,hr,0.2644143818273891,0.0654705924907762
got,hr,0.2791723867424985,0.0911943518336928
gya,hr,0.1712481426448737,0.0241456166419019
myu,hr,0.2162426614481409,0.0772994129158512
ug,hr,0.5503388189738625,0.3925459825750242
eo,hr,0.8159784560143627,0.6956912028725314
pl,hr,0.8775243952767017,0.784762437264534
sdh,hr,0.3455882352941176,0.1911764705882352
ajp,hr,0.6679340937896071,0.476552598225602
egy,hr,0.2674039780521262,0.0382373113854595
ess,hr,0.2827102803738318,0.0961838006230529
af,hr,0.7119149359038061,0.5284706349995031
arr,hr,0.357481673134972,0.1078050884001724
arh,hr,0.2869794610891276,0.0808366308648954
xpg,hr,0.2193242442205097,0.0414937759336099
azz,hr,0.4218873909595559,0.2135210150674068
bar,hr,0.5069167331737164,0.3248869380154296
orv,hr,0.642775974025974,0.4880005411255411
yrl,hr,0.3146056183145057,0.1221633509947015
sa,hr,0.2890439762000626,0.0913076544535409
ru,hr,0.8778612746496327,0.8074043591913845
de,hr,0.8110619987120192,0.7220815526023067
aii,hr,0.0883002207505518,0.0375275938189845
vep,hr,0.4405218726016884,0.2586339217191097
aln,hr,0.5575984990619137,0.2935584740462789
ga,hr,0.6373022701700973,0.4507578264610497
pro,hr,0.556554613262491,0.4270971697149279
ro,hr,0.813497276373636,0.6856357171632249
ja,hr,0.095434670576922,0.0163104402756305
jaa,hr,0.2608695652173913,0.0956521739130434
hbo,hr,0.4107625743645213,0.187466197944835
ky,hr,0.6259119883265494,0.4307656861992166
yue,hr,0.2652679982756143,0.1237965224888633
ml,hr,0.5763628797336663,0.4253017062005826
pcm,hr,0.4882229965156794,0.3332404181184669
xav,hr,0.3238052702099151,0.0839660562751228
el,hr,0.8376600157333906,0.711864406779661
si,hr,0.6875,0.4238636363636364
hit,hr,0.1504965622612681,0.0351413292589763
sr,hr,0.9472900796777866,0.8994834077576395
ta,hr,0.7069757270938115,0.5429696041985568
lt,hr,0.8100957500419956,0.6631110364522089
ca,hr,0.8245428619359167,0.7087233685623218
sjo,hr,0.0309820732657833,0.0035074045206547
mk,hr,0.9161764705882351,0.8213235294117647
frm,hr,0.7015487045882183,0.5931393834129396
be,hr,0.8486364773580185,0.7814610958218664
et,hr,0.7737150461723226,0.6313517373452132
xnr,hr,0.4061256961018297,0.2084327764518695
abq,hr,0.1426380368098159,0.0337423312883435
eme,hr,0.3390883977900552,0.1512430939226519
ur,hr,0.3746454140213427,0.2473321626367688
fr,hr,0.8059244726162927,0.6961800315256398
hy,hr,0.7595191340581445,0.6397337037214426
no,hr,0.8029741135205247,0.6973273169038529
es,hr,0.8207568570839349,0.7148484223551248
apu,hr,0.277,0.133
mr,hr,0.6820388349514563,0.5121359223300971
myv,hr,0.2853300028821212,0.1643769814583533
is,hr,0.652347110947225,0.5191858581118076
nl,hr,0.8240303688719063,0.7080492495192428
it,hr,0.8046005595275101,0.6942493005906124
nap,hr,0.5373134328358209,0.2587064676616915
otk,hr,0.1645569620253164,0.0759493670886076
ckt,hr,0.2975179621162638,0.1311234487263226
sms,hr,0.3205128205128205,0.193019943019943
yi,hr,0.7967455325945892,0.6936208445642408
lv,hr,0.8347603424821958,0.7116908057933904
fi,hr,0.7571259234755762,0.6338074760172014
gwi,hr,0.4761904761904761,0.3988095238095238
zh,hr,0.1540733617255117,0.0691372441269405
ar,hr,0.3259895049424399,0.2475775942724647
gv,hr,0.3682226732386199,0.1225475983376824
krl,hr,0.5701357466063348,0.4156431803490627
bn,hr,0.665625,0.509375
wbp,hr,0.1777777777777777,0.0634920634920634
br,hr,0.6730961423146112,0.4670197881271237
kk,hr,0.6623363645448186,0.5183371639852103
cs,hr,0.8527684120729577,0.7833935897956696
kmr,hr,0.670659878207048,0.4878706199460916
ko,hr,0.6076420478041519,0.3944019754953507
hsb,hr,0.6230858780334916,0.5322826184293006
sah,hr,0.1958904109589041,0.1047945205479452
jv,hr,0.632852262427665,0.4681726277626717
pad,hr,0.2400793650793651,0.1269841269841269
te,hr,0.812760055478502,0.6726768377253814
or,hr,0.5102040816326531,0.3411078717201166
uz,hr,0.6051282051282051,0.4434782608695652
hu,hr,0.8024502297090352,0.6618491577335375
lzh,hr,0.2674558729708655,0.0775147090097115
gun,hr,0.1758728703491481,0.0155092062036824
en,hr,0.8090648244966326,0.6745196762987448
tt,hr,0.3978070175438596,0.2346491228070175
scn,hr,0.5581935023205998,0.3348803998571938
lb,hr,0.4223300970873786,0.2184466019417475
hi,hr,0.5223847854334362,0.3595571980627415
gub,hr,0.2542576419213974,0.0950873362445414
tpn,hr,0.2593167701863354,0.1080301685891748
kpv,hr,0.2441860465116279,0.1345514950166113
tn,hr,0.3831775700934579,0.1822429906542056
wuu,hr,0.2356979405034324,0.102974828375286
he,hr,0.7962754910972661,0.6171654240288701
nds,hr,0.4711564749840518,0.3043834867401804
ha,hr,0.2894566523869695,0.1220451813727001
gsw,hr,0.3841498284407167,0.1985798703774304
gl,hr,0.7865688131313131,0.6599905303030303
yrk,hr,0.1871069182389937,0.040880503144654
tl,hr,0.7116329874385582,0.4767886400873839
naq,hr,0.2221914008321775,0.0990291262135922
bxr,hr,0.4165918835377405,0.2324259647023631
lij,hr,0.5772903610862429,0.3625783348254252
hyw,hr,0.7423467496849752,0.5714179823586094
bej,hr,0.1312024098401807,0.014057401054305
pt,hr,0.8276622558286074,0.6970846460827558
fa,hr,0.5410264711009288,0.455487212690191
wo,hr,0.3282706911467846,0.0942035951167932
da,hr,0.7467824004788985,0.6606804349995011
nhi,hr,0.3926646231899376,0.1752457456928443
bor,hr,0.2571955719557195,0.116420664206642
sl,hr,0.8526938310455211,0.7690033096413651
nmf,hr,0.2294197031039136,0.1231443994601889
mt,hr,0.2587374695204552,0.0719768807008037
xum,hr,0.1385542168674698,0.0283993115318416
aqz,hr,0.3113079019073569,0.1628065395095367
fro,hr,0.6176324173636002,0.468289526085225
sq,hr,0.865533230293663,0.6715610510046368
id,hr,0.8011056421695802,0.6699076206871469
bg,hr,0.9012973798015772,0.8033579241923174
tr,hr,0.6735037848919728,0.4955744362087999
akk,hr,0.238714891897353,0.0406950899171549
sme,hr,0.2323676323676323,0.0986013986013986
grc,hr,0.5730966628566306,0.3997624330442188
ckb,hr,0.2295081967213114,0.0737704918032786
sv,hr,0.8146978994571631,0.7119719140901581
hr,hr,0.933924154987634,0.9059769167353668
az,hr,0.6853070175438597,0.5252192982456141
cop,hr,0.0268277889236224,0.0049456445667895
la,hr,0.6680483091787439,0.5291304347826087
pay,hr,0.2938011695906433,0.0748538011695906
gn,hr,0.3456221198156682,0.1152073732718894
fo,hr,0.6392792019736137,0.5271371876005577
quc,hr,0.3372615599720363,0.1300309597523219
eu,hr,0.7258964470337245,0.543858209567572
say,hr,0.2319253438113949,0.080844793713163
ota,hr,0.475323912952325,0.3086921883517128
vi,hr,0.693740795287187,0.5153166421207658
cpg,hr,0.6082293718537973,0.4119063252352812
gu,hr,0.6323607427055703,0.4684350132625994
mdf,hr,0.2957411372828932,0.1632167499405186
uk,ht,0.4672014766434758,0.3016470254153059
am,ht,0.5435564435564435,0.1732267732267732
ka,ht,0.4922440537745605,0.2842369626237258
ceb,ht,0.4095860566448802,0.1655773420479303
sd,ht,0.3665792567139886,0.1725291617686951
urb,ht,0.2814207650273224,0.0956284153005464
sab,ht,0.2875046074456321,0.1205307777368227
ltg,ht,0.611764705882353,0.3823529411764705
oc,ht,0.527449617790132,0.3439888811674774
cy,ht,0.4664043228004229,0.2232467990132738
ht,ht,0.6630075187969925,0.606015037593985
mpu,ht,0.297752808988764,0.0786516853932584
yo,ht,0.2471187674390391,0.0814024020380929
xcl,ht,0.3934794323693192,0.1960661038261182
sk,ht,0.5706999372253609,0.3645637162586315
ps,ht,0.3631669535283993,0.1962134251290878
ctn,ht,0.3299842799535233,0.1372428405440503
gd,ht,0.4015287345475134,0.2154383316032839
bho,ht,0.2483120780195049,0.0753188297074268
th,ht,0.3464831906173991,0.1513344217505747
olo,ht,0.3696236559139785,0.1827956989247312
sga,ht,0.3586448598130841,0.1039719626168224
ab,ht,0.3179026924893717,0.1670288143599433
cu,ht,0.4146875777943739,0.1606671645506596
koi,ht,0.3589435774309724,0.2076830732292917
ang,ht,0.3801169590643274,0.2514619883040935
bm,ht,0.266005932142082,0.0817478116183173
got,ht,0.2614238085899196,0.0618748774269464
gya,ht,0.3406389301634472,0.0969539375928677
myu,ht,0.2270058708414872,0.0841487279843444
ug,ht,0.3546950629235237,0.1939012584704743
eo,ht,0.4988031119090365,0.3551765409934171
pl,ht,0.5423938655697113,0.3378196679846106
sdh,ht,0.2426470588235294,0.0735294117647058
ajp,ht,0.5817490494296578,0.3485424588086185
egy,ht,0.2898662551440329,0.0534122085048011
ess,ht,0.3325545171339564,0.0922897196261682
af,ht,0.5468548146675941,0.2719864851435953
arr,ht,0.3423889607589478,0.0974557999137559
arh,ht,0.2541925758432259,0.0806482004899189
xpg,ht,0.2003556609365738,0.0201541197391819
azz,ht,0.3236518636003172,0.1374900872323552
bar,ht,0.3766294227188081,0.1799680766161213
orv,ht,0.4444940476190476,0.2343073593073593
yrl,ht,0.27851644506648,0.1095671298610416
sa,ht,0.2850176710061289,0.0658524582830045
ru,ht,0.4617974533194293,0.2966653729067978
de,ht,0.5255888609175887,0.2886223484183206
aii,ht,0.1964679911699779,0.0441501103752759
vep,ht,0.3261703760552571,0.1450498848810437
aln,ht,0.5273295809881176,0.2280800500312695
ga,ht,0.4063141174134622,0.2227480309749156
pro,ht,0.4151425360171656,0.2507407785838357
ro,ht,0.5087488834007672,0.29928362496278
ja,ht,0.1256063286633408,0.0243301828150651
jaa,ht,0.4,0.1391304347826087
hbo,ht,0.3615467820443483,0.1339913466738777
ky,ht,0.387988633745488,0.2298594577989401
yue,ht,0.3613306509555971,0.1744503520620778
ml,ht,0.3849354972950478,0.2068248023304203
pcm,ht,0.3980487804878049,0.2416724738675958
xav,ht,0.3841000446627959,0.1456007146047342
el,ht,0.556497175141243,0.3397339626689551
si,ht,0.5079545454545454,0.2681818181818182
hit,ht,0.1993888464476699,0.0511841100076394
sr,ht,0.5078364416425882,0.3055774450573505
ta,ht,0.5488738246227859,0.3732779357095998
lt,ht,0.4756425331765496,0.3215185620695447
ca,ht,0.4951685958731756,0.3024660291897332
sjo,ht,0.1091842036892699,0.0192907248636009
mk,ht,0.7080882352941177,0.4227941176470588
frm,ht,0.548994065711391,0.3516186616490568
be,ht,0.4896172129096822,0.3465724293219915
et,ht,0.490416605806839,0.291948650534755
xnr,ht,0.3062848050914876,0.101829753381066
abq,ht,0.1794478527607362,0.0352760736196319
eme,ht,0.356353591160221,0.1698895027624309
ur,ht,0.2062001891125219,0.0757125489666351
fr,ht,0.531366334641312,0.340812288291914
hy,ht,0.4256908855788112,0.2444082571004358
no,ht,0.5630354957160343,0.3605838615977639
es,ht,0.4997834605073211,0.3090121674572076
apu,ht,0.305,0.16
mr,ht,0.4320388349514563,0.2548543689320388
myv,ht,0.2791814775674897,0.1273897588625228
is,ht,0.4982400858167678,0.2970511660129842
nl,ht,0.5484128768012787,0.3212207487325491
it,ht,0.5571650606154802,0.3407133975753807
nap,ht,0.4378109452736318,0.2139303482587064
otk,ht,0.2594936708860759,0.1012658227848101
ckt,ht,0.3347485303723057,0.1592096668843892
sms,ht,0.2628205128205128,0.1096866096866096
yi,ht,0.6773485075371868,0.4471398622342019
lv,ht,0.4953455495985703,0.3271451815102291
fi,ht,0.5266567427500276,0.3305215569522549
gwi,ht,0.5863095238095238,0.4702380952380952
zh,ht,0.3112149104730503,0.1383546274671429
ar,ht,0.2051743074482366,0.0937721189439856
gv,ht,0.3016333236686962,0.0976128346380593
krl,ht,0.4327731092436975,0.2524240465416936
bn,ht,0.73125,0.440625
wbp,ht,0.3714285714285714,0.2
br,ht,0.5439736158305017,0.2901259244453328
kk,ht,0.3989207554711702,0.2425302288398121
cs,ht,0.5075733571651027,0.2976994218087771
kmr,ht,0.3996206449036638,0.1994609164420485
ko,ht,0.3730756052317544,0.189125323440103
hsb,ht,0.3998388107817677,0.2545894152413361
sah,ht,0.3246575342465753,0.15
jv,ht,0.4742383043993585,0.3003555741476678
pad,ht,0.2777777777777778,0.1527777777777778
te,ht,0.5478502080443828,0.3800277392510402
or,ht,0.2798833819241982,0.1438289601554907
uz,ht,0.3735785953177257,0.2084726867335563
hu,ht,0.470042113323124,0.2880934150076569
lzh,ht,0.4265612816332317,0.1518040689019635
gun,ht,0.1437084574833829,0.0092444036977614
en,ht,0.5626365893424384,0.3588613961970553
tt,ht,0.2508771929824561,0.1149122807017543
scn,ht,0.376472688325598,0.1737772224205641
lb,ht,0.3398058252427184,0.1310679611650485
hi,ht,0.2843112438616919,0.1235930407195531
gub,ht,0.1949781659388646,0.0647379912663755
tpn,ht,0.2242679680567879,0.0951641526175687
kpv,ht,0.2632401797928473,0.1129568106312292
tn,ht,0.3130841121495327,0.1542056074766355
wuu,ht,0.3947368421052631,0.183066361556064
he,ht,0.5044428556837912,0.310250910700303
nds,ht,0.339287341656794,0.1424405358607491
ha,ht,0.3235430085986377,0.1178229112090486
gsw,ht,0.3012771635531834,0.1126096073198627
gl,ht,0.5113794191919192,0.3423453282828282
yrk,ht,0.2696540880503145,0.1053459119496855
tl,ht,0.594210813762971,0.3069361004915347
naq,ht,0.1754969949144706,0.0648173832639852
bxr,ht,0.2933492870675042,0.1246385482101904
lij,ht,0.4291256341390629,0.2262011339898537
hyw,ht,0.4978874805425839,0.2879697576161886
bej,ht,0.2834909212618191,0.0860179064513429
pt,ht,0.5096282293635791,0.3297542533081285
fa,ht,0.2247677864382299,0.1116119232014343
wo,ht,0.2373353840238392,0.0928578294722676
da,ht,0.5204030729322559,0.3218597226379328
nhi,ht,0.3278723179367931,0.1289504280731424
bor,ht,0.2748462484624846,0.1156211562115621
sl,ht,0.4913189734686126,0.2746731050946774
nmf,ht,0.2904858299595141,0.1470985155195681
mt,ht,0.2640657455070893,0.0876004696107649
xum,ht,0.2022375215146299,0.0292598967297762
aqz,ht,0.3889645776566757,0.2084468664850136
fro,ht,0.5221774193548387,0.3110065710872162
sq,ht,0.5757341576506955,0.347758887171561
id,ht,0.4594719103847925,0.3166113037363916
bg,ht,0.5497964894428898,0.3282243703892139
tr,ht,0.416968932345056,0.2395324081375177
akk,ht,0.2932713679531218,0.1220852697514649
sme,ht,0.236063936063936,0.0877122877122877
grc,ht,0.4468948205921244,0.2324346130572177
ckb,ht,0.3032786885245901,0.1311475409836065
sv,ht,0.5627802690582959,0.356546495161671
hr,ht,0.4882522671063479,0.2915498763396537
az,ht,0.5175438596491229,0.3256578947368421
cop,ht,0.0912611393645313,0.0086315494797741
la,ht,0.430695652173913,0.2563091787439613
pay,ht,0.3590643274853801,0.1097076023391812
gn,ht,0.2027649769585253,0.0506912442396313
fo,ht,0.5067574814973721,0.3368550895634452
quc,ht,0.2353939878158394,0.0811944472186158
eu,ht,0.4850660539919586,0.2704110937884631
say,ht,0.3099214145383104,0.1002946954813359
ota,ht,0.3435783471005074,0.151201308230953
vi,ht,0.4855670103092783,0.3070692194403535
cpg,ht,0.5215583278616766,0.2902166776099803
gu,ht,0.459946949602122,0.2594164456233421
mdf,ht,0.3004996431120628,0.1370449678800856
uk,hu,0.7360854749396564,0.5854394434189976
am,hu,0.630969030969031,0.2593406593406593
ka,hu,0.7680110306790762,0.629585857093613
ceb,hu,0.5381263616557734,0.2628903413217138
sd,hu,0.5954426259155439,0.4203815896554842
urb,hu,0.3715846994535519,0.1202185792349726
sab,hu,0.3520088462956137,0.1511242167342425
ltg,hu,0.5294117647058824,0.4
oc,hu,0.5842350838876204,0.3674178496972103
cy,hu,0.596264536591096,0.3163397157288852
ht,hu,0.2643609022556391,0.0692481203007518
mpu,hu,0.2584269662921348,0.0842696629213483
yo,hu,0.1904646366614096,0.055440980225646
xcl,hu,0.5054787138494701,0.3085144602119634
sk,hu,0.8039861895794099,0.6258631512868801
ps,hu,0.6535529874600443,0.4718465699532825
ctn,hu,0.4233476864192468,0.2099651425056387
gd,hu,0.5007077474757007,0.2749834858922336
bho,hu,0.345986496624156,0.1713428357089272
th,hu,0.4387432112751141,0.1859860727018292
olo,hu,0.5645161290322581,0.4025537634408602
sga,hu,0.3644859813084112,0.0992990654205607
ab,hu,0.5274444969296174,0.3162966461974492
cu,hu,0.483445357231765,0.206522280308688
koi,hu,0.4081632653061224,0.2581032412965186
ang,hu,0.2923976608187134,0.1520467836257309
bm,hu,0.2485712218765825,0.0632279534109817
got,hu,0.2727985879584232,0.0564816630711904
gya,hu,0.2202823179791976,0.0430906389301634
myu,hu,0.2857142857142857,0.12133072407045
ug,hu,0.617812197483059,0.442110358180058
eo,hu,0.6879114302812687,0.540095751047277
pl,hu,0.7934022924238189,0.589999600623028
sdh,hu,0.3014705882352941,0.1544117647058823
ajp,hu,0.5703422053231939,0.3168567807351077
egy,hu,0.2414266117969821,0.0359224965706447
ess,hu,0.2971183800623053,0.095404984423676
af,hu,0.6394713306171121,0.3961045413892477
arr,hu,0.3661060802069857,0.1483398016386373
arh,hu,0.2615413604673073,0.0983606557377049
xpg,hu,0.2228808535862478,0.0450503852993479
azz,hu,0.4161379857256146,0.2278945281522601
bar,hu,0.5438946528332003,0.3331338121840915
orv,hu,0.5792072510822511,0.3512040043290043
yrl,hu,0.2979106268119564,0.1323602919124262
sa,hu,0.3565516932850177,0.1274549277501901
ru,hu,0.7573545572301692,0.60126164968412
de,hu,0.7730421716136838,0.6140058154284488
aii,hu,0.0883002207505518,0.0286975717439293
vep,hu,0.4405218726016884,0.2900997697620875
aln,hu,0.4840525328330206,0.2148843026891807
ga,hu,0.5642001456085777,0.3151432920775696
pro,hu,0.4659241851435577,0.2811893327883927
ro,hu,0.6791025169460354,0.4645928572679663
ja,hu,0.1281750901855777,0.0301796273569117
jaa,hu,0.1739130434782608,0.0521739130434782
hbo,hu,0.3373445105462412,0.114656571119524
ky,hu,0.6679978496275247,0.476153905230013
yue,hu,0.3172869665181779,0.1429084638597499
ml,hu,0.6254681647940075,0.4602580108198085
pcm,hu,0.4725435540069686,0.2925435540069686
xav,hu,0.3497096918267083,0.0893255917820455
el,hu,0.777587070013588,0.6066294786526496
si,hu,0.6727272727272727,0.4102272727272727
hit,hu,0.1886936592818945,0.0481283422459893
sr,hu,0.7421416688556168,0.5494264950529726
ta,hu,0.6940739120927182,0.5462497266564619
lt,hu,0.7575172182093063,0.6096086007055266
ca,hu,0.6725717161550075,0.4949169602415702
sjo,hu,0.0449467394128345,0.0042868277474668
mk,hu,0.8654411764705883,0.6441176470588236
frm,hu,0.6267670188642833,0.4241810199257008
be,hu,0.7201651238428821,0.5631098323742807
et,hu,0.7511887952999984,0.6244218316373727
xnr,hu,0.4689737470167064,0.2593476531424025
abq,hu,0.2377300613496932,0.062883435582822
eme,hu,0.4119475138121547,0.2185773480662983
ur,hu,0.4207078211535864,0.257530730784817
fr,hu,0.7065851695341584,0.5074034946507027
hy,hu,0.7439532544662101,0.5958139757651228
no,hu,0.7366776886680428,0.5441641242989459
es,hu,0.703557434522582,0.5244380284594762
apu,hu,0.246,0.139
mr,hu,0.6747572815533981,0.5169902912621359
myv,hu,0.3199154577769238,0.1737919108463829
is,hu,0.5619936754829987,0.3828064764841943
nl,hu,0.7757298768762019,0.6026822506930396
it,hu,0.6821495181846441,0.4771215418091389
nap,hu,0.4776119402985074,0.2238805970149253
otk,hu,0.2278481012658227,0.0886075949367088
ckt,hu,0.3894513389941215,0.1791312867406923
sms,hu,0.3842592592592592,0.2375356125356125
yi,hu,0.7427373465109314,0.5749226315264051
lv,hu,0.8022992184791017,0.6562108239310768
fi,hu,0.7474225383173448,0.6242557062520675
gwi,hu,0.6825396825396826,0.5406746031746031
zh,hu,0.2744539085039154,0.1205980675001144
ar,hu,0.2573485742179555,0.1438717813122889
gv,hu,0.3389388228472021,0.1257369285783318
krl,hu,0.5798319327731093,0.4224305106658048
bn,hu,0.565625,0.48125
wbp,hu,0.326984126984127,0.1523809523809524
br,hu,0.5976414151509094,0.3579852088746752
kk,hu,0.6916158688917757,0.5558109323473569
cs,hu,0.758635631203369,0.5892784119375499
kmr,hu,0.5884995507637018,0.3547968453628831
ko,hu,0.6370618051206919,0.4121483511939223
hsb,hu,0.5972956031163249,0.4204352108892272
sah,hu,0.4602739726027397,0.2458904109589041
jv,hu,0.5570661646796347,0.3684027051523391
pad,hu,0.3412698412698413,0.1924603174603174
te,hu,0.8585298196948682,0.6920943134535368
or,hu,0.5597667638483965,0.39067055393586
uz,hu,0.6370122630992197,0.4690078037904124
hu,hu,0.90802067381317,0.8700229709035222
lzh,hu,0.3443326008364641,0.1073580491954348
gun,hu,0.1831308732523493,0.0163496065398426
en,hu,0.7138772294106278,0.5325856951003761
tt,hu,0.4635964912280702,0.3035087719298245
scn,hu,0.5198143520171368,0.2850767583006069
lb,hu,0.4805825242718446,0.2135922330097087
hi,hu,0.5704956209183415,0.3747110143606878
gub,hu,0.2127729257641921,0.0847161572052401
tpn,hu,0.2790594498669033,0.1211180124223602
kpv,hu,0.3456126636701192,0.180672268907563
tn,hu,0.3738317757009345,0.1355140186915887
wuu,hu,0.2631578947368421,0.074370709382151
he,hu,0.6667007115378069,0.4199094406427671
nds,hu,0.4952155290257906,0.2989155199125125
ha,hu,0.2939871174530773,0.1136314605356427
gsw,hu,0.3974456728936332,0.2023446435379336
gl,hu,0.6611426767676768,0.4567234848484848
yrk,hu,0.3364779874213836,0.110062893081761
tl,hu,0.7012561441835062,0.4008738394320044
naq,hu,0.2917244567730004,0.1203883495145631
bxr,hu,0.4998504337421477,0.2712134809053744
lij,hu,0.5086541330945986,0.266338406445837
hyw,hu,0.7208509376621451,0.5302794455562968
bej,hu,0.1575600368170027,0.0365659777424483
pt,hu,0.6908170552404957,0.5030917874396136
fa,hu,0.4654232138854994,0.3050775705356476
wo,hu,0.2838604248774392,0.0772853984427568
da,hu,0.7193455053377232,0.5436496059064152
nhi,hu,0.416235070288553,0.1991332840080329
bor,hu,0.2749692496924969,0.13610086100861
sl,hu,0.7445607943139276,0.5428083120829038
nmf,hu,0.3539136302294197,0.180161943319838
mt,hu,0.2003973629549354,0.0555405039284746
xum,hu,0.2383820998278829,0.059380378657487
aqz,hu,0.3658038147138964,0.2070844686648501
fro,hu,0.5876393866985264,0.3748008761449621
sq,hu,0.6986089644513137,0.5146831530139103
id,hu,0.6490071042358704,0.4526343864413355
bg,hu,0.8026583566522514,0.5642330195878911
tr,hu,0.7143293644535562,0.5533038952846554
akk,hu,0.2318044049302889,0.0463527985451606
sme,hu,0.2511488511488511,0.1070929070929071
grc,hu,0.5366996122727986,0.3153589278110222
ckb,hu,0.2704918032786885,0.081967213114754
sv,hu,0.7439520887420344,0.5635030682086382
hr,hu,0.7482687551525145,0.5568837592745259
az,hu,0.7039473684210527,0.5548245614035088
cop,hu,0.0408715532123361,0.0027061074044697
la,hu,0.612096618357488,0.4092367149758454
pay,hu,0.271578947368421,0.0853801169590643
gn,hu,0.3271889400921659,0.1059907834101382
fo,hu,0.5862919661053309,0.3983696235117451
quc,hu,0.3010086887046839,0.1039648457005892
eu,hu,0.6975055386887667,0.5086157380815624
say,hu,0.2692534381139489,0.0913555992141453
ota,hu,0.5051784141892742,0.3465554111283492
vi,hu,0.5925625920471281,0.3955081001472754
cpg,hu,0.6349310571240971,0.3865178376012256
gu,hu,0.6286472148541115,0.4583554376657825
mdf,hu,0.370211753509398,0.1989055436592909
uk,hy,0.7980264092006247,0.7110961238108761
am,hy,0.5793206793206793,0.2739260739260739
ka,hy,0.8238538435022406,0.7048800906091496
ceb,hy,0.5446623093681917,0.2556281771968046
sd,hy,0.6613617867799982,0.5042047201374447
urb,hy,0.2158469945355191,0.0519125683060109
sab,hy,0.2875046074456321,0.1245853298931072
ltg,hy,0.6294117647058823,0.4588235294117647
oc,hy,0.5693437903305867,0.4243025910850789
cy,hy,0.6211088922823916,0.405027604839657
ht,hy,0.2490225563909774,0.0723308270676691
mpu,hy,0.2921348314606741,0.0730337078651685
yo,hy,0.1759068300376076,0.0566541307776295
xcl,hy,0.5378121070594575,0.3656367882162745
sk,hy,0.8327055869428751,0.7350910232266165
ps,hy,0.6938775510204082,0.5662650602409639
ctn,hy,0.3001845396760303,0.1308181258970678
gd,hy,0.5434556950080212,0.344059639520619
bho,hy,0.372543135783946,0.2079519879969992
th,hy,0.4845233732049445,0.2884416752740479
olo,hy,0.5463709677419355,0.3830645161290322
sga,hy,0.322429906542056,0.0911214953271028
ab,hy,0.3111006140765234,0.1831837505904582
cu,hy,0.483395568832462,0.2523276076674134
koi,hy,0.3109243697478991,0.1836734693877551
ang,hy,0.2222222222222222,0.1286549707602339
bm,hy,0.2138464877378282,0.0586703320552702
got,hy,0.2412237693665424,0.054324377328888
gya,hy,0.1385586924219911,0.0170876671619613
myu,hy,0.2133072407045009,0.0577299412915851
ug,hy,0.6348499515972894,0.4864472410454985
eo,hy,0.7196289646918013,0.6101137043686415
pl,hy,0.8179639761971325,0.6961007494974506
sdh,hy,0.375,0.213235294117647
ajp,hy,0.6261089987325729,0.4106463878326996
egy,hy,0.2972393689986282,0.0661008230452674
ess,hy,0.2959501557632398,0.0829439252336448
af,hy,0.67385471529365,0.4978634602007353
arr,hy,0.3691246226821906,0.1172919361793876
arh,hy,0.2703975880912003,0.0729225551158846
xpg,hy,0.2353289863663307,0.0438648488441019
azz,hy,0.3736122125297383,0.1992466296590008
bar,hy,0.5046554934823091,0.3316041500399042
orv,hy,0.6174377705627706,0.4571834415584415
yrl,hy,0.2746176147155853,0.0992702189343197
sa,hy,0.307967610611551,0.1030286762403256
ru,hy,0.8091485968940411,0.7312330778547279
de,hy,0.7413451593388365,0.6538697968503016
aii,hy,0.1059602649006622,0.0397350993377483
vep,hy,0.4343821949347659,0.2762854950115119
aln,hy,0.5063164477798624,0.2959974984365228
ga,hy,0.5666159242835396,0.3792441591104639
pro,hy,0.4638806580157351,0.3438234392561561
ro,hy,0.7346960222794389,0.5972536037692887
ja,hy,0.1213321432556063,0.0315875318106713
jaa,hy,0.1565217391304348,0.0521739130434782
hbo,hy,0.4791779340183883,0.2591941590048675
ky,hy,0.7020966131633515,0.5089470854773059
yue,hy,0.3775686161804857,0.1926282511855151
ml,hy,0.6579275905118602,0.4881398252184769
pcm,hy,0.4673867595818815,0.3220905923344948
xav,hy,0.2639571237159446,0.0616346583296114
el,hy,0.7860258885789888,0.666809697489809
si,hy,0.6840909090909091,0.4522727272727272
hit,hy,0.1405653170359052,0.027501909854851
sr,hy,0.7711233692321163,0.6854916382103143
ta,hy,0.7434944237918215,0.6090094030177127
lt,hy,0.801948597345876,0.6870485469511171
ca,hy,0.7148465022647207,0.60848850863949
sjo,hy,0.0405300077942322,0.005066250974279
mk,hy,0.875,0.7235294117647059
frm,hy,0.6467892121387562,0.5282964249529599
be,hy,0.8109206905178884,0.7269827370527896
et,hy,0.770972296606456,0.6724767515458396
xnr,hy,0.4769291964996022,0.2784407319013524
abq,hy,0.1288343558282208,0.0352760736196319
eme,hy,0.3249309392265193,0.1709254143646408
ur,hy,0.5373497230852358,0.3991625016885046
fr,hy,0.7096622731998524,0.6097276721333468
hy,hy,0.9127352842569088,0.8716413621342018
no,hy,0.7306308116699245,0.6292040409945377
es,hy,0.7239121468343989,0.6119921633326459
apu,hy,0.221,0.123
mr,hy,0.7330097087378641,0.5970873786407767
myv,hy,0.295705639350562,0.1672591026995869
is,hy,0.6068295844367716,0.4629412356273675
nl,hy,0.7799006018830699,0.6772058639894109
it,hy,0.7029686042897109,0.5920733602735467
nap,hy,0.472636815920398,0.2189054726368159
otk,hy,0.1772151898734177,0.0443037974683544
ckt,hy,0.3324624428478119,0.1428804702808621
sms,hy,0.2678062678062678,0.1638176638176638
yi,hy,0.765099331137067,0.6825396825396826
lv,hy,0.8350537462324291,0.7368701821770558
fi,hy,0.754190098136509,0.6538069246884993
gwi,hy,0.4742063492063492,0.3968253968253968
zh,hy,0.2964578467738242,0.1523331959518248
ar,hy,0.2892649391856161,0.1970955538380181
gv,hy,0.3986662800811829,0.1465158983280177
krl,hy,0.5888817065287654,0.4411764705882353
bn,hy,0.665625,0.49375
wbp,hy,0.2444444444444444,0.1206349206349206
br,hy,0.6200279832100739,0.448930641615031
kk,hy,0.7121015289297492,0.5775956830218847
cs,hy,0.7774952268757362,0.6799582944035965
kmr,hy,0.6329240291504442,0.4705001497454327
ko,hy,0.6406299845221357,0.4449826907853539
hsb,hy,0.5928181248320946,0.4850004477478284
sah,hy,0.2616438356164383,0.1232876712328767
jv,hy,0.5862790211252876,0.4107230007669246
pad,hy,0.3095238095238095,0.1706349206349206
te,hy,0.8391123439667129,0.7128987517337032
or,hy,0.6345966958211856,0.4567541302235179
uz,hy,0.6885172798216277,0.537123745819398
hu,hy,0.8279096477794793,0.7161179173047473
lzh,hy,0.3300134684908201,0.1334443893102715
gun,hy,0.1835128734051493,0.0178012071204828
en,hy,0.7640182168679476,0.634413824204251
tt,hy,0.4600877192982456,0.3197368421052631
scn,hy,0.4922349161013923,0.3002499107461621
lb,hy,0.4514563106796116,0.2233009708737864
hi,hy,0.6395315479505223,0.4923640290926273
gub,hy,0.2758733624454148,0.0930131004366812
tpn,hy,0.262866015971606,0.1018189884649512
kpv,hy,0.260797342192691,0.1405120187609927
tn,hy,0.3785046728971962,0.1822429906542056
wuu,hy,0.3077803203661327,0.120137299771167
he,hy,0.6977496340176352,0.558778470023491
nds,hy,0.4923904128314955,0.3135878975667547
ha,hy,0.2565722562948809,0.0999167873763368
gsw,hy,0.4100743423560808,0.2277926038886771
gl,hy,0.6752683080808081,0.5590593434343434
yrk,hy,0.1863207547169811,0.0440251572327044
tl,hy,0.6903331512834516,0.4243582741671218
naq,hy,0.225335182616736,0.1022653721682848
bxr,hy,0.4792102901585402,0.274902781932396
lij,hy,0.5010444643390033,0.3043867502238138
hyw,hy,0.8446371655177526,0.7564302127344156
bej,hy,0.1101163082587231,0.0094552757091456
pt,hy,0.7065028355387524,0.5856962822936358
fa,hy,0.5266578678686157,0.4411933162337824
wo,hy,0.2566567336345285,0.0846871094876478
da,hy,0.7099670757258306,0.6070038910505836
nhi,hy,0.3360109924955078,0.1471303244900116
bor,hy,0.2444649446494465,0.11230012300123
sl,hy,0.7850632087244317,0.6798328902392708
nmf,hy,0.1845479082321187,0.0934547908232118
mt,hy,0.1780005418585749,0.0516571841416057
xum,hy,0.1592082616179001,0.0438898450946643
aqz,hy,0.2677111716621253,0.1307901907356948
fro,hy,0.5758164078056551,0.4283154121863799
sq,hy,0.7109737248840804,0.5625965996908809
id,hy,0.696506073757971,0.5438013723540964
bg,hy,0.8263800559654032,0.7150852200457899
tr,hy,0.7249053777006781,0.5926214319507964
akk,hy,0.172317639927258,0.0275611234592847
sme,hy,0.2095904095904096,0.0867132867132867
grc,hy,0.5953293440014343,0.4402608754118201
ckb,hy,0.2622950819672131,0.1311475409836065
sv,hy,0.7617417984422941,0.647200259617654
hr,hy,0.7865210222588623,0.7016900247320692
az,hy,0.7423245614035088,0.6107456140350878
cop,hy,0.063033639714459,0.0075117808986142
la,hy,0.6332657004830918,0.5028115942028986
pay,hy,0.2704093567251462,0.0568421052631578
gn,hy,0.391705069124424,0.1105990783410138
fo,hy,0.5724015874718438,0.4485144266866888
quc,hy,0.3770098871467093,0.1685808449016279
eu,hy,0.7005825880036104,0.5807417740214983
say,hy,0.1641453831041257,0.0648330058939096
ota,hy,0.5222860497295484,0.3790096020797517
vi,hy,0.6232695139911635,0.4442562592047128
cpg,hy,0.5907200700372073,0.3904574305099584
gu,hy,0.6763925729442971,0.5262599469496021
mdf,hy,0.3102545800618606,0.1705924339757316
uk,hyw,0.7559988641204033,0.664880022717592
am,hyw,0.631968031968032,0.3056943056943056
ka,hyw,0.8178460629339637,0.692815285369577
ceb,hyw,0.5504720406681191,0.2556281771968046
sd,hyw,0.6573831268649968,0.4919070440365313
urb,hyw,0.221311475409836,0.0573770491803278
sab,hyw,0.2886103943973461,0.1301142646516771
ltg,hyw,0.5882352941176471,0.4705882352941176
oc,hyw,0.539362652635759,0.3873721830636354
cy,hyw,0.5871020791730295,0.3782450370022319
ht,hyw,0.233984962406015,0.068796992481203
mpu,hyw,0.3539325842696629,0.0898876404494382
yo,hyw,0.1827004731287152,0.0527720490112823
xcl,hyw,0.55721214298545,0.3809053350098796
sk,hyw,0.8047708725674827,0.7050376647834274
ps,hyw,0.6678141135972461,0.565035652815343
ctn,hyw,0.3145376255895017,0.1390882373043537
gd,hyw,0.5208077757855997,0.3280173634047372
bho,hyw,0.3627906976744186,0.1968492123030757
th,hyw,0.5389664478725885,0.3357878252757139
olo,hyw,0.5672043010752689,0.3911290322580645
sga,hyw,0.3434579439252336,0.0841121495327102
ab,hyw,0.3308455361360415,0.1923476617855455
cu,hyw,0.4932038834951456,0.2689569330346029
koi,hyw,0.3745498199279712,0.2292917166866746
ang,hyw,0.2923976608187134,0.175438596491228
bm,hyw,0.1848368660927439,0.0517977284236417
got,hyw,0.2522063149637183,0.0612865267699548
gya,hyw,0.1248142644873699,0.0178306092124814
myu,hyw,0.2299412915851272,0.0547945205479452
ug,hyw,0.5972894482090997,0.4505324298160697
eo,hyw,0.7456612806702573,0.6388390185517654
pl,hyw,0.7849754383162267,0.6619806435294274
sdh,hyw,0.2573529411764705,0.1470588235294117
ajp,hyw,0.5982256020278834,0.4182509505703422
egy,hyw,0.287980109739369,0.0609567901234567
ess,hyw,0.3352803738317757,0.0887850467289719
af,hyw,0.6747490807910166,0.504422140514757
arr,hyw,0.3747304872789995,0.1168607158257869
arh,hyw,0.3086489542114188,0.0859242509892594
xpg,hyw,0.2323651452282157,0.0681683461766449
azz,hyw,0.3890761300555115,0.2024187153053132
bar,hyw,0.4894253790901836,0.3235567970204842
orv,hyw,0.6057900432900433,0.4496753246753247
yrl,hyw,0.2946116165150454,0.1076676996900929
sa,hyw,0.3195991589495817,0.1048628819397843
ru,hyw,0.7779533965872797,0.694356245352986
de,hyw,0.732539078508284,0.6433390902172004
aii,hyw,0.1324503311258278,0.0397350993377483
vep,hyw,0.4251726784343821,0.2509593246354566
aln,hyw,0.5089430894308943,0.3075046904315197
ga,hyw,0.557515388179231,0.3657422728175259
pro,hyw,0.4400735669766016,0.3025441912741392
ro,hyw,0.7117860333140665,0.5809819067136076
ja,hyw,0.1466372334943126,0.0411400307082556
jaa,hyw,0.1652173913043478,0.0695652173913043
hbo,hyw,0.4649134667387777,0.2475662520281233
ky,hyw,0.6569387911834729,0.4766914983488211
yue,hyw,0.4176605834171576,0.2211524644345452
ml,hyw,0.6504369538077404,0.472742405326675
pcm,hyw,0.457212543554007,0.3222299651567944
xav,hyw,0.3005806163465833,0.0754801250558284
el,hyw,0.7593506400629335,0.6418150611456769
si,hyw,0.7181818181818181,0.4772727272727273
hit,hyw,0.1566080977845683,0.0343773873185637
sr,hyw,0.7649067507223536,0.670869451011295
ta,hyw,0.7625191340476711,0.6278154384430352
lt,hyw,0.7800268772047707,0.6623551150680329
ca,hyw,0.6906894816305988,0.5908069115920148
sjo,hyw,0.0524162120031176,0.0030527409716809
mk,hyw,0.8477941176470588,0.6977941176470588
frm,hyw,0.6269600038596999,0.5071163217059873
be,hyw,0.7816487365524143,0.6970227670753065
et,hyw,0.7658925296590227,0.6689387668987454
xnr,hyw,0.5182975338106603,0.3253778838504375
abq,hyw,0.1748466257668711,0.0490797546012269
eme,hyw,0.3349447513812155,0.174378453038674
ur,hyw,0.5101985681480481,0.3604619748750506
fr,hyw,0.6733239427172418,0.5739930241137606
hy,hyw,0.862110254322525,0.8099525839360122
no,hyw,0.7114488755731745,0.6067885785271927
es,hyw,0.684481336358012,0.5811404413281089
apu,hyw,0.242,0.123
mr,hyw,0.7475728155339806,0.5825242718446602
myv,hyw,0.3223172254779518,0.1815736381977135
is,hyw,0.6034326707116757,0.4576614930776709
nl,hyw,0.7598211832871307,0.6529057715841262
it,hyw,0.686649051911719,0.5806496736089525
nap,hyw,0.36318407960199,0.1641791044776119
otk,hyw,0.1962025316455696,0.0949367088607595
ckt,hyw,0.3507511430437622,0.1530045721750489
sms,hyw,0.2973646723646723,0.1745014245014245
yi,hyw,0.793151642208246,0.7033043825496655
lv,hyw,0.812354965191646,0.7150516123869729
fi,hyw,0.7516815525416253,0.6486795677582975
gwi,hyw,0.5099206349206349,0.4126984126984127
zh,hyw,0.3683770664468562,0.18112607043092
ar,hyw,0.2720986047268438,0.1830940080543465
gv,hyw,0.3740214554943462,0.1175219870493863
krl,hyw,0.6005171299288946,0.4502262443438914
bn,hyw,0.721875,0.546875
wbp,hyw,0.2539682539682539,0.1269841269841269
br,hyw,0.6337197681391166,0.4513292024785129
kk,hyw,0.6760267812531228,0.5510142899970021
cs,hyw,0.7478815452735914,0.6451395377178373
kmr,hyw,0.6223420185684336,0.4491364680043925
ko,hyw,0.6164916053262758,0.4304145940900551
hsb,hyw,0.587713799588072,0.4728217068147219
sah,hyw,0.3136986301369863,0.1568493150684931
jv,hyw,0.6043366101931256,0.4281531060447605
pad,hyw,0.3015873015873015,0.1607142857142857
te,hyw,0.8294036061026352,0.6962552011095701
or,hyw,0.565597667638484,0.412050534499514
uz,hyw,0.6509476031215161,0.5039018952062431
hu,hyw,0.7915390505359877,0.6830015313935681
lzh,hyw,0.3169702984334018,0.1138441908272488
gun,hyw,0.2029948811979524,0.0183360073344029
en,hyw,0.730443875098493,0.5983814937237042
tt,hyw,0.4684210526315789,0.3232456140350877
scn,hyw,0.4865226704748304,0.291235273116744
lb,hyw,0.4611650485436893,0.1990291262135922
hi,hyw,0.6148433149395028,0.4581245042947063
gub,hyw,0.2766375545851528,0.0852620087336244
tpn,hyw,0.2806122448979591,0.1055900621118012
kpv,hyw,0.2993941762751612,0.1591752980261872
tn,hyw,0.2990654205607476,0.1448598130841121
wuu,hyw,0.3810068649885583,0.1453089244851258
he,hyw,0.6841997753038505,0.5498927586559085
nds,hyw,0.4710653422035906,0.2983687232297457
ha,hyw,0.2524116251117206,0.1055259346010417
gsw,hyw,0.3855794891345787,0.2139725505146778
gl,hyw,0.6683712121212121,0.5610164141414141
yrk,hyw,0.2696540880503145,0.0849056603773584
tl,hyw,0.6275259421081376,0.4014199890770071
naq,hyw,0.251964863615349,0.1098474341192787
bxr,hyw,0.4800079768670854,0.2814836972778941
lij,hyw,0.4594150999701581,0.2806624888093106
hyw,hyw,0.8919279519679787,0.8435994366614781
bej,hyw,0.1312860848464563,0.0181574763618107
pt,hyw,0.674580970384373,0.5643730308758664
fa,hyw,0.4753094105635381,0.3718405259357024
wo,hyw,0.2580986253965202,0.0844948572527155
da,hyw,0.6877182480295321,0.5908410655492368
nhi,hyw,0.3421414226825917,0.1508297220167001
bor,hyw,0.2563345633456335,0.1149446494464944
sl,hyw,0.7601866420704249,0.6455699636482014
nmf,hyw,0.2081646423751686,0.0988529014844804
mt,hyw,0.2153887835274993,0.0578885577530931
xum,hyw,0.1506024096385542,0.0301204819277108
aqz,hyw,0.2895095367847411,0.1430517711171662
fro,hyw,0.5607576662684189,0.4077309836718439
sq,hyw,0.7187017001545595,0.5834621329211747
id,hyw,0.6811580146934025,0.5433891811943845
bg,hyw,0.7759475960315442,0.6606461460188248
tr,hyw,0.6970607948273143,0.5671325500709667
akk,hyw,0.2094564558496666,0.0355627399474641
sme,hyw,0.2192807192807193,0.0903096903096903
grc,hyw,0.5884264550976042,0.4338062260471996
ckb,hyw,0.2540983606557377,0.1311475409836065
sv,hyw,0.7554578711352372,0.6508290063724333
hr,hyw,0.76760098928277,0.6740313272877164
az,hyw,0.7478070175438597,0.6206140350877193
cop,hyw,0.0470302804087155,0.0025661363318247
la,hyw,0.618792270531401,0.4904057971014492
pay,hyw,0.2914619883040936,0.0631578947368421
gn,hyw,0.3502304147465437,0.0967741935483871
fo,hyw,0.5714362329722192,0.4526976295183954
quc,hyw,0.3478477978627783,0.1461100569259962
eu,hyw,0.7155165340116517,0.589685730696644
say,hyw,0.1825147347740668,0.0723968565815324
ota,hyw,0.5230407983563252,0.3703299928718185
vi,hyw,0.6388070692194403,0.4658321060382916
cpg,hyw,0.6086671043992121,0.3941781571459838
gu,hyw,0.6885941644562334,0.5310344827586206
mdf,hyw,0.3357125862479181,0.1796335950511539
uk,id,0.6912182308675281,0.5488783188981968
am,id,0.5834165834165834,0.2548451548451548
ka,id,0.6122026887280249,0.4405377456049638
ceb,id,0.5867828612926652,0.2904865649963689
sd,id,0.5240980197124514,0.3110588660819242
urb,id,0.2049180327868852,0.0464480874316939
sab,id,0.2362698120162182,0.095834869148544
ltg,id,0.5176470588235295,0.3470588235294117
oc,id,0.5476025017373176,0.3525265561401767
cy,id,0.6505344766827206,0.4087865617291201
ht,id,0.2807518796992481,0.0809774436090225
mpu,id,0.2696629213483146,0.0617977528089887
yo,id,0.1882809656678394,0.0439160499818027
xcl,id,0.5049398239626369,0.2629782647745644
sk,id,0.729676710608914,0.5822347771500314
ps,id,0.5807720678632899,0.4366855175805262
ctn,id,0.2412001913744788,0.1037523067459503
gd,id,0.6018684533358498,0.3579314900443521
bho,id,0.2859714928732183,0.1266316579144786
th,id,0.5105121114183854,0.3068337053943291
olo,id,0.4220430107526882,0.2573924731182795
sga,id,0.3609813084112149,0.0759345794392523
ab,id,0.1512517713745866,0.0888993859234766
cu,id,0.4572068707991038,0.1921334329101319
koi,id,0.2509003601440576,0.1440576230492196
ang,id,0.2748538011695906,0.1520467836257309
bm,id,0.2364175649280185,0.0506402372856832
got,id,0.2492645616787605,0.0554030202000392
gya,id,0.1768202080237741,0.0170876671619613
myu,id,0.2240704500978473,0.0557729941291585
ug,id,0.4422071636011617,0.2951597289448209
eo,id,0.7046678635547576,0.5574506283662477
pl,id,0.753398032402785,0.588721594312872
sdh,id,0.213235294117647,0.1029411764705882
ajp,id,0.6666666666666666,0.449936628643853
egy,id,0.3193587105624142,0.071159122085048
ess,id,0.3177570093457944,0.0743769470404984
af,id,0.6558680314021663,0.4534433071648613
arr,id,0.3570504527813712,0.1190168175937904
arh,id,0.2743546259657056,0.0667043527416619
xpg,id,0.2175459395376408,0.0391227030231179
azz,id,0.3779738302934179,0.1854678826328311
bar,id,0.3901968608672519,0.2408220271348763
orv,id,0.5451569264069264,0.3472267316017316
yrl,id,0.3172048385484354,0.1086673997800659
sa,id,0.2308862345099092,0.0628550977497427
ru,id,0.7152029254560504,0.5852127923234837
de,id,0.7490876802685245,0.6302519368499112
aii,id,0.108167770419426,0.0397350993377483
vep,id,0.3814274750575595,0.2010744435917114
aln,id,0.5144465290806755,0.2457786116322701
ga,id,0.6226752266860811,0.3865245879939109
pro,id,0.4046183713088791,0.2761826913252273
ro,id,0.7462035626083758,0.5726446324418055
ja,id,0.1107595777349208,0.0178936686802356
jaa,id,0.2347826086956521,0.0608695652173913
hbo,id,0.3313277447268793,0.1126960519199567
ky,id,0.4918209046924199,0.3488211350894709
yue,id,0.2904871389567466,0.1324903003305072
ml,id,0.4781523096129838,0.3316687473990845
pcm,id,0.4395121951219512,0.3004878048780487
xav,id,0.2965609647163912,0.0866458240285841
el,id,0.7176571551169277,0.5599299148966602
si,id,0.5954545454545455,0.3579545454545454
hit,id,0.1046600458365164,0.0259740259740259
sr,id,0.728745293757114,0.5640486822519919
ta,id,0.6722064290400175,0.4979225891099934
lt,id,0.5874349067696959,0.455904585923064
ca,id,0.772437510484818,0.6118939775205502
sjo,id,0.0657963107300597,0.0116913484021823
mk,id,0.8375,0.6294117647058823
frm,id,0.6408066772808414,0.4766246924301635
be,id,0.6708781586189643,0.5370277708281211
et,id,0.6250385445575085,0.4610902835256504
xnr,id,0.3806682577565632,0.1778042959427207
abq,id,0.1411042944785276,0.0214723926380368
eme,id,0.3283839779005524,0.168853591160221
ur,id,0.32939348912603,0.160340402539511
fr,id,0.7101821108763458,0.5538451219103196
hy,id,0.5984482015422194,0.4268882609320369
no,id,0.7529549315844279,0.6405670545680411
es,id,0.7758403794596824,0.6293668797690245
apu,id,0.239,0.121
mr,id,0.6310679611650486,0.4368932038834951
myv,id,0.2484388509943318,0.1355557690460178
is,id,0.5884817806979317,0.4312124970668097
nl,id,0.7548263030393846,0.6205389475787318
it,id,0.7555020205160087,0.601530929437364
nap,id,0.3980099502487562,0.1641791044776119
otk,id,0.1582278481012658,0.0822784810126582
ckt,id,0.2318745917700849,0.0960156760287393
sms,id,0.2076210826210826,0.1143162393162393
yi,id,0.7329539782369972,0.6251372666467007
lv,id,0.6195620282201062,0.4797151316315916
fi,id,0.6435522108280957,0.4858446355717278
gwi,id,0.4434523809523809,0.3759920634920635
zh,id,0.2035879470623254,0.096613545816733
ar,id,0.3331245169426026,0.2308668592116503
gv,id,0.4070745143519861,0.1240939402725427
krl,id,0.4557207498383969,0.277634130575307
bn,id,0.740625,0.515625
wbp,id,0.1682539682539682,0.073015873015873
br,id,0.6289226464121527,0.3725764541275235
kk,id,0.5280303787348856,0.3815329269511342
cs,id,0.6597310801478653,0.5145847720410015
kmr,id,0.6272337027054008,0.4242787261655186
ko,id,0.4960241974550137,0.3255432021456337
hsb,id,0.4104952090982359,0.3085878033491537
sah,id,0.1342465753424657,0.0643835616438356
jv,id,0.6799135466778219,0.4888098724116294
pad,id,0.2539682539682539,0.1428571428571428
te,id,0.7434119278779473,0.5908460471567267
or,id,0.4868804664723032,0.3245869776482021
uz,id,0.4826086956521739,0.3390189520624303
hu,id,0.6348583460949464,0.4562595712098009
lzh,id,0.2797192882965903,0.1067555114482172
gun,id,0.1580716632286652,0.0157384062953625
en,id,0.6910912776090113,0.5734745355342904
tt,id,0.2372807017543859,0.1355263157894737
scn,id,0.458943234559086,0.2484826847554445
lb,id,0.4126213592233009,0.233009708737864
hi,id,0.4554751177036399,0.2824718608143911
gub,id,0.3129912663755458,0.0997816593886462
tpn,id,0.2830523513753327,0.1075865128660159
kpv,id,0.213406292749658,0.1049443033027164
tn,id,0.3925233644859813,0.1728971962616822
wuu,id,0.2700228832951945,0.1155606407322654
he,id,0.7427229087937902,0.5793756170632894
nds,id,0.3496764786293629,0.1917433700902214
ha,id,0.2689000523931334,0.0956020587419484
gsw,id,0.2767346549752192,0.1396301944338543
gl,id,0.7532196969696969,0.6194444444444445
yrk,id,0.1800314465408805,0.0566037735849056
tl,id,0.7378481703986892,0.4822501365374113
naq,id,0.2148867313915857,0.0994914470642625
bxr,id,0.3446006580915345,0.2010170505533951
lij,id,0.4336019098776484,0.2326171292151596
hyw,id,0.6208583500111186,0.4061967237417537
bej,id,0.1305330097899757,0.0302066772655007
pt,id,0.7519554715395925,0.6240831758034027
fa,id,0.5497422616231292,0.418432651841522
wo,id,0.2700182639623185,0.0811304431414015
da,id,0.7134590441983438,0.6199740596627756
nhi,id,0.3305147447415706,0.1366663143430927
bor,id,0.2549815498154981,0.1068880688806888
sl,id,0.6863979165536325,0.5157886170039607
nmf,id,0.2047908232118758,0.1029014844804318
mt,id,0.1982299286552876,0.044522712905265
xum,id,0.1729776247848537,0.023235800344234
aqz,id,0.2534059945504087,0.1198910081743869
fro,id,0.5515730784547989,0.377937076861808
sq,id,0.776661514683153,0.5633693972179289
id,id,0.8736027932012705,0.7869941565841476
bg,id,0.75082676163826,0.5959043500381582
tr,id,0.5574140514114493,0.4105030752247279
akk,id,0.2271974136189129,0.0280864821175995
sme,id,0.1718281718281718,0.0625374625374625
grc,id,0.5086622290952285,0.3077164436674959
ckb,id,0.1229508196721311,0.0655737704918032
sv,id,0.7688517819211707,0.6588092990323342
hr,id,0.7149629018961253,0.555358615004122
az,id,0.6326754385964912,0.4769736842105263
cop,id,0.0661130033126487,0.0072784957775393
la,id,0.5572753623188406,0.3888309178743961
pay,id,0.2970760233918129,0.0514619883040935
gn,id,0.3824884792626728,0.1013824884792626
fo,id,0.5512710500911724,0.4217526547248739
quc,id,0.3355637671027664,0.1490062918206331
eu,id,0.6352260605563305,0.4175350783621892
say,id,0.2049115913555992,0.0678781925343811
ota,id,0.4037066543670594,0.232839951360644
vi,id,0.7065537555228277,0.545139911634757
cpg,id,0.5491354782228058,0.3370540599693587
gu,id,0.6090185676392573,0.4116710875331565
mdf,id,0.243873423744944,0.1301451344277896
uk,it,0.784786312650859,0.705274740877467
am,it,0.5974025974025974,0.2859140859140859
ka,it,0.7144334465947703,0.5895011572364209
ceb,it,0.5875090777051561,0.3151779230210603
sd,it,0.5413690207071163,0.3751695451668324
urb,it,0.3114754098360656,0.087431693989071
sab,it,0.302248433468485,0.1253225211942499
ltg,it,0.7,0.5235294117647059
oc,it,0.6746748734240048,0.5660677057480393
cy,it,0.6945847527311171,0.517443909315165
ht,it,0.3272180451127819,0.1035338345864661
mpu,it,0.2134831460674157,0.0561797752808988
yo,it,0.2324396457600388,0.0542278296736625
xcl,it,0.5776001437039698,0.3919525776899586
sk,it,0.8306654111738857,0.7760514752040176
ps,it,0.6601917875583968,0.5701991640029506
ctn,it,0.3775545075524571,0.1811906226505365
gd,it,0.6100783240539775,0.4290837029347928
bho,it,0.3063765941485371,0.1435858964741185
th,it,0.4826575150768,0.3152633858661247
olo,it,0.5168010752688172,0.314516129032258
sga,it,0.3831775700934579,0.1109813084112149
ab,it,0.374397732640529,0.2056683986773736
cu,it,0.5293502613890964,0.3075429424943988
koi,it,0.4045618247298919,0.2388955582232893
ang,it,0.4561403508771929,0.2573099415204678
bm,it,0.2829342400347247,0.0620704622730232
got,it,0.3124141988625221,0.0995293194744067
gya,it,0.2206537890044576,0.0345468053491827
eo,it,0.8240574506283662,0.7247157390783961
ug,it,0.5440464666021297,0.4042594385285576
myu,it,0.2201565557729941,0.0802348336594911
pl,it,0.8089247440659239,0.7171612284835657
sdh,it,0.2279411764705882,0.0735294117647058
ajp,it,0.6451204055766794,0.4664131812420786
egy,it,0.2632887517146776,0.0501543209876543
ess,it,0.2690809968847352,0.087227414330218
af,it,0.7555400973864652,0.638974460896353
arr,it,0.4001724881414403,0.1423027166882277
arh,it,0.3003580177124552,0.1092896174863388
xpg,it,0.2845287492590397,0.0883224659158269
azz,it,0.4344766058683584,0.2208564631245043
bar,it,0.6010907156158553,0.4104150039904229
orv,it,0.6423160173160173,0.4959145021645021
yrl,it,0.3404978506448065,0.135259422173348
sa,it,0.3317675479801369,0.1113497069744553
ru,it,0.7950731130200563,0.7311489055259134
de,it,0.8654938235466307,0.8027974552621822
aii,it,0.0816777041942604,0.0353200883002207
vep,it,0.4719877206446661,0.2302379125095932
aln,it,0.5782363977485929,0.3250781738586616
ga,it,0.6663908928453239,0.4963266926997154
pro,it,0.6077449678144478,0.5015837335240625
ro,it,0.8052475785122519,0.7089835881806876
ja,it,0.095809226290092,0.030184940203907
jaa,it,0.217391304347826,0.0782608695652174
hbo,it,0.4362493239588967,0.2427663601946998
ky,it,0.5650871668842639,0.4106443437523999
yue,it,0.3595344158643483,0.2091536140250036
ml,it,0.581772784019975,0.4398668331252601
pcm,it,0.5141463414634146,0.3386759581881533
xav,it,0.3229120142920947,0.0768200089325591
el,it,0.8191017664306658,0.7245226346277622
si,it,0.6875,0.4556818181818182
hit,it,0.2039724980901451,0.0435446906035141
sr,it,0.8437965151913143,0.7779528937921373
ta,it,0.7170347692980538,0.5681172097091625
lt,it,0.7156895682848984,0.607424827817907
ca,it,0.8556618017111223,0.782083543029693
mk,it,0.8911764705882353,0.7845588235294118
sjo,it,0.032865679397246,0.0094180306573135
frm,it,0.7723741979061128,0.6872678149273894
be,it,0.7870277708281211,0.7159744808606455
et,it,0.7504097895061428,0.6385737702257493
xnr,it,0.4176610978520286,0.2315035799522673
abq,it,0.1963190184049079,0.0521472392638036
eme,it,0.3511740331491713,0.1830110497237569
ur,it,0.3521545319465082,0.2563150074294205
fr,it,0.8083224335110842,0.746428212093772
hy,it,0.6811628909430528,0.5827865319220269
no,it,0.842561975922103,0.753283764774658
es,it,0.8389667972777892,0.7756650855846566
apu,it,0.312,0.167
mr,it,0.6650485436893204,0.5145631067961165
myv,it,0.2965702757229321,0.1594773753482563
is,it,0.686450336897858,0.5422714625724917
nl,it,0.8631402812117579,0.7863190230014235
it,it,0.8966506061548026,0.8524479328566988
nap,it,0.5472636815920398,0.4029850746268656
otk,it,0.1645569620253164,0.0886075949367088
ckt,it,0.3148269105160026,0.1510450685826257
yi,it,0.8422681441549366,0.7711889787361486
sms,it,0.3668091168091168,0.1759259259259259
lv,it,0.7308420687631698,0.6255101224293831
fi,it,0.7426397618260007,0.6417328261109273
gwi,it,0.5029761904761905,0.4166666666666667
zh,it,0.2337660850849475,0.1288753033841645
ar,it,0.3061465240206646,0.24971728430216
gv,it,0.3454141296994298,0.1047646660867884
krl,it,0.5743374272786037,0.4001292824822237
bn,it,0.634375,0.5125
wbp,it,0.2063492063492063,0.0825396825396825
br,it,0.6801918848690786,0.492504497301619
kk,it,0.6114719696212652,0.5029479364444889
cs,it,0.7740991997400171,0.7122178440373184
kmr,it,0.6677647998402715,0.4881701108116202
ko,it,0.5974573767973818,0.4169334924442029
hsb,it,0.6221903823766455,0.5188501835766096
sah,it,0.2931506849315068,0.1486301369863013
jv,it,0.6261591020009761,0.4757024332426968
pad,it,0.2321428571428571,0.1369047619047619
te,it,0.7780859916782247,0.6463245492371706
or,it,0.445092322643343,0.3080660835762877
uz,it,0.5768115942028985,0.4350055741360089
en,it,0.7969681502148263,0.7188923192808401
lzh,it,0.3781456014744453,0.1741688523428085
gun,it,0.1614332645733058,0.0178776071510428
hu,it,0.7588055130168453,0.6453866768759571
tt,it,0.3833333333333333,0.2350877192982456
scn,it,0.6583363084612638,0.4879507318814709
lb,it,0.6359223300970874,0.2961165048543689
hi,it,0.4746789517204138,0.3573803135388717
gub,it,0.2514192139737991,0.1125545851528384
tpn,it,0.2852706299911269,0.1311002661934339
kpv,it,0.2945085010748485,0.1460816884893492
tn,it,0.3738317757009345,0.1308411214953271
nds,it,0.5601932014945776,0.3771985783286248
he,it,0.7948456065093794,0.6570319681340007
ha,it,0.2935248250993928,0.1204425678799272
wuu,it,0.3318077803203661,0.1681922196796338
gsw,it,0.4716927182615326,0.26153259626382
gl,it,0.8103377525252525,0.7133838383838383
yrk,it,0.2617924528301887,0.0676100628930817
tl,it,0.7291097760786456,0.4926269797924631
naq,it,0.2781322237632917,0.1212205270457697
bxr,it,0.4399242197626882,0.2517698673845847
lij,it,0.6389137570874366,0.4531483139361384
hyw,it,0.6945370988066119,0.5425098213623898
pt,it,0.8321739130434782,0.7421760134425541
bej,it,0.1806543385490754,0.052715253953644
fa,it,0.5410264711009288,0.4524740393953732
wo,it,0.3266365471498606,0.0844948572527155
da,it,0.7692307692307693,0.706076025142173
nhi,it,0.4207800443927703,0.1958566747701088
bor,it,0.2600861008610086,0.1111931119311193
sl,it,0.7889696706635559,0.7193044327491726
nmf,it,0.2739541160593792,0.1440620782726046
mt,it,0.3187031518107107,0.117131761943466
xum,it,0.2091222030981067,0.0559380378657487
aqz,it,0.3371934604904632,0.1716621253405994
fro,it,0.7046495420151334,0.5777329749103942
sq,it,0.8547140649149922,0.7078825347758887
id,it,0.8094706980578522,0.6854254055233615
bg,it,0.855889086746375,0.7738488934113457
tr,it,0.6370643431635389,0.5057956158334648
akk,it,0.2590422307536876,0.0585168720953728
sme,it,0.2354645354645354,0.0861138861138861
grc,it,0.5997445034626504,0.4480378314171093
ckb,it,0.2786885245901639,0.0983606557377049
sv,it,0.8606030210054284,0.7846353552041538
hr,it,0.820156636438582,0.7537922506183017
az,it,0.6743421052631579,0.5471491228070176
cop,it,0.0224886856716278,0.0051322726636495
la,it,0.6530821256038647,0.5286280193236715
pay,it,0.2683040935672515,0.0900584795321637
gn,it,0.304147465437788,0.0921658986175115
fo,it,0.6718867317387107,0.5547570524509278
quc,it,0.3402576650354539,0.1571956456606411
eu,it,0.6911873307622877,0.5574382538770821
say,it,0.2490176817288801,0.0819253438113949
ota,it,0.4914252169902302,0.3369114008973122
vi,it,0.7030191458026509,0.5427098674521355
cpg,it,0.6607572773035675,0.4344495513241409
gu,it,0.6371352785145888,0.4843501326259947
mdf,it,0.2969307637401855,0.1548893647394718
hit,ja,0.0962566844919786,0.014514896867838
eme,ja,0.4202348066298342,0.1940607734806629
en,ja,0.1490849443235823,0.0482479396999866
kpv,ja,0.2317764315028337,0.0492476060191518
grc,ja,0.2514175575427508,0.0596382706918577
ga,ja,0.0815077106360447,0.0133033291415712
sr,ja,0.0811662726556343,0.0145346291918395
te,ja,0.3079056865464632,0.1622746185852982
cpg,ja,0.2514773473407747,0.0472751149047931
uk,ja,0.117315064603152,0.0391523498509158
ckt,ja,0.3375244937949053,0.1227955584585238
pad,ja,0.3293650793650793,0.1488095238095238
ka,ja,0.2338110011326143,0.0768700448121337
ca,ja,0.0708773695688642,0.0125817815802717
yi,ja,0.3326345213137666,0.1056204452430867
es,ja,0.0723241905547535,0.0159723654361724
pro,ja,0.1134157555941555,0.0191069786451415
ltg,ja,0.1352941176470588,0.0117647058823529
ota,ja,0.2660069604595581,0.0707367185206926
arh,ja,0.2253627284718296,0.1221028829847371
kk,ja,0.2349355451184171,0.0940341760767462
sv,ja,0.115883880103847,0.0170669105499173
akk,ja,0.1995958779551424,0.0335825419276621
xum,ja,0.3485370051635111,0.1092943201376936
bar,ja,0.2658951848895983,0.0518089917531258
gun,ja,0.2643441057376423,0.0699060279624111
nds,ja,0.204593092135241,0.029071356967101
hyw,ja,0.1818249203172485,0.0446964643095396
fro,ja,0.1966596973317403,0.0428365193150139
got,ja,0.2400470680525593,0.0184349872524024
gub,ja,0.0884279475982532,0.0203056768558951
wbp,ja,0.4507936507936508,0.1619047619047619
sa,ja,0.32098599740527,0.0789603185254775
hy,ja,0.13961396618612,0.036160735667417
lzh,ja,0.3491883462111009,0.124831643864748
sd,ja,0.2177412062573469,0.0661904331313862
xnr,ja,0.2871917263325378,0.122513922036595
nap,ja,0.2388059701492537,0.0398009950248756
sl,ja,0.1201779610438934,0.0334762085616624
cs,ja,0.1377286698893718,0.0317477082233145
or,ja,0.1642371234207968,0.0612244897959183
scn,ja,0.1976972509817922,0.0397179578721885
am,ja,0.4221778221778222,0.1388611388611388
egy,ja,0.1484053497942387,0.0075445816186556
nl,ja,0.1162558377662895,0.020828650633101
ja,ja,0.3629019832857833,0.2751656280050791
jv,ja,0.139650003486021,0.0348602105556717
mpu,ja,0.3089887640449438,0.0730337078651685
vep,ja,0.192632386799693,0.0161166538756715
yue,ja,0.3660008621928438,0.1801264549504239
af,ja,0.137632912650303,0.0288184438040345
jaa,ja,0.2347826086956521,0.0956521739130434
lb,ja,0.3058252427184466,0.0485436893203883
say,ja,0.149607072691552,0.0212180746561886
sk,ja,0.1610954174513496,0.0353892027620841
aii,ja,0.2295805739514348,0.0132450331125827
pl,ja,0.1364404861749004,0.0342132939281387
tn,ja,0.1962616822429906,0.0093457943925233
xav,ja,0.3233586422510049,0.074586869138008
bxr,ja,0.2986339615116163,0.1175590786718516
gya,ja,0.1794205052005943,0.0248885586924219
tt,ja,0.2881578947368421,0.119298245614035
fi,ja,0.1678244569412283,0.0464080935053478
fr,ja,0.1208371063487272,0.0293624442432169
cy,ja,0.1195230823446493,0.0167978385997885
otk,ja,0.1329113924050632,0.0759493670886076
el,ja,0.1598369448616176,0.0317170850318243
ky,ja,0.2041317871131249,0.0795637815835957
sme,ja,0.187012987012987,0.0252747252747252
sab,ja,0.2915591596019167,0.108367121267969
gn,ja,0.3640552995391705,0.1382488479262673
wuu,ja,0.465675057208238,0.2208237986270023
myu,ja,0.3160469667318982,0.1007827788649706
it,ja,0.100085483369599,0.0199098539011501
is,ja,0.11318762361302,0.0305666364967092
ta,ja,0.2812158320577301,0.1161163350098403
mr,ja,0.1650485436893204,0.0800970873786407
sq,ja,0.1228748068006182,0.0224111282843894
hr,ja,0.0845836768342951,0.0144270403957131
ajp,ja,0.2370088719898606,0.0494296577946768
cu,ja,0.2386855862584018,0.02504356484939
koi,ja,0.2436974789915966,0.0552220888355342
az,ja,0.3410087719298245,0.1557017543859649
ro,ja,0.0987861909516052,0.0242236351216436
uz,ja,0.2687848383500557,0.1091415830546265
mk,ja,0.2330882352941176,0.0492647058823529
sah,ja,0.5431506849315069,0.2089041095890411
yrk,ja,0.1194968553459119,0.0251572327044025
gl,ja,0.0651515151515151,0.011300505050505
krl,ja,0.1816418875242404,0.0468648998060762
sga,ja,0.227803738317757,0.0490654205607476
tl,ja,0.2539595849262698,0.0693610049153468
bej,ja,0.201071040080328,0.0394946029620952
orv,ja,0.1781791125541125,0.0286525974025974
mt,ja,0.172762575634426,0.0175200939221529
xpg,ja,0.1754593953764078,0.0201541197391819
gv,ja,0.1234174156760413,0.0051222576592248
id,ja,0.0802075503721843,0.0169483306258031
lv,ja,0.176335653890267,0.0459043503774239
ml,ja,0.2093216812317936,0.0657511444028298
bn,ja,0.340625,0.13125
cop,ja,0.1384313908458918,0.0013063966780198
arr,ja,0.315653298835705,0.1142733937041828
gd,ja,0.1041804284231386,0.0103802963102764
et,ja,0.1289254588831004,0.028612233636821
ha,ja,0.1559466206428945,0.023484451567171
ug,ja,0.231945788964182,0.0903194578896418
urb,ja,0.3907103825136612,0.1174863387978142
th,ja,0.1336754073234931,0.0227568053843334
gu,ja,0.2058355437665782,0.0779840848806366
hsb,ja,0.217515895047909,0.0523864959254947
aqz,ja,0.462534059945504,0.2343324250681198
bg,ja,0.1385779699821928,0.0309717629102009
nhi,ja,0.2594863122291512,0.0551738716837543
sms,ja,0.2346866096866096,0.0441595441595441
ckb,ja,0.4016393442622951,0.2049180327868852
be,ja,0.1092069051788841,0.0292719539654741
mdf,ja,0.2093742564834642,0.0428265524625267
sdh,ja,0.1691176470588235,0.0735294117647058
myv,ja,0.2163512345085983,0.0586031319050821
gwi,ja,0.7410714285714286,0.560515873015873
wo,ja,0.1503412477170047,0.0145150437373834
frm,ja,0.1442562840739132,0.0207458870072851
pay,ja,0.2388304093567251,0.1265497076023392
lij,ja,0.1538346762160549,0.0207400775887794
quc,ja,0.2044342354938579,0.0262658543892939
tr,ja,0.2445690742785049,0.1043506544709036
la,ja,0.1596618357487922,0.0327149758454106
ctn,ja,0.4646982434556763,0.2032670357460187
azz,ja,0.2891554321966693,0.1026962727993655
ko,ja,0.248969126977563,0.1035008329690324
de,ja,0.1257049743379583,0.0241081708721191
ps,ja,0.1081878534546348,0.0223752151462994
olo,ja,0.1525537634408602,0.0336021505376344
apu,ja,0.166,0.053
fo,ja,0.2245521827737852,0.0669848761128392
ht,ja,0.1494736842105263,0.0109022556390977
ur,ja,0.1119140888828853,0.0372146427124138
yo,ja,0.1287152735654494,0.0111609850782482
bm,ja,0.1692830789264269,0.0274180713303913
ang,ja,0.2456140350877192,0.0292397660818713
zh,ja,0.4100151119659294,0.2133649310802766
eo,ja,0.1304608019150209,0.0380011968880909
br,ja,0.1649010593643813,0.0264841095342794
ceb,ja,0.2512708787218591,0.0530137981118373
da,ja,0.0969769530080814,0.0209518108350793
naq,ja,0.3026352288488211,0.1040221914008321
hi,ja,0.1324693295533168,0.0366695354292175
lt,ja,0.1766336301024693,0.0444313791365698
oc,ja,0.2248585327112081,0.0821999404348257
bor,ja,0.234440344403444,0.0830873308733087
no,ja,0.1155117923235718,0.01874349184311
aln,ja,0.1435272045028142,0.0061913696060037
ess,ja,0.1577102803738317,0.0198598130841121
xcl,ja,0.1774744027303754,0.0370935872103466
pcm,ja,0.0666898954703832,0.0106620209059233
nmf,ja,0.3822537112010796,0.1518218623481781
fa,ja,0.0564285180665886,0.0111064073511467
ru,ja,0.1128049493329342,0.0293153516299036
ar,ja,0.1309604198023024,0.0059309278769881
bho,ja,0.1680420105026256,0.0813203300825206
pt,ja,0.0715731989077924,0.0165343415248897
ab,ja,0.4142654700047237,0.1529522909777987
si,ja,0.3227272727272727,0.1034090909090909
he,ja,0.1012494467708439,0.0161713137915773
hbo,ja,0.1959167117360735,0.0131151974040021
gsw,ja,0.2296035074342356,0.0410789172703011
tpn,ja,0.2781721384205856,0.1206743566992014
sjo,ja,0.248571057417511,0.1191868017666926
kmr,ja,0.177298592392932,0.0465209144454427
vi,ja,0.1031664212076583,0.0232695139911634
eu,ja,0.1800689259046525,0.0518995651103635
abq,ja,0.2837423312883436,0.0460122699386503
hu,ja,0.0974349157733537,0.0195252679938744
yrl,ja,0.1955413375987204,0.0445866240127961
uk,ka,0.7224904160159024,0.5968692318614227
am,ka,0.6269730269730269,0.2987012987012987
ka,ka,0.8606884325602009,0.8105086915841828
ceb,ka,0.4974582425562818,0.2440087145969499
sd,ka,0.6390270368026042,0.4680350845465232
urb,ka,0.4207650273224044,0.1502732240437158
sab,ka,0.354589015849613,0.180243273129377
ltg,ka,0.5588235294117647,0.4058823529411764
oc,ka,0.5261590390151891,0.336741784969721
cy,ka,0.5421707976036649,0.3099377422765182
ht,ka,0.2627067669172932,0.0664661654135338
mpu,ka,0.3539325842696629,0.1179775280898876
yo,ka,0.204779813174815,0.0598083222127866
xcl,ka,0.5022453745284714,0.2988144422489671
sk,ka,0.778954802259887,0.6461079723791588
ps,ka,0.6316695352839932,0.4799606589623801
ctn,ka,0.490738842184403,0.2496069988380835
gd,ka,0.4353118807209588,0.2430876663206568
bho,ka,0.3746436609152288,0.2066016504126031
th,ka,0.4851564322127078,0.265651550994569
olo,ka,0.5833333333333334,0.4146505376344086
sga,ka,0.3142523364485981,0.0677570093457943
ab,ka,0.5316957959376476,0.3072272083136514
cu,ka,0.4717948717948718,0.2282798108040826
koi,ka,0.4081632653061224,0.2472989195678271
ang,ka,0.2865497076023391,0.1695906432748538
bm,ka,0.241336902264342,0.0623598350575128
got,ka,0.2878995881545401,0.0640321631692488
gya,ka,0.213224368499257,0.0367756315007429
eo,ka,0.6663674446439258,0.5173548773189707
ug,ka,0.5838334946757019,0.4132623426911907
myu,ka,0.309197651663405,0.1477495107632093
pl,ka,0.7554881052225195,0.5822383748019756
sdh,ka,0.1911764705882352,0.0808823529411764
ajp,ka,0.5602027883396705,0.3409378960709759
egy,ka,0.2746913580246913,0.03849451303155
ess,ka,0.3578660436137071,0.0989096573208722
af,ka,0.6400675742820232,0.4278048295736857
arr,ka,0.3652436394997844,0.1328158689090125
arh,ka,0.2903712078387036,0.1166384021104202
xpg,ka,0.2282157676348547,0.0521636040308239
azz,ka,0.3744052339413164,0.1931998413957177
bar,ka,0.5336525671721203,0.3265496142591114
orv,ka,0.5620265151515151,0.3773133116883116
yrl,ka,0.3048085574327702,0.1346596021193642
sa,ka,0.3818279425580459,0.1359549053818279
ru,ka,0.7330474591647299,0.6052271016193821
de,ka,0.7234427141268076,0.5777837948597857
aii,ka,0.0927152317880794,0.0309050772626931
vep,ka,0.4597083653108211,0.283960092095165
aln,ka,0.4859287054409005,0.2611006879299562
ga,ka,0.4733602488582963,0.2780131047719902
pro,ka,0.4095228364156534,0.2545213037703075
ro,ka,0.6570858073669277,0.4718792146147513
ja,ka,0.157265583908449,0.0493988513624796
jaa,ka,0.217391304347826,0.0869565217391304
hbo,ka,0.3687128177393186,0.1848972417522985
ky,ka,0.6837416481069042,0.4829122187236003
yue,ka,0.3654260669636442,0.1865929012789194
ml,ka,0.6462754889721182,0.4810653349979192
pcm,ka,0.4836236933797909,0.3105923344947735
xav,ka,0.3751674854845913,0.1125502456453774
el,ka,0.7355002503039405,0.5802760494886648
si,ka,0.7295454545454545,0.4715909090909091
hit,ka,0.2261268143621085,0.0519480519480519
sr,ka,0.714385780579634,0.5644864722878907
ta,ka,0.757926962606604,0.619724469713536
lt,ka,0.7200571140601377,0.5758441122123299
ca,ka,0.6195940278476766,0.4773527931555108
mk,ka,0.8345588235294118,0.6330882352941176
sjo,ka,0.0798908807482463,0.0215640426084697
frm,ka,0.5809813287016934,0.421720461234139
be,ka,0.7304228171128346,0.6086439829872404
et,ka,0.7543048184754207,0.6231397179349855
xnr,ka,0.5429594272076372,0.3241845664280032
abq,ka,0.2315950920245398,0.0490797546012269
eme,ka,0.4226519337016574,0.1881906077348066
ur,ka,0.4603539105767932,0.3225043901121167
fr,ka,0.6445987188516618,0.4820069088104102
hy,ka,0.7756597538196274,0.6489295464342162
no,ka,0.6867498492847878,0.5415699957982426
es,ka,0.628500721798309,0.4754073004743246
apu,ka,0.308,0.171
mr,ka,0.6990291262135923,0.5752427184466019
myv,ka,0.3433567105389566,0.1800365068690556
is,ka,0.5643849239605332,0.400059222509023
nl,ka,0.7145675682425514,0.5584525860992483
it,ka,0.6354989120298414,0.4656900839291265
nap,ka,0.4079601990049751,0.1641791044776119
otk,ka,0.3164556962025316,0.1139240506329113
ckt,ka,0.3977792292619203,0.176518615284128
yi,ka,0.7920535090346411,0.6685634421483478
sms,ka,0.3643162393162393,0.1887464387464387
lv,ka,0.75738177162519,0.629991197887493
fi,ka,0.7371402580218326,0.6140699084794354
gwi,ka,0.7311507936507936,0.5882936507936508
zh,ka,0.324827128268535,0.1732037367770298
ar,ka,0.2548834560468616,0.1541146320628076
gv,ka,0.2567894075577462,0.061757031023485
krl,ka,0.5998707175177763,0.4372979961215255
bn,ka,0.725,0.559375
wbp,ka,0.3174603174603174,0.1555555555555555
br,ka,0.5718568858684789,0.3747751349190485
kk,ka,0.6896172679124613,0.5373238732886979
cs,ka,0.7214066160241568,0.5761926040270274
kmr,ka,0.5636418089248278,0.3523010881501447
ko,ka,0.6157826955114194,0.4051655895175868
hsb,ka,0.5855646100116414,0.4386137727232023
sah,ka,0.4780821917808219,0.260958904109589
jv,ka,0.5560900787840759,0.3552952659834065
pad,ka,0.3551587301587302,0.2003968253968254
te,ka,0.8391123439667129,0.6699029126213593
or,ka,0.5898931000971818,0.4295432458697765
uz,ka,0.6336677814938685,0.469453734671126
en,ka,0.706448751430936,0.5358118052836846
lzh,ka,0.3747784787694052,0.1551003048132133
gun,ka,0.1954312781725112,0.0207808083123233
hu,ka,0.7611983154670751,0.649885145482389
tt,ka,0.4921052631578947,0.3293859649122807
scn,ka,0.4711710103534452,0.2557122456265619
lb,ka,0.5,0.2475728155339805
hi,ka,0.571795001603132,0.4110430483133364
gub,ka,0.1945414847161572,0.0747816593886462
tpn,ka,0.2639751552795031,0.1118012422360248
kpv,ka,0.3289036544850498,0.1658198162986124
tn,ka,0.3037383177570093,0.0981308411214953
nds,ka,0.4920258817096509,0.2938120842066891
he,ka,0.6473972696013346,0.4501072413440915
ha,ka,0.2888710820723025,0.1001325238080562
wuu,ka,0.3020594965675057,0.1189931350114416
gsw,ka,0.3943004193671369,0.2090163934426229
gl,ka,0.6188604797979798,0.4457228535353535
yrk,ka,0.3797169811320754,0.1485849056603773
tl,ka,0.5838339705079192,0.3702894593118514
naq,ka,0.2979195561719833,0.1399907535829866
bxr,ka,0.5064313490876459,0.289959118556187
lij,ka,0.4759773202029245,0.2373918233363175
hyw,ka,0.7628048328515307,0.5938032762582462
pt,ka,0.6235958832178113,0.4571980676328502
bej,ka,0.1842523638189273,0.0363149527236214
fa,ka,0.4390766242498194,0.3105809696939512
wo,ka,0.277035470537345,0.0771892723252907
da,ka,0.677840965778709,0.5428514416841265
nhi,ka,0.3829404925483564,0.1654159179790719
bor,ka,0.3014145141451415,0.1461254612546125
sl,ka,0.7140958168303402,0.5612283652541913
nmf,ka,0.3441295546558704,0.1703778677462888
mt,ka,0.2326379481621963,0.0583401065655197
xum,ka,0.2951807228915662,0.0851979345955249
aqz,ka,0.4264305177111717,0.2425068119891008
fro,ka,0.558641975308642,0.3865491835921943
sq,ka,0.6916537867078826,0.5224111282843895
id,ka,0.6370535606042238,0.4631573842833935
bg,ka,0.7706690409564996,0.5888450775883999
tr,ka,0.6925268096514745,0.52512419176786
akk,ka,0.2223883612851081,0.06292180238432
sme,ka,0.2503496503496503,0.1039960039960039
grc,ka,0.5307828503552299,0.3560814899482283
ckb,ka,0.3442622950819672,0.1393442622950819
sv,ka,0.7247020297380222,0.5720143969789946
hr,ka,0.7217642209398186,0.5726298433635614
az,ka,0.7576754385964912,0.5855263157894737
cop,ka,0.0895814864927914,0.0045257313488545
la,ka,0.5838550724637681,0.4124347826086956
pay,ka,0.2577777777777778,0.0690058479532163
gn,ka,0.2442396313364055,0.0967741935483871
fo,ka,0.5739032500268154,0.423522471307519
quc,ka,0.2765404973534405,0.0967741935483871
eu,ka,0.6857306966439649,0.5379092475588743
say,ka,0.2171905697445972,0.0706286836935167
ota,ka,0.4964149440228101,0.3338085454316742
vi,ka,0.5841678939617084,0.4160530191458026
cpg,ka,0.603414313854235,0.3552199606040709
gu,ka,0.6774535809018568,0.5294429708222812
mdf,ka,0.3583154889364739,0.1898643825838686
uk,ko,0.465639642197927,0.3094916938804486
am,ko,0.5196803196803197,0.200999000999001
ka,ko,0.5780272812330723,0.4172452848771359
ceb,ko,0.355119825708061,0.0973129992737835
sd,ko,0.5252735328691563,0.3480423184736413
urb,ko,0.3961748633879781,0.1420765027322404
sab,ko,0.3516402506450424,0.156284555842241
ltg,ko,0.4,0.2058823529411764
oc,ko,0.4854561699592971,0.2401469274297627
cy,ko,0.3803594502525549,0.1512392810994949
ht,ko,0.192781954887218,0.0306015037593984
mpu,ko,0.4269662921348314,0.1123595505617977
yo,ko,0.1176756035423996,0.0208661894941162
xcl,ko,0.3015088916831328,0.1108316867253457
sk,ko,0.5495919648462021,0.3465160075329567
ps,ko,0.4890582739119744,0.3098106712564544
ctn,ko,0.4951131159866038,0.2330667760235117
gd,ko,0.283098990280268,0.1099367745588374
bho,ko,0.350337584396099,0.1647411852963241
th,ko,0.4015926431879519,0.1691933495485289
olo,ko,0.3797043010752688,0.2069892473118279
sga,ko,0.2593457943925233,0.0619158878504672
ab,ko,0.4395843174303259,0.2286254133207368
cu,ko,0.3537465770475479,0.1236743838685586
koi,ko,0.2929171668667467,0.1368547418967587
ang,ko,0.2514619883040935,0.1228070175438596
bm,ko,0.220068002604355,0.0494827461477248
got,ko,0.2325946263973328,0.0328495783486958
gya,ko,0.1593610698365527,0.026002971768202
eo,ko,0.4524236983842011,0.293836026331538
ug,ko,0.6174249757986447,0.4050338818973862
myu,ko,0.2465753424657534,0.0949119373776908
pl,ko,0.515236231478893,0.3388181104144201
sdh,ko,0.213235294117647,0.125
ajp,ko,0.3992395437262357,0.1888466413181242
egy,ko,0.2914094650205761,0.0444101508916323
ess,ko,0.2480529595015576,0.0451713395638629
af,ko,0.5089933419457419,0.2672165358243069
arr,ko,0.3294523501509271,0.1034928848641656
arh,ko,0.3316374599585453,0.1473525532315809
xpg,ko,0.2104327208061648,0.0290456431535269
azz,ko,0.315325138778747,0.1391752577319587
bar,ko,0.426975259377494,0.1792364990689013
orv,ko,0.4026650432900432,0.1945887445887446
yrl,ko,0.1812456263121063,0.0598820353893831
sa,ko,0.3503332885966089,0.1038786740034894
ru,ko,0.4953214213900592,0.3363152160189294
de,ko,0.5863215463575513,0.3814447827020276
aii,ko,0.086092715231788,0.0331125827814569
vep,ko,0.3046815042210284,0.1227935533384497
aln,ko,0.3527204502814259,0.1098811757348342
ga,ko,0.3253689853729565,0.1402806274405983
pro,ko,0.2824154490650863,0.1226116276693573
ro,ko,0.4313838824374266,0.2188534496348063
ja,ko,0.1555707857169421,0.0746189360492607
jaa,ko,0.208695652173913,0.1043478260869565
hbo,ko,0.2193077339102217,0.0564494321254732
ky,ko,0.6290607480224253,0.4457414945088703
yue,ko,0.3203046414714758,0.178473918666475
ml,ko,0.5642946317103621,0.3791094465251768
pcm,ko,0.4201393728222996,0.2392334494773519
xav,ko,0.2867351496203662,0.0812862885216614
el,ko,0.4857684330973325,0.2810198097690052
si,ko,0.6045454545454545,0.3602272727272727
hit,ko,0.3147440794499618,0.0993124522536287
sr,ko,0.5074862096138691,0.2844759653270292
ta,ko,0.7004154821780013,0.5289744150448283
lt,ko,0.4982361834369225,0.3530152864102133
ca,ko,0.3956383157188391,0.208320751551753
mk,ko,0.6147058823529412,0.3661764705882352
sjo,ko,0.1288646401662769,0.0580670303975058
frm,ko,0.4168475900998697,0.2107878612437883
be,ko,0.4734801100825619,0.3168626469852389
et,ko,0.5505461155200675,0.3848613207394063
xnr,ko,0.462211614956245,0.2287191726332537
abq,ko,0.2407975460122699,0.0659509202453987
eme,ko,0.393646408839779,0.1968232044198895
ur,ko,0.3256787788734296,0.1979602863703903
fr,ko,0.4624291511553811,0.2605141362310091
hy,ko,0.5293356961540303,0.3520283538483644
no,ko,0.5323443979612342,0.3332724382981055
es,ko,0.4201175500103114,0.2395133017116931
apu,ko,0.195,0.086
mr,ko,0.6237864077669902,0.5
myv,ko,0.2537227399365933,0.1166298395619175
is,ko,0.4317153296905903,0.2373258243661515
nl,ko,0.5251617092480207,0.3227691616093504
it,ko,0.4657133975753807,0.254678271681691
nap,ko,0.2885572139303483,0.0895522388059701
otk,ko,0.189873417721519,0.0759493670886076
ckt,ko,0.3796538210320052,0.1605160026126714
yi,ko,0.6521912748327843,0.3780573025856045
sms,ko,0.2859686609686609,0.1107549857549857
lv,ko,0.5247659438265183,0.3610733242644901
fi,ko,0.5877577461682655,0.4325311500716727
gwi,ko,0.7787698412698413,0.6021825396825397
zh,ko,0.3407404863305399,0.200783074598159
ar,ko,0.1725582719765691,0.0640523939307651
gv,ko,0.1840146902483811,0.0188460423311104
krl,ko,0.3994828700711054,0.2297996121525533
bn,ko,0.66875,0.503125
wbp,ko,0.4761904761904761,0.2
br,ko,0.3950629622226664,0.1594043573855686
kk,ko,0.6793244728689917,0.4978515039472369
cs,ko,0.4891714397909303,0.2990562077696984
kmr,ko,0.4355595487670959,0.2282120395327942
ko,ko,0.8001228777012418,0.710422155794747
hsb,ko,0.4304647622459031,0.2198441837557087
sah,ko,0.4089041095890411,0.2123287671232876
jv,ko,0.3991494108624416,0.221641218712961
pad,ko,0.3353174603174603,0.1686507936507936
te,ko,0.8571428571428571,0.7142857142857143
or,ko,0.5238095238095238,0.3498542274052478
uz,ko,0.6030100334448161,0.4015607580824972
en,ko,0.5390329598445917,0.3634255244287406
lzh,ko,0.332884383639328,0.1271354646629333
gun,ko,0.1475284590113836,0.0132936053174421
hu,ko,0.5559915773353752,0.390792496171516
tt,ko,0.4175438596491228,0.2109649122807017
scn,ko,0.3377365226704748,0.1286147804355587
lb,ko,0.4466019417475728,0.1407766990291262
hi,ko,0.4469532054202737,0.2974400513002244
gub,ko,0.0900655021834061,0.0230349344978165
tpn,ko,0.2690771960958296,0.120452528837622
kpv,ko,0.2579636505765096,0.0999609145983975
tn,ko,0.1682242990654205,0.0327102803738317
nds,ko,0.3393784744372551,0.126492299280051
he,ko,0.416947536853573,0.2107717972287474
ha,ko,0.2260917804419515,0.0800382161679045
wuu,ko,0.408466819221968,0.1750572082379862
gsw,ko,0.3001334349980938,0.1021254288982081
gl,ko,0.4262784090909091,0.2245580808080808
yrk,ko,0.4433962264150943,0.1933962264150943
tl,ko,0.4341889677771709,0.1796832332058984
naq,ko,0.274711049468331,0.1184466019417475
bxr,ko,0.4641539535347492,0.2269418685811147
lij,ko,0.3091614443449716,0.0956430916144434
hyw,ko,0.4978874805425839,0.2817433844785412
pt,ko,0.4272505776097458,0.2528166351606805
bej,ko,0.2106099907957493,0.0669400050205003
fa,ko,0.347486116990811,0.1987200239061683
wo,ko,0.2069595309045467,0.0384504469864462
da,ko,0.4998503442083208,0.3214606405267884
nhi,ko,0.3123348483247014,0.1056970721911003
bor,ko,0.2300123001230012,0.1006150061500615
sl,ko,0.4821767674027454,0.2868536704465303
nmf,ko,0.3269230769230769,0.1592442645074224
mt,ko,0.1500045154881242,0.0298925313826424
xum,ko,0.2263339070567986,0.06368330464716
aqz,ko,0.3848773841961853,0.2132152588555858
fro,ko,0.4320987654320987,0.210200119474313
sq,ko,0.5054095826893354,0.2789799072642968
id,ko,0.4650243677715006,0.2803142351429333
bg,ko,0.5476977868226914,0.3145510048333757
tr,ko,0.6847993218735215,0.4969839142091153
akk,ko,0.2069913113760355,0.0365326328551222
sme,ko,0.2010989010989011,0.0555444555444555
grc,ko,0.3995607252515744,0.1515946121607387
ckb,ko,0.3770491803278688,0.1967213114754098
sv,ko,0.5474392258673589,0.3539060656124616
hr,ko,0.4904781533388293,0.2879637262984336
az,ko,0.7050438596491229,0.5449561403508771
cop,ko,0.0780572015116875,0.0039191900340596
la,ko,0.4028212560386473,0.2147922705314009
pay,ko,0.3955555555555555,0.1366081871345029
gn,ko,0.3225806451612903,0.0967741935483871
fo,ko,0.4763488147591976,0.265418856591226
quc,ko,0.2269050234694896,0.0454409267951662
eu,ko,0.5592024288175925,0.3607122343480758
say,ko,0.1698428290766208,0.062278978388998
ota,ko,0.4647574321774498,0.2614784686988972
vi,ko,0.3893961708394698,0.2404270986745213
cpg,ko,0.4259137666885533,0.1545195885314073
gu,ko,0.5755968169761273,0.4079575596816976
mdf,ko,0.2750416369260052,0.1042112776588151
uk,ky,0.2907141842964645,0.1505395428084623
am,ky,0.2882117882117882,0.071028971028971
ka,ky,0.3589402669030384,0.2074654060176294
ceb,ky,0.2672476397966594,0.0704429920116194
sd,ky,0.4285197576634415,0.2020074147752961
urb,ky,0.3879781420765027,0.1721311475409836
sab,ky,0.353483228897899,0.1784002948765204
ltg,ky,0.3294117647058823,0.1529411764705882
ht,ky,0.1373684210526315,0.0176691729323308
cy,ky,0.2033360742393985,0.0704804416774345
oc,ky,0.3043780403057678,0.119031073165889
mpu,ky,0.2640449438202247,0.0617977528089887
xcl,ky,0.1926531345428417,0.0555056583438117
yo,ky,0.0687856362974645,0.0083707388086861
sk,ky,0.3880257376020088,0.1930320150659133
ps,ky,0.2935824932382591,0.1357265797885419
ctn,ky,0.4158977513498735,0.2034037318023375
gd,ky,0.1573086722657355,0.0402944229498914
bho,ky,0.3231807951987997,0.1284321080270067
th,ky,0.1071535667877253,0.0269883050678039
olo,ky,0.2647849462365591,0.127016129032258
sga,ky,0.2371495327102804,0.0420560747663551
ab,ky,0.3800661313179027,0.2006613131790269
cu,ky,0.2265372168284789,0.0579039083893452
koi,ky,0.2364945978391356,0.1056422569027611
ang,ky,0.2982456140350877,0.1052631578947368
bm,ky,0.1899008898213123,0.0425377993199739
got,ky,0.2104334183173171,0.0268680133359482
gya,ky,0.1586181277860326,0.0241456166419019
eo,ky,0.2666068222621185,0.1337522441651705
myu,ky,0.2181996086105675,0.0753424657534246
ug,ky,0.570377541142304,0.3614714424007744
pl,ky,0.3403490554734614,0.1692160230041136
sdh,ky,0.4558823529411764,0.2720588235294117
ajp,ky,0.2103929024081115,0.0722433460076045
egy,ky,0.1467764060356653,0.0120027434842249
ess,ky,0.1043613707165109,0.0054517133956386
af,ky,0.3039848951604889,0.1069263639073834
arr,ky,0.2889176369124622,0.1366968520914187
arh,ky,0.276615790465423,0.1279442246090069
xpg,ky,0.1434499110847658,0.0225251926496739
azz,ky,0.281919111816019,0.098731165741475
bar,ky,0.2788640595903165,0.0896515030593242
sa,ky,0.3124860197736321,0.1070997181586364
de,ky,0.3527115898756903,0.1570824307710321
orv,ky,0.2476461038961039,0.0873782467532467
ru,ky,0.3090387052425332,0.1518422049409157
yrl,ky,0.1621513545936219,0.0659802059382185
aii,ky,0.1368653421633554,0.0110375275938189
vep,ky,0.2287029930928626,0.0905602455871066
aln,ky,0.240838023764853,0.0369606003752345
ga,ky,0.1663247071282017,0.0524852736779403
pro,ky,0.1362010830693777,0.0424031879023194
ro,ky,0.2181878689156288,0.0872261047764174
ja,ky,0.0881640394638274,0.0209804327845162
jaa,ky,0.2,0.0869565217391304
hbo,ky,0.1151297998918334,0.0167658193618172
ky,ky,0.8196759081483757,0.6998694416711466
yue,ky,0.137088662164104,0.0448340278775686
ml,ky,0.4731585518102372,0.2721598002496879
pcm,ky,0.2445993031358885,0.099581881533101
el,ky,0.3156690266752485,0.1197883143817492
xav,ky,0.2219740955783832,0.0763733809736489
hit,ky,0.3040488922841864,0.0748663101604278
si,ky,0.3738636363636363,0.175
sr,ky,0.3218632343927852,0.1534016285789335
ta,ky,0.5788322764049858,0.4235731467308112
ca,ky,0.2168428116087904,0.081311860426103
lt,ky,0.3200907105661011,0.1990592978330253
mk,ky,0.4794117647058823,0.1860294117647059
sjo,ky,0.1056767991686152,0.0454663548973759
frm,ky,0.2365513581319052,0.0792203406185169
be,ky,0.3224293219914936,0.1756317237928446
et,ky,0.3718292029796972,0.2214648554781959
fr,ky,0.2672720260254217,0.1026847100647281
eme,ky,0.4129834254143646,0.1937154696132596
abq,ky,0.2484662576687116,0.0736196319018405
ur,ky,0.3464811562879913,0.1479130082399027
xnr,ky,0.4156722354813047,0.1726332537788385
hy,ky,0.3449398917572681,0.2013027443843096
no,ky,0.3340945212736805,0.1445769926377902
es,ky,0.2416477624252423,0.103413074860796
apu,ky,0.205,0.093
is,ky,0.228788843820187,0.1035779334696568
mr,ky,0.4975728155339806,0.2888349514563106
myv,ky,0.2245172446920934,0.0897300413104044
nl,ky,0.33280887090732,0.1434779351165055
it,ky,0.2444280385452285,0.082825613926018
nap,ky,0.1940298507462686,0.0398009950248756
otk,ky,0.1518987341772152,0.0569620253164556
ckt,ky,0.3182560418027433,0.1360222077073808
sms,ky,0.1944444444444444,0.0683760683760683
yi,ky,0.4218827992412898,0.1729060596985125
lv,ky,0.3706489557493798,0.2271211757488463
fi,ky,0.3889348329474032,0.2248456279633917
gwi,ky,0.7777777777777778,0.6071428571428571
zh,ky,0.1487841736502266,0.0385011677428218
ar,ky,0.1021681649920676,0.0319407720782654
gv,ky,0.180245481782159,0.0070551850778003
bn,ky,0.4875,0.325
krl,ky,0.2773109243697479,0.1418875242404654
wbp,ky,0.4666666666666667,0.219047619047619
br,ky,0.2695382770337797,0.0718568858684789
kk,ky,0.6117717597681623,0.4122114519836115
cs,ky,0.3133742264830537,0.1433616335594643
kmr,ky,0.3065788160127782,0.1376659678546471
ko,ky,0.5079811429989248,0.2695275116083982
hsb,ky,0.2843198710486254,0.1176681293095728
sah,ky,0.5273972602739726,0.2808219178082192
jv,ky,0.1966115875339887,0.0872202468102907
pad,ky,0.2976190476190476,0.1408730158730158
te,ky,0.8307905686546463,0.5700416088765603
or,ky,0.6064139941690962,0.3527696793002915
uz,ky,0.5688963210702341,0.3665551839464883
en,ky,0.3486379471829764,0.1393620131720443
hu,ky,0.3472434915773353,0.175344563552833
gun,ky,0.1086408434563373,0.0229964091985636
lzh,ky,0.2831218543985255,0.0448358970723754
tt,ky,0.3951754385964912,0.2535087719298246
scn,ky,0.2071581578007854,0.0596215637272402
lb,ky,0.3495145631067961,0.087378640776699
hi,ky,0.3884979496785298,0.1665232285391248
gub,ky,0.0548034934497816,0.0222707423580786
tpn,ky,0.2220496894409938,0.1193433895297249
kpv,ky,0.2236662106703146,0.0831541919093218
tn,ky,0.2897196261682243,0.0373831775700934
nds,ky,0.2057778182812357,0.0546796682766791
he,ky,0.2061757396248255,0.088074081639601
ha,ky,0.1772120689123802,0.0592350602521034
wuu,ky,0.1750572082379862,0.045766590389016
gsw,ky,0.195386961494472,0.0558520777735417
gl,ky,0.2186237373737374,0.0815025252525252
yrk,ky,0.4724842767295597,0.2216981132075471
tl,ky,0.2894593118514473,0.1152375750955762
naq,ky,0.2654646324549237,0.1068885806749884
bxr,ky,0.4103101007079469,0.2150762787915046
lij,ky,0.1845717696210086,0.0393912264995523
hyw,ky,0.2802609146838633,0.13772144392558
bej,ky,0.1716174378713078,0.0594929294619697
pt,ky,0.2453098088636841,0.0982482671707624
fa,ky,0.2601289936997286,0.1337002266105535
wo,ky,0.1386138613861386,0.0162453138517735
da,ky,0.319964082609997,0.1408759852339619
nhi,ky,0.2419405982454286,0.0620441813761758
bor,ky,0.2285977859778598,0.1091635916359163
sl,ky,0.2697900276707721,0.1096250881666757
nmf,ky,0.393387314439946,0.2074898785425101
mt,ky,0.1340196875282218,0.020319696559198
xum,ky,0.3709122203098107,0.1325301204819277
aqz,ky,0.3705722070844686,0.2254768392370572
fro,ky,0.280789526085225,0.0888341298287534
sq,ky,0.3462132921174652,0.1437403400309119
bg,ky,0.3838081912999236,0.1726659882981429
id,ky,0.2244744562713672,0.1055209368862594
tr,ky,0.6052180255480208,0.3794551332597382
akk,ky,0.1927662153970499,0.0487775308143059
sme,ky,0.1929070929070929,0.0546453546453546
grc,ky,0.216544521392232,0.0747439431632264
ckb,ky,0.4590163934426229,0.2131147540983606
sv,ky,0.3371931791361812,0.1448991031390134
hr,ky,0.3071310799670239,0.1394476504534212
az,ky,0.6348684210526315,0.4528508771929824
cop,ky,0.0758643213735827,0.0006065413147949
la,ky,0.2612463768115942,0.1041932367149758
pay,ky,0.3216374269005848,0.1202339181286549
gn,ky,0.2442396313364055,0.1105990783410138
fo,ky,0.3282205298723586,0.1405663413064464
quc,ky,0.2150204733846,0.0185758513931888
eu,ky,0.3375728235004513,0.1792894067448921
say,ky,0.1486247544204322,0.0568762278978389
ota,ky,0.3395949515702964,0.1709924944442115
vi,ky,0.1692194403534609,0.0659057437407952
cpg,ky,0.2891223462464434,0.0735390676296782
gu,ky,0.3888594164456233,0.203183023872679
mdf,ky,0.2574351653580776,0.0899357601713062
uk,la,0.7503194661365895,0.6632826920346443
am,la,0.6206793206793206,0.3010989010989011
ka,la,0.7248239523317083,0.5974294578224257
ceb,la,0.5352214960058097,0.2636165577342048
sd,la,0.5422732615968894,0.385477891310245
urb,la,0.3032786885245901,0.1038251366120218
sab,la,0.3479542941393291,0.1503870254330999
ltg,la,0.5705882352941176,0.4235294117647059
ht,la,0.3008270676691729,0.0908270676691729
cy,la,0.639668741924116,0.4376835428168683
oc,la,0.623448823587809,0.476124292663556
mpu,la,0.1741573033707865,0.0505617977528089
xcl,la,0.5828992275911622,0.3900664630860427
yo,la,0.2061142787819968,0.0545917748392575
sk,la,0.8328625235404896,0.7527463904582549
ps,la,0.6513400540939267,0.5340545856896975
ctn,la,0.3466611988244139,0.169298065750803
gd,la,0.5254317259601774,0.3481173917146362
bho,la,0.3042760690172543,0.142085521380345
th,la,0.3725385666211308,0.2046113350881284
olo,la,0.5329301075268817,0.3548387096774194
sga,la,0.4007009345794392,0.1156542056074766
ab,la,0.3201700519603212,0.2035899858290033
cu,la,0.5286034353995519,0.3356733881005725
koi,la,0.3481392557022809,0.2160864345738295
ang,la,0.3508771929824561,0.2222222222222222
bm,la,0.2731679085582001,0.0609853143311871
got,la,0.3014316532653461,0.1234555795253971
gya,la,0.1994799405646359,0.0360326894502228
eo,la,0.7710951526032316,0.6523040095751047
myu,la,0.235812133072407,0.0782778864970645
ug,la,0.5588576960309777,0.436108422071636
pl,la,0.8156609023257052,0.7066975518191622
sdh,la,0.2352941176470588,0.125
ajp,la,0.6286438529784537,0.449936628643853
egy,la,0.3185871056241426,0.0893347050754458
ess,la,0.2784267912772585,0.0973520249221183
af,la,0.614230348802544,0.4543376726622279
arr,la,0.3704182837429927,0.1423027166882277
arh,la,0.238175993970228,0.0719804032410024
xpg,la,0.2335506816834617,0.0782454060462359
azz,la,0.3983941316415543,0.1990483743061062
bar,la,0.5252726789039638,0.323756318169726
sa,la,0.3549859079318212,0.1542522256520377
de,la,0.70471088734071,0.604819194816853
orv,la,0.6405979437229438,0.5035308441558441
ru,la,0.7766159918072266,0.7047000893161933
yrl,la,0.2866140157952614,0.1084674597620713
aii,la,0.097130242825607,0.0375275938189845
vep,la,0.4574059861857252,0.2555640828856485
aln,la,0.5291432145090682,0.2764227642276423
ga,la,0.5638692170229664,0.3959891455423919
pro,la,0.5631960764279146,0.4428323285991621
ro,la,0.7469917503021386,0.6248226577689033
ja,la,0.0687269887314515,0.0139887261386759
jaa,la,0.2608695652173913,0.1217391304347826
hbo,la,0.3968361276365603,0.2158599242833964
ky,la,0.5722294754627141,0.4231625835189309
yue,la,0.1759591895387268,0.0873688748383388
ml,la,0.5497295047856846,0.4057428214731585
pcm,la,0.5086411149825784,0.3336585365853659
el,la,0.7724022026746764,0.6506114567689337
xav,la,0.2746761947297901,0.0696739615899955
hit,la,0.173414820473644,0.0527119938884644
si,la,0.6409090909090909,0.4204545454545454
sr,la,0.7728745293757114,0.6897819805621224
ta,la,0.6846708943800569,0.5532473212333261
ca,la,0.7027512162388861,0.5986747190068781
lt,la,0.7559213841760457,0.6671426171678145
mk,la,0.9029411764705882,0.7441176470588236
sjo,la,0.0317614964925954,0.0041569238763315
frm,la,0.6898731123655136,0.5877358035412746
be,la,0.7443082311733801,0.6790092569427071
et,la,0.7167177889218884,0.614586883489946
fr,la,0.7569339638461281,0.6537881074554784
eme,la,0.3760359116022099,0.2033839779005525
abq,la,0.1763803680981595,0.0506134969325153
ur,la,0.3211535863838984,0.2150479535323517
xnr,la,0.4045346062052506,0.2195704057279236
hy,la,0.6748407490780209,0.5844149624024139
no,la,0.7212225287272329,0.6180785180584227
es,la,0.7416168282120025,0.642441740565065
apu,la,0.245,0.136
is,la,0.6386421284346262,0.4948319980333657
mr,la,0.6553398058252428,0.4951456310679611
myv,la,0.2859064271303679,0.1571716783552695
nl,la,0.7619939561949002,0.6494343298119427
it,la,0.7464796394156046,0.6453916692570718
nap,la,0.5472636815920398,0.2786069651741293
otk,la,0.1772151898734177,0.0949367088607595
ckt,la,0.2704114957544088,0.1219790986283474
sms,la,0.3326210826210826,0.1876780626780626
yi,la,0.7878606369172407,0.6968154137965459
lv,la,0.7707449787949108,0.6718412418980555
fi,la,0.704308633807476,0.6046284044547359
gwi,la,0.494047619047619,0.4196428571428571
zh,la,0.0786165682099189,0.0369899711498832
ar,la,0.2918927714274091,0.2160517430744823
gv,la,0.3395187010727747,0.1149125350343094
bn,la,0.584375,0.434375
krl,la,0.5656108597285068,0.4082094376212023
wbp,la,0.2444444444444444,0.1238095238095238
br,la,0.6568059164501299,0.4616230261842894
kk,la,0.6238632956930149,0.5265314280003998
cs,la,0.7926365248947205,0.7009329596078591
kmr,la,0.682439852251173,0.4899670560047918
ko,la,0.5715703533915427,0.394543757458322
hsb,la,0.5851168621832185,0.4803438703322288
sah,la,0.3328767123287671,0.1801369863013698
jv,la,0.5719166143763509,0.4160217527713867
pad,la,0.2321428571428571,0.1130952380952381
te,la,0.8030513176144244,0.6782246879334258
or,la,0.4528668610301263,0.3187560738581146
uz,la,0.5769230769230769,0.4472686733556298
en,la,0.7305875881481335,0.6030843793826286
hu,la,0.7214777947932619,0.5892036753445635
gun,la,0.1595996638398655,0.0168080067232026
lzh,la,0.2923371375912667,0.1032111717587013
tt,la,0.3649122807017544,0.2350877192982456
scn,la,0.5592645483755802,0.3456801142449125
lb,la,0.4757281553398058,0.2135922330097087
hi,la,0.4587151318787019,0.3188376449146965
gub,la,0.252292576419214,0.093886462882096
tpn,la,0.2508873114463176,0.1047027506654835
kpv,la,0.2367598202071526,0.1249755716239984
tn,la,0.3551401869158878,0.102803738317757
nds,la,0.4939396700993347,0.2929918891825389
he,la,0.7000306403840262,0.5407687331903449
ha,la,0.2862206059111782,0.1153573519893981
wuu,la,0.143020594965675,0.0549199084668192
gsw,la,0.4196054136484941,0.2115897826915745
gl,la,0.7218907828282828,0.61489898989899
yrk,la,0.2484276729559748,0.0683962264150943
tl,la,0.6679410158383398,0.454396504642272
naq,la,0.2269995376791493,0.0977346278317152
bxr,la,0.4225745338518297,0.2305314587695682
lij,la,0.5693822739480752,0.3442256042972247
hyw,la,0.6915721592172559,0.55525906159662
bej,la,0.1248431093632332,0.0196636264747719
pt,la,0.7554631379962193,0.6541188825876917
fa,la,0.4842244191548173,0.3826979107005005
wo,la,0.3250024031529366,0.0909353071229453
da,la,0.6732515215005488,0.5871495560211514
nhi,la,0.3682485995137934,0.1548462107599619
bor,la,0.2699876998769988,0.1230012300123001
sl,la,0.7769790027670772,0.6646682220172535
nmf,la,0.289136302294197,0.1460863697705803
mt,la,0.2488937054095547,0.0667389144766549
xum,la,0.2237521514629948,0.0757314974182444
aqz,la,0.332425068119891,0.1757493188010899
fro,la,0.6356282357626444,0.4967891278375149
sq,la,0.8129829984544049,0.6568778979907264
bg,la,0.8008776392775375,0.6769269905876367
id,la,0.7051135950343088,0.5704483185025337
tr,la,0.6361181201703201,0.5082104557640751
akk,la,0.2763386542735906,0.0976762982420691
sme,la,0.2331668331668331,0.0927072927072927
grc,la,0.5913624240794281,0.4413366503059235
ckb,la,0.3278688524590163,0.1229508196721311
sv,la,0.7460614821807883,0.6504159782865235
hr,la,0.7763808738664468,0.686850783182193
az,la,0.6864035087719298,0.5833333333333334
cop,la,0.0264545327299024,0.0072318387533243
la,la,0.8051884057971015,0.7495458937198067
pay,la,0.2647953216374269,0.0685380116959064
gn,la,0.3686635944700461,0.1428571428571428
fo,la,0.6455003754156388,0.5280489112946476
quc,la,0.3316688305203236,0.1207430340557275
eu,la,0.6963157462870272,0.5521867563797489
say,la,0.2377210216110019,0.0782907662082514
ota,la,0.4765818273302863,0.3429074594322613
vi,la,0.6472754050073638,0.4756995581737849
cpg,la,0.6084482381265047,0.390238564237251
gu,la,0.6037135278514589,0.4514588859416445
mdf,la,0.3047822983583155,0.1625029740661432
bor,lt,0.2891758917589176,0.1316113161131611
nmf,lt,0.3535762483130904,0.1585695006747638
wbp,lt,0.2444444444444444,0.092063492063492
xpg,lt,0.2270302311796087,0.0509780675755779
mpu,lt,0.2752808988764045,0.0786516853932584
pcm,lt,0.5011149825783973,0.3387456445993031
is,lt,0.6080140346172326,0.4723944889544433
aln,lt,0.5091932457786116,0.2602251407129456
sl,lt,0.8086376213987304,0.6546307850903369
cy,lt,0.6391401386115353,0.4046752026312698
wuu,lt,0.2631578947368421,0.1075514874141876
bej,lt,0.1309513848213538,0.0158982511923688
gu,lt,0.620159151193634,0.4371352785145888
bg,lt,0.8513100992113966,0.6902187738488934
si,lt,0.6761363636363636,0.421590909090909
et,lt,0.7361767044809062,0.6136942726844864
ltg,lt,0.5941176470588235,0.4588235294117647
xnr,lt,0.4407319013524264,0.2239459029435163
pay,lt,0.3094736842105263,0.0755555555555555
vi,lt,0.6212812960235641,0.4357879234167894
tn,lt,0.3551401869158878,0.1588785046728972
hu,lt,0.7591883614088821,0.5804938744257274
fr,lt,0.7224318341885502,0.5328755407988731
no,lt,0.6998301028517145,0.5757869160927309
am,lt,0.5798201798201799,0.2597402597402597
zh,lt,0.2437491413655722,0.1117942025003434
ar,lt,0.3038522556238051,0.2184680470243664
uz,lt,0.6208472686733556,0.465886287625418
ht,lt,0.295187969924812,0.0873684210526315
nap,lt,0.5422885572139303,0.2388059701492537
jv,lt,0.5877431499686258,0.4140695809802691
nhi,lt,0.4328295106225557,0.1864496353451009
wo,lt,0.3185619532827069,0.0830529654907238
ta,lt,0.7358408047233763,0.5895473431008091
yo,lt,0.2163047434186582,0.0590804318815965
yue,lt,0.3481822100876562,0.1596493749101882
sme,lt,0.2557442557442557,0.1038961038961039
bxr,lt,0.4788114468042676,0.2531658191245388
koi,lt,0.4453781512605042,0.2725090036014406
sk,lt,0.8938323917137476,0.8002197112366604
be,lt,0.801351013259945,0.7004003002251689
or,lt,0.4956268221574344,0.3323615160349854
ug,lt,0.5928363988383349,0.4447241045498548
yi,lt,0.7936507936507936,0.6403114705001497
aqz,lt,0.3753405994550409,0.1927792915531335
scn,lt,0.5554266333452339,0.311852909675116
lt,lt,0.8689736267428187,0.8250461951956997
abq,lt,0.1917177914110429,0.0444785276073619
vep,lt,0.4719877206446661,0.3039140445126631
ab,lt,0.438923004251299,0.2463863958431743
olo,lt,0.5954301075268817,0.4301075268817204
hi,lt,0.4930390320457652,0.309893855785619
sjo,lt,0.0217588984151727,0.0017537022603273
ur,lt,0.3798460083749831,0.236120491692557
arh,lt,0.2850951573393631,0.0887507066139061
bho,lt,0.3167291822955739,0.1381845461365341
mdf,lt,0.3530811325243873,0.1908160837497026
yrk,lt,0.3011006289308176,0.0927672955974842
ang,lt,0.2982456140350877,0.2046783625730994
ceb,lt,0.5388525780682644,0.2781408859840232
bar,lt,0.5627161479116787,0.3312716147911678
lv,lt,0.8372676108932811,0.7144381318183031
en,lt,0.735944615964042,0.5654513828664312
ro,lt,0.7574483737060586,0.5831888322561435
azz,lt,0.4511300555114988,0.2247224425059476
ml,lt,0.597170203911777,0.4194756554307116
fa,lt,0.473914884079986,0.3662375177428593
eo,lt,0.7980251346499102,0.6768402154398564
grc,lt,0.5806494990923149,0.4054102512382617
cu,lt,0.5159073935772965,0.2845904904157331
ca,lt,0.6547894648548901,0.4961583626908237
tt,lt,0.4833333333333333,0.312719298245614
sga,lt,0.4018691588785046,0.1238317757009345
ckb,lt,0.319672131147541,0.1311475409836065
hyw,lt,0.7207768141724112,0.5305018160254985
mk,lt,0.8823529411764706,0.6955882352941176
he,lt,0.7235896912130187,0.5060770094985191
apu,lt,0.284,0.153
frm,lt,0.6593814830896898,0.4979012881748444
xum,lt,0.2857142857142857,0.0869191049913941
fi,lt,0.7296146212371816,0.6058688940346234
gwi,lt,0.6825396825396826,0.5396825396825397
xav,lt,0.3483698079499777,0.0955783832067887
fo,lt,0.627265901533841,0.4991955379169795
ko,lt,0.6336708531729622,0.4225102496544065
cop,lt,0.0611673587458591,0.0071851817291093
lb,lt,0.4854368932038835,0.2135922330097087
tr,lt,0.6916692950638701,0.5298355937549283
ky,lt,0.6335150910068351,0.4747715229245066
oc,lt,0.5869155167278864,0.392038121711506
nds,lt,0.50724505604666,0.2988243871320514
got,lt,0.3018238870366738,0.0976662090606001
sq,lt,0.759659969088099,0.5811437403400309
th,lt,0.4725952087428781,0.2387632026122013
nl,lt,0.7330735995604505,0.5696411178541995
kpv,lt,0.3303693570451436,0.1755911666992378
gd,lt,0.5048598659998113,0.3045201472114749
el,lt,0.7955374383179575,0.6261531860115855
ga,lt,0.5667152028592229,0.3532662651399827
hit,lt,0.161955691367456,0.0481283422459893
sv,lt,0.7379926835024782,0.6230676185980647
pro,lt,0.5091447838970062,0.3501583733524062
uk,lt,0.8205665199488854,0.7067300866108193
sab,lt,0.3475856984887578,0.1673424253593807
ja,lt,0.1200836242117063,0.0265987684820664
hbo,lt,0.4316522444564629,0.2241752298539751
ctn,lt,0.4056455471259654,0.1926730913813136
lzh,lt,0.3160842135110229,0.0998440490536613
kk,lt,0.6769261516938143,0.5405216348556011
cs,lt,0.8252508429134338,0.7122151358817078
otk,lt,0.2658227848101265,0.0822784810126582
gun,lt,0.2057452822981129,0.0165788066315226
quc,lt,0.3779087186657345,0.1378208329172076
hsb,lt,0.6376824572400824,0.5277155905793857
es,lt,0.720725922870695,0.5576098164570015
sa,lt,0.3604437883058202,0.1314812329441238
da,lt,0.6740496857228375,0.5509328544348
gya,lt,0.2332838038632986,0.0442050520059435
la,lt,0.659584541062802,0.5203188405797101
sms,lt,0.3831908831908832,0.2111823361823361
cpg,lt,0.6248632085795579,0.3959290873276428
ckt,lt,0.3543435662965382,0.1595362508164598
sdh,lt,0.2426470588235294,0.1323529411764706
eu,lt,0.6906129482235168,0.5011487650775417
kmr,lt,0.6164520315463712,0.4311670160726764
pl,lt,0.850193697831383,0.7182528588734907
krl,lt,0.5943762120232708,0.4408532643826761
tpn,lt,0.2613132209405501,0.1089174800354924
mt,lt,0.2324573286372256,0.0630362142147566
lij,lt,0.540734109221128,0.294837361981498
sr,lt,0.8259346817266439,0.6837404780667192
hr,lt,0.8231657048639737,0.6795960428689201
te,lt,0.812760055478502,0.6879334257975035
xcl,lt,0.544278785701455,0.3502784264415304
eme,lt,0.4040055248618784,0.2064917127071823
gn,lt,0.2995391705069124,0.0875576036866359
tl,lt,0.6706717640633534,0.4265428727471327
gv,lt,0.3468638252633613,0.1195515608388905
jaa,lt,0.2608695652173913,0.0869565217391304
sah,lt,0.4582191780821917,0.2184931506849315
arr,lt,0.3773178094006037,0.1358344113842173
say,lt,0.2108055009823182,0.074459724950884
br,lt,0.6396162302618429,0.3623825704577254
gl,lt,0.7000157828282828,0.506897095959596
ota,lt,0.525682418550044,0.3546899241058325
bn,lt,0.65,0.503125
ps,lt,0.6201131054831571,0.494221785099582
naq,lt,0.2584373555247342,0.1049468331021729
hy,lt,0.7606207193831123,0.6109966952440251
pad,lt,0.3253968253968254,0.1666666666666666
af,lt,0.618702176289377,0.4011726125409917
aii,lt,0.1125827814569536,0.0419426048565121
ka,lt,0.7697838183877481,0.6204756980351603
az,lt,0.7127192982456141,0.5657894736842105
sd,lt,0.5498688850709829,0.3745365765439913
fro,lt,0.6137743926722421,0.4289874551971326
ess,lt,0.2562305295950156,0.0876168224299065
akk,lt,0.2393614871691251,0.073792685390988
id,lt,0.7039012680939796,0.5509298547632325
orv,lt,0.6256358225108225,0.4508928571428571
ru,lt,0.8239769554868668,0.7237183593877866
myv,lt,0.3319242962820636,0.1772504563358632
gsw,lt,0.4469119329012581,0.2237418985894014
gub,lt,0.1901746724890829,0.0716157205240174
pt,lt,0.734341524889729,0.5382860743541272
ajp,lt,0.6032953105196451,0.4283903675538656
it,lt,0.7078256139260181,0.5344497979483991
de,lt,0.6893648888628691,0.5466746677594989
mr,lt,0.6650485436893204,0.4781553398058252
bm,lt,0.256167257469435,0.0610576575273095
ha,lt,0.313403396307825,0.1214596110580331
yrl,lt,0.3135059482155353,0.1283614915525342
myu,lt,0.2641878669275929,0.098825831702544
urb,lt,0.4508196721311475,0.1557377049180328
egy,lt,0.2934670781893004,0.0745884773662551
uk,lv,0.8050901604429931,0.7144327701263666
am,lv,0.5601398601398602,0.2847152847152847
ka,lv,0.7715073619934013,0.6589353424927364
ceb,lv,0.5461147421931736,0.2687000726216412
sd,lv,0.5444434397323447,0.3858395876661543
urb,lv,0.3032786885245901,0.0983606557377049
sab,lv,0.3092517508293402,0.1411721341688168
ltg,lv,0.6529411764705882,0.5529411764705883
ht,lv,0.2848872180451128,0.0881203007518797
cy,lv,0.6084224127804534,0.3925760601433102
oc,lv,0.6036930408021444,0.4392931599324928
mpu,lv,0.1853932584269663,0.0505617977528089
xcl,lv,0.5236213400395185,0.3456978624034489
yo,lv,0.1944680334829552,0.0645396093655222
sk,lv,0.8678593848085373,0.7657721280602636
ps,lv,0.6466683058765675,0.5397098598475535
ctn,lv,0.3655936026245643,0.1804387943407832
gd,lv,0.5331697650278381,0.35566669812211
bho,lv,0.3017254313578394,0.1386346586646661
th,lv,0.478159464232166,0.2790457468430347
olo,lv,0.5967741935483871,0.4280913978494624
sga,lv,0.3901869158878505,0.1051401869158878
ab,lv,0.4720831365139348,0.2899385923476618
cu,lv,0.499278068210107,0.2770226537216828
koi,lv,0.4333733493397358,0.2749099639855942
ang,lv,0.3216374269005848,0.2163742690058479
bm,lv,0.2623887723359618,0.0742964624177096
got,lv,0.2833888997842714,0.0860953128064326
gya,lv,0.1586181277860326,0.037518573551263
eo,lv,0.7899461400359067,0.6654697785757032
myu,lv,0.2553816046966732,0.0958904109589041
ug,lv,0.6067763794772507,0.4486931268151016
pl,lv,0.8472383082391469,0.7059121104410453
sdh,lv,0.1764705882352941,0.0661764705882353
ajp,lv,0.6020278833967047,0.4131812420785805
egy,lv,0.2748628257887517,0.0608710562414266
ess,lv,0.2542834890965732,0.0864485981308411
af,lv,0.6552717877372553,0.4767961840405446
arr,lv,0.4070720137990513,0.1427339370418283
arh,lv,0.3022423214622197,0.0976069342377991
xpg,lv,0.2371072910491997,0.0634262003556609
azz,lv,0.4347739888977002,0.2252180808881839
bar,lv,0.5313913274807129,0.355413673849428
sa,lv,0.346038563056413,0.1271865074039279
de,lv,0.7601794391429073,0.6593900630329996
orv,lv,0.6165990259740259,0.4564393939393939
ru,lv,0.8343722380954608,0.744471514681057
yrl,lv,0.3133060081975407,0.1323602919124262
aii,lv,0.0838852097130242,0.0397350993377483
vep,lv,0.4489639293937068,0.2870299309286262
aln,lv,0.5285803627267042,0.2865540963101938
ga,lv,0.5849493679264015,0.4040968958898669
pro,lv,0.4975988556248084,0.3681414120772453
ro,lv,0.739320056749514,0.5678629604329778
ja,lv,0.0958676676070405,0.0270902068291335
jaa,lv,0.2434782608695652,0.0956521739130434
hbo,lv,0.3618848025959978,0.1673877771768523
ky,lv,0.6731433837646879,0.4845249980800246
yue,lv,0.394309527230924,0.2105187526943526
ml,lv,0.6017478152309613,0.4477736163129421
pcm,lv,0.4577003484320557,0.2937282229965157
el,lv,0.804977472645355,0.6706357720088679
xav,lv,0.3041536400178651,0.0812862885216614
hit,lv,0.1405653170359052,0.0236822001527883
si,lv,0.6818181818181818,0.4181818181818181
sr,lv,0.8095613343840294,0.7128972944575781
ta,lv,0.724251038705445,0.5947955390334573
ca,lv,0.6766649890957893,0.5664485824526087
lt,lv,0.8196707542415589,0.6944397782630607
mk,lv,0.9029411764705882,0.725735294117647
sjo,lv,0.0389711613406079,0.0061704338789295
frm,lv,0.6741930814879143,0.5435904858397259
be,lv,0.79340755566675,0.7222917187890918
et,lv,0.7701770615252285,0.6537806124933054
fr,lv,0.7554415266458732,0.633044907267666
eme,lv,0.361878453038674,0.1840469613259668
abq,lv,0.1779141104294478,0.058282208588957
ur,lv,0.3733621504795353,0.2588815345130352
xnr,lv,0.4248210023866348,0.2271280827366746
hy,lv,0.77997030509124,0.6805402557593755
no,lv,0.7588373919874313,0.6344105665065127
es,lv,0.7429160651680758,0.6150958960610435
apu,lv,0.254,0.149
is,lv,0.6318818231593533,0.4814901724157197
mr,lv,0.6796116504854369,0.529126213592233
myv,lv,0.3270246901719665,0.1793640119127678
nl,lv,0.7848455333283385,0.6738842686246598
it,lv,0.7315200497357787,0.6001165682312714
nap,lv,0.4975124378109453,0.2238805970149253
otk,lv,0.1645569620253164,0.0886075949367088
ckt,lv,0.3407903331156107,0.1585564990202482
sms,lv,0.3400997150997151,0.1987179487179487
yi,lv,0.7831686133572926,0.6829390036937206
lv,lv,0.9143261049318504,0.8814382118375077
fi,lv,0.765905833057669,0.650912449002095
gwi,lv,0.5545634920634921,0.4543650793650793
zh,lv,0.339332325868938,0.1842057059119842
ar,lv,0.2617337184233007,0.1846072489118496
gv,lv,0.2892625881898135,0.0882381366579685
bn,lv,0.61875,0.46875
krl,lv,0.5917905623787977,0.453781512605042
wbp,lv,0.2761904761904762,0.092063492063492
br,lv,0.6303218069158505,0.4162502498500899
kk,lv,0.7000099930048965,0.566603377635655
cs,lv,0.813096640532965,0.7120282731445748
kmr,lv,0.5916941199960067,0.4292702405909953
ko,lv,0.6355612793459126,0.4200054349752472
hsb,lv,0.6439509268380048,0.5314766723381391
sah,lv,0.3691780821917808,0.1883561643835616
jv,lv,0.5596458202607544,0.3906435194868577
pad,lv,0.2579365079365079,0.1488095238095238
te,lv,0.8529819694868238,0.7018030513176144
or,lv,0.5490767735665695,0.4013605442176871
uz,lv,0.6312151616499443,0.4687848383500557
en,lv,0.7558761292624547,0.6162019118791224
hu,lv,0.8337480857580398,0.7020482388973966
gun,lv,0.1659408663763465,0.0132936053174421
lzh,lv,0.3538314312043666,0.1600269369816403
tt,lv,0.4526315789473684,0.2859649122807017
scn,lv,0.5417707961442342,0.3155123170296323
lb,lv,0.3932038834951456,0.2233009708737864
hi,lv,0.5018309455103867,0.3521827907997097
gub,lv,0.21735807860262,0.0820960698689956
tpn,lv,0.2637533274179237,0.1064773735581189
kpv,lv,0.3025210084033613,0.1608364275942935
tn,lv,0.3457943925233644,0.1261682242990654
nds,lv,0.4988608402442358,0.3253440262462407
he,lv,0.7022095121369966,0.4834371701903108
ha,lv,0.2836009492402995,0.1104570530403427
wuu,lv,0.3146453089244851,0.1498855835240274
gsw,lv,0.4210350743423561,0.2284121235226839
gl,lv,0.6966066919191919,0.5515151515151515
yrk,lv,0.3018867924528302,0.0699685534591195
tl,lv,0.6597487711632988,0.4265428727471327
naq,lv,0.2369856680536292,0.1056865464632454
bxr,lv,0.456177086449297,0.25525974673447
lij,lv,0.5307370934049538,0.3102059086839749
hyw,lv,0.7318953376324957,0.5765325031502483
bej,lv,0.1169776587733244,0.0256045519203413
pt,lv,0.7398151648813275,0.5959588321781139
fa,lv,0.4293896456408596,0.3290335433423811
wo,lv,0.2993367297894838,0.094011342881861
da,lv,0.7352090192557119,0.6232664870797167
nhi,lv,0.4083077898742205,0.1821160553852658
bor,lv,0.2905289052890529,0.1360393603936039
sl,lv,0.8268406489067333,0.7019423796863979
nmf,lv,0.3302968960863697,0.1666666666666666
mt,lv,0.2171949787772058,0.0671904632890815
xum,lv,0.1703958691910499,0.0378657487091222
aqz,lv,0.3630790190735695,0.1934604904632152
fro,lv,0.6106133014735166,0.4513888888888889
sq,lv,0.8160741885625966,0.5989180834621329
bg,lv,0.875349783770033,0.7583948104807937
id,lv,0.6590209247629901,0.5201367504788691
tr,lv,0.7109387320611891,0.5453102822898597
akk,lv,0.2394018993736108,0.0577894524146292
sme,lv,0.2419580419580419,0.1079920079920079
grc,lv,0.5692866267733476,0.4085703399896905
ckb,lv,0.3442622950819672,0.180327868852459
sv,lv,0.7869660136889308,0.6568031626150578
hr,lv,0.8194146743610882,0.7241137675185491
az,lv,0.6984649122807017,0.5537280701754386
cop,lv,0.031493491345122,0.0068119255353893
la,lv,0.6501062801932367,0.5115555555555555
pay,lv,0.3015204678362573,0.0846783625730994
gn,lv,0.3133640552995391,0.1152073732718894
fo,lv,0.626193285423147,0.4970503056955915
quc,lv,0.329871167482273,0.1206431638869469
eu,lv,0.6780175596947567,0.5425453351932387
say,lv,0.1829076620825147,0.0706286836935167
ota,lv,0.4838777307224621,0.3341859197450627
vi,lv,0.6067746686303387,0.43379970544919
cpg,lv,0.6123878310352374,0.4094987962355001
gu,lv,0.6005305039787798,0.453050397877984
mdf,lv,0.3478467761123007,0.1898643825838686
uk,lzh,0.1837640210137725,0.0730512565668039
am,lzh,0.4196803196803196,0.125074925074925
ka,lzh,0.2506524843649973,0.1041512778844733
ceb,lzh,0.2854030501089324,0.0907770515613652
sd,lzh,0.255900171805769,0.0906049371552581
urb,lzh,0.1967213114754098,0.081967213114754
sab,lzh,0.2959823074087725,0.0759307040176925
ltg,lzh,0.3529411764705882,0.1235294117647058
ht,lzh,0.1354135338345864,0.0308270676691729
cy,lzh,0.1843063549864912,0.0616116527663573
oc,lzh,0.2083788345080909,0.0686985009431152
mpu,lzh,0.3033707865168539,0.0898876404494382
xcl,lzh,0.178911442428597,0.0616130770612538
yo,lzh,0.0960815237170932,0.0148004367341987
sk,lzh,0.2598085373509102,0.1002824858757062
ps,lzh,0.1042537496926481,0.039095156134743
ctn,lzh,0.2960836579864671,0.0848882509739594
gd,lzh,0.1562706426347079,0.0460507690855902
bho,lzh,0.1513878469617404,0.0354088522130532
th,lzh,0.2131409722453603,0.1039216339586179
olo,lzh,0.2130376344086021,0.0766129032258064
sga,lzh,0.2394859813084112,0.058411214953271
ab,lzh,0.2098252243741143,0.0508266414737836
cu,lzh,0.2213592233009708,0.0879761015683345
koi,lzh,0.226890756302521,0.0840336134453781
ang,lzh,0.2046783625730994,0.0760233918128654
bm,lzh,0.1535846053678651,0.0294436808218187
got,lzh,0.144047852520102,0.036575799176309
gya,lzh,0.150445765230312,0.063521545319465
eo,lzh,0.1529024536205864,0.0664272890484739
myu,lzh,0.1819960861056751,0.0665362035225048
ug,lzh,0.2983543078412391,0.1156824782187802
pl,lzh,0.2306801389831862,0.0901127574317398
sdh,lzh,0.3676470588235294,0.088235294117647
ajp,lzh,0.3143219264892268,0.1216730038022813
egy,lzh,0.2509430727023319,0.063014403292181
ess,lzh,0.2165109034267912,0.0514018691588785
af,lzh,0.2101758918811487,0.0700586306270495
arr,lzh,0.321259163432514,0.1617076326002587
arh,lzh,0.1586583757301677,0.0335406067458074
xpg,lzh,0.1102548903378778,0.0148192056905749
azz,lzh,0.2335448057097541,0.0760309278350515
bar,lzh,0.2006517690875232,0.0700984304336259
sa,lzh,0.2284257146691719,0.0813761016418377
de,lzh,0.1887892004761626,0.0707730812013348
orv,lzh,0.2135957792207792,0.0772997835497835
ru,lzh,0.1682417803382792,0.0625073066257651
yrl,lzh,0.1865440367889633,0.0536838948315505
aii,lzh,0.1456953642384106,0.0331125827814569
vep,lzh,0.212586339217191,0.0874904067536454
aln,lzh,0.2288930581613508,0.0671669793621013
ga,lzh,0.1518962207955523,0.0451386590773711
pro,lzh,0.1108613466843772,0.0364769592316338
ro,lzh,0.1542220587462561,0.0505315888112378
ja,lzh,0.1024741928457202,0.0312103196740037
jaa,lzh,0.2347826086956521,0.0521739130434782
hbo,lzh,0.089710654407788,0.0278528934559221
ky,lzh,0.2711773289301897,0.1178096920359419
yue,lzh,0.3912200028739761,0.2246012358097427
ml,lzh,0.2430295464003329,0.0948813982521847
pcm,lzh,0.1418815331010453,0.0385365853658536
el,lzh,0.222412929986412,0.0813845383680183
xav,lzh,0.2358195623046002,0.0701205895489057
hit,lzh,0.0649350649350649,0.0152788388082505
si,lzh,0.3056818181818181,0.1159090909090909
sr,lzh,0.1758164784169512,0.0621661850976271
ta,lzh,0.3131423573146731,0.1578832276404985
ca,lzh,0.0895990605603086,0.0282167421573561
lt,lzh,0.2268604065177221,0.0864270115907945
mk,lzh,0.325,0.125
sjo,lzh,0.0193556767991686,0.0009093270979475
frm,lzh,0.1759058233222367,0.0582332223669609
be,lzh,0.2052789592194145,0.0773079809857393
et,lzh,0.2167259035655744,0.080075303893406
fr,lzh,0.1502330885065566,0.0528389844719455
eme,lzh,0.3888121546961326,0.2178867403314917
abq,lzh,0.147239263803681,0.0552147239263803
ur,lzh,0.0929352965014183,0.0239767661758746
xnr,lzh,0.2720763723150358,0.0719968178202068
hy,lzh,0.164184108434312,0.0602998227884477
no,lzh,0.1795977273972853,0.0689453588848901
es,lzh,0.1123221282738709,0.0396164157558259
apu,lzh,0.303,0.12
is,lzh,0.1638061077402701,0.062010436570458
mr,lzh,0.2669902912621359,0.0970873786407767
myv,lzh,0.1789797290806033,0.0496685560572581
nl,lzh,0.1855847756050048,0.067505806548288
it,lzh,0.1308128691327323,0.0439539944047248
nap,lzh,0.2736318407960199,0.0696517412935323
otk,lzh,0.2974683544303797,0.0126582278481012
ckt,lzh,0.2160352710646636,0.0664598301763553
sms,lzh,0.1467236467236467,0.0445156695156695
yi,lzh,0.4827792752321054,0.2136368174104023
lv,lzh,0.23963084473607,0.0967698914406124
fi,lzh,0.2594139375895909,0.1066958870878817
gwi,lzh,0.4871031746031746,0.2033730158730158
zh,lzh,0.438269908870266,0.2627764802857535
ar,lzh,0.0925517634137412,0.0249440670381971
gv,lzh,0.164202184207983,0.0306368995844206
bn,lzh,0.5125,0.209375
krl,lzh,0.2708468002585649,0.1040723981900452
wbp,lzh,0.1841269841269841,0.0666666666666666
br,lzh,0.2648410953427943,0.092944233459924
kk,lzh,0.3165783951234136,0.1255121415009493
cs,lzh,0.2152685813326833,0.0760666747911334
kmr,lzh,0.2331037236697614,0.078366776479984
ko,lzh,0.2516157236196935,0.0918628968418067
hsb,lzh,0.1988000358198262,0.0668039760007164
sah,lzh,0.3417808219178082,0.1246575342465753
jv,lzh,0.2591508052708638,0.1108554695670361
pad,lzh,0.2281746031746031,0.0793650793650793
te,lzh,0.49375866851595,0.2122052704576976
or,lzh,0.2244897959183673,0.086491739552964
uz,lzh,0.3060200668896321,0.1251950947603121
en,lzh,0.1634859830220376,0.0591750870950637
hu,lzh,0.1393568147013782,0.0495788667687595
gun,lzh,0.0872488348995339,0.0123004049201619
lzh,lzh,0.776954703338768,0.6955412206705891
tt,lzh,0.1951754385964912,0.0706140350877193
scn,lzh,0.1662799000357015,0.0408782577650839
lb,lzh,0.2184466019417475,0.058252427184466
hi,lzh,0.1262424273106195,0.0384582932550329
gub,lzh,0.1671397379912663,0.0474890829694323
tpn,lzh,0.2244897959183673,0.0641082519964507
kpv,lzh,0.1626929841704123,0.0385968340824702
tn,lzh,0.2663551401869158,0.0560747663551401
nds,lzh,0.1726054861933837,0.0481181080834776
he,lzh,0.1587171892554386,0.0570592040309127
ha,lzh,0.2108977717508552,0.0487564335685887
wuu,lzh,0.4702517162471396,0.2208237986270023
gsw,lzh,0.1254288982081585,0.0327392298894395
gl,lzh,0.1038352272727272,0.0388415404040404
yrk,lzh,0.1855345911949685,0.0424528301886792
tl,lzh,0.3473511742217368,0.1234298197706171
naq,lzh,0.1881645862228386,0.044382801664355
bxr,lzh,0.2599461561471732,0.0865490078771562
lij,lzh,0.1589077887197851,0.0405849000298418
hyw,lzh,0.2172559484100511,0.0780520346897932
bej,lzh,0.0813321060999079,0.0068613505146012
pt,lzh,0.1043814324721697,0.0389287964713295
fa,lzh,0.0968697860895983,0.0321986204148716
wo,lzh,0.1430356627895799,0.0242237816014611
da,lzh,0.1491569390402075,0.0535767734211313
nhi,lzh,0.1987104957192685,0.0505232005073459
bor,lzh,0.1929274292742927,0.0548585485854858
sl,lzh,0.1686831967880201,0.0525473387228039
nmf,lzh,0.2496626180836707,0.0985155195681511
mt,lzh,0.1183960986182606,0.0216743429964779
xum,lzh,0.1583476764199655,0.0507745266781411
aqz,lzh,0.3331062670299727,0.1260217983651226
fro,lzh,0.2347919155714854,0.0810185185185185
sq,lzh,0.2063369397217929,0.0757341576506955
bg,lzh,0.1824599338590689,0.0696387687611294
id,lzh,0.1179594112940377,0.0435952767742404
tr,lzh,0.3097106134679073,0.1282132155811386
akk,lzh,0.161285108102647,0.0375429379672661
sme,lzh,0.1574425574425574,0.0378621378621378
grc,lzh,0.2435957775835406,0.1170577556646271
ckb,lzh,0.1885245901639344,0.040983606557377
sv,lzh,0.1594583431673353,0.0588860042482888
hr,lzh,0.1657873042044517,0.0558532563891178
az,lzh,0.4177631578947368,0.1809210526315789
cop,lzh,0.0215088881631129,0.0048056734941445
la,lzh,0.1890724637681159,0.0718357487922705
pay,lzh,0.1265497076023392,0.0271345029239766
gn,lzh,0.3225806451612903,0.1336405529953917
fo,lzh,0.2252493832457363,0.0953019414351603
quc,lzh,0.2004394287426345,0.0420453410566263
eu,lzh,0.2311069172068597,0.0781160252728317
say,lzh,0.2346758349705304,0.0525540275049115
ota,lzh,0.2241603421527108,0.0893119208352551
vi,lzh,0.1646539027982327,0.0692194403534609
cpg,lzh,0.3066316480630335,0.0973954913547822
gu,lzh,0.2992042440318302,0.1236074270557029
mdf,lzh,0.1960504401617891,0.0506780870806566
uk,mr,0.3852761607269629,0.2717236972880875
am,mr,0.6251748251748251,0.2864135864135864
ka,mr,0.5178509873442655,0.3941005564583641
ceb,mr,0.4509803921568627,0.167755991285403
sd,mr,0.6402929740482864,0.4885613527443711
urb,mr,0.4316939890710382,0.1912568306010929
sab,mr,0.3339476594176189,0.1618134906008109
ltg,mr,0.4647058823529412,0.2705882352941176
ht,mr,0.181578947368421,0.0477443609022556
cy,mr,0.3197462704099612,0.1451309761541172
oc,mr,0.3910453688077037,0.2339918594261888
mpu,mr,0.3258426966292135,0.1123595505617977
xcl,mr,0.3389617388180349,0.1694808694090174
yo,mr,0.1068785636297464,0.0293582433580007
sk,mr,0.5127118644067796,0.3373352165725047
ps,mr,0.4170149987705925,0.2672731743299729
ctn,mr,0.4327113662770829,0.213382543913608
gd,mr,0.2633764272907427,0.1160705860149098
bho,mr,0.3678919729932483,0.2076519129782445
th,mr,0.2262019791423716,0.0918935128111151
olo,mr,0.4133064516129032,0.2553763440860215
sga,mr,0.3329439252336448,0.0782710280373831
ab,mr,0.3876239962210675,0.2369390647142182
cu,mr,0.373412994772218,0.158924570575056
koi,mr,0.3505402160864346,0.2088835534213685
ang,mr,0.2339181286549707,0.1286549707602339
bm,mr,0.2147869492874195,0.0598278231932286
got,mr,0.2455383408511472,0.0491272798587958
gya,mr,0.2667161961367013,0.0683506686478454
eo,mr,0.3225613405146619,0.22262118491921
myu,mr,0.2896281800391389,0.1027397260273972
ug,mr,0.5093901258470475,0.3686350435624395
pl,mr,0.4588175779117909,0.3105155956707536
sdh,mr,0.4632352941176471,0.2426470588235294
ajp,mr,0.4575411913814955,0.2420785804816223
egy,mr,0.2415980795610425,0.0405521262002743
ess,mr,0.279595015576324,0.0813862928348909
af,mr,0.4249229851932823,0.2544966709728709
arr,mr,0.3786114704614057,0.1474773609314359
arh,mr,0.2151874882231015,0.087431693989071
xpg,mr,0.1879075281564908,0.0456431535269709
azz,mr,0.3418913560666138,0.1594964314036479
bar,mr,0.4001729183293429,0.2188747007182761
sa,mr,0.3275175591643179,0.1150181183733727
de,mr,0.4836465468454228,0.3360239447339149
orv,mr,0.3660984848484848,0.2081168831168831
ru,mr,0.4194120095208256,0.2938362474105318
yrl,mr,0.2533240027991602,0.090072978106568
aii,mr,0.0794701986754966,0.0154525386313465
vep,mr,0.3261703760552571,0.1619339984650805
aln,mr,0.3972482801751094,0.1796747967479675
ga,mr,0.2793037262558739,0.1284664769342776
pro,mr,0.2036374782875242,0.0995197711249616
ro,mr,0.3332983027691661,0.1822990559262957
ja,mr,0.1146167046535226,0.0414136423285145
jaa,mr,0.2956521739130435,0.1391304347826087
hbo,mr,0.1858436992969172,0.0819361817198485
ky,mr,0.5915060287228323,0.3797711389294217
yue,mr,0.2834458973990515,0.1431240120706998
ml,mr,0.5110278818143986,0.3516437786100707
pcm,mr,0.3835540069686411,0.2311498257839721
el,mr,0.455124079239076,0.3051205034684974
xav,mr,0.2938811969629298,0.0879857079053148
hit,mr,0.1909854851031321,0.042016806722689
si,mr,0.5375,0.3556818181818181
sr,mr,0.3994396287540495,0.2660887838192802
ta,mr,0.689044390990597,0.5643997375902033
ca,mr,0.2757591008220097,0.1627914779399429
lt,mr,0.4314631278347052,0.294473374769024
mk,mr,0.6625,0.4183823529411765
sjo,mr,0.0717069368667186,0.0229929851909586
frm,mr,0.3384956819607275,0.200849133979833
be,mr,0.3790968226169627,0.2530647985989492
et,mr,0.4845253744908061,0.3493029521073729
fr,mr,0.3702334238857028,0.2262635409330247
eme,mr,0.4371546961325966,0.2261740331491712
abq,mr,0.205521472392638,0.0521472392638036
ur,mr,0.4577198433067675,0.3328380386329866
xnr,mr,0.5350039777247414,0.3050914876690533
hy,mr,0.4686527132525504,0.3502083433114613
no,mr,0.4527119603938691,0.2918394563291255
es,mr,0.3296555990925964,0.2085790884718498
apu,mr,0.286,0.125
is,mr,0.3607935816209089,0.2330629211223224
mr,mr,0.7621359223300971,0.6868932038834952
myv,mr,0.264002305696993,0.1305600922278797
nl,mr,0.4523613296371219,0.3072600584400989
it,mr,0.3661796705004663,0.2209589679825924
nap,mr,0.4626865671641791,0.2039800995024875
otk,mr,0.2911392405063291,0.0886075949367088
ckt,mr,0.319888961463096,0.147615937295885
sms,mr,0.3137464387464387,0.1663105413105413
yi,mr,0.6415094339622641,0.4618149146451033
lv,mr,0.4603238110479848,0.3216238563922008
fi,mr,0.5304195611423531,0.3865916859631712
gwi,mr,0.6934523809523809,0.560515873015873
zh,mr,0.2440239043824701,0.1169231121491047
ar,mr,0.120205019729081,0.0551682056705853
gv,mr,0.2311781192616217,0.0496762346573886
bn,mr,0.721875,0.546875
krl,mr,0.4321266968325792,0.2689075630252101
wbp,mr,0.3841269841269841,0.1968253968253968
br,mr,0.4263441934839097,0.2177693383969618
kk,mr,0.5753972219446387,0.4306985110422704
cs,mr,0.4134866149408945,0.2652205115705948
kmr,mr,0.4622142357991414,0.2648497554157931
ko,mr,0.5158618571074116,0.339615061970533
hsb,mr,0.3304378973761977,0.1875167905435658
sah,mr,0.4321917808219178,0.2205479452054794
jv,mr,0.3529247716656208,0.1913825559506379
pad,mr,0.3492063492063492,0.1607142857142857
te,mr,0.7947295423023578,0.6699029126213593
or,mr,0.5733722060252673,0.379980563654033
uz,mr,0.5647714604236344,0.4129319955406912
en,mr,0.4995168268158639,0.3347225594798578
hu,mr,0.4367343032159265,0.3189127105666156
gun,mr,0.1716708686683474,0.0164260065704026
lzh,mr,0.4250372155667399,0.1634295030835755
tt,mr,0.3394736842105263,0.2026315789473684
scn,mr,0.3226526240628347,0.1581578007854337
lb,mr,0.4514563106796116,0.2184466019417475
hi,mr,0.5249666717291888,0.3891729526316678
gub,mr,0.1557860262008733,0.0494541484716157
tpn,mr,0.2453416149068323,0.1053682342502218
kpv,mr,0.2578659370725034,0.1234121555598983
tn,mr,0.2429906542056074,0.0700934579439252
nds,mr,0.3298095324888362,0.1757040007290622
he,mr,0.2917305008000544,0.191638579647976
ha,mr,0.245692976238173,0.0912256911270687
wuu,mr,0.3077803203661327,0.1281464530892448
gsw,mr,0.2450914982844071,0.1154212733511246
gl,mr,0.3095486111111111,0.185290404040404
yrk,mr,0.3270440251572327,0.1320754716981132
tl,mr,0.533588203167668,0.2583287820862916
naq,mr,0.2420711974110032,0.1001386962552011
bxr,mr,0.4226742446903978,0.2174693389171403
lij,mr,0.2843927185914652,0.1365264100268576
hyw,mr,0.4674227262619524,0.3099103105774219
bej,mr,0.1342983850723788,0.0467743285080746
pt,mr,0.323671497584541,0.2098634740600714
fa,mr,0.3191473466643424,0.2108225216027093
wo,mr,0.1816783620109583,0.0428722483898875
da,mr,0.4265190062855432,0.2812531178289933
nhi,mr,0.324595708698869,0.1257795159074093
bor,mr,0.2741082410824108,0.1247847478474784
sl,mr,0.3958276816233519,0.24420812761109
nmf,mr,0.3836032388663967,0.199055330634278
mt,mr,0.1125259640567145,0.030344080195069
xum,mr,0.3012048192771084,0.0989672977624784
aqz,mr,0.4032697547683924,0.2309264305177111
fro,mr,0.4060882118677817,0.2288430904022302
sq,mr,0.4505409582689335,0.2550231839258114
bg,mr,0.4794581531416942,0.3017044009157975
id,mr,0.3122469267512062,0.1899958780884028
tr,mr,0.5903544393628766,0.4347106134679073
akk,mr,0.2062638916952919,0.0534653465346534
sme,mr,0.2073926073926074,0.0633366633366633
grc,mr,0.3678029538985634,0.2193460185122929
ckb,mr,0.3360655737704918,0.1475409836065573
sv,mr,0.4693621666273306,0.3113346707576115
hr,mr,0.3873454245671888,0.2548639736191261
az,mr,0.6984649122807017,0.5460526315789473
cop,mr,0.0449307143190407,0.0006998553632249
la,mr,0.3634106280193236,0.212647342995169
pay,mr,0.263859649122807,0.0991812865497076
gn,mr,0.2857142857142857,0.1013824884792626
fo,mr,0.44829990346455,0.2970074010511638
quc,mr,0.2839308898432038,0.0834914611005692
eu,mr,0.5251087224091244,0.3601788791335029
say,mr,0.2397838899803536,0.0904715127701375
ota,mr,0.3790515325590171,0.2410583252966581
vi,mr,0.3927835051546391,0.2410898379970545
cpg,mr,0.4720945502298095,0.2825563580652221
gu,mr,0.6472148541114059,0.5103448275862069
mdf,mr,0.3059719248156079,0.1403759219605044
uk,mt,0.43170523924464,0.2306190543802357
am,mt,0.4377622377622377,0.1309690309690309
ka,mt,0.4518638892992564,0.2506032402619786
ceb,mt,0.5671750181554103,0.2687000726216412
sd,mt,0.3133194683063568,0.1527262862826657
urb,mt,0.2814207650273224,0.0846994535519125
sab,mt,0.2816070770364909,0.1124216734242535
ltg,mt,0.5823529411764706,0.3352941176470588
ht,mt,0.3084210526315789,0.0933082706766917
cy,mt,0.4662281216962293,0.2103253847057441
oc,mt,0.4990568847413879,0.2752903802243621
mpu,mt,0.3146067415730337,0.1067415730337078
xcl,mt,0.4223100413148913,0.1650799353332135
yo,mt,0.2320757005944437,0.0594443770471915
sk,mt,0.5295825486503453,0.3119114877589454
ps,mt,0.3803786574870912,0.2055569215638062
ctn,mt,0.262046339963092,0.0962340236484177
gd,mt,0.3882230820043408,0.1837312446918939
bho,mt,0.2171042760690172,0.0628657164291072
th,mt,0.3888648252423949,0.1074201179488888
olo,mt,0.3844086021505376,0.1814516129032258
sga,mt,0.3913551401869158,0.080607476635514
ab,mt,0.2142654700047236,0.102786962683042
cu,mt,0.4331590739357729,0.1430918595967139
koi,mt,0.3457382953181273,0.1608643457382953
ang,mt,0.3684210526315789,0.1871345029239766
bm,mt,0.2426390797945453,0.0640960717644505
got,mt,0.3221219847028829,0.0689350853108452
gya,mt,0.2269687964338781,0.0490341753343239
eo,mt,0.4494314781567923,0.2522441651705565
myu,mt,0.2622309197651663,0.0958904109589041
ug,mt,0.3800580832526621,0.2207163601161665
pl,mt,0.5019902285767536,0.2773273693038859
sdh,mt,0.1029411764705882,0.0147058823529411
ajp,mt,0.4955640050697085,0.26489226869455
egy,mt,0.319272976680384,0.0571844993141289
ess,mt,0.278816199376947,0.0697040498442367
af,mt,0.4601013614230348,0.2084865348305674
arr,mt,0.3799051315222078,0.1608451918930573
arh,mt,0.2511776898436028,0.0795176182400603
xpg,mt,0.2418494368701837,0.0367516301126259
azz,mt,0.4347739888977002,0.199345757335448
bar,mt,0.4356876828943868,0.2234636871508379
sa,mt,0.2454704066568246,0.0486735561222207
de,mt,0.4170642819507054,0.2108483109888179
orv,mt,0.4505275974025974,0.2032332251082251
ru,mt,0.397985475597039,0.2119599526764462
yrl,mt,0.383185044486654,0.1248625412376287
aii,mt,0.1214128035320088,0.0441501103752759
vep,mt,0.3722179585571757,0.148119723714505
aln,mt,0.4737961225766103,0.1376485303314571
ga,mt,0.4101528890065524,0.1781057647759613
pro,mt,0.4098293654848268,0.1893327883927659
ro,mt,0.4617378662883366,0.2405198535722418
ja,mt,0.0897047650924701,0.0166743702948098
jaa,mt,0.3217391304347826,0.1391304347826087
hbo,mt,0.4578150351541373,0.1998377501352082
ky,mt,0.4306888871822441,0.2465248444819906
yue,mt,0.3647075729271447,0.1545480672510418
ml,mt,0.3807740324594257,0.2034956304619226
pcm,mt,0.3790243902439024,0.1720557491289198
el,mt,0.4705714081384538,0.2434742186941285
xav,mt,0.3300580616346583,0.0786065207682
hit,mt,0.1688311688311688,0.0160427807486631
si,mt,0.4738636363636364,0.2318181818181818
sr,mt,0.4986428508887138,0.2673145959197968
ta,mt,0.4959545156352504,0.2799037830745681
ca,mt,0.4564167086059386,0.2532964267740312
lt,mt,0.4505291449689232,0.2506299344868133
mk,mt,0.6772058823529412,0.3397058823529412
sjo,mt,0.0411145752143413,0.0048713951675759
frm,mt,0.4624885415158971,0.220581849761181
be,mt,0.4812984738553915,0.3147985989492119
et,mt,0.4759725400457666,0.2524952529334437
fr,mt,0.4349699835664218,0.2316799141429386
eme,mt,0.3760359116022099,0.1933701657458563
abq,mt,0.2177914110429447,0.0414110429447852
ur,mt,0.1709442118060246,0.0736188031878967
xnr,mt,0.2752585521081941,0.1034208432776451
hy,mt,0.4216677043919728,0.2195986397815987
no,mt,0.440983576608999,0.2248305595644787
es,mt,0.4122087028253248,0.2164673128480099
apu,mt,0.329,0.143
is,mt,0.4375426010972925,0.2079827472539751
mr,mt,0.4320388349514563,0.2548543689320388
myv,mt,0.266500144106062,0.1193198193870688
nl,mt,0.4103294123523388,0.2145800554431707
it,mt,0.4661874417158844,0.2520826857320485
nap,mt,0.572139303482587,0.2786069651741293
otk,mt,0.1518987341772152,0.0822784810126582
ckt,mt,0.3347485303723057,0.1556172436316133
sms,mt,0.2991452991452991,0.129985754985755
yi,mt,0.6395128281920734,0.3842467804731955
lv,mt,0.483102611293377,0.2730521991944733
fi,mt,0.4857481530488477,0.2512129231447789
gwi,mt,0.4593253968253968,0.3809523809523809
zh,mt,0.2471035398635343,0.0950107615514951
ar,mt,0.1840540210714721,0.0910792010739128
gv,mt,0.3314004059147579,0.1045713733449309
bn,mt,0.53125,0.28125
krl,mt,0.4770523594053006,0.2524240465416936
wbp,mt,0.2158730158730158,0.0761904761904762
br,mt,0.5868478912652408,0.3254047571457126
kk,mt,0.4374937543719396,0.2539222544219047
cs,mt,0.4565110831268364,0.2508456215894165
kmr,mt,0.4416491963661775,0.2049515823100728
ko,mt,0.3439394118411569,0.1474532414901284
hsb,mt,0.4621653084982537,0.2912151876063401
sah,mt,0.2835616438356164,0.1136986301369863
jv,mt,0.514118385275047,0.2811824583420484
pad,mt,0.2916666666666667,0.1785714285714285
te,mt,0.4438280166435506,0.260748959778086
or,mt,0.2448979591836734,0.1175898931000971
uz,mt,0.373355629877369,0.2107023411371237
en,mt,0.3689411321614938,0.14943183789168
hu,mt,0.402469372128637,0.2034839203675344
gun,mt,0.1669340667736267,0.0085568034227213
lzh,mt,0.2938612036577586,0.1054441057630963
tt,mt,0.2434210526315789,0.0956140350877193
scn,mt,0.4988397001071046,0.2110853266690467
lb,mt,0.4611650485436893,0.233009708737864
hi,mt,0.2495992169965743,0.0954960427951872
gub,mt,0.2877729257641921,0.1124454148471615
tpn,mt,0.3378438331854481,0.14773735581189
kpv,mt,0.2648035958569474,0.0985929255423099
tn,mt,0.3831775700934579,0.1542056074766355
nds,mt,0.3730064704274127,0.1620340836598924
he,mt,0.5375004255608893,0.32846491676029
ha,mt,0.3378432520726107,0.1076216599377446
wuu,mt,0.3398169336384439,0.1384439359267734
gsw,mt,0.3562237895539458,0.1696530690049561
gl,mt,0.4354640151515151,0.206613005050505
yrk,mt,0.1839622641509433,0.0235849056603773
tl,mt,0.594210813762971,0.3222282905516111
naq,mt,0.243088303282478,0.0981969486823855
bxr,mt,0.2772958420580317,0.1148668860305115
lij,mt,0.4856759176365264,0.2190390928081169
hyw,mt,0.5040397301904974,0.278333703950782
bej,mt,0.2820684461551334,0.111036733327755
pt,mt,0.4345179584120983,0.212606595253098
fa,mt,0.2219538312124909,0.1013770949025076
wo,mt,0.356916274151687,0.0775737767951552
da,mt,0.411054574478699,0.1962486281552429
nhi,mt,0.3876968607969559,0.1613994292358101
bor,mt,0.2771217712177122,0.1017835178351783
sl,mt,0.4522543540773696,0.2329227931202864
nmf,mt,0.2611336032388664,0.1082995951417004
mt,mt,0.8201932628917186,0.753273728890093
xum,mt,0.1833046471600688,0.0387263339070568
aqz,mt,0.305858310626703,0.1478201634877384
fro,mt,0.4837962962962963,0.2199820788530466
sq,mt,0.5200927357032458,0.276661514683153
bg,mt,0.4769778682269143,0.262210633426609
id,mt,0.4562713672623233,0.2351671798850714
tr,mt,0.412474373127267,0.2184296640908374
akk,mt,0.2874924227116589,0.0534653465346534
sme,mt,0.249050949050949,0.086013986013986
grc,mt,0.4990923149331002,0.261996010668101
ckb,mt,0.2950819672131147,0.1311475409836065
sv,mt,0.4289296672173708,0.1958638187396743
hr,mt,0.4732069249793899,0.2589859851607584
az,mt,0.5,0.2949561403508772
cop,mt,0.0375589044930714,0.0065786404143143
la,mt,0.4182608695652174,0.1860483091787439
pay,mt,0.3113450292397661,0.095906432748538
gn,mt,0.4377880184331797,0.1566820276497695
fo,mt,0.4684650863455969,0.2464871822374772
quc,mt,0.3608309198042544,0.1731748726655348
eu,mt,0.4935176827767293,0.2601952900631821
say,mt,0.3049115913555992,0.1053045186640471
ota,mt,0.3236194389701874,0.1205501278879617
vi,mt,0.424300441826215,0.1876288659793814
cpg,mt,0.5432260888597067,0.2965637995184942
gu,mt,0.4159151193633952,0.2106100795755968
mdf,mt,0.2805139186295503,0.1130145134427789
uk,myv,0.3449169388044867,0.1919281556155047
am,myv,0.4376623376623376,0.1345654345654345
ka,myv,0.4326586891219776,0.2412961047914512
ceb,myv,0.4756717501815541,0.2098765432098765
sd,myv,0.3624197486210326,0.1505561081472104
urb,myv,0.2950819672131147,0.1092896174863388
sab,myv,0.2989310726133432,0.1120530777736822
ltg,myv,0.5294117647058824,0.2705882352941176
ht,myv,0.215187969924812,0.0512781954887218
cy,myv,0.2881475390579114,0.0913309056736755
oc,myv,0.3923359475826466,0.1269730963963069
mpu,myv,0.3258426966292135,0.0898876404494382
xcl,myv,0.3229746721753188,0.1130770612538171
yo,myv,0.1529782846051195,0.0340895305107363
sk,myv,0.4408349026993094,0.2181418706842435
ps,myv,0.2596508482911236,0.1180231128596016
ctn,myv,0.3940947303670289,0.1844713280021871
gd,myv,0.2427102010002831,0.0702085495895064
bho,myv,0.2333083270817704,0.0621155288822205
th,myv,0.1920834305134441,0.0418818511978142
olo,myv,0.3998655913978494,0.2069892473118279
sga,myv,0.2967289719626168,0.072429906542056
ab,myv,0.3708077468115257,0.2041568256967406
cu,myv,0.3466268359472243,0.1084391336818521
koi,myv,0.4165666266506602,0.2436974789915966
ang,myv,0.2865497076023391,0.1169590643274853
bm,myv,0.2551544527237213,0.0657599652752658
got,myv,0.2926063934104726,0.0546185526573838
gya,myv,0.2641158989598811,0.063521545319465
eo,myv,0.2872531418312388,0.142130460801915
myu,myv,0.2808219178082192,0.0949119373776908
ug,myv,0.3608906098741529,0.1694094869312681
pl,myv,0.415857928298521,0.2211483419199382
sdh,myv,0.375,0.1838235294117647
ajp,myv,0.4258555133079847,0.1964512040557668
egy,myv,0.3034122085048011,0.0840192043895747
ess,myv,0.2145638629283489,0.0677570093457943
af,myv,0.3136241677432177,0.0980820828778694
arr,myv,0.3467011642949547,0.1142733937041828
arh,myv,0.2894290559638213,0.0960994912379875
xpg,myv,0.2827504445761707,0.0480142264374629
azz,myv,0.4044409199048374,0.1933980967486122
bar,myv,0.3694466613461027,0.1551609470603884
sa,myv,0.3353017492059231,0.1031628864134568
de,myv,0.3584270046640517,0.1546333157699588
orv,myv,0.3519615800865801,0.1458603896103896
ru,myv,0.3524996843537669,0.195555701038593
yrl,myv,0.2575227431770469,0.1114665600319904
aii,myv,0.1876379690949227,0.0375275938189845
vep,myv,0.3791250959324635,0.1918649270913277
aln,myv,0.3842401500938086,0.1057535959974984
ga,myv,0.2666953471440863,0.094016811172149
pro,myv,0.2390926739552467,0.0741800347399611
ro,myv,0.3094775191354457,0.1254969961291226
ja,myv,0.0762260722653448,0.0154072562864262
jaa,myv,0.3565217391304348,0.1391304347826087
hbo,myv,0.2422931314223904,0.0605732828555976
ky,myv,0.3798479379463942,0.2045925812149604
yue,myv,0.2863917229486995,0.1246587153326627
ml,myv,0.3204327923429047,0.1327507282563462
pcm,myv,0.3055052264808362,0.1473170731707317
el,myv,0.3803189587356075,0.159801187155832
xav,myv,0.3318445734702992,0.0857525681107637
hit,myv,0.2055003819709702,0.0359052711993888
si,myv,0.4181818181818181,0.1852272727272727
sr,myv,0.3384992557569389,0.1488486122055862
ta,myv,0.484802099278373,0.3074568117209709
ca,myv,0.265710451266566,0.1066935078007045
lt,myv,0.3842600369561565,0.2069544767344196
mk,myv,0.5838235294117647,0.2830882352941176
sjo,myv,0.0930111717329176,0.0185113016367887
frm,myv,0.3203068461427124,0.1134269310561103
be,myv,0.3707155366524893,0.2102201651238429
et,myv,0.4046772806206079,0.2027849457130337
fr,myv,0.3265838280175738,0.1326676057282758
eme,myv,0.4219613259668508,0.2144337016574585
abq,myv,0.2162576687116564,0.0460122699386503
ur,myv,0.1565581521004998,0.038700526813454
xnr,myv,0.3691328560063643,0.1400159108989657
hy,myv,0.3934096460558456,0.2144738732697926
no,myv,0.3651327207292789,0.1585158662014286
es,myv,0.2838110950711487,0.1197050938337801
apu,myv,0.323,0.165
is,myv,0.2902517515336395,0.1099415596750583
mr,myv,0.4368932038834951,0.2524271844660194
myv,myv,0.6568354308771256,0.5423191468921126
nl,myv,0.356234859269249,0.1516445643215704
it,myv,0.3002175940317065,0.1101103512589369
nap,myv,0.3880597014925373,0.1393034825870646
otk,myv,0.1645569620253164,0.0696202531645569
ckt,myv,0.369856303069889,0.1770084911822338
sms,myv,0.4191595441595441,0.2446581196581196
yi,myv,0.5788160127782769,0.2750324448437656
lv,myv,0.4097250006668267,0.2254941185884612
fi,myv,0.4372036608225824,0.2203385158231337
gwi,myv,0.6805555555555556,0.5456349206349206
zh,myv,0.2391926546686816,0.0886797637038054
ar,myv,0.1085384208599438,0.0354798031159744
gv,myv,0.2308881801488354,0.0643664830385619
bn,myv,0.578125,0.3625
krl,myv,0.4324499030381383,0.2194570135746606
wbp,myv,0.4380952380952381,0.2
br,myv,0.4403357985208874,0.1766939836098341
kk,myv,0.3761367043069851,0.2031577895473169
cs,myv,0.3753964062775047,0.1758676253537528
kmr,myv,0.3373265448737146,0.1427573125686333
ko,myv,0.3317934236799508,0.1378593286624053
hsb,myv,0.3816602489477926,0.169965075669383
sah,myv,0.4294520547945205,0.1732876712328767
jv,myv,0.3459527295544865,0.1641218712961026
pad,myv,0.4265873015873015,0.2202380952380952
te,myv,0.5908460471567267,0.3938973647711511
or,myv,0.2779397473275024,0.1282798833819242
uz,myv,0.3921962095875139,0.2037904124860646
en,myv,0.3618694589947024,0.1649280691408437
hu,myv,0.3412136294027565,0.1599349157733537
gun,myv,0.1536404614561846,0.0139048055619222
lzh,myv,0.3398667328276742,0.1176366342950308
tt,myv,0.293859649122807,0.1271929824561403
scn,myv,0.3523741520885398,0.1212067118886112
lb,myv,0.3689320388349514,0.1407766990291262
hi,myv,0.2308847601208255,0.0765959601073254
gub,myv,0.1740174672489083,0.0616812227074235
tpn,myv,0.2879325643300798,0.1293256433007985
kpv,myv,0.36750048856752,0.1861442251319132
tn,myv,0.2897196261682243,0.0560747663551401
nds,myv,0.3294450013669917,0.1428961997630547
he,myv,0.2908112892792701,0.109011677390801
ha,myv,0.2571270071193022,0.0890991463001202
wuu,myv,0.3329519450800915,0.1224256292906178
gsw,myv,0.27582920320244,0.1077487609607319
gl,myv,0.2756786616161616,0.0969854797979797
yrk,myv,0.3482704402515723,0.1257861635220125
tl,myv,0.4959038776624795,0.2572364827962862
naq,myv,0.3148404993065187,0.1307443365695793
bxr,myv,0.3787017648818426,0.1604347392561571
lij,myv,0.3194568785437183,0.095344673231871
hyw,myv,0.4092357868208435,0.2003557927507227
bej,myv,0.225420466906535,0.0492009036900677
pt,myv,0.2817307288384793,0.1059525309808863
fa,myv,0.1621386059715616,0.0558806683766217
wo,myv,0.2506007882341632,0.0606555801211189
da,myv,0.3446074029731617,0.1531477601516512
nhi,myv,0.4062995455025895,0.1737659866821689
bor,myv,0.2523370233702337,0.109840098400984
sl,myv,0.3476751125820628,0.1594867343063317
nmf,myv,0.3151147098515519,0.1562078272604588
mt,myv,0.2276709112255034,0.0606881603901381
xum,myv,0.2650602409638554,0.072289156626506
aqz,myv,0.4128065395095368,0.2247956403269754
fro,myv,0.3713659896455595,0.1328156113102349
sq,myv,0.384080370942813,0.1545595054095827
bg,myv,0.3967183922665988,0.1867845331976596
id,myv,0.2676090488082826,0.1233421429090997
tr,myv,0.3909576565210534,0.1999191767859959
akk,myv,0.1992321681147706,0.0295413214790866
sme,myv,0.2681318681318681,0.0968031968031968
grc,myv,0.3363141262690782,0.1136735471435935
ckb,myv,0.3524590163934426,0.1721311475409836
sv,myv,0.3531980174651876,0.1511240264337975
hr,myv,0.3332646331409728,0.1479802143446001
az,myv,0.5723684210526315,0.337719298245614
cop,myv,0.0672327718938086,0.0041058181309196
la,myv,0.3266280193236714,0.1359710144927536
pay,myv,0.3632748538011696,0.103859649122807
gn,myv,0.271889400921659,0.0875576036866359
fo,myv,0.376649147270192,0.154724873967607
quc,myv,0.335164286427644,0.1236392689503645
eu,myv,0.412734881431033,0.2058340855009436
say,myv,0.2675834970530452,0.106286836935167
ota,myv,0.3174975889974422,0.1188729087173466
vi,myv,0.3100147275405007,0.1497790868924889
cpg,myv,0.4731888815933465,0.1934777850733202
gu,myv,0.4148541114058355,0.1856763925729443
mdf,myv,0.5205805377111586,0.364263621222936
uk,naq,0.206339627999432,0.0919707511003833
am,naq,0.2687312687312687,0.0699300699300699
ka,naq,0.2413945929974885,0.0950903629290392
ceb,naq,0.3485838779956427,0.1234567901234567
sd,naq,0.2709105705760014,0.0914187539560539
urb,naq,0.4153005464480874,0.1967213114754098
sab,naq,0.2484334684850719,0.1157390342793955
ltg,naq,0.2941176470588235,0.1235294117647058
oc,naq,0.2518614116946292,0.0779311029484761
ht,naq,0.1719548872180451,0.0397744360902255
cy,naq,0.2157876189357453,0.0577939621754963
mpu,naq,0.3089887640449438,0.0674157303370786
yo,naq,0.1315055198350115,0.0304500788547858
xcl,naq,0.2169929944314711,0.0521825040416741
sk,naq,0.2474890144381669,0.0896892655367231
ps,naq,0.1785099582001475,0.0649127120727809
ctn,naq,0.4418016540222814,0.2257535370104572
gd,naq,0.1895819571576861,0.0409549872605454
bho,naq,0.2031507876969242,0.0607651912978244
th,naq,0.1246459867390797,0.0151934161863192
olo,naq,0.2190860215053763,0.075268817204301
sga,naq,0.2581775700934579,0.0560747663551401
ab,naq,0.4786962683042041,0.2355219650448748
cu,naq,0.219815782922579,0.0434652725914861
koi,naq,0.304921968787515,0.1236494597839135
ang,naq,0.3040935672514619,0.0935672514619883
bm,naq,0.2315705707878174,0.0873182377197424
got,naq,0.2263188860560894,0.0371641498333006
gya,naq,0.1950222882615156,0.0419762258543833
eo,naq,0.1998803111909036,0.0676241771394374
ug,naq,0.2757018393030009,0.1142303969022265
myu,naq,0.3365949119373776,0.12133072407045
pl,naq,0.2352330364631175,0.0840821651556904
sdh,naq,0.1544117647058823,0.0661764705882353
ajp,naq,0.2826362484157161,0.0899873257287705
egy,naq,0.2818930041152263,0.0446673525377229
ess,naq,0.3294392523364486,0.0845015576323987
af,naq,0.1989466361919904,0.0436251614826592
arr,naq,0.3475636050021561,0.1500646830530401
xpg,naq,0.2175459395376408,0.0337877889745109
arh,naq,0.3220275108347465,0.1268136423591483
azz,naq,0.3191911181601903,0.1634615384615384
bar,naq,0.2702846501729183,0.0973663208300079
orv,naq,0.2230925324675324,0.0657061688311688
yrl,naq,0.2247325802259322,0.0833749875037488
de,naq,0.2465434303221903,0.0747760669750014
ru,naq,0.1892334238965241,0.0718083489597703
sa,naq,0.3029123607569454,0.0875050328814924
aii,naq,0.2450331125827814,0.0772626931567329
vep,naq,0.2501918649270913,0.0752110514198004
aln,naq,0.2312695434646654,0.0613508442776735
ga,naq,0.1951154940763783,0.0517903236481567
pro,naq,0.1485644221927046,0.0392357208541943
ro,naq,0.1907764524547668,0.0568370903613402
ja,naq,0.1078454811579881,0.0212062287818173
jaa,naq,0.4434782608695652,0.208695652173913
hbo,naq,0.165427257977285,0.0342076798269334
ky,naq,0.3068120728054681,0.1426157745180861
yue,naq,0.2129616324184509,0.0788187958039948
ml,naq,0.2634207240948814,0.0957136912193092
pcm,naq,0.2755400696864111,0.1316376306620209
xav,naq,0.2536846806610093,0.0696739615899955
el,naq,0.243080883930487,0.0743760280340413
si,naq,0.3863636363636363,0.1363636363636363
hit,naq,0.2230710466004583,0.0504201680672268
sr,naq,0.1746782243236144,0.0541984064442693
ta,naq,0.3514104526568992,0.1524163568773234
lt,naq,0.2073744330589618,0.0751721820930623
ca,naq,0.1403959067270592,0.0404294581446066
mk,naq,0.3191176470588235,0.1110294117647058
sjo,naq,0.158482722785139,0.0735255910626136
frm,naq,0.1836734693877551,0.0392242003184252
be,naq,0.234488366274706,0.1043282461846384
et,naq,0.2458737036856711,0.0936267588490189
fr,naq,0.2209142435523359,0.065809772948318
abq,naq,0.3067484662576687,0.0782208588957055
eme,naq,0.4209254143646408,0.2213397790055248
ur,naq,0.1228555990814534,0.0279616371741186
xnr,naq,0.3619729514717582,0.1284805091487669
hy,naq,0.2207481201206954,0.0910963168734134
no,naq,0.2231133195710553,0.0662050822996401
es,naq,0.1701278614147247,0.0536089915446483
apu,naq,0.27,0.127
mr,naq,0.3907766990291262,0.1893203883495145
myv,naq,0.2661158612738976,0.1161494860217119
is,naq,0.1858748728950867,0.0528979920217223
nl,naq,0.2363077845208661,0.0731749956294797
it,naq,0.1813257693503264,0.0582918868511035
nap,naq,0.2835820895522388,0.044776119402985
otk,naq,0.2594936708860759,0.1265822784810126
ckt,naq,0.3442194644023514,0.1492488569562377
sms,naq,0.324074074074074,0.157051282051282
yi,naq,0.3853449136468004,0.1470500149745432
lv,naq,0.2221333119948787,0.0863140487050225
fi,naq,0.2602684970779579,0.0983294740324181
gwi,naq,0.6964285714285714,0.5496031746031746
zh,naq,0.1738562989421624,0.0524339423913541
ar,naq,0.0983687914412398,0.0219013139161208
gv,naq,0.2635546535227602,0.0725814245675074
krl,naq,0.2595345830639948,0.0972850678733031
bn,naq,0.446875,0.225
wbp,naq,0.2952380952380952,0.1587301587301587
br,naq,0.3102138716769938,0.1053367979212472
kk,naq,0.2844009193564505,0.1263115818926751
cs,naq,0.2240755033784241,0.0802724404544285
kmr,naq,0.255465708295897,0.0936408106219427
ko,naq,0.2480357290546687,0.0889209211101527
hsb,naq,0.251186531745321,0.0877585743709143
sah,naq,0.4794520547945205,0.2246575342465753
jv,naq,0.2336331311441121,0.0880568918636268
pad,naq,0.3452380952380952,0.1845238095238095
te,naq,0.4563106796116505,0.2371705963938973
or,naq,0.1865889212827988,0.0573372206025267
uz,naq,0.302118171683389,0.1306577480490524
hu,naq,0.1944869831546707,0.0681470137825421
lzh,naq,0.2589494577160275,0.0727298504288651
gun,naq,0.1362212544885018,0.0155092062036824
en,naq,0.2644022776040556,0.096718882408036
tt,naq,0.2609649122807017,0.1184210526315789
scn,naq,0.2025169582292038,0.0570332024277043
lb,naq,0.3252427184466019,0.0970873786407767
hi,naq,0.1541875495705293,0.0382557923690916
gub,naq,0.1784934497816594,0.0501091703056768
tpn,naq,0.2659716060337178,0.1149068322981366
kpv,naq,0.2579636505765096,0.1026968927105726
tn,naq,0.2149532710280373,0.0373831775700934
nds,naq,0.2269206233482183,0.066344664175704
he,naq,0.1754332209852585,0.0398665441051305
ha,naq,0.2438129873331895,0.0919653588929639
wuu,naq,0.2025171624713958,0.0766590389016018
gsw,naq,0.2106366755623332,0.0729603507434235
gl,naq,0.1637468434343434,0.0440972222222222
yrk,naq,0.4213836477987421,0.1839622641509433
tl,naq,0.2976515565264883,0.0797378481703987
naq,naq,0.7989828941285252,0.7306518723994452
bxr,naq,0.3448000797686708,0.1541529564263635
lij,naq,0.1969561324977618,0.0511787526111608
hyw,naq,0.265436216737084,0.0952486843080572
pt,naq,0.1709220751942869,0.0522495274102079
bej,naq,0.2639946447995983,0.0738013555351016
wo,naq,0.2208978179371335,0.0570027876574065
fa,naq,0.1082003137684588,0.0253006947730159
da,naq,0.1932555123216602,0.0609597924773022
nhi,naq,0.2890814924426593,0.1079167107071134
sl,naq,0.1878357115728935,0.0647550322825674
bor,naq,0.2705412054120541,0.1276752767527675
nmf,naq,0.3653846153846153,0.2017543859649122
mt,naq,0.1433215930642102,0.030615009482525
xum,naq,0.32960413080895,0.1187607573149741
aqz,naq,0.4032697547683924,0.2363760217983651
fro,naq,0.2380276782158502,0.0689715252887295
sq,naq,0.2449768160741885,0.0718701700154559
id,naq,0.184370681085275,0.061925660112019
bg,naq,0.2218265072500636,0.0723098448232002
tr,naq,0.3065663933133575,0.141844740577196
akk,naq,0.2137401495251566,0.0429581733683572
sme,naq,0.2199800199800199,0.071028971028971
grc,naq,0.2183150675721105,0.0484322822116138
ckb,naq,0.4426229508196721,0.1967213114754098
sv,naq,0.1990057823932027,0.0525873259381637
hr,naq,0.1718054410552349,0.0554410552349546
az,naq,0.4078947368421052,0.2258771929824561
cop,naq,0.0782904866327625,0.0112909998600289
la,naq,0.2153236714975845,0.0663381642512077
pay,naq,0.3319298245614035,0.1183625730994152
gn,naq,0.3179723502304147,0.1244239631336405
fo,naq,0.2803282205298724,0.1018985305159283
quc,naq,0.2679516628383102,0.0916808149405772
eu,naq,0.2704931484368589,0.1062607696726019
say,naq,0.2798624754420432,0.1160117878192534
ota,naq,0.2738479600821837,0.0797937020420143
vi,naq,0.1873343151693667,0.0596465390279823
cpg,naq,0.3151674326986211,0.0886408404464871
gu,naq,0.2949602122015915,0.109814323607427
mdf,naq,0.2935998096597668,0.1123007375684035
uk,nds,0.6306616498651143,0.5162927729660656
am,nds,0.5895104895104896,0.2461538461538461
ka,nds,0.6855271581228148,0.5196237750529374
ceb,nds,0.5867828612926652,0.3304284676833696
sd,nds,0.5334117008771136,0.3629622931548965
urb,nds,0.3633879781420765,0.1120218579234972
sab,nds,0.2863988204939182,0.1338002211573903
ltg,nds,0.6058823529411764,0.3941176470588235
ht,nds,0.2894736842105263,0.0702255639097744
cy,nds,0.570245506871843,0.3880535651356748
oc,nds,0.6156060756477713,0.4565670604586518
mpu,nds,0.2303370786516854,0.0617977528089887
xcl,nds,0.5611640021555595,0.3724627267828274
yo,nds,0.2256460026689312,0.0615067329855635
sk,nds,0.7520401757689893,0.6239014438166981
ps,nds,0.5935579050897467,0.4679124661912958
ctn,nds,0.3397580479803158,0.1567220285694757
gd,nds,0.5252429932999906,0.3388694913654808
bho,nds,0.2988747186796699,0.1312828207051763
th,nds,0.3933961949821744,0.2217372471928831
olo,nds,0.5275537634408602,0.3192204301075269
sga,nds,0.3831775700934579,0.0934579439252336
ab,nds,0.4448748228625413,0.2481813887576759
cu,nds,0.504605426935524,0.2547174508339557
koi,nds,0.3469387755102041,0.205282112845138
ang,nds,0.4619883040935672,0.327485380116959
bm,nds,0.2866960862330898,0.0758880127324025
got,nds,0.3669346930770739,0.1251225730535399
gya,nds,0.2711738484398217,0.0609212481426448
eo,nds,0.6813285457809695,0.5580490724117295
myu,nds,0.2837573385518591,0.1056751467710371
ug,nds,0.4910939012584704,0.3271055179090029
pl,nds,0.7197438662353396,0.5658506063873691
sdh,nds,0.1617647058823529,0.0735294117647058
ajp,nds,0.6172370088719898,0.3916349809885932
egy,nds,0.3231310013717421,0.0752743484224965
ess,nds,0.329828660436137,0.1039719626168224
af,nds,0.692934512570804,0.574282023253503
arr,nds,0.4389823199655023,0.1591203104786546
arh,nds,0.2824571320896928,0.0879969851140003
xpg,nds,0.2424422050978067,0.0586840545346769
azz,nds,0.4988104678826328,0.2689333862014274
bar,nds,0.6606810321894121,0.5057196062782655
orv,nds,0.5987418831168831,0.4171672077922078
de,nds,0.7672755303163359,0.6875085377514978
yrl,nds,0.3296011196641008,0.1320603818854343
ru,nds,0.6471963600144028,0.5420277114011419
sa,nds,0.3498411846284615,0.1080391893705542
aii,nds,0.130242825607064,0.0242825607064017
vep,nds,0.4704528012279355,0.2225633154259401
aln,nds,0.5279549718574109,0.2823639774859287
ga,nds,0.5252498510821365,0.3363558144152492
pro,nds,0.5105752528864821,0.347603964442628
ro,nds,0.6460686949363319,0.4646278878321335
ja,nds,0.1128129930986117,0.0192564139345351
jaa,nds,0.2782608695652174,0.1130434782608695
hbo,nds,0.4528123309897242,0.2379664683612763
ky,nds,0.528607633822287,0.350817909530758
yue,nds,0.3514872826555539,0.1665469176605834
ml,nds,0.5534748231377444,0.3886808156471077
pcm,nds,0.4957491289198606,0.3468989547038327
el,nds,0.738646928413073,0.6104555531717085
xav,nds,0.2956677087985708,0.0562751228226887
hit,nds,0.1359816653934301,0.0152788388082505
si,nds,0.6397727272727273,0.4102272727272727
sr,nds,0.677698975571316,0.5590578758427458
ta,nds,0.6840148698884758,0.5265689919090313
ca,nds,0.6655594698876027,0.5495218922999496
lt,nds,0.6428691416092727,0.5036956156559718
mk,nds,0.8301470588235295,0.6595588235294118
sjo,nds,0.0532605871654975,0.0042868277474668
be,nds,0.6341005754315737,0.5242056542406806
frm,nds,0.6783422588893714,0.54933178945337
et,nds,0.6964149504195271,0.5359072983105312
fr,nds,0.6806016701881477,0.5593621088640708
abq,nds,0.1625766871165644,0.0306748466257668
eme,nds,0.3929558011049723,0.1912983425414364
ur,nds,0.3291233283803863,0.2050520059435364
xnr,nds,0.4494828957836118,0.2438345266507557
hy,nds,0.6177019972220892,0.4774653958522917
no,nds,0.7609382707027896,0.6520762162260911
es,nds,0.6858218189317385,0.5627448958548155
apu,nds,0.342,0.177
is,nds,0.6256578726827796,0.4952342641323902
mr,nds,0.6480582524271845,0.4902912621359223
myv,nds,0.3201075991930061,0.1545777692381592
nl,nds,0.7762543393022152,0.6847731075647462
it,nds,0.6992461921044452,0.5754118744171588
nap,nds,0.5621890547263682,0.3482587064676617
otk,nds,0.2215189873417721,0.0822784810126582
ckt,nds,0.3484650555192684,0.1641084258654474
sms,nds,0.3632478632478632,0.1777065527065527
yi,nds,0.8638314864729959,0.7683937306578816
lv,nds,0.6772825478114748,0.5397028620202182
fi,nds,0.6853704928878598,0.5330383724776712
gwi,nds,0.5396825396825397,0.4454365079365079
zh,nds,0.2448939872693135,0.1012387232678481
ar,nds,0.2424521010454379,0.1477769190090713
gv,nds,0.3411616893785638,0.114236010437808
bn,nds,0.659375,0.50625
krl,nds,0.5520361990950227,0.3555268261150614
wbp,nds,0.2444444444444444,0.0825396825396825
br,nds,0.6439136518089147,0.418448930641615
kk,nds,0.5607075047466773,0.4108124312980913
cs,nds,0.6846027812758121,0.5595130736212103
kmr,nds,0.5971847858640311,0.3968253968253968
ko,nds,0.5100724269527511,0.3225775960868178
hsb,nds,0.5814453299901495,0.446404584937763
sah,nds,0.3650684931506849,0.1486301369863013
jv,nds,0.5539287457296243,0.3773269190545911
pad,nds,0.3115079365079365,0.1428571428571428
te,nds,0.7447988904299584,0.5728155339805825
or,nds,0.4373177842565597,0.2983479105928086
uz,nds,0.5324414715719064,0.3688963210702341
hu,nds,0.6674004594180705,0.5306278713629403
en,nds,0.72382811919263,0.6137687012800372
gun,nds,0.1613568645427458,0.0137520055008022
lzh,nds,0.4001559509463387,0.1319203232437797
tt,nds,0.3557017543859649,0.1859649122807017
scn,nds,0.5838986076401286,0.3643341663691539
lb,nds,0.616504854368932,0.3932038834951456
gub,nds,0.2456331877729257,0.0836244541484716
hi,nds,0.4406925530299195,0.2949931655950994
tpn,nds,0.3003549245785271,0.1253327417923691
kpv,nds,0.3191323040844244,0.1492085206175493
tn,nds,0.308411214953271,0.1401869158878504
nds,nds,0.7799143351863665,0.69725690330812
he,nds,0.6225104687978756,0.4697851768631055
ha,nds,0.3053595093537153,0.1212438746263136
wuu,nds,0.3443935926773455,0.1155606407322654
gsw,nds,0.5376477316050324,0.3754288982081586
gl,nds,0.6523516414141414,0.4995265151515151
yrk,nds,0.2342767295597484,0.0573899371069182
tl,nds,0.6848716548334244,0.4385581649371928
naq,nds,0.2627831715210356,0.1053166897827092
bxr,nds,0.4545817130322066,0.2371123741150663
lij,nds,0.5777379886601015,0.3603401969561325
hyw,nds,0.6561411311244534,0.486324216144096
bej,nds,0.2071793155384486,0.0344741025855576
pt,nds,0.6631632010081916,0.5301365259399285
fa,nds,0.4259033294319795,0.3038324576039046
wo,nds,0.3398058252427184,0.1009324233394213
da,nds,0.7293225581163324,0.6451162326648708
nhi,nds,0.4718317302610718,0.2212239720959729
bor,nds,0.3230627306273063,0.143050430504305
sl,nds,0.6862894037219901,0.5616081601649395
nmf,nds,0.2948717948717949,0.1589068825910931
mt,nds,0.2811342906168156,0.0930190553598844
xum,nds,0.2349397590361445,0.059380378657487
aqz,nds,0.3760217983651226,0.1907356948228883
fro,nds,0.6541716447630426,0.4895459976105137
sq,nds,0.7009273570324575,0.5564142194744977
bg,nds,0.7541974052403968,0.6028364283897227
id,nds,0.5945493780762796,0.4489974056203477
tr,nds,0.5731647216527361,0.4075362718814067
akk,nds,0.269024045261669,0.0962214588805819
sme,nds,0.2874125874125874,0.1043956043956044
grc,nds,0.54687464981286,0.3607880051099307
ckb,nds,0.3032786885245901,0.1229508196721311
sv,nds,0.7701646211942412,0.671377153646448
hr,nds,0.6626545754328113,0.5359027205276174
az,nds,0.6425438596491229,0.4714912280701754
cop,nds,0.0697989082256333,0.0061587271963794
la,nds,0.5742995169082126,0.4013429951690821
pay,nds,0.2928654970760234,0.0863157894736842
gn,nds,0.3456221198156682,0.1105990783410138
fo,nds,0.6566555829668561,0.5395259036790733
quc,nds,0.4453210825926296,0.2092280035953261
eu,nds,0.6383441371953721,0.4500287191269385
say,nds,0.2897838899803536,0.105893909626719
ota,nds,0.4497043901211791,0.2640362279340852
vi,nds,0.5986745213549337,0.4176730486008836
cpg,nds,0.6548478879404683,0.424600569052309
gu,nds,0.5925729442970822,0.426525198938992
mdf,nds,0.3652153223887699,0.1812990720913633
uk,nl,0.7764446968621326,0.6843319608121539
am,nl,0.5823176823176823,0.2774225774225774
ka,nl,0.7481164130595361,0.6125966415521741
ceb,nl,0.5439360929557008,0.2962962962962963
sd,nl,0.5591825662356452,0.4164933538294602
urb,nl,0.1885245901639344,0.0573770491803278
sab,nl,0.3122005160339108,0.1470696645779579
ltg,nl,0.7,0.4941176470588235
oc,nl,0.574307554849598,0.4381018564479301
ht,nl,0.2545112781954887,0.0757142857142857
cy,nl,0.6442499706331493,0.4712792200164454
mpu,nl,0.2022471910112359,0.0561797752808988
yo,nl,0.1345383962149702,0.0382142423874802
xcl,nl,0.5058379737740255,0.3198311478354589
sk,nl,0.8573446327683616,0.762241054613936
ps,nl,0.6611753134988936,0.552003934103762
ctn,nl,0.291846080240585,0.1359442280090219
gd,nl,0.5870529395111824,0.4072850806832122
bho,nl,0.3080270067516879,0.1548387096774193
th,nl,0.5752840435811148,0.347316162996035
olo,nl,0.5053763440860215,0.3508064516129032
sga,nl,0.3551401869158878,0.0899532710280373
ab,nl,0.2865375531412376,0.1536136041568257
cu,nl,0.459546925566343,0.2134428678117998
koi,nl,0.3229291716686674,0.1956782713085234
ang,nl,0.3157894736842105,0.239766081871345
bm,nl,0.225783115098025,0.0633002966071041
got,nl,0.2883898803686997,0.0925671700333398
gya,nl,0.163447251114413,0.0182020802377414
eo,nl,0.7968282465589467,0.7058647516457212
ug,nl,0.5569215876089061,0.4165537270087125
myu,nl,0.1937377690802348,0.0518590998043052
pl,nl,0.82211749670514,0.7129145200154425
sdh,nl,0.213235294117647,0.1029411764705882
ajp,nl,0.6565272496831432,0.4233206590621039
egy,nl,0.2864368998628258,0.0727023319615912
ess,nl,0.2815420560747663,0.0833333333333333
af,nl,0.7198648514359535,0.5951505515253901
arr,nl,0.3475636050021561,0.1151358344113842
xpg,nl,0.1873147599288678,0.0551274451689389
arh,nl,0.2138684755982664,0.0640663274919917
azz,nl,0.4006740681998414,0.2226407613005551
bar,nl,0.525073157754722,0.3709098164405427
orv,nl,0.5900027056277056,0.4104031385281385
yrl,nl,0.2716185144456663,0.1111666500049985
de,nl,0.8740559686201043,0.8059588626739262
ru,nl,0.7936281547087404,0.7174709020935529
sa,nl,0.2769203238938845,0.0807497875005592
aii,nl,0.0883002207505518,0.0397350993377483
vep,nl,0.4282425172678434,0.2501918649270913
aln,nl,0.5036272670419012,0.2722951844903064
ga,nl,0.614534383480045,0.4298762327089814
pro,nl,0.4109533054051292,0.2932461428425462
ro,nl,0.7647347310528436,0.620671535915086
ja,nl,0.0993343002714864,0.0265350143181226
jaa,nl,0.2695652173913043,0.0956521739130434
hbo,nl,0.3318009734991887,0.1314899945916711
ky,nl,0.5758390292604255,0.4052684125643191
yue,nl,0.3545768070125017,0.1590745796809886
ml,nl,0.5905118601747815,0.4623387432376196
pcm,nl,0.3404181184668989,0.2401393728222996
xav,nl,0.2702099151406878,0.0602947744528807
el,nl,0.7851319459343489,0.6868697704355289
si,nl,0.7136363636363636,0.4636363636363636
hit,nl,0.134453781512605,0.0213903743315508
sr,nl,0.8255844496979249,0.7453813151212678
ta,nl,0.7093811502296086,0.5825497485239449
lt,nl,0.7366033932471023,0.6260708886275828
ca,nl,0.8270424425431975,0.7455124979030364
mk,nl,0.8838235294117647,0.775
sjo,nl,0.0244219277734476,0.0042868277474668
frm,nl,0.6775703189077049,0.5547836155738891
be,nl,0.7876532399299475,0.7055916937703277
et,nl,0.7684405277764254,0.671730204326728
fr,nl,0.772864473287051,0.672477110373277
abq,nl,0.1180981595092024,0.0306748466257668
eme,nl,0.3283839779005524,0.1802486187845303
ur,nl,0.3793732270701067,0.2657706335269485
xnr,nl,0.4005568814638027,0.2068416865552903
hy,nl,0.7140667656496958,0.6054408736050577
no,nl,0.8324960265989514,0.7426332231133196
es,nl,0.8208909053413075,0.7264281295112395
apu,nl,0.227,0.123
mr,nl,0.6456310679611651,0.5242718446601942
myv,nl,0.2666922855221443,0.1480449610913632
is,nl,0.6419943459264971,0.5129283854603154
nl,nl,0.931570140605879,0.9061462001448516
it,nl,0.7911330432079577,0.6953528131799813
nap,nl,0.4278606965174129,0.2288557213930348
otk,nl,0.240506329113924,0.0886075949367088
ckt,nl,0.2798824297844546,0.1285107772697583
sms,nl,0.2574786324786324,0.1335470085470085
yi,nl,0.8189078566437057,0.7411400618947789
lv,nl,0.7723453628870929,0.6563441892720919
fi,nl,0.7768359245782336,0.6798296394310288
gwi,nl,0.5148809523809523,0.4206349206349206
zh,nl,0.3090282547969043,0.1431973256399688
ar,nl,0.2910385225562381,0.2136110320139934
gv,nl,0.3688991978351213,0.1201314390644631
krl,nl,0.5701357466063348,0.4127343244990303
bn,nl,0.69375,0.578125
wbp,nl,0.2698412698412698,0.1333333333333333
br,nl,0.6639016590045972,0.4567259644213472
kk,nl,0.6182672129509343,0.5030478664934546
cs,nl,0.7883522227187174,0.6974394388701575
kmr,nl,0.6793451133073775,0.4859738444644105
ko,nl,0.5868000992473741,0.4094072332431442
hsb,nl,0.6010566848750784,0.4815975642518134
sah,nl,0.2308219178082191,0.1047945205479452
jv,nl,0.6429617234888099,0.4549257477515164
pad,nl,0.3115079365079365,0.1706349206349206
te,nl,0.79750346740638,0.6615811373092927
or,nl,0.500485908649174,0.3566569484936832
uz,nl,0.6098104793756968,0.4577480490523968
hu,nl,0.7951761102603369,0.6969754977029097
lzh,nl,0.2630608917558659,0.0948465300914439
gun,nl,0.1609748643899457,0.0150508060203224
en,nl,0.777656089716588,0.6888860256403903
tt,nl,0.3925438596491228,0.2491228070175438
scn,nl,0.4689396644055694,0.2857907890039272
lb,nl,0.4466019417475728,0.2912621359223301
hi,nl,0.5185372686005502,0.3951298536931099
gub,nl,0.2597161572052401,0.0820960698689956
tpn,nl,0.2668589174800355,0.1144631765749778
kpv,nl,0.2483877271838968,0.1297635333203048
tn,nl,0.2943925233644859,0.1261682242990654
nds,nl,0.5047844709742094,0.3547799143351863
he,nl,0.7293773193068465,0.5684472134272972
ha,nl,0.2375874503035719,0.0897463555952784
wuu,nl,0.3009153318077803,0.097254004576659
gsw,nl,0.3819100266869996,0.2333206252382768
gl,nl,0.7826862373737373,0.6517203282828283
yrk,nl,0.1910377358490566,0.0330188679245283
tl,nl,0.718186783178591,0.4904423812124522
naq,nl,0.2332871012482663,0.106333795654184
bxr,nl,0.4476019543324359,0.2613421078871273
lij,nl,0.4553864518054312,0.284243509400179
hyw,nl,0.7199614557853383,0.5486620710103032
pt,nl,0.8086704473850032,0.6960428481411468
bej,nl,0.090703706802778,0.0111287758346581
wo,nl,0.2622320484475632,0.0826684610208593
fa,nl,0.5277535672485495,0.4075254625594541
da,nl,0.7861917589544049,0.6961987428913499
nhi,nl,0.3491174294472043,0.1453334742627629
sl,nl,0.7966740817101622,0.6994737127665347
bor,nl,0.2675891758917589,0.1242312423124231
nmf,nl,0.2216599190283401,0.1248313090418353
mt,nl,0.1780005418585749,0.0574370089406664
xum,nl,0.185025817555938,0.0387263339070568
aqz,nl,0.305858310626703,0.162125340599455
fro,nl,0.5920450019912386,0.4364048187972919
sq,nl,0.7867078825347759,0.652241112828439
id,nl,0.7985840021336954,0.6361321921295735
bg,nl,0.8430424828287968,0.7346095141185449
tr,nl,0.6518786469011197,0.5156422488566472
akk,nl,0.2186704384724186,0.043645180844615
sme,nl,0.2416583416583416,0.1017982017982018
grc,nl,0.5486003720388175,0.3645532172392927
ckb,nl,0.2786885245901639,0.1229508196721311
sv,nl,0.8472386122256313,0.7874822987963181
hr,nl,0.8136850783182193,0.7318219291014015
az,nl,0.6951754385964912,0.5581140350877193
cop,nl,0.0596276769467643,0.0065786404143143
la,nl,0.6323091787439613,0.4795555555555555
pay,nl,0.2278362573099415,0.0547368421052631
gn,nl,0.3225806451612903,0.0921658986175115
fo,nl,0.6385820015016626,0.5260645714898637
quc,nl,0.357335463896934,0.1557974632977129
eu,nl,0.7249117912529744,0.5733158283416756
say,nl,0.1534381139489194,0.0550098231827112
ota,nl,0.4745691643255482,0.3141012201769466
vi,nl,0.688659793814433,0.4911634756995581
cpg,nl,0.5747428321295688,0.3775443204202232
gu,nl,0.6408488063660478,0.4954907161803713
mdf,nl,0.2909826314537235,0.1527480371163454
uk,no,0.775486298452364,0.6812082919210564
am,no,0.5781218781218781,0.2573426573426573
ka,no,0.7426995617274831,0.6018121829910869
ceb,no,0.4778503994190268,0.2476397966594045
sd,no,0.5334117008771136,0.3654941676462609
urb,no,0.2923497267759563,0.0846994535519125
sab,no,0.2480648728345005,0.1050497604128271
ltg,no,0.5882352941176471,0.4352941176470588
ht,no,0.2938345864661654,0.1081203007518797
cy,no,0.6709738047691766,0.490191471866557
oc,no,0.5959495681524869,0.4463417055494887
mpu,no,0.247191011235955,0.0561797752808988
xcl,no,0.5349380276630142,0.3509969462906412
yo,no,0.2210360305713939,0.0749727041125803
sk,no,0.8432203389830508,0.7244193345888261
ps,no,0.634374231620359,0.5259404966806
ctn,no,0.2808420477069236,0.1131843346319458
gd,no,0.605926205529867,0.4235160894592809
bho,no,0.3195798949737434,0.1563390847711928
th,no,0.5668876820044647,0.353946623129977
olo,no,0.5235215053763441,0.3366935483870967
sga,no,0.3866822429906542,0.1179906542056074
ab,no,0.3264997638167218,0.1863958431743032
cu,no,0.4599452327607667,0.2422205626089121
koi,no,0.3469387755102041,0.2220888355342136
ang,no,0.391812865497076,0.2514619883040935
bm,no,0.2814150329161542,0.0768284742819937
got,no,0.2774073347715238,0.0836438517356344
gya,no,0.2399702823179792,0.0482912332838038
eo,no,0.8022142429682825,0.7166367444643926
myu,no,0.1986301369863013,0.0694716242661448
ug,no,0.5604065827686351,0.4107454017424976
pl,no,0.8200939867140594,0.6868485163145494
sdh,no,0.1985294117647058,0.0955882352941176
ajp,no,0.6387832699619772,0.4613434727503168
egy,no,0.3050411522633744,0.0722736625514403
ess,no,0.2659657320872274,0.0915109034267912
af,no,0.7419258670376627,0.6095597734274073
arr,no,0.3561880120741699,0.1345407503234152
arh,no,0.2557000188430375,0.078575466365178
xpg,no,0.2003556609365738,0.0432720806164789
azz,no,0.4235725614591594,0.2262093576526566
bar,no,0.4875631816972599,0.3394519819100824
orv,no,0.5954680735930736,0.4366883116883117
de,no,0.8882823019729524,0.8027340319653417
yrl,no,0.2736179146256123,0.1089673098070578
ru,no,0.7946382226545147,0.7148054450144262
sa,no,0.2781729521764416,0.0862076678745582
aii,no,0.0993377483443708,0.0397350993377483
vep,no,0.444359171143515,0.237145049884881
aln,no,0.5662288930581614,0.315509693558474
ga,no,0.6172479978820571,0.4402673902971739
pro,no,0.5185450086849903,0.3931746193930724
ro,no,0.778606834463069,0.6231937365351269
ja,no,0.1538813003724305,0.0385128278690702
jaa,no,0.2695652173913043,0.0869565217391304
hbo,no,0.3901433207138994,0.2195105462412114
ky,no,0.5781429997696029,0.4003532754780738
yue,no,0.3574507831584997,0.1759591895387268
ml,no,0.6000832292967124,0.4698293799417395
pcm,no,0.4955400696864111,0.376794425087108
el,no,0.8135235643281127,0.6969534434670671
xav,no,0.2912014292094685,0.0750334970969182
hit,no,0.1375095492742551,0.0252100840336134
si,no,0.696590909090909,0.4522727272727272
sr,no,0.834165134401541,0.7015147535242098
ta,no,0.7187841679422698,0.5692105838617975
ca,no,0.8144606609629257,0.7193759436336186
lt,no,0.7216529480933983,0.6086007055266253
mk,no,0.8926470588235295,0.7514705882352941
sjo,no,0.0319563522992985,0.0024032216160041
be,no,0.7638228671503627,0.686077057793345
frm,no,0.7149129155208183,0.5861919235779418
et,no,0.7672395605108979,0.6443189379554344
fr,no,0.7761847268336854,0.6677398799342656
abq,no,0.1656441717791411,0.0337423312883435
eme,no,0.3598066298342541,0.18646408839779
ur,no,0.3684992570579495,0.2486829663649871
xnr,no,0.3937947494033413,0.2000795544948289
hy,no,0.6998419464533742,0.563149576129125
no,no,0.9306344653720382,0.9122563437402949
es,no,0.818343988451227,0.7083213033615179
apu,no,0.304,0.169
is,no,0.6655604348943492,0.5591219424982959
mr,no,0.6674757281553398,0.4927184466019417
myv,no,0.2943606494379863,0.1586127389758862
nl,no,0.8722059888614171,0.7907394920206788
it,no,0.8138094497979484,0.6931535592166614
nap,no,0.5223880597014925,0.2736318407960199
otk,no,0.1835443037974683,0.0379746835443038
ckt,no,0.3022534291312867,0.1345525800130633
sms,no,0.3144586894586894,0.1723646723646723
yi,no,0.8405710292502745,0.756114605171209
lv,no,0.7706916326585047,0.6558640740444374
fi,no,0.7631905391994708,0.6383283713750137
gwi,no,0.4751984126984127,0.4027777777777778
zh,no,0.3311695745752622,0.1688533223428126
ar,no,0.3110604889557825,0.2170931131269576
gv,no,0.3461873006668599,0.1198414999516768
bn,no,0.64375,0.559375
krl,no,0.5665804783451842,0.4146735617323853
wbp,no,0.1111111111111111,0.0253968253968253
br,no,0.6399160503697782,0.4379372376574055
kk,no,0.6194663735385231,0.4883581492954931
cs,no,0.7923494603999945,0.6793977061921979
kmr,no,0.6325247079964061,0.4637116901267845
ko,no,0.6054207970509352,0.4149012843082812
hsb,no,0.6057132622906779,0.503984955672965
sah,no,0.2636986301369863,0.1273972602739726
jv,no,0.6295754026354319,0.4598758976504218
pad,no,0.2777777777777778,0.1488095238095238
te,no,0.8224687933425797,0.6920943134535368
or,no,0.5267249757045676,0.3702623906705539
uz,no,0.5811594202898551,0.4269788182831661
hu,no,0.7990045941807045,0.6775459418070444
en,no,0.8112601652204509,0.718565248202348
gun,no,0.1925280770112308,0.0174192069676827
lzh,no,0.3720847806053732,0.1589990784716807
tt,no,0.3793859649122807,0.2320175438596491
scn,no,0.5156194216351303,0.3178329168154231
lb,no,0.3883495145631068,0.2281553398058252
gub,no,0.2213973799126637,0.0780567685589519
hi,no,0.4972071752813918,0.3549334278337467
tpn,no,0.2542147293700089,0.0980479148181011
kpv,no,0.2802423294899355,0.1469611100254055
tn,no,0.3644859813084112,0.1962616822429906
nds,no,0.4698806160575959,0.3224277772714845
he,no,0.7522554727130358,0.6178122765805332
ha,no,0.2989798748728696,0.1342188800197244
wuu,no,0.3363844393592677,0.1407322654462242
gsw,no,0.3828631338162409,0.224123141441098
gl,no,0.7908301767676768,0.6621843434343434
yrk,no,0.2334905660377358,0.0644654088050314
tl,no,0.72801747678864,0.5024576734025122
naq,no,0.2176606564956079,0.1033749422098936
bxr,no,0.4264632565559876,0.2358161332136803
lij,no,0.5531184720978812,0.3446732318710833
hyw,no,0.7014305833518643,0.537321177081017
bej,no,0.1433352857501464,0.0148104761107857
pt,no,0.8100021003990758,0.6922579290065113
fa,no,0.546081629603805,0.4483651667206215
wo,no,0.3033740267230606,0.1045852158031337
da,no,0.8212112142073231,0.7382021350892947
nhi,no,0.3875911637247648,0.1816932670965014
bor,no,0.2774907749077491,0.1210332103321033
sl,no,0.7968097227497152,0.684336172752428
nmf,no,0.2557354925775978,0.1201079622132253
mt,no,0.2327282579246816,0.0757698907251873
xum,no,0.1764199655765921,0.0344234079173838
aqz,no,0.3358310626702997,0.1668937329700272
fro,no,0.6204450418160096,0.4620669056152927
sq,no,0.8284389489953632,0.6622874806800618
bg,no,0.8758585601628085,0.7363266344441618
id,no,0.7796959484033654,0.6337802778653348
tr,no,0.6513858224254849,0.5014489039583662
akk,no,0.2303495655688018,0.0521317437866235
sme,no,0.249050949050949,0.1097902097902097
grc,no,0.5408010040565678,0.3851946480199018
ckb,no,0.2459016393442623,0.0901639344262295
sv,no,0.8754572810951144,0.8019972858154355
hr,no,0.8133140972794723,0.687757625721352
az,no,0.6403508771929824,0.5197368421052632
cop,no,0.0593010777772593,0.0069518966080343
la,no,0.6060289855072464,0.4550724637681159
pay,no,0.2502923976608187,0.0671345029239766
gn,no,0.2949308755760368,0.0967741935483871
fo,no,0.6842754478172263,0.5852193499946369
quc,no,0.2536702287026865,0.1152501747727953
eu,no,0.6913514400590793,0.5048001969311562
say,no,0.2494106090373281,0.0922396856581532
ota,no,0.4637511006750807,0.3112499475869009
vi,no,0.6844624447717231,0.515979381443299
cpg,no,0.5948785292186474,0.4114685926898665
gu,no,0.6376657824933687,0.4737400530503979
mdf,no,0.3333333333333333,0.1798715203426124
uk,oc,0.6243433196081215,0.5210847650149084
am,oc,0.5106893106893107,0.177022977022977
ka,oc,0.5976264342345005,0.4371891465996947
ceb,oc,0.4676833696441539,0.2084241103848947
sd,oc,0.5404647798173433,0.33601591463966
urb,oc,0.3415300546448087,0.1038251366120218
sab,oc,0.3438997419830446,0.1496498341319572
ltg,oc,0.6176470588235294,0.3941176470588235
ht,oc,0.3379699248120301,0.1172180451127819
cy,oc,0.6197580171502408,0.4106660401738518
oc,oc,0.8805718256725901,0.8122704258909957
mpu,oc,0.2752808988764045,0.1011235955056179
xcl,oc,0.5137416921142447,0.3031255613436321
yo,oc,0.2142423874802863,0.041611063933034
sk,oc,0.7239485247959824,0.6268832391713748
ps,oc,0.5566756823211212,0.4386525694615195
ctn,oc,0.334700293896521,0.1679311051876153
gd,oc,0.5109936774558838,0.3242427102010002
bho,oc,0.3351837959489872,0.150787696924231
th,oc,0.4673641422050444,0.2737813614100556
olo,oc,0.4038978494623655,0.200268817204301
sga,oc,0.4322429906542056,0.1191588785046729
ab,oc,0.3298063297118564,0.1747756258856873
cu,oc,0.4964899178491411,0.2687079910380881
koi,oc,0.3589435774309724,0.1932773109243697
ang,oc,0.3742690058479532,0.2280701754385964
bm,oc,0.2499457426029082,0.0599725095854734
got,oc,0.3316336536575799,0.1056089429299862
gya,oc,0.2158246656760772,0.0482912332838038
eo,oc,0.6717534410532615,0.5559545182525434
myu,oc,0.2563600782778865,0.098825831702544
ug,oc,0.523620522749274,0.3659244917715392
pl,oc,0.6924397939214825,0.5822516873677064
sdh,oc,0.3235294117647059,0.1911764705882352
ajp,oc,0.5766793409378961,0.3827629911280101
egy,oc,0.3528806584362139,0.063014403292181
ess,oc,0.2223520249221184,0.0545171339563862
af,oc,0.7170823809997019,0.5823313127298022
arr,oc,0.3842173350582147,0.1466149202242345
arh,oc,0.3685698134539287,0.1567740719804032
xpg,oc,0.2145820983995257,0.0314167160640189
azz,oc,0.444091990483743,0.2035091197462331
bar,oc,0.4770550678371907,0.3187017823889332
orv,oc,0.5511634199134199,0.3892857142857143
de,oc,0.706489179009816,0.6330328044806119
yrl,oc,0.3053084074777566,0.0998700389883035
ru,oc,0.647963263454713,0.5558600307696624
sa,oc,0.2993334228067821,0.0824945197512638
aii,oc,0.0772626931567329,0.0176600441501103
vep,oc,0.3914044512663085,0.1665387567152724
aln,oc,0.5377110694183865,0.2871169480925578
ga,oc,0.5257131511019922,0.338209014494672
pro,oc,0.6223561867783794,0.5329518749361398
ro,oc,0.6812568966423205,0.5532902457394077
ja,oc,0.1514480164485743,0.0348549327127928
jaa,oc,0.4,0.1217391304347826
hbo,oc,0.471335857220119,0.2975256895619254
ky,oc,0.5862836955686967,0.4098763535826741
yue,oc,0.265699094697514,0.1349331800546055
ml,oc,0.5068664169787765,0.3537245110278818
pcm,oc,0.4206968641114982,0.2533797909407665
el,oc,0.7219480798111994,0.6067725094757921
xav,oc,0.3559624832514515,0.0906654756587762
hit,oc,0.1436210847975554,0.0206264323911382
si,oc,0.625,0.3738636363636363
sr,oc,0.7165747307591279,0.6187724367393398
ta,oc,0.6387491799693855,0.4780231795320359
ca,oc,0.7217916456970307,0.6458815634960577
lt,oc,0.5930623215185621,0.4669074416260709
mk,oc,0.7786764705882353,0.6441176470588236
sjo,oc,0.0713821771888802,0.0352689010132502
be,oc,0.6402927195396547,0.5469101826369778
frm,oc,0.6813335263183288,0.5901963622328364
et,oc,0.6073323920346657,0.4635084473440771
fr,oc,0.7334322701814401,0.6573263574470939
abq,oc,0.1763803680981595,0.0291411042944785
eme,oc,0.3812154696132597,0.2064917127071823
ur,oc,0.3575577468593813,0.2047818451978927
xnr,oc,0.3969769291964996,0.1917263325377884
hy,oc,0.5589348148857703,0.4182192633746827
no,oc,0.6824019437695245,0.5792762016112827
es,oc,0.7389977314910291,0.6676943699731903
apu,oc,0.348,0.145
is,oc,0.679405093135776,0.5339523761634988
mr,oc,0.5776699029126213,0.3689320388349514
myv,oc,0.2809107503122298,0.1296954558555096
nl,oc,0.7249069703553858,0.6402687245573288
it,oc,0.7322816288467516,0.657825613926018
nap,oc,0.582089552238806,0.4278606965174129
otk,oc,0.2215189873417721,0.0759493670886076
ckt,oc,0.3079686479425212,0.1611691704768125
sms,oc,0.303062678062678,0.1171652421652421
yi,oc,0.7040031945692323,0.6062693421183987
lv,oc,0.6120135499186471,0.482355765383692
fi,oc,0.6431800639541294,0.516539861065167
gwi,oc,0.6140873015873016,0.5208333333333334
zh,oc,0.203771122406924,0.0894468104593121
ar,oc,0.2799576943416182,0.184745555871944
gv,oc,0.3339132115589059,0.0842756354498888
bn,oc,0.61875,0.465625
krl,oc,0.4964447317388494,0.3009049773755656
wbp,oc,0.2634920634920635,0.1206349206349206
br,oc,0.6206276234259445,0.421347191684989
kk,oc,0.5800939342460277,0.4306985110422704
cs,oc,0.6691554616728277,0.5673910982925079
kmr,oc,0.57602076470001,0.3942298093241489
ko,oc,0.5326039439016034,0.3484173588383331
hsb,oc,0.5169696426972329,0.3999283603474523
sah,oc,0.347945205479452,0.1678082191780822
jv,oc,0.5101443212717005,0.3421878268144739
pad,oc,0.2281746031746031,0.1309523809523809
te,oc,0.7669902912621359,0.6074895977808599
or,oc,0.4334305150631681,0.2925170068027211
uz,oc,0.5375696767001115,0.3777034559643255
hu,oc,0.6229900459418071,0.4951186830015314
en,oc,0.6733551050344168,0.5588058932261597
gun,oc,0.218962487584995,0.0258996103598441
lzh,oc,0.382115261926703,0.174275182533494
tt,oc,0.3535087719298245,0.1868421052631579
scn,oc,0.6081756515530168,0.4462691895751517
lb,oc,0.4466019417475728,0.2378640776699029
gub,oc,0.2400655021834061,0.0779475982532751
hi,oc,0.4391737963853592,0.2704399331747076
tpn,oc,0.3265306122448979,0.1685891748003549
kpv,oc,0.3037912839554426,0.1272229822161422
tn,oc,0.3831775700934579,0.1448598130841121
nds,oc,0.4459126947963182,0.2603663537774537
he,oc,0.6976474994042148,0.5524120791202806
ha,oc,0.3232964526766727,0.1146176842235029
wuu,oc,0.2231121281464531,0.0892448512585812
gsw,oc,0.364944719786504,0.181805184902783
gl,oc,0.7154040404040404,0.6179292929292929
yrk,oc,0.3333333333333333,0.1493710691823899
tl,oc,0.6253413435281268,0.3528126706717641
naq,oc,0.2318076745261211,0.0942209893666204
bxr,oc,0.4054242696181075,0.2128826403430052
lij,oc,0.5681886004177857,0.3848105043270665
hyw,oc,0.5861685568156548,0.396708917055815
bej,oc,0.2764622207346665,0.1202409840180738
pt,oc,0.7394538962402857,0.6419197647553035
fa,oc,0.4851209004656722,0.3651916228801952
wo,oc,0.3228876285686821,0.0608478323560511
da,oc,0.625760750274369,0.5439489174897735
nhi,oc,0.3898108022407779,0.1603424585138991
bor,oc,0.2876383763837638,0.1097170971709717
sl,oc,0.6623351961369431,0.5581357495523845
nmf,oc,0.2857624831309042,0.1417004048582996
mt,oc,0.3473313465185587,0.1289623408290436
xum,oc,0.2590361445783132,0.059380378657487
aqz,oc,0.4053133514986376,0.2268392370572207
fro,oc,0.6448874950219037,0.5117731979291119
sq,oc,0.7789799072642968,0.6097372488408037
bg,oc,0.730539302976342,0.5932332739760875
id,oc,0.6499527192493272,0.492544189316975
tr,oc,0.5851304999211481,0.4292599747673868
akk,oc,0.2781572034754496,0.0816326530612244
sme,oc,0.2508491508491508,0.0799200799200799
grc,oc,0.5219077074788767,0.3573813846119366
ckb,oc,0.4426229508196721,0.2295081967213114
sv,oc,0.7083874203445835,0.6100572338919047
hr,oc,0.69439406430338,0.5966611706512778
az,oc,0.6469298245614035,0.481359649122807
cop,oc,0.0424112350114309,0.0033126487192646
la,oc,0.5445893719806764,0.4036231884057971
pay,oc,0.3506432748538011,0.1263157894736842
gn,oc,0.2949308755760368,0.0737327188940092
fo,oc,0.6653974042690122,0.5425292287890164
quc,oc,0.3012084290422451,0.1130530310596224
eu,oc,0.5716747353737589,0.3750717978173463
say,oc,0.2969548133595285,0.1020628683693516
ota,oc,0.4374606901756887,0.2670552224411925
vi,oc,0.5508836524300442,0.3734904270986745
cpg,oc,0.5723353031297878,0.364631210330488
gu,oc,0.5522546419098143,0.3724137931034483
mdf,oc,0.2978824649060195,0.1287175826790388
uk,orv,0.7687065171091865,0.6920701405651001
am,orv,0.6381618381618381,0.3153846153846154
ka,orv,0.7350667257595903,0.6201802334170483
ceb,orv,0.5533769063180828,0.2781408859840232
sd,orv,0.5615335925490551,0.4035627091057057
urb,orv,0.2595628415300546,0.0765027322404371
sab,orv,0.3549576115001843,0.1514928123848138
ltg,orv,0.5941176470588235,0.4823529411764706
ht,orv,0.2961654135338346,0.0846616541353383
cy,orv,0.6152355221426055,0.3974509573593328
oc,orv,0.615903901518912,0.4332373672192991
mpu,orv,0.247191011235955,0.0730337078651685
xcl,orv,0.607688162385486,0.4470091611280761
yo,orv,0.2025961421812447,0.0572607060536212
sk,orv,0.8171688637790333,0.7526679221594476
ps,orv,0.6196213425129088,0.5224981558888616
ctn,orv,0.3218508646025562,0.1480418289932335
gd,orv,0.5423232990469,0.3409455506275361
bho,orv,0.3288822205551387,0.1644411102775693
th,orv,0.5246060040649052,0.3327224869223336
olo,orv,0.5477150537634409,0.3716397849462365
sga,orv,0.411214953271028,0.0992990654205607
ab,orv,0.3108171941426547,0.1880018894662257
cu,orv,0.6856858352003983,0.5546925566343042
koi,orv,0.4261704681872749,0.2557022809123649
ang,orv,0.4210526315789473,0.2807017543859649
bm,orv,0.2729508789698329,0.0714027345728134
got,orv,0.3157481859188076,0.111296332614238
gya,orv,0.1329866270430906,0.0278603268945022
eo,orv,0.713345302214243,0.5783961699581089
myu,orv,0.2309197651663405,0.073385518590998
ug,orv,0.5020329138431752,0.384027105517909
pl,orv,0.8115073818176978,0.7232450710225382
sdh,orv,0.2279411764705882,0.0808823529411764
ajp,orv,0.6311787072243346,0.4474017743979721
egy,orv,0.2684327846364883,0.0709019204389574
ess,orv,0.2577881619937694,0.094626168224299
af,orv,0.647222498260956,0.4705356255589784
arr,orv,0.4148339801638637,0.1496334626994394
arh,orv,0.2654983983418127,0.0721688336159789
xpg,orv,0.2868998221695317,0.1191464137522228
azz,orv,0.4533108643933386,0.2267049960348929
bar,orv,0.560853950518755,0.3534184623570098
orv,orv,0.7798430735930736,0.7110660173160173
de,orv,0.7524198427102239,0.6459272485998088
yrl,orv,0.348295511346596,0.1367589723083075
ru,orv,0.7845843056016685,0.7281467591315286
sa,orv,0.3611148391714758,0.1481680311367601
aii,orv,0.1059602649006622,0.0507726269315673
vep,orv,0.4504988488104374,0.2586339217191097
aln,orv,0.5301438398999374,0.2689806128830519
ga,orv,0.5650605599311669,0.3787808590906082
pro,orv,0.5599264330233984,0.4229079391028916
ro,orv,0.7253603769288705,0.5996181668505771
ja,orv,0.1076781264776355,0.0370836720273292
jaa,orv,0.2260869565217391,0.1043478260869565
hbo,orv,0.5576663061114115,0.3503921038399135
ky,orv,0.5622456032562784,0.3969741187312802
yue,orv,0.3853283517746803,0.2158356085644489
ml,orv,0.5351643778610071,0.3953391593841032
pcm,orv,0.5202787456445993,0.3316376306620209
el,orv,0.7686834012729743,0.6323035114067082
xav,orv,0.2769093345243412,0.0678874497543546
hit,orv,0.2421695951107715,0.0695187165775401
si,orv,0.675,0.4443181818181818
sr,orv,0.7806671920147098,0.6992382453375361
ta,orv,0.7137546468401487,0.5786136015744587
ca,orv,0.6986243918805569,0.5630431135715483
lt,orv,0.7415588778767008,0.632286242230808
mk,orv,0.8772058823529412,0.7316176470588235
sjo,orv,0.0257859184203689,0.0049363471031436
be,orv,0.7679509632224168,0.7126594946209657
frm,orv,0.6780045351473923,0.5589327929753461
et,orv,0.7112160605027833,0.5900482009834949
fr,orv,0.7150115705805413,0.5814635945936881
abq,orv,0.1549079754601227,0.0552147239263803
eme,orv,0.3473756906077348,0.1781767955801105
ur,orv,0.3474942590841551,0.2479400243144671
xnr,orv,0.4152744630071599,0.2366746221161495
hy,orv,0.6884429330906653,0.588007088462091
no,orv,0.7182630300151629,0.6081039112881127
es,orv,0.7216230150546504,0.5945555784697876
apu,orv,0.255,0.136
is,orv,0.6272669370788777,0.4838311376308761
mr,orv,0.6699029126213593,0.5194174757281553
myv,orv,0.2840810836775867,0.1526563550773369
nl,orv,0.7593466696635948,0.6160685297569991
it,orv,0.716498290332608,0.5855144544606776
nap,orv,0.5124378109452736,0.2189054726368159
otk,orv,0.1645569620253164,0.0886075949367088
ckt,orv,0.2668190725016329,0.1229588504245591
sms,orv,0.3753561253561253,0.204059829059829
yi,orv,0.7746830388339823,0.6357192772287112
lv,orv,0.7517537542343495,0.6419940785788589
fi,orv,0.6945087661263646,0.5843257249972433
gwi,orv,0.5009920634920635,0.4156746031746032
zh,orv,0.3338027201538673,0.1831409992215047
ar,orv,0.2685595736891347,0.2089167310743196
gv,orv,0.4106504300763506,0.1432299217164395
bn,orv,0.6875,0.515625
krl,orv,0.5804783451842276,0.4049773755656108
wbp,orv,0.1682539682539682,0.0761904761904762
br,orv,0.665300819508295,0.4045572656406156
kk,orv,0.5991805735984811,0.4866593384630758
cs,orv,0.7736550622198751,0.6984468727573087
kmr,orv,0.6413097733852451,0.4389537785764201
ko,orv,0.5371291515531033,0.3656911279936671
hsb,orv,0.6208471388913763,0.5196561296677711
sah,orv,0.2102739726027397,0.0917808219178082
jv,orv,0.5720560552185735,0.3894582723279648
pad,orv,0.2043650793650793,0.115079365079365
te,orv,0.7891816920943134,0.665742024965326
or,orv,0.4470359572400388,0.3216715257531584
uz,orv,0.5487179487179488,0.4230769230769231
hu,orv,0.7232006125574273,0.5827909647779479
en,orv,0.7328423963407684,0.5820874072679159
gun,orv,0.1608220643288257,0.0145160058064023
lzh,orv,0.4432551215708513,0.2392783724392145
tt,orv,0.3320175438596491,0.1969298245614035
scn,orv,0.5491788646911817,0.3208675473045341
lb,orv,0.5097087378640777,0.2233009708737864
gub,orv,0.2830786026200873,0.1081877729257641
hi,orv,0.4808721038154542,0.3544609257665502
tpn,orv,0.2839396628216504,0.1140195208518189
kpv,orv,0.3071135430916553,0.1635724057064686
tn,orv,0.4065420560747663,0.1542056074766355
nds,orv,0.5378656702816003,0.3429326528752392
he,orv,0.6967623327545706,0.5536376944813264
ha,orv,0.2889327210527938,0.1148334206552223
wuu,orv,0.3569794050343249,0.160183066361556
gsw,orv,0.4778879146016012,0.2573389248951582
gl,orv,0.6885416666666667,0.5391887626262626
yrk,orv,0.1588050314465408,0.0369496855345911
tl,orv,0.6963407973784818,0.4822501365374113
naq,orv,0.2842348589921405,0.1131761442441054
bxr,orv,0.4091135706451291,0.2279389769667963
lij,orv,0.5753506415995225,0.3303491495076097
hyw,orv,0.6963160625602254,0.5541472092506116
bej,orv,0.1999832649987449,0.0332189774914233
pt,orv,0.7117244276412519,0.5698886788489813
fa,orv,0.4597205966581169,0.363299051223946
wo,orv,0.315293665288859,0.0855522445448428
da,orv,0.6884166417240347,0.5855532275765739
nhi,orv,0.4325124194059824,0.1941655216150512
bor,orv,0.252460024600246,0.1086715867158671
sl,orv,0.7594813086647496,0.6753838641419347
nmf,orv,0.2705802968960863,0.1373144399460188
mt,orv,0.2907071254402601,0.0802853788494536
xum,orv,0.1600688468158347,0.0490533562822719
aqz,orv,0.3256130790190735,0.1655313351498637
fro,orv,0.6260205097570689,0.4717741935483871
sq,orv,0.7357032457496137,0.5672333848531684
bg,orv,0.8092724497583312,0.6981684049860086
id,orv,0.6735203549693282,0.5204034624057415
tr,orv,0.6025469168900804,0.4542560321715818
akk,orv,0.2721761972115579,0.0704788846231562
sme,orv,0.226973026973027,0.0887112887112887
grc,orv,0.6233667271790044,0.4596024115287209
ckb,orv,0.3360655737704918,0.180327868852459
sv,orv,0.7480086145857918,0.6256490441350012
hr,orv,0.7808326463314097,0.7004122011541632
az,orv,0.6885964912280702,0.5603070175438597
cop,orv,0.020995660896748,0.0072784957775393
la,orv,0.6661545893719807,0.5322028985507247
pay,orv,0.2856140350877193,0.0790643274853801
gn,orv,0.3640552995391705,0.1059907834101382
fo,orv,0.6190067574814974,0.4851442668668883
quc,orv,0.3947867771896534,0.1551982422850294
eu,orv,0.6755559202428818,0.5202264708295725
say,orv,0.2947937131630648,0.0921414538310412
ota,orv,0.4620319510252002,0.3096565893748165
vi,orv,0.63240058910162,0.4706185567010309
cpg,orv,0.6587874808492011,0.4243817027796017
gu,orv,0.6323607427055703,0.463129973474801
mdf,orv,0.2736140851772543,0.1479895312871758
uk,ota,0.4822873775379809,0.3376757063751242
am,ota,0.5556443556443557,0.2389610389610389
ka,ota,0.5896488895454769,0.441818092283449
ceb,ota,0.4931009440813362,0.1931735657225853
sd,ota,0.502215390179944,0.3465955330500045
urb,ota,0.4836065573770491,0.1939890710382513
sab,ota,0.3663840766678953,0.1511242167342425
ltg,ota,0.5235294117647059,0.3176470588235294
ht,ota,0.1924812030075188,0.0396240601503759
cy,ota,0.3938682015740632,0.1920004698696112
oc,ota,0.4350243224461431,0.243820113173831
mpu,ota,0.3146067415730337,0.0786516853932584
xcl,ota,0.3672534578767738,0.1895096102029818
yo,ota,0.1338105058837801,0.0334829552347446
sk,ota,0.5710138104205901,0.3893596986817326
ps,ota,0.4199655765920826,0.2741578559134497
ctn,ota,0.481580206411045,0.2327933839108741
gd,ota,0.3211286213079173,0.1523072567707842
bho,ota,0.3081770442610653,0.1444861215303826
th,ota,0.2106087362143071,0.0837303835004831
olo,ota,0.4926075268817204,0.3245967741935484
sga,ota,0.2698598130841121,0.0549065420560747
ab,ota,0.4622579121398205,0.2678318375059045
cu,ota,0.4388847398556136,0.1856111526014438
koi,ota,0.3457382953181273,0.1932773109243697
ang,ota,0.2748538011695906,0.1403508771929824
bm,ota,0.2225276712725168,0.0514360124430297
got,ota,0.2779956854285154,0.0763875269660717
gya,ota,0.187964338781575,0.037890044576523
eo,ota,0.431178934769599,0.310293237582286
myu,ota,0.2573385518590998,0.0929549902152641
ug,ota,0.5633107454017425,0.4312681510164569
pl,ota,0.5355378942183527,0.368771383308705
sdh,ota,0.0588235294117647,0.0147058823529411
ajp,ota,0.4448669201520912,0.2268694550063371
egy,ota,0.2830075445816186,0.0417524005486968
ess,ota,0.309190031152648,0.0786604361370716
af,ota,0.487926065785551,0.2778495478485541
arr,ota,0.3751617076326002,0.1272100043122035
arh,ota,0.2920670812134916,0.1091011871113623
xpg,ota,0.2685240071132187,0.0806164789567279
azz,ota,0.3758921490880254,0.1703013481363997
bar,ota,0.4249800478850758,0.2098297419526469
orv,ota,0.4331709956709956,0.2444805194805195
de,ota,0.4817999531643346,0.3264226333352848
yrl,ota,0.2320303908827351,0.082775167449765
ru,ota,0.4989408315290838,0.3559601023161419
sa,ota,0.3507359191160023,0.1161812732071757
aii,ota,0.1169977924944812,0.0220750551876379
vep,ota,0.3691481197237145,0.2095165003837298
aln,ota,0.3856785490931832,0.1632895559724828
ga,ota,0.3418823217949566,0.1634456284333841
pro,ota,0.2684172882395014,0.1357923776438132
ro,ota,0.428984288791971,0.2499956211794791
ja,ota,0.07930752352263,0.0169028227156086
jaa,ota,0.1739130434782608,0.0608695652173913
hbo,ota,0.260275824770146,0.1142509464575446
ky,ota,0.6070194301512941,0.4422087397281314
yue,ota,0.165684724816784,0.0833453082339416
ml,ota,0.5613816063254266,0.3853516437786101
pcm,ota,0.4158188153310104,0.2531707317073171
el,ota,0.5053636558678395,0.3319030251019094
xav,ota,0.335417597141581,0.0928986154533273
hit,ota,0.2016806722689075,0.0496562261268143
si,ota,0.6886363636363636,0.4909090909090909
sr,ota,0.4785920672445495,0.3054023290429909
ta,ota,0.7109118740432976,0.5615569647933523
ca,ota,0.3450595537661466,0.2164905217245428
lt,ota,0.5518226104485133,0.4047539055938182
mk,ota,0.6588235294117647,0.4036764705882353
sjo,ota,0.0747596778383995,0.0155235126006755
be,ota,0.480860645484113,0.346822616962722
frm,ota,0.4077772953152892,0.2429681092295074
et,ota,0.5480143466900368,0.4044013827352841
fr,ota,0.4353892074990777,0.2711708085991213
abq,ota,0.2423312883435582,0.0766871165644171
eme,ota,0.4261049723756906,0.2147790055248618
ur,ota,0.2963663379710928,0.1867486154261785
xnr,ota,0.4606205250596659,0.2303102625298329
hy,ota,0.5609464054791896,0.4211408592365535
no,ota,0.4862712143078975,0.3177259358044538
es,ota,0.3820787791297175,0.2412249948442978
apu,ota,0.231,0.095
is,ota,0.402422535840792,0.2620987116310773
mr,ota,0.6043689320388349,0.4538834951456311
myv,ota,0.2894610433278893,0.1466999711787875
nl,ota,0.492545141230239,0.3306610724007892
it,ota,0.4177572272303388,0.2539788622940628
nap,ota,0.4278606965174129,0.1592039800995024
otk,ota,0.2468354430379747,0.0822784810126582
ckt,ota,0.4121489222730242,0.1739059438275637
sms,ota,0.349002849002849,0.1858974358974359
yi,ota,0.6144554257761805,0.4271738045322951
lv,ota,0.5506121469152596,0.4102051158944813
fi,ota,0.5755733818502591,0.4305877163965156
gwi,ota,0.7232142857142857,0.558531746031746
zh,ota,0.0882905160965334,0.0396231167284883
ar,ota,0.1527234267583289,0.073587438473742
gv,ota,0.2843336232724461,0.0716149608582197
bn,ota,0.65,0.509375
krl,ota,0.4815772462831286,0.3422753716871364
wbp,ota,0.365079365079365,0.1746031746031746
br,ota,0.4776134319408355,0.2399560263841695
kk,ota,0.6465474168082342,0.527131008294194
cs,ota,0.4845540344748209,0.3197004779894652
kmr,ota,0.4747928521513427,0.2718378756114605
ko,ota,0.5908763306827983,0.4035232817798362
hsb,ota,0.4343153935703411,0.2767977075311185
sah,ota,0.4698630136986301,0.2561643835616438
jv,ota,0.4062608938157986,0.2370494317785679
pad,ota,0.3333333333333333,0.1369047619047619
te,ota,0.8280166435506241,0.7184466019417476
or,ota,0.3935860058309038,0.2643343051506316
uz,ota,0.5716833890746934,0.4459308807134894
hu,ota,0.5392419601837672,0.4058192955589586
en,ota,0.5522099598099023,0.3721325529879925
gun,ota,0.1697608679043471,0.0175720070288028
lzh,ota,0.3237399872403771,0.0936768979939037
tt,ota,0.4679824561403509,0.3135964912280701
scn,ota,0.3777222420564084,0.1794002142092109
lb,ota,0.441747572815534,0.1893203883495145
gub,ota,0.1837336244541484,0.0579694323144104
hi,ota,0.3950792284716246,0.2542904875208829
tpn,ota,0.2744010647737356,0.1200088731144631
kpv,ota,0.2832714481141293,0.1382646081688489
tn,ota,0.2289719626168224,0.0654205607476635
nds,ota,0.3763783833044746,0.1817187642394969
he,ota,0.3965887039117557,0.2293262520001361
ha,ota,0.2679754676857644,0.0957869756834221
wuu,ota,0.1739130434782608,0.051487414187643
gsw,ota,0.3177182615325962,0.1413457872664887
gl,ota,0.3841382575757576,0.2359532828282828
yrk,ota,0.3757861635220126,0.1635220125786163
tl,ota,0.5505188421627526,0.3036592026215183
naq,ota,0.2672214516874711,0.0952380952380952
bxr,ota,0.4832984345398344,0.2513710240303121
lij,ota,0.3537749925395404,0.1509997015816174
hyw,ota,0.5558520495144912,0.3740271291972426
bej,ota,0.1966362647477198,0.053384654003849
pt,ota,0.3982188615837009,0.2553791220331863
fa,ota,0.2564434594217695,0.1657743357322509
wo,ota,0.2139767374795732,0.0571950398923387
da,ota,0.4782001396787389,0.3223585752768632
nhi,ota,0.345629426064898,0.1314871578057287
bor,ota,0.2780442804428044,0.1269987699876998
sl,ota,0.4715696381097065,0.2861754652487657
nmf,ota,0.3397435897435897,0.1582321187584345
mt,ota,0.1593064210241127,0.0443420933802944
xum,ota,0.2573149741824441,0.0869191049913941
aqz,ota,0.3971389645776567,0.2104904632152588
fro,ota,0.4366039426523297,0.2420350457984866
sq,ota,0.5224111282843895,0.3446676970633694
bg,ota,0.5426736199440346,0.3472398880691936
id,ota,0.3937880367577528,0.250684964721286
tr,ota,0.6839812332439679,0.562145166377543
akk,ota,0.2157607597494443,0.0475651646797332
sme,ota,0.2142857142857142,0.0681318681318681
grc,ota,0.4258723862031869,0.2194804903740559
ckb,ota,0.3032786885245901,0.1229508196721311
sv,ota,0.5174651876327591,0.3465305640783573
hr,ota,0.4757625721352019,0.3001648804616653
az,ota,0.7269736842105263,0.6217105263157895
cop,ota,0.0648999206830588,0.0011197685811598
la,ota,0.4185314009661836,0.2544830917874396
pay,ota,0.3457309941520468,0.103859649122807
gn,ota,0.2903225806451613,0.0921658986175115
fo,ota,0.4469055025206478,0.2920733669419714
quc,ota,0.3079996005193249,0.0876860081893538
eu,ota,0.5845983424961024,0.4024780503815541
say,ota,0.2227897838899803,0.0661100196463654
ota,ota,0.6033376661495241,0.4733112499475869
vi,ota,0.4464653902798233,0.2841678939617084
cpg,ota,0.5156489384985774,0.3050995841540818
gu,ota,0.5405835543766578,0.3835543766578249
mdf,ota,0.3147751605995717,0.1484653818700927
