task_lang,transfer_lang,accuracy,f1_score
mt,af,0.2996477919263072,0.1612806579449339
xnr,af,0.4904534606205251,0.2821266866602352
yrk,af,0.1415094339622641,0.0523535047170838
yi,af,0.8356793451133073,0.6333685257936503
et,af,0.872210591232939,0.6162598923942634
sv,af,0.8970232475808355,0.6932151688783668
gwi,af,0.4136904761904761,0.0982058621490139
da,af,0.8880574678240047,0.7053734842139612
ug,af,0.7518877057115199,0.4376737469148799
hsb,af,0.7493507656487866,0.530364930615045
pl,af,0.8445891076587191,0.610945082631216
ml,af,0.7424053266749896,0.5591448588538926
ru,af,0.8667037648412182,0.6319321622119405
de,af,0.8418174189645415,0.6509728028898234
ga,af,0.6680786286319412,0.4988376954786931
ky,af,0.7179172106597036,0.3949337911506917
say,af,0.1977406679764243,0.082603627473747
fi,af,0.8533603484397397,0.5622197913617994
fa,af,0.7517991881863685,0.5641254174314868
aqz,af,0.385558583106267,0.1448394441043644
az,af,0.7445175438596491,0.5163467215497077
cu,af,0.4381877022653722,0.2611768269785705
gsw,af,0.4758387342737323,0.3157691145887212
gl,af,0.8699968434343435,0.6141562618297902
bor,af,0.3337023370233702,0.1204912246811598
pay,af,0.2091228070175438,0.069703930135973
aii,af,0.1501103752759381,0.0264882823022357
or,af,0.7424684159378037,0.5341754977161559
cs,af,0.8277477623864268,0.5991673135970615
mpu,af,0.1685393258426966,0.098021331738437
vi,af,0.7403534609720177,0.5385502485101259
eu,af,0.7688520554689423,0.4366913493408532
af,af,0.9886713703666898,0.986375778532901
eo,af,0.9081388390185516,0.6760837396430184
koi,af,0.4489795918367347,0.2505717104459652
la,af,0.76,0.557369617023418
lzh,af,0.1703055220812362,0.1392334432296021
tt,af,0.5776315789473684,0.2518877873735702
ta,af,0.7769516728624535,0.5283163321478688
cy,af,0.6905321273346646,0.5442869391211762
ja,af,0.0767812647763557,0.0657128738184637
be,af,0.8682762071553666,0.6373270537483274
el,af,0.8002932131874418,0.576329859419632
ess,af,0.3142523364485981,0.1121010309531158
is,af,0.840127160783525,0.6588720298086721
arh,af,0.2195213868475598,0.0954186179622939
krl,af,0.7491919844861021,0.4821862907225649
bho,af,0.5206301575393848,0.3490470108873632
oc,af,0.7493298917899335,0.5239337441848855
ltg,af,0.7352941176470589,0.4864158307000961
ota,af,0.6267768040588704,0.409229865375257
wbp,af,0.4126984126984127,0.1406959341121771
yrl,af,0.3408977306807957,0.1249158377838416
hi,af,0.6905448961339206,0.5829940148288417
frm,af,0.8119843682153712,0.5770546838529698
eme,af,0.2044198895027624,0.1005805495393984
urb,af,0.1502732240437158,0.1270129469474815
hit,af,0.1023682200152788,0.0600946100821865
sq,af,0.7782071097372488,0.6150164203976933
bg,af,0.8733782752480285,0.6246832881742368
sk,af,0.8411016949152542,0.6295895321839022
vep,af,0.5894090560245587,0.336152742494963
sah,af,0.2883561643835616,0.14476940937654
en,af,0.8257900501013424,0.6514842642846087
gn,af,0.2073732718894009,0.09770763988167
nl,af,0.8524012886791039,0.6538383699648864
nds,af,0.6218900938667639,0.4626612043317012
scn,af,0.6187968582649054,0.437813871177085
it,af,0.8716506061548026,0.6075171481531346
pcm,af,0.6825783972125435,0.471471359390846
ajp,af,0.6768060836501901,0.4074940530110482
bxr,af,0.6064413201715027,0.3619851528238989
mr,af,0.7912621359223301,0.565522751733333
ro,af,0.8167726341232725,0.6022702778739614
xpg,af,0.2750444576170717,0.1521033476358185
abq,af,0.1273006134969325,0.0581352998642005
sms,af,0.3628917378917379,0.1338982820298323
apu,af,0.386,0.1199444666581535
wo,af,0.3548976256848986,0.1894670002228961
gun,af,0.1242264496905798,0.0407659874306904
gub,af,0.2506550218340611,0.0963881464289713
aln,af,0.5529706066291432,0.3809802608030874
tpn,af,0.3433895297249335,0.1037310031824755
sd,af,0.6836061126684149,0.4983719441939312
arr,af,0.1194480379473911,0.0549351098713147
ps,af,0.8096877305138923,0.6817000801988587
ang,af,0.5672514619883041,0.4147474879617737
xav,af,0.2974542206342117,0.1212613565706123
sr,af,0.8693634532878032,0.6627655745132234
ko,af,0.6310833323487364,0.3908925730198052
nap,af,0.5920398009950248,0.4429161158167874
olo,af,0.6673387096774194,0.3664204037962424
lv,af,0.8233175962230935,0.587526937678533
mdf,af,0.4425410421127765,0.2010630692724359
bar,af,0.5636472466081405,0.4094725743493717
naq,af,0.2413314840499306,0.1130669420797034
no,af,0.8539249894956065,0.6548898927229991
gya,af,0.0638930163447251,0.0245524455681899
nmf,af,0.3147773279352227,0.1379213250925606
fo,af,0.7738925238657085,0.5136790858772332
egy,af,0.0820473251028806,0.0334225540988514
tr,af,0.7500788519161016,0.4920968212214755
te,af,0.8349514563106796,0.5370966847110646
he,af,0.7622646648282436,0.5395316932553406
myu,af,0.2915851272015655,0.1075894273643914
sdh,af,0.5588235294117647,0.1788194891278814
ka,af,0.8258728517260058,0.5532624823930459
fr,af,0.8334339470771708,0.6168964054464791
ar,af,0.3156002115282919,0.2903408210210956
th,af,0.4880551760903608,0.3845711455945297
cop,af,0.0241683385433677,0.0104916704643273
bm,af,0.3133907256022571,0.1596242205682773
ctn,af,0.344200669810676,0.1433467357952217
sjo,af,0.1185372824110158,0.0130333760697606
uk,af,0.8561692460599176,0.6136989308913805
zh,af,0.2689243027888446,0.220701397025705
nhi,af,0.3954127470669062,0.2324159421761679
si,af,0.6556818181818181,0.5282042187181084
ur,af,0.6356206943131163,0.5479770625789058
bn,af,0.825,0.600561559777246
sga,af,0.2733644859813084,0.1754124629639943
orv,af,0.6931277056277056,0.4855433580547133
hu,af,0.8553790199081164,0.6113350127645868
mk,af,0.8544117647058823,0.6378208378327965
pad,af,0.3809523809523809,0.1286480763772414
pro,af,0.6965362215183406,0.5155365630512421
sab,af,0.3652782897161813,0.2114408207157747
am,af,0.4713286713286713,0.3358134900699089
kmr,af,0.7622042527702905,0.5369730031129789
wuu,af,0.2231121281464531,0.0878837037823489
sme,af,0.4358641358641358,0.215857834225806
br,af,0.6345192884269438,0.4208367810770473
yue,af,0.3395602816496623,0.266296769826099
cpg,af,0.6353687896695119,0.3455363171177676
sl,af,0.8268677771146438,0.615827526928331
ceb,af,0.485838779956427,0.2897990638953656
ckt,af,0.2978445460483344,0.1202283283700161
grc,af,0.6131468656850221,0.4441163464477931
hr,af,0.869002473206925,0.6680481912533327
gd,af,0.6223459469661224,0.4748059538088517
azz,af,0.3812450436161776,0.189037062052161
gu,af,0.7204244031830239,0.5230038118774298
gv,af,0.3631970619503237,0.1798018762701059
tl,af,0.7007099945385036,0.5102598108232477
jv,af,0.6778219340444817,0.4603001580025856
lt,af,0.8311775575340165,0.5865455079041461
pt,af,0.8724469649233354,0.6389086127432457
hyw,af,0.8047587280409162,0.551981141332759
quc,af,0.3656246879057225,0.1650911837264821
id,af,0.8027786533472346,0.5822150506763252
akk,af,0.2591739411574523,0.1066717210109109
jaa,af,0.3217391304347826,0.1172316056036986
tn,af,0.3551401869158878,0.2004505774195615
myv,af,0.4292439235277164,0.191026579273549
hbo,af,0.3784478096268253,0.2213339830153872
fro,af,0.7077110712863401,0.4842026281885891
ca,af,0.8735111558463345,0.6470669129801553
bej,af,0.146765961007447,0.0565863641734509
xcl,af,0.6165798455182324,0.4382029877539724
sa,af,0.3794568961660627,0.1401542536938137
otk,af,0.2974683544303797,0.0427661510464058
uz,af,0.7843924191750279,0.5313212540282584
ha,af,0.3077634295928745,0.1521135457950146
yo,af,0.2803590925633871,0.1210881464185471
hy,af,0.8293500646582691,0.5749687095605901
ht,af,0.3618796992481203,0.2140274308024559
ab,af,0.3664619744922059,0.0823491908112677
kk,af,0.7799540321774757,0.514459954496713
kpv,af,0.3962282587453586,0.1899065207235587
lij,af,0.5877350044762757,0.407416205806673
es,af,0.8752010723860589,0.6410030986754731
lb,af,0.4611650485436893,0.3011947552504827
got,af,0.2412237693665424,0.1213373365625
xum,af,0.216867469879518,0.1737295516560797
ckb,af,0.4098360655737705,0.2468698392003476
hyw,ar,0.6459120895411756,0.4584722502551434
krl,ar,0.5400775694893342,0.2988762916319289
la,ar,0.6143768115942029,0.4802620708990385
zh,ar,0.4462380363603059,0.2575743536783886
sab,ar,0.2742351640250645,0.1312605904101257
ta,ar,0.5578394926743931,0.352404722729119
xum,ar,0.1058519793459552,0.1304724717896737
ckb,ar,0.2704918032786885,0.1169128815235994
hy,ar,0.6444753101202165,0.4062394817385628
uk,ar,0.756282834019594,0.518888720908707
abq,ar,0.0644171779141104,0.0794593492158072
hr,ar,0.7223000824402308,0.5534790947852343
sv,ar,0.693651168279443,0.4955507192132466
lt,ar,0.7410549302872501,0.4984891932751019
gd,ar,0.5513824667358687,0.3745102578859555
lb,ar,0.3349514563106796,0.2761059005531346
gwi,ar,0.3313492063492063,0.1143702123057526
hsb,ar,0.6300707441568908,0.4196010602405886
akk,ar,0.1573714839961202,0.14165201013853
ar,ar,0.5614611723548794,0.4640582264131782
am,ar,0.4987012987012987,0.3467938980604813
pl,ar,0.7649666520228444,0.4943905067131434
ml,ar,0.5122763212650853,0.3043026367198139
say,ar,0.2222986247544204,0.0995003922815354
hbo,ar,0.5900486749594376,0.27501109082426
otk,ar,0.379746835443038,0.09
nmf,ar,0.1939946018893387,0.1174833237124238
ajp,ar,0.6894803548795945,0.4261391922742822
kk,ar,0.670530628560008,0.3620962887617126
ru,ar,0.7525427057662721,0.5293482923041227
fr,ar,0.6221953918905323,0.4747834905844409
xcl,ar,0.5165259565295491,0.3785976966238625
no,ar,0.6931986335154094,0.5004011966657458
tpn,ar,0.2513309671694765,0.0990158424447526
cpg,ar,0.4786605384110308,0.2964266398286975
id,ar,0.6744902165215916,0.5151374684993449
nap,ar,0.3184079601990049,0.2789601797427338
ka,ar,0.6755798493130447,0.4016143325293833
he,ar,0.7102781465972151,0.4728614739286856
hi,ar,0.6493190907710221,0.5198619821464332
ess,ar,0.2040498442367601,0.1050384276211953
mt,ar,0.1887474035943285,0.145739900804209
gsw,ar,0.3443099504384292,0.2840753623353732
sjo,ar,0.3699662249935048,0.0974221331205554
wuu,ar,0.3901601830663616,0.1575065486774634
gya,ar,0.0616641901931649,0.0353066952444178
si,ar,0.5875,0.4084665660770459
th,ar,0.5631892846433212,0.4024882051077008
ang,ar,0.3684210526315789,0.2516776207092199
grc,ar,0.5843698872677558,0.3852873385351603
or,ar,0.6345966958211856,0.4178068109352639
ps,ar,0.7332185886402753,0.598886859800323
ca,ar,0.6433987585975508,0.5115055151055545
de,ar,0.672486973830572,0.5148588307758706
es,ar,0.6697154052381934,0.5073185355642496
ceb,ar,0.4124909222948438,0.2228920152822082
te,ar,0.6449375866851595,0.3175243810280256
sa,ar,0.2336599114212857,0.1322623596137281
sd,ar,0.6100009042408898,0.4509187393704509
gu,ar,0.5687002652519894,0.4025884583743354
nds,ar,0.454023512257359,0.3556482017142484
oc,ar,0.5284423706939343,0.4108686895830303
wo,ar,0.2316639430933384,0.1523327974382985
sga,ar,0.1647196261682243,0.1057526216795989
ug,ar,0.5659244917715393,0.3184850959390419
cy,ar,0.6416069540702455,0.4451631807827088
arr,ar,0.0258732212160414,0.0261308347438365
yue,ar,0.4435982181347895,0.2238880334345562
mpu,ar,0.0505617977528089,0.1051587301587301
lzh,ar,0.220138938115829,0.1405586220112322
azz,ar,0.2959952418715305,0.1663866615417658
en,ar,0.6212219573717361,0.4620675703090166
ab,ar,0.3122342938119981,0.1011064101634182
kpv,ar,0.3269493844049247,0.1964860742504227
gub,ar,0.1768558951965065,0.075364929655619
bej,ar,0.23680026776002,0.076936620847814
ctn,ar,0.2186453420818809,0.0798503404623836
ur,ar,0.5774685938133189,0.4901204967769818
xnr,ar,0.3731105807478122,0.2368083691485927
bxr,ar,0.3843852826802273,0.2449515200465446
cs,ar,0.7242474712596986,0.5369975033446676
kmr,ar,0.6486972147349506,0.4138011579003486
egy,ar,0.1685528120713305,0.0987508366040631
ha,ar,0.2732456005177674,0.133133812191694
bar,ar,0.4251795690343176,0.327465299241488
fa,ar,0.7802375675473765,0.4794712415307933
ky,ar,0.6458797327394209,0.297505182987393
bn,ar,0.596875,0.345542896960231
tn,ar,0.2616822429906542,0.137262287907912
yrk,ar,0.0495283018867924,0.0229580317575333
ht,ar,0.2923308270676691,0.2016211560158587
koi,ar,0.3397358943577431,0.2287737871690898
jaa,ar,0.3043478260869565,0.1483870967741935
pt,ar,0.6664776307498425,0.4822579727284616
yi,ar,0.6137566137566137,0.5057907517385194
da,ar,0.6812331637234361,0.4738484033458672
aqz,ar,0.2534059945504087,0.0840496909398099
eu,ar,0.6248051202100599,0.3976084867591278
az,ar,0.6019736842105263,0.3891080931302928
sl,ar,0.696245456025175,0.4959726273762939
aln,ar,0.4898686679174484,0.4399262987140513
got,ar,0.1498333006471857,0.0970055529964071
urb,ar,0.0628415300546448,0.0934134401424121
is,ar,0.651687841507157,0.5005015799492877
gv,ar,0.3273412583357495,0.1506691047183827
fi,ar,0.6567427500275664,0.4174510999984147
uz,ar,0.6461538461538462,0.3899778158081927
ko,ar,0.5374836064605314,0.3110116002697839
cop,ar,0.1865814398357672,0.0979518349773472
sk,ar,0.7284212178279975,0.5397510632466095
yrl,ar,0.2466260121963411,0.104685438731833
frm,ar,0.6022579244463743,0.4364106205192956
pcm,ar,0.5926829268292683,0.3780914555331061
ro,ar,0.7137652601895154,0.4562255604931416
fo,ar,0.6236190067574815,0.4141132997161642
ja,ar,0.2834828899762516,0.104738444124306
mr,ar,0.5946601941747572,0.3769879693472032
tl,ar,0.659202621518296,0.3624145098316708
tr,ar,0.6316334174420438,0.3562212844604025
eo,ar,0.7241172950329144,0.5477355598944442
sq,ar,0.678516228748068,0.5129783412566206
sr,ar,0.7213028631468348,0.5925857707015243
nl,ar,0.6322769161609351,0.4477603277535765
vep,ar,0.3860322333077513,0.2537692248346634
quc,ar,0.2020373514431239,0.1039402759559994
yo,ar,0.2279509887176998,0.1235693527524194
ota,ar,0.4191790012159839,0.3353414270565282
lv,ar,0.7262276279640447,0.5290509214481066
hit,ar,0.2192513368983957,0.1456661631658306
xav,ar,0.2041089772219741,0.1014212943442463
lij,ar,0.444643390032826,0.3439201744797228
apu,ar,0.248,0.0831027274566549
gn,ar,0.0552995391705069,0.0975241625844035
aii,ar,0.2891832229580574,0.1000958068310095
cu,ar,0.3990540204132437,0.2371794256909604
mdf,ar,0.3078753271472758,0.1642301514933041
scn,ar,0.4402891824348447,0.3331457676490377
ltg,ar,0.5058823529411764,0.3537731862931508
fro,ar,0.5281760254878535,0.3776297059971033
vi,ar,0.5815169366715759,0.3052906514778156
naq,ar,0.2592695330559408,0.1139773528908324
bg,ar,0.7521622996692954,0.5058602184635587
bm,ar,0.2759169500108515,0.1218310421421621
ga,ar,0.565887881395195,0.3950792301759169
jv,ar,0.5236003625461898,0.4381096499037448
el,ar,0.6322677537009226,0.4798975735026204
sme,ar,0.2413586413586413,0.176715117338426
af,ar,0.6672960349796283,0.4661034311777345
bho,ar,0.4841710427606902,0.3214886159581838
be,ar,0.7474981235926945,0.4969419011544342
arh,ar,0.1801394384774825,0.0611353723861273
gun,ar,0.1970356788142715,0.0695021812221661
pay,ar,0.2357894736842105,0.0879596107131942
it,ar,0.6540721168790798,0.4645401180205197
sms,ar,0.3269230769230769,0.1303496862160127
pad,ar,0.25,0.08339122220147
ckt,ar,0.2287720444154147,0.1099370502097538
myu,ar,0.1643835616438356,0.0840017285728021
olo,ar,0.5013440860215054,0.2611538893192462
sdh,ar,0.2941176470588235,0.1679041546688605
orv,ar,0.6029085497835498,0.4018215713206052
bor,ar,0.2509225092250922,0.1322516163407157
nhi,ar,0.2957404079906987,0.2074084388388735
sah,ar,0.1472602739726027,0.1025863956633783
xpg,ar,0.2110254890337878,0.1235142307121335
pro,ar,0.5106774292428732,0.3930792233819004
hu,ar,0.600114854517611,0.4032819118708611
wbp,ar,0.2253968253968254,0.1375661375661375
eme,ar,0.1035911602209944,0.0847805007025194
et,ar,0.6559715662885243,0.4469925852007768
myv,ar,0.2885964069555192,0.1301967650532124
mk,ar,0.7169117647058824,0.5227178536366158
gl,ar,0.6881313131313131,0.5358064637804663
tt,ar,0.3578947368421052,0.220617444682777
br,ar,0.469518289026584,0.2986013507798444
en,be,0.7264496434429683,0.6138712743614407
gu,be,0.736870026525199,0.5649636220976861
xav,be,0.1920500223313979,0.0782432022423466
fro,be,0.5131919553962565,0.4148527981824801
tpn,be,0.2462289263531499,0.1012119106961136
gv,be,0.1521213878418865,0.1110473074818143
cy,be,0.629918947492071,0.5508771927515428
th,be,0.6424549361943158,0.4582375789363189
sdh,be,0.2279411764705882,0.101368849426563
koi,be,0.4945978391356542,0.2760851988070816
mdf,be,0.4894123245300975,0.2294173951804149
nhi,be,0.2470140577106014,0.1721449230023835
he,be,0.8215708303544071,0.5982693253282446
mpu,be,0.0168539325842696,0.0833333333333333
ctn,be,0.2193971703916342,0.0931840422342275
vi,be,0.7186303387334315,0.4900437830446248
yo,be,0.1526143394395244,0.1050830706733718
lb,be,0.1990291262135922,0.1561771561771561
arh,be,0.1793857169775768,0.0667768631643034
ceb,be,0.3907044299201161,0.2744175957906158
arr,be,0.0129366106080207,0.0567996436593032
nap,be,0.3283582089552239,0.2889743373838795
yi,be,0.8185085354896675,0.681393450604198
ru,be,0.962094394590525,0.8586926505392981
tr,be,0.7358066551017189,0.482354503769238
xnr,be,0.5314240254574384,0.3507961178996258
pro,be,0.2868090323899049,0.2997839832410206
apu,be,0.251,0.109324043882126
gd,be,0.5641219212984807,0.4336106088752685
sjo,be,0.0815796310730059,0.0686347437717366
hbo,be,0.3121281773931855,0.18659430920309
grc,be,0.7076133485734777,0.4879845192829712
is,be,0.8223492340183031,0.6453167742170303
scn,be,0.3457693680828275,0.3026082824331413
hu,be,0.7388016845329249,0.5774264775777714
naq,be,0.1489597780859916,0.0749790042128702
ky,be,0.7841947623070424,0.4625020531947036
ckt,be,0.3282168517308948,0.1610364871672515
gn,be,0.0368663594470046,0.089430894308943
jaa,be,0.2260869565217391,0.1144055944055943
sr,be,0.9185710533228264,0.7857956636001895
ang,be,0.2573099415204678,0.1932123548720187
sl,be,0.8602626010525745,0.7158150524663637
ka,be,0.8178460629339637,0.6254981884669395
ta,be,0.7660179313361032,0.4603144718261726
hi,be,0.6909836480534602,0.6532293132839226
bho,be,0.5093773443360841,0.3451539326250562
jv,be,0.5834204838597226,0.4580565627117318
bej,be,0.1613254120994059,0.0544837895359081
ko,be,0.647258291291043,0.4315047538055955
oc,be,0.5266554154670903,0.4567161629215266
pt,be,0.8221844150388574,0.658144445154264
bg,be,0.9164970745357416,0.6982698014802219
gub,be,0.1660480349344978,0.0716056358982628
sk,be,0.878060263653484,0.7394766499507994
cs,be,0.8790835601413657,0.7501654741957055
bor,be,0.2415744157441574,0.122460051991439
gun,be,0.0273512109404843,0.0236220819972879
si,be,0.7079545454545455,0.5847001852839975
hr,be,0.906760098928277,0.8011609669758255
ur,be,0.6720923949750102,0.6219070456138773
cu,be,0.5308937017674882,0.3150835110678803
ota,be,0.516248060715334,0.4236298670534361
be,be,0.9837378033525144,0.907151741170293
fi,be,0.8351389348329474,0.621974822297208
ajp,be,0.6679340937896071,0.4222492476177051
gwi,be,0.3293650793650793,0.0794883595957494
wbp,be,0.2476190476190476,0.1227686977479852
kpv,be,0.4495798319327731,0.2299086245010003
yrl,be,0.2039388183544936,0.0887819915728186
id,be,0.762529398928303,0.6005823320698769
abq,be,0.2285276073619632,0.0705840954760815
myu,be,0.1448140900195694,0.0890846444639281
krl,be,0.6499676793794441,0.4682307942927263
egy,be,0.0146604938271604,0.0537913333184149
bxr,be,0.6056436334629575,0.3810901063776351
gl,be,0.8385574494949495,0.6783363262698182
xum,be,0.0258175559380378,0.0597238011031114
cpg,be,0.6198292843072882,0.3516774356547085
yrk,be,0.2452830188679245,0.063879769722275
fo,be,0.7239622439129035,0.5074977587173156
pcm,be,0.1645993031358885,0.2392362281731697
aqz,be,0.2520435967302452,0.0838330408332189
af,be,0.7800854615919706,0.627755138769829
it,be,0.8116335094808829,0.6329189461138771
cop,be,0.0222554005505528,0.0500787401574803
ja,be,0.1015630395860229,0.1379738084439979
wuu,be,0.2654462242562929,0.1686375793306596
pad,be,0.246031746031746,0.0682366182379389
ml,be,0.7677902621722846,0.5604947641584018
nl,be,0.8070977248320471,0.619550267905812
no,be,0.834286340634648,0.6533355822375668
sd,be,0.7176959942128583,0.5470915236948815
sq,be,0.7697063369397218,0.658017270955129
yue,be,0.3918666475068257,0.3727472509508193
orv,be,0.7660984848484849,0.5778595068017559
bm,be,0.1550314692903132,0.0819873999329995
am,be,0.4503496503496503,0.3392911177090782
bn,be,0.79375,0.5361146513602025
uz,be,0.7779264214046823,0.5462195368481592
lij,be,0.2773798866010146,0.2756413110129006
ab,be,0.4066131317902692,0.1350192965480376
gsw,be,0.22417079679756,0.2016057264482382
kk,be,0.8003397621664835,0.4875284432542917
ht,be,0.1044360902255639,0.1426045680326625
pl,be,0.8793215916503587,0.683641834191742
uk,be,0.9402598324577596,0.806039427983753
gya,be,0.0066864784546805,0.0037608898790361
lt,be,0.9004703510834873,0.7175725141800919
de,be,0.8182971332669828,0.6679759158837288
nmf,be,0.1440620782726046,0.0939324976687229
br,be,0.5294823106136318,0.393025329582877
or,be,0.7755102040816326,0.5661829827837656
sga,be,0.0432242990654205,0.0638640595645994
el,be,0.8364442537366803,0.6734192640026683
tl,be,0.7438558164937192,0.5092318501840806
hit,be,0.0359052711993888,0.0711815146292837
ca,be,0.8193927193423922,0.6749826665366275
pay,be,0.1943859649122807,0.0677768519856681
ess,be,0.5050623052959502,0.1233909156018654
say,be,0.0273084479371316,0.0200739853162235
hy,be,0.8674744959049763,0.6911572359161636
ckb,be,0.2295081967213114,0.0908892525913802
frm,be,0.7330535050899792,0.5610209155924826
olo,be,0.5141129032258065,0.383576171034829
myv,be,0.5023537323470074,0.2299211851528409
sv,be,0.8670344583431673,0.6708070918121621
xcl,be,0.6686725345787677,0.4905033668123284
zh,be,0.4964280807803269,0.3952224674513761
ar,be,0.3270959606231949,0.3338452914910705
ha,be,0.1109193453940271,0.0921282312148965
hsb,be,0.6745768783021402,0.5612393714909307
tt,be,0.5956140350877193,0.3473130488085213
eme,be,0.1101519337016574,0.081478495356163
nds,be,0.2354871047115647,0.2078310925752646
az,be,0.7160087719298246,0.5213708262643455
mr,be,0.7572815533980582,0.475485755977919
ps,be,0.7919842635849521,0.6510374618691528
es,be,0.8437925345432048,0.6780660639335558
tn,be,0.1261682242990654,0.087973547190137
eu,be,0.7542873553786822,0.47778555452466
hyw,be,0.8062411978355941,0.6194134329956252
quc,be,0.1828622790372515,0.0899245962248357
wo,be,0.1259252138806113,0.096615885334703
eo,be,0.8276481149012568,0.6404720654756395
sa,be,0.2214020489419764,0.1748281066444604
otk,be,0.2974683544303797,0.0714285714285714
sah,be,0.3547945205479452,0.147672707250144
lzh,be,0.24385057063869,0.2016957203024951
sms,be,0.2596153846153846,0.1089525397950431
et,be,0.8335199701381112,0.6490134135533439
fa,be,0.7851433124984436,0.5718065240247844
got,be,0.0147087664247891,0.0206289736613834
xpg,be,0.3455838767042086,0.2309919815173104
kmr,be,0.7623040830588,0.5560326991869888
aii,be,0.1456953642384106,0.0666666666666666
bar,be,0.2976190476190476,0.311998005729948
azz,be,0.2443497224425059,0.1367543284329768
ltg,be,0.7176470588235294,0.5488817987649081
ro,be,0.8332369992818734,0.6697941562653075
urb,be,0.0163934426229508,0.0625
mt,be,0.1192991962431138,0.1013494407052075
te,be,0.8529819694868238,0.4755718226652484
sme,be,0.1925074925074925,0.1478491461504384
aln,be,0.4480925578486554,0.3681062786699274
lv,be,0.8972286682137046,0.7552060083274732
la,be,0.7680869565217391,0.6465818815343187
mk,be,0.8654411764705883,0.7624263750132992
akk,be,0.0740381506627869,0.0896235765938898
vep,be,0.3046815042210284,0.2628967051375614
fr,be,0.7832025354663447,0.661198822802115
sab,be,0.2108367121267969,0.1287420519147741
da,be,0.8543350294323057,0.7052896611588957
ug,be,0.7621490803484995,0.4938898024588596
ga,be,0.5763452247005096,0.4549994229169075
id,bg,0.8201391751327498,0.6040288322402513
arh,bg,0.2881100433389862,0.106270604925486
gwi,bg,0.4246031746031746,0.1021820324121302
vi,bg,0.7360824742268042,0.5151383515804757
eu,bg,0.7832116189382129,0.5118486494169809
ga,bg,0.619134290820041,0.4389099716943772
ar,bg,0.3943945002644103,0.3213183307795172
wo,bg,0.3870998750360473,0.228414076608969
wbp,bg,0.3968253968253968,0.1615781617055288
arr,bg,0.1845623113410953,0.0577926111027233
akk,bg,0.424426123504688,0.2053770515664709
sv,bg,0.8879808827000236,0.682409637127019
eo,bg,0.8662477558348295,0.7739596563462579
sme,bg,0.4283716283716284,0.2466337769238756
nhi,bg,0.4212028326815347,0.2575910155259361
hbo,bg,0.5372498647917794,0.3115205206301185
th,bg,0.6312264685303035,0.4494022877713952
yo,bg,0.3213635812204294,0.1612395368941211
pcm,bg,0.7027177700348433,0.5072736926180071
hit,bg,0.1810542398777692,0.1328333462729905
egy,bg,0.276920438957476,0.1251189151437344
gl,bg,0.8238478535353535,0.6274186045960922
mpu,bg,0.2584269662921348,0.1298462974933563
af,bg,0.79568717082381,0.628707352956335
hyw,bg,0.8286264917352308,0.6478833974855965
mt,bg,0.3174388151359162,0.1713111176607673
grc,bg,0.6471682467110423,0.483636538857094
cu,bg,0.4826985312422205,0.3098950800883095
kmr,bg,0.7926524907656983,0.577753400688565
aii,bg,0.1721854304635761,0.080533099766828
bho,bg,0.6066016504126032,0.4059834951826874
pl,bg,0.9138810122874982,0.6925555473195705
pt,bg,0.8234488552825037,0.6187617097252206
si,bg,0.6704545454545454,0.5991871681377685
apu,bg,0.456,0.1307521369864091
ps,bg,0.7841160560609786,0.5933913090988612
am,bg,0.471028971028971,0.3269133528935135
sdh,bg,0.4779411764705882,0.2204837056773929
jaa,bg,0.4,0.1625531331413684
got,bg,0.3116297313198666,0.188996982787037
aqz,bg,0.4025885558583106,0.147151645233476
olo,bg,0.6794354838709677,0.4247513920601102
hu,bg,0.7661753445635529,0.589938458742881
say,bg,0.2640471512770137,0.0988516331574558
sq,bg,0.7851622874806801,0.7210195177224978
yrk,bg,0.3341194968553459,0.1007528943325899
abq,bg,0.1733128834355828,0.0644999067561251
or,bg,0.7696793002915452,0.6238442975755547
yrl,bg,0.400479856043187,0.1875010480910731
gu,bg,0.7326259946949603,0.5552471675520902
sr,bg,0.9284651081341389,0.7603047610304834
cpg,bg,0.630772597942657,0.3605071930065749
fi,bg,0.837509648252288,0.5793008502720032
hi,bg,0.7654195987107444,0.623620965212748
lv,bg,0.8729828492171454,0.674198650453524
pro,bg,0.6980688668642077,0.5941996430030262
sah,bg,0.3445205479452055,0.1700040346637338
tl,bg,0.7777170944838886,0.5723107738207356
frm,bg,0.7935060549042312,0.6121341630444133
pad,bg,0.375,0.1342623420801789
sab,bg,0.3335790637670475,0.2107684763287688
nmf,bg,0.3677462887989203,0.1832285182521678
bn,bg,0.790625,0.5930990692482688
ro,bg,0.8422398542728531,0.6276957259578113
tr,bg,0.7656323923671345,0.514797489712885
sl,bg,0.884569475340459,0.6858930589771296
bm,bg,0.2894451276857411,0.1798210584763916
xcl,bg,0.646937309143165,0.5167491179618848
kpv,bg,0.4330662497557162,0.2404409515065052
ha,bg,0.3733781243258236,0.1945729329474157
kk,bg,0.7905466173678425,0.5039637875237704
cop,bg,0.0405916110670461,0.0087340298396529
ja,bg,0.1760863443893679,0.1151274580391493
lzh,bg,0.3473452895725526,0.223597702193378
bor,bg,0.3613161131611316,0.1626951051566179
ka,bg,0.8059782341064657,0.522502499345386
azz,bg,0.4205987311657415,0.2303035007170012
ht,bg,0.4019548872180451,0.2781926265331627
fa,bg,0.7846950718430161,0.6023183335578862
gn,bg,0.2672811059907834,0.1363841340732097
nds,bg,0.5843433883167776,0.468317447156141
sk,bg,0.9090552416823604,0.6955252325626318
fo,bg,0.7922878901641103,0.5741234137002142
pay,bg,0.2963742690058479,0.0872030012234495
ctn,bg,0.3970336955778826,0.1592449878574285
bar,bg,0.5010641127959564,0.3860543021665704
orv,bg,0.7416396103896103,0.5237873586321901
ky,bg,0.7384993472083557,0.4558674614367601
la,bg,0.8032077294685991,0.6794368395076178
oc,bg,0.7414871438498958,0.5697032778206277
cs,bg,0.9014068868397178,0.6747239048465568
sa,bg,0.4065226144141726,0.184626303758888
koi,bg,0.4753901560624249,0.2916061286144851
gya,bg,0.1708766716196136,0.0459308472259737
quc,bg,0.3811045640667133,0.1678424728555278
urb,bg,0.2622950819672131,0.1450639382453053
en,bg,0.8069983299552508,0.6291597820466039
eme,bg,0.3556629834254143,0.1288436850539637
bej,bg,0.2854154464061584,0.0770439749213504
tpn,bg,0.472715173025732,0.1562990610096102
ru,bg,0.9214578647350676,0.714084449212442
aln,bg,0.5861788617886179,0.4449406122120976
xnr,bg,0.5115354017501988,0.3595696444690819
gd,bg,0.5953571765594036,0.4641272762965371
ess,bg,0.2609034267912772,0.109893632092192
ug,bg,0.7404646660212972,0.4972971209907287
ota,bg,0.6594406474065999,0.4814915303726559
bg,bg,0.9919231747646908,0.9196043552971092
xum,bg,0.2805507745266781,0.1696679183215003
gsw,bg,0.3912504765535646,0.2843655691401116
is,bg,0.8282714849206083,0.6091385137672383
scn,bg,0.6114780435558729,0.4833961705826738
hy,bg,0.857033382824848,0.6508601638846602
myv,bg,0.4814103179940436,0.2244422809929051
hr,bg,0.9298845836768342,0.7581439797014975
de,bg,0.7939718595710633,0.6375512172363601
xav,bg,0.321572130415364,0.1331713082407508
ta,bg,0.7476492455718347,0.5210592401752997
yi,bg,0.8456623739642608,0.693117156419482
mdf,bg,0.4672852724244587,0.2328913357968935
tn,bg,0.3364485981308411,0.2481633309219515
naq,bg,0.256957928802589,0.1201729126823717
ltg,bg,0.7294117647058823,0.565443939214431
nl,bg,0.787293024649734,0.5857949159012676
ceb,bg,0.5403050108932462,0.3629244757465734
sd,bg,0.7403924405461615,0.6342300594217474
yue,bg,0.4954734875700531,0.4183508606160862
el,bg,0.7818422370020739,0.6268193158819024
ur,bg,0.736188031878968,0.707359048292448
ajp,bg,0.670468948035488,0.4584176236668211
te,bg,0.8196948682385575,0.471059662293423
gub,bg,0.4224890829694323,0.1690783655941649
lij,bg,0.6045956430916144,0.4627252410953336
mk,bg,0.9198529411764704,0.8058804673444134
ckb,bg,0.4098360655737705,0.2458358308358308
xpg,bg,0.2501481920569057,0.1273640864394543
nap,bg,0.5024875621890548,0.4560000912820792
sjo,bg,0.1774486879709015,0.0569228279408876
otk,bg,0.2974683544303797,0.0352720450281425
ko,bg,0.6226473055519454,0.3577192291512827
uk,bg,0.9279071418429646,0.7121965975973974
lt,bg,0.8531832689400303,0.6415014384324924
tt,bg,0.6004385964912281,0.322298796297114
zh,bg,0.4611324815679809,0.3192767444097911
fr,bg,0.8089093470168025,0.6199758921032427
bxr,bg,0.6046465250772759,0.3709649340427614
ml,bg,0.7811069496462755,0.5380823067601146
sga,bg,0.2873831775700934,0.1796983703885284
uz,bg,0.7910813823857302,0.549570303928223
gv,bg,0.3525659611481589,0.1797020325140287
no,bg,0.8604651162790697,0.6608392178965875
ab,bg,0.4508266414737836,0.1543614265731794
jv,bg,0.6758000418322526,0.4583764853070127
gun,bg,0.1806860722744289,0.0458152537370337
it,bg,0.8050046627292509,0.6227599016406575
cy,bg,0.6624574180664865,0.5544601074668035
az,bg,0.7532894736842105,0.5507205500455064
da,bg,0.8857627456849246,0.6678712681403435
be,bg,0.9225043782837128,0.7136380487531447
br,bg,0.6077353587847292,0.4088409694897638
es,bg,0.8297484017323159,0.63180810406343
he,bg,0.7824873182855003,0.5436372153172531
lb,bg,0.3592233009708738,0.2725040442253557
sms,bg,0.4255698005698006,0.1760681878152295
vep,bg,0.5894090560245587,0.4238208891081296
krl,bg,0.7495151906916613,0.5268700770446244
ca,bg,0.8190572051669183,0.6802354820618612
wuu,bg,0.3684210526315789,0.1701010529045754
mr,bg,0.7330097087378641,0.4939569897082092
myu,bg,0.350293542074364,0.1277684180617319
et,bg,0.8609474657967768,0.6162338736160506
fro,bg,0.7060185185185185,0.5247536009536609
hsb,bg,0.7886630249843288,0.5565717842691209
ang,bg,0.5146198830409356,0.3831444339584507
ckt,bg,0.2740039190071848,0.1236041423620808
got,bor,0.1804275348107472,0.0686346278699145
te,bor,0.4576976421636616,0.1530616462575225
cy,bor,0.3735463408904029,0.1346441165754621
sr,bor,0.3664302600472813,0.1391621835784725
sa,bor,0.323267570348499,0.0822190067705671
ess,bor,0.3500778816199377,0.1343910734033185
sga,bor,0.1939252336448598,0.0593096554759264
ta,bor,0.4058604854581237,0.1436082044838001
nmf,bor,0.3795546558704453,0.1508253141444486
mt,bor,0.2794184051295945,0.1522438492390981
fro,bor,0.2879330943847072,0.1765185551299616
da,bor,0.3325351691110446,0.158649929771258
or,bor,0.4042759961127308,0.1369761475193891
xnr,bor,0.352824184566428,0.127977284077489
az,bor,0.4901315789473684,0.1341197617622749
lt,bor,0.4180245254493532,0.1680424426759741
sq,bor,0.3183925811437403,0.1473536698702208
mk,bor,0.288235294117647,0.1154176891519234
ru,bor,0.4136415287565408,0.1663122195169575
apu,bor,0.409,0.1458748581563908
ota,bor,0.4022390875927711,0.1211837506589857
fi,bor,0.3775774616826552,0.1479725717387794
el,bor,0.3018665522420081,0.1448645235198132
xav,bor,0.3407771326485038,0.1126640782750137
sdh,bor,0.4411764705882353,0.1610105741253282
nds,bor,0.2880707190376378,0.1573616136444643
vep,bor,0.3346124328472755,0.1603503241723284
wbp,bor,0.4666666666666667,0.1538540555489708
aii,bor,0.2141280353200883,0.0601580053634848
ceb,bor,0.2679738562091503,0.1340581927657791
kmr,bor,0.4229809324148947,0.1534787043012708
pro,bor,0.2807806273628282,0.1491175031179552
tt,bor,0.5223684210526316,0.1924765414761873
quc,bor,0.3097972635573754,0.1425088025212127
th,bor,0.2341985139772765,0.0771071073281215
ga,bor,0.3360910715467602,0.1475488381041079
egy,bor,0.2240226337448559,0.1104381314220869
ha,bor,0.3286898634696582,0.1395939671048935
de,bor,0.304658685088695,0.1251426371498032
be,bor,0.4467100325243933,0.1669682770972255
es,bor,0.330006186842648,0.1538501069097834
lzh,bor,0.2274048344793365,0.0472910139811152
kpv,bor,0.4117647058823529,0.1438218282148902
uz,bor,0.5018952062430323,0.1635556614781994
af,bor,0.2693033886514955,0.1248907807515762
bor,bor,0.8358548585485854,0.6765115034393934
si,bor,0.4318181818181818,0.1462986608783314
myv,bor,0.4421173984052262,0.157302651007512
ca,bor,0.32392216071129,0.1438154264385096
ckb,bor,0.319672131147541,0.1269607843137254
myu,bor,0.4735812133072407,0.1503410301858615
otk,bor,0.2974683544303797,0.0329131652661064
nhi,bor,0.3220589789662826,0.1347389548463189
naq,bor,0.277207582061951,0.142736438088434
yo,bor,0.2964939949047677,0.1247443903394809
fo,bor,0.309986055990561,0.151215329965919
pay,bor,0.3078362573099415,0.1443382857303924
ab,bor,0.5285781766650921,0.1578746165790464
nl,bor,0.2972702979446068,0.1517134746618934
xpg,bor,0.3165382335506816,0.1024735739672025
hi,bor,0.3107038593293845,0.0994321873246964
azz,bor,0.3365384615384615,0.1715459480766442
ar,bor,0.2145547736240491,0.0489072354179171
ang,bor,0.2865497076023391,0.1336179431629922
hy,bor,0.4681737631112601,0.1595619304120777
cu,bor,0.2106547174508339,0.0504832845554981
pl,bor,0.3901114261751667,0.1454375395944696
frm,bor,0.280407198340329,0.1674336535140914
bho,bor,0.387396849212303,0.1203450096493446
gd,bor,0.2694158724167217,0.1253854412153162
aqz,bor,0.4659400544959128,0.1332696251613174
yue,bor,0.3209512861043253,0.0792878020712225
sah,bor,0.4938356164383561,0.2143335343815066
ctn,bor,0.4392727769803841,0.1585669943030692
kk,bor,0.511242130508644,0.182630432389577
yrl,bor,0.3799860041987404,0.1890474959018705
lb,bor,0.3106796116504854,0.130906260239974
sjo,bor,0.1299688230709275,0.0481863263093148
gsw,bor,0.3179565383149066,0.1499200974335209
ro,bor,0.3479936244373215,0.1533136979525238
gwi,bor,0.5277777777777778,0.1487986107740559
mpu,bor,0.1741573033707865,0.1061634018155757
yrk,bor,0.3018867924528302,0.0774098782885697
ug,bor,0.5518877057115198,0.1390539052640138
hbo,bor,0.2944835045970795,0.0835116470824616
tn,bor,0.1962616822429906,0.1193726213816168
gn,bor,0.3179723502304147,0.1593297179563293
xcl,bor,0.3180348482126818,0.1146482539467923
arh,bor,0.2754852082155643,0.1241667878979378
yi,bor,0.3070779674553259,0.1428036101207889
aln,bor,0.1995622263914946,0.096478258480032
fa,bor,0.404213462161018,0.1056320180843656
sd,bor,0.4028393163938873,0.1506810850688955
bn,bor,0.4125,0.1224777481614114
eo,bor,0.312687013764213,0.1613249591670542
fr,bor,0.3121876781701714,0.1502551717460804
mr,bor,0.4514563106796116,0.1824113881878861
ur,bor,0.2864379305686884,0.1110929243040584
am,bor,0.2816183816183816,0.1031149298054018
lv,bor,0.4243951881784962,0.1495910253914074
gub,bor,0.3960698689956332,0.1588951741125812
hit,bor,0.2811306340718105,0.0917577104206689
ml,bor,0.3986683312526009,0.1264617420578263
id,bor,0.4078995223431855,0.1385612319185558
lij,bor,0.2388839152491793,0.1410951257328141
bg,bor,0.3611676418214194,0.1589059945604176
tr,bor,0.4610668664248541,0.1552003467739096
tl,bor,0.3167667941015838,0.1285330575080244
hsb,bor,0.3873914211516074,0.1590947816742901
bej,bor,0.3429001757175132,0.1042947003547104
grc,bor,0.2925211232882853,0.1274671359986747
sme,bor,0.3401598401598401,0.1537348387168873
ky,bor,0.5428922509791875,0.163529020545065
sk,bor,0.3745291902071563,0.1373086544925311
gv,bor,0.304242775683773,0.1133966687200134
is,bor,0.2705574737688981,0.1539921606889953
sl,bor,0.3380988551896262,0.1553827778889948
gya,bor,0.1615898959881129,0.0708649186946683
sms,bor,0.3903133903133903,0.1106025676746636
ko,bor,0.4306981580159977,0.1323866317282431
gl,bor,0.3236742424242424,0.1353792826657791
eme,bor,0.3922651933701657,0.1591417821907225
ht,bor,0.2630075187969924,0.1782734098077143
uk,bor,0.4372071560414596,0.1765278823568002
say,bor,0.2725933202357564,0.1211448860782638
bar,bor,0.3004123437084331,0.153440315942489
ajp,bor,0.385297845373891,0.1166542082531681
bxr,bor,0.4942666267823312,0.1685172527311622
gun,bor,0.1761020704408281,0.0312781446411173
hyw,bor,0.4224297679934771,0.1760871787448515
ja,bor,0.155212168544758,0.0339886828123163
pad,bor,0.3313492063492063,0.1210983486654161
sab,bor,0.4106155547364541,0.1626391702671862
mdf,bor,0.417083035926719,0.1500470926000326
vi,bor,0.4250368188512518,0.1687374415444768
wo,bor,0.2893396135730078,0.1309602607085119
krl,bor,0.4033613445378151,0.1560162774628662
pt,bor,0.3518546523839529,0.1805855951793109
oc,bor,0.3306859922565273,0.1754145109902149
tpn,bor,0.5239574090505768,0.1754761726878131
pcm,bor,0.4080836236933798,0.128973477469441
orv,bor,0.3077110389610389,0.1321158780927335
bm,bor,0.3110034001302177,0.1383234361501573
eu,bor,0.4246738327726265,0.1476875446004803
it,bor,0.3043130245570407,0.1599022356739711
ltg,bor,0.3235294117647059,0.1452576245809328
la,bor,0.33343961352657,0.1503813410210753
jv,bor,0.397615561597992,0.1688075408128893
no,bor,0.2996766473629405,0.1593435006193669
cs,bor,0.3665217803414984,0.1474989438725301
xum,bor,0.3519793459552495,0.0810411605344305
abq,bor,0.2730061349693251,0.0416932140456772
gu,bor,0.3474801061007957,0.1274902461244236
br,bor,0.3087147711373176,0.1899220263581045
urb,bor,0.273224043715847,0.1157166620472551
ka,bor,0.4244349239178608,0.1202253758973897
cop,bor,0.0369990202024914,0.0050972199903583
arr,bor,0.2708063820612333,0.111856548708926
et,bor,0.3849911550383822,0.1595835391152637
jaa,bor,0.2695652173913043,0.1532554802596996
hr,bor,0.368878812860676,0.1359602911028013
nap,bor,0.2786069651741293,0.1684596542167254
wuu,bor,0.2860411899313501,0.0715862822521227
sv,bor,0.2874085437809771,0.1371577487471252
scn,bor,0.2933773652267047,0.1341321697563295
ps,bor,0.3385788050159823,0.1095920141068052
zh,bor,0.2675733846224298,0.0725261983392161
koi,bor,0.4297719087635054,0.1564675164006198
hu,bor,0.3693529862174579,0.1558479777983065
olo,bor,0.4133064516129032,0.1640399394094476
cpg,bor,0.3134165025169621,0.0912418688859214
ckt,bor,0.3043762246897453,0.120023418476142
akk,bor,0.3978338182993857,0.1660751760362762
en,bor,0.3023276558419355,0.130656978344156
he,bor,0.3427297177680182,0.1259596799611135
hu,ca,0.8680130168453293,0.5923583615006832
pay,ca,0.287719298245614,0.0913867683872207
hy,ca,0.8464006896882035,0.6005583383178437
olo,ca,0.6619623655913979,0.4270671618721893
he,ca,0.8279031763864774,0.648854973455445
sab,ca,0.3597493549576115,0.2299373530607059
sga,ca,0.3154205607476635,0.1771405985298408
bxr,ca,0.6175092232525675,0.3796575472474683
fr,ca,0.8916641513230708,0.7012557299356834
oc,ca,0.8024421721433536,0.5822571914644233
lzh,ca,0.2016020415396611,0.1825448957576622
ko,ca,0.6490778264825077,0.4125996788690663
abq,ca,0.2607361963190184,0.0848825898831613
id,ca,0.8475135174453847,0.618873830851654
az,ca,0.7664473684210527,0.5417762385642366
ha,ca,0.3766141708016149,0.192601951974059
jv,ca,0.7011782751167817,0.5204286064381876
ca,ca,0.9900184532796512,0.9002390761836758
urb,ca,0.2459016393442623,0.1533622580206431
xum,ca,0.3141135972461273,0.2138591230027212
la,ca,0.7856135265700483,0.6335929024357718
es,ca,0.9541554959785524,0.7935489891549636
vep,ca,0.5817344589409056,0.3929046041597889
gun,ca,0.1783176713270685,0.0431563852855528
tr,ca,0.7757944330547232,0.5191521158592437
lb,ca,0.3058252427184466,0.255754956542911
egy,ca,0.3227880658436214,0.1358126094421638
sd,ca,0.675287096482503,0.5574389359785302
frm,ca,0.8583007671153567,0.6674981453112067
ug,ca,0.7517909002904163,0.4462394578184365
cu,ca,0.527209360219069,0.3636411007390893
ml,ca,0.7519766957969205,0.5633745851247755
arr,ca,0.2039672272531263,0.0567419381760802
fi,ca,0.8586668871981475,0.6018892357059485
tpn,ca,0.5104259094942325,0.1543226537861138
xav,ca,0.3188923626619026,0.131335578728893
lv,ca,0.8386279373716359,0.6426687016081599
ajp,ca,0.6539923954372624,0.4355039702587939
pt,ca,0.9305229993698804,0.7195350937636045
br,ca,0.6416150309814111,0.4336907966419931
ja,ca,0.1482390568634013,0.0810041200009784
de,ca,0.8277081747750912,0.6458425841777807
hi,ca,0.7115543630503384,0.5908935316604463
ta,ca,0.7421823748086596,0.4481781591649504
ht,ca,0.4209774436090225,0.2907618859384742
arh,ca,0.2598454870925193,0.099538729396363
te,ca,0.8252427184466019,0.4658543761569854
nds,ca,0.5754123758315867,0.4478286066531929
ky,ca,0.7683741648106904,0.4415757810661775
scn,ca,0.6698500535523028,0.5478340650937263
no,ca,0.8693801494364164,0.6518176813600762
cpg,ca,0.647625300941125,0.3397357814288668
xnr,ca,0.4439140811455847,0.2977429833752992
kk,ca,0.8073348655940842,0.5036442057633451
akk,ca,0.5022631749110895,0.2166532792318981
hyw,ca,0.7767400489215033,0.5799013600865255
koi,ca,0.5330132052821128,0.3309716583027023
bm,ca,0.2900962164508428,0.1632092482860678
uz,ca,0.7985507246376812,0.5275591475164725
bor,ca,0.383210332103321,0.168773637873423
gd,ca,0.5908275927149194,0.4558250157834292
tn,ca,0.2943925233644859,0.2100709250099493
gu,ca,0.7251989389920425,0.523093019353967
sa,ca,0.3867937189638974,0.1536266590298109
eo,ca,0.8830041891083183,0.7768297651010315
sdh,ca,0.4779411764705882,0.2133138969873663
gn,ca,0.2626728110599078,0.1425630115424287
eu,ca,0.750512841552474,0.4263740010720052
nhi,ca,0.4576683225874643,0.3264357668068628
mk,ca,0.8654411764705883,0.7176005888018518
quc,ca,0.3615300109857186,0.1915710617866231
aii,ca,0.1721854304635761,0.0798756798756798
sv,ca,0.8967872315317441,0.6821494995575702
is,ca,0.84112165197278,0.6772887850293487
cy,ca,0.6427816280982027,0.5798406395706522
grc,ca,0.6406463614155404,0.4884885862036055
be,ca,0.8639604703527646,0.6289452301736587
wo,ca,0.4012304143035662,0.2238412395133131
yrk,ca,0.3325471698113207,0.0997009723336215
cs,ca,0.8747098888302122,0.6990979322526257
da,ca,0.9004290132694802,0.6987055728657653
uk,ca,0.8706872071560414,0.6364923523949904
jaa,ca,0.4521739130434782,0.1929093567251462
myv,ca,0.5245460659045057,0.2426000197875255
yi,ca,0.8473594888689229,0.6533329696459148
aqz,ca,0.4407356948228882,0.1576256869035802
apu,ca,0.46,0.1416439996968276
cop,ca,0.0830495031026921,0.0325407960635263
orv,ca,0.7323187229437229,0.4986667849447832
xcl,ca,0.6274474582360338,0.4740924512026025
gsw,ca,0.3509817003431185,0.2898987948368212
yue,ca,0.3975427503951717,0.3083099077859283
nap,ca,0.5771144278606966,0.5773701298701298
wbp,ca,0.4888888888888889,0.2118622580749897
tt,ca,0.5859649122807018,0.2821133384087285
mpu,ca,0.2022471910112359,0.113063119984836
af,ca,0.8482559872801352,0.6497850026257762
el,ca,0.850032181935207,0.6249399280579653
kpv,ca,0.4667774086378737,0.2348053046870036
sr,ca,0.9054373522458627,0.7152322859729501
ang,ca,0.52046783625731,0.4032425672816242
ceb,ca,0.5374001452432825,0.3442434111765383
ga,ca,0.6756238003838771,0.4760535825442811
sjo,ca,0.1338009872694206,0.0441894202334236
lij,ca,0.6436884512085944,0.4989928123935421
pcm,ca,0.678397212543554,0.4623340807796898
si,ca,0.6511363636363636,0.5432690997041941
et,ca,0.8783290325721798,0.647614962952314
en,ca,0.8320192674598966,0.6432795730531368
ess,ca,0.2620716510903427,0.119467522348554
nmf,ca,0.3717948717948718,0.1640695620498368
mdf,ca,0.5051153937663574,0.2597746493737294
hr,ca,0.8939406430338005,0.6977721581908423
th,ca,0.4621997134575017,0.4024630237986073
or,ca,0.7687074829931972,0.6453728238123314
fro,ca,0.7587116686579052,0.5699597243330639
yo,ca,0.3174814994540822,0.1410533788501413
hit,ca,0.1398013750954927,0.1121812194914309
krl,ca,0.7433742727860375,0.5408889085969992
ltg,ca,0.7294117647058823,0.5292799900358041
eme,ca,0.3705110497237569,0.1432192436755255
myu,ca,0.37279843444227,0.1371236066203115
mt,ca,0.3640386525783437,0.218683512832691
wuu,ca,0.2505720823798627,0.1145456047046032
pl,ca,0.8635062635621763,0.6193480317752789
sk,ca,0.9007376020087884,0.7379851101858188
pro,ca,0.756820271789108,0.6629392237757099
bg,ca,0.9007886034088018,0.6840025930959942
ar,ca,0.3677582068909409,0.339142548001916
lt,ca,0.8392407189652276,0.6042742545674717
ka,ca,0.8054365489732604,0.560584084562953
azz,ca,0.4871134020618556,0.3037938021654856
ota,ca,0.6596083693236614,0.4711902447304118
ro,ca,0.8487905697721262,0.613461509675471
say,ca,0.2658153241650294,0.1004909977826201
ru,ca,0.8816209720033482,0.6840117504426052
hbo,ca,0.3635749053542455,0.2362497828733464
fa,ca,0.7735637622332345,0.5732589878076605
nl,ca,0.8814215429185085,0.6633308536361008
xpg,ca,0.2738589211618257,0.1161173914797112
naq,ca,0.2877484974572353,0.1370940410182647
fo,ca,0.7683149200900997,0.5281990169399933
tl,ca,0.7007099945385036,0.4956436941984539
ab,ca,0.4781294284364667,0.1506269963271594
ps,ca,0.7882960413080895,0.6450772452617357
sl,ca,0.849167164017145,0.6697188402161478
bn,ca,0.765625,0.5002138075904424
zh,ca,0.3408664193799514,0.2320172257060757
gl,ca,0.912594696969697,0.7266918567680657
am,ca,0.4711288711288711,0.338776444917208
gv,ca,0.3548854740504494,0.1780045651720125
gya,ca,0.1601040118870728,0.0352192561732764
otk,ca,0.2974683544303797,0.0352720450281425
it,ca,0.915907677960833,0.6923645210520302
sah,ca,0.3986301369863013,0.1760519653697116
hsb,ca,0.7760365362227993,0.5961741480081123
sq,ca,0.7867078825347759,0.6997143374910747
got,ca,0.2953520298097666,0.1893672887120323
gub,ca,0.3722707423580786,0.1444473390539793
aln,ca,0.5684803001876173,0.4108202455461088
vi,ca,0.7750368188512519,0.5397394321366088
bho,ca,0.4925731432858214,0.3249380467981039
yrl,ca,0.3896830950714786,0.1868305701943066
kmr,ca,0.7914545273035839,0.5763175363917076
mr,ca,0.7839805825242718,0.561795962729861
ur,ca,0.6983655274888558,0.5933421807498114
gwi,ca,0.4613095238095238,0.1477744888587192
sme,ca,0.4413586413586413,0.2490485686573335
sms,ca,0.4198717948717949,0.1785117125085103
ctn,ca,0.377896247693254,0.139037529901547
pad,ca,0.376984126984127,0.1524031726288519
bar,ca,0.4558393189678106,0.3687208551473833
bej,ca,0.2996401974730148,0.0817329075523099
ckb,ca,0.4262295081967213,0.1950888713420825
ckt,ca,0.3218484650555193,0.1399672101155447
ru,cop,0.2049876781063096,0.0383984981875674
pay,cop,0.199766081871345,0.046262901872693
te,cop,0.3273231622746186,0.0694280205794679
pt,cop,0.1410081915563957,0.0273163970855538
uz,cop,0.1856187290969899,0.0320372052675201
hy,cop,0.208582786531922,0.0377585574301942
id,cop,0.163906602332517,0.0323603176651654
nap,cop,0.1293532338308457,0.028847481021394
kpv,cop,0.2410592143834277,0.0482215038624002
no,cop,0.1623339849102102,0.0353568527962953
or,cop,0.1467444120505345,0.0342011050522779
wbp,cop,0.2063492063492063,0.0732988378793699
et,cop,0.1879676063424055,0.0363970268839688
otk,cop,0.3291139240506329,0.0957919065061922
uk,cop,0.1884495243504188,0.0355022884316423
en,cop,0.2039981961534459,0.0388514850158945
ro,cop,0.1559385563904506,0.0282602053927757
yo,cop,0.1922843624893849,0.0494076362639837
ang,cop,0.2105263157894736,0.0534452357733187
gub,cop,0.1986899563318777,0.041966986687961
myu,cop,0.1653620352250489,0.0335173384235092
jv,cop,0.1697692254061214,0.0262545247377578
bar,cop,0.1430566640063846,0.018458090752841
aqz,cop,0.2309264305177111,0.0380546788437971
nl,cop,0.1376089508254039,0.0330632843421319
az,cop,0.2160087719298245,0.0356553775720338
tl,cop,0.1753140360458765,0.0329944221659263
ar,cop,0.1016312085587601,0.0142264606150944
ceb,cop,0.1655773420479303,0.0268803366037592
gd,cop,0.0978578843068793,0.0203003537289921
koi,cop,0.2665066026410564,0.0535032330826296
he,cop,0.1290300616212167,0.0252550619485145
el,cop,0.1698491024815847,0.0363756345430185
sms,cop,0.2628205128205128,0.042471975969038
ajp,cop,0.182509505703422,0.0258494803126788
hsb,cop,0.1859048983612429,0.0258940547251845
sga,cop,0.0292056074766355,0.0106737738984502
yrl,cop,0.2257322803159052,0.0426680374551129
vep,cop,0.1895625479662317,0.0366035001005337
xcl,cop,0.1805281120890964,0.0418613578502935
tn,cop,0.1261682242990654,0.0303592279689539
lv,cop,0.1870849003760902,0.0335343937200097
ckt,cop,0.2091770084911822,0.0542244106782581
lt,cop,0.2013270619855535,0.0359416525835638
yue,cop,0.1646788331656847,0.053623499399145
vi,cop,0.1809278350515464,0.0371782979629857
xav,cop,0.1661456007146047,0.0331668614319014
hit,cop,0.0252100840336134,0.0164411646473472
ky,cop,0.1487596958758928,0.0290415404720809
bn,cop,0.3125,0.0610697628889092
myv,cop,0.2790854068594485,0.0535511901613102
es,cop,0.1452979995875438,0.0328658105725126
ga,cop,0.1325368985372956,0.0231066132674331
hu,cop,0.1557235834609494,0.0402495714242074
xnr,cop,0.147175815433572,0.0301258227509026
orv,cop,0.1087391774891774,0.0247066225697369
akk,cop,0.0579938570966699,0.0213068381485944
arh,cop,0.1846617674769173,0.0374243965095923
gv,cop,0.1498985213105247,0.0216325385310784
gu,cop,0.1628647214854111,0.0311924241380675
egy,cop,0.0816186556927297,0.0361911327302654
oc,cop,0.1511962672490817,0.0234314681600734
fro,cop,0.1353046594982078,0.0255449050463684
arr,cop,0.02501078050884,0.0134811753204896
ps,cop,0.1384312761249078,0.0268794685769411
yi,cop,0.2086453029849256,0.044437709997186
grc,cop,0.1513256684372128,0.0466355930424487
bm,cop,0.1627721912754105,0.0302863888807002
olo,cop,0.2284946236559139,0.0338856673077205
lij,cop,0.1211578633243807,0.0189388854453478
pl,cop,0.1963070942662779,0.0370930787576883
quc,cop,0.1725756516528513,0.0233521318543694
ess,cop,0.1253894080996884,0.028465025735037
jaa,cop,0.2,0.0576958610495195
wo,cop,0.1421705277323849,0.0313424087461093
got,cop,0.0303981172778976,0.0184700828777825
ka,cop,0.1891958437977052,0.0346465644885125
sa,cop,0.0695208696819218,0.0170478030517321
yrk,cop,0.1792452830188679,0.0384265636308453
aii,cop,0.2538631346578366,0.1242066428751331
am,cop,0.1648351648351648,0.0328541629872428
mk,cop,0.2264705882352941,0.0444574723536167
cy,cop,0.1279220016445436,0.0294259258711182
sah,cop,0.1294520547945205,0.029976230022297
ko,cop,0.1492491463544313,0.0358487892100607
fa,cop,0.1088726747515999,0.0252818548742799
fi,cop,0.1842402690484066,0.0368828636395794
nds,cop,0.1616695525380479,0.0277611453034754
hbo,cop,0.1381151974040021,0.0305473700733633
nhi,cop,0.2109713560934362,0.0362833248114556
ltg,cop,0.2058823529411764,0.0390303813833225
lzh,cop,0.0586942652583823,0.0179665066945403
mdf,cop,0.2498215560314061,0.0469118895860637
sd,cop,0.1029026132561714,0.0204182857107233
ur,cop,0.0594353640416047,0.0147604076637346
ht,cop,0.0985714285714285,0.0165723306833041
ca,cop,0.1268579097466868,0.0350987434805721
ja,cop,0.1388751640341509,0.0224433726378037
it,cop,0.1338514143612061,0.0261754366395727
th,cop,0.0503115316696098,0.0159736259016222
ckb,cop,0.2377049180327868,0.0560015290519877
gn,cop,0.0691244239631336,0.0290885585003232
kmr,cop,0.141759009683538,0.0233625501888891
apu,cop,0.297,0.0553041580942535
sab,cop,0.1828234426833763,0.0238121078302957
pad,cop,0.2361111111111111,0.0412913253470529
tt,cop,0.1850877192982456,0.035942480399908
ota,cop,0.0735041301522076,0.0201287805840638
sv,cop,0.1813193297144205,0.0415762129735532
pro,cop,0.0975784203535301,0.0204307922113748
frm,cop,0.1337386018237082,0.0289032418821335
kk,cop,0.2218447087039072,0.0382087795796323
si,cop,0.1522727272727272,0.0408561719405092
tpn,cop,0.2531055900621118,0.0419977223656478
urb,cop,0.0491803278688524,0.0200430227860989
da,cop,0.1989424324054674,0.0436563487954686
cpg,cop,0.2070474939811775,0.0413939999300633
gl,cop,0.1175662878787878,0.0241915022143088
sk,cop,0.161487758945386,0.0335388450386254
bho,cop,0.1147786946736684,0.0207166900370535
cs,cop,0.1767342351491516,0.0345362473291062
ctn,cop,0.2183719499692434,0.037821486912621
naq,cop,0.1552473416551086,0.0301739714413591
tr,cop,0.1731390947800031,0.0328167193649489
gsw,cop,0.1697007243614182,0.0299724360404362
fo,cop,0.1784833208194787,0.0339568783676576
de,cop,0.142448724703862,0.03187311629256
xum,cop,0.0103270223752151,0.0089743589743589
eo,cop,0.2208258527827648,0.0949073974360356
cop,cop,0.2471889142910465,0.1858388039898858
pcm,cop,0.314006968641115,0.0401570037207984
la,cop,0.1230241545893719,0.0223366459184853
gya,cop,0.0650074294205052,0.0452158871271514
bor,cop,0.213530135301353,0.0324224995921082
bxr,cop,0.2011167613919633,0.0337226600647888
wuu,cop,0.1727688787185354,0.0579124018141006
lb,cop,0.1553398058252427,0.036057486057486
sdh,cop,0.1911764705882352,0.0530904995602028
hr,cop,0.1417971970321516,0.0350434861102994
aln,cop,0.0877423389618511,0.02306336243895
eu,cop,0.1631246410109132,0.0273863512735193
af,cop,0.1450859584616913,0.0331501958161626
br,cop,0.1191285228862682,0.0197856915212166
mt,cop,0.1276076943917637,0.0248834865087771
scn,cop,0.1914494823277401,0.0378127445003609
gun,cop,0.1646420658568263,0.0234487609878717
ta,cop,0.1865296304395364,0.0470062435720324
sme,cop,0.1536463536463536,0.0301412460362631
is,cop,0.1667113628998916,0.0326744574187304
mpu,cop,0.0168539325842696,0.0035650623885918
ug,cop,0.2394966118102613,0.0435671849703089
eme,cop,0.0953038674033149,0.0164221216027948
bej,cop,0.2047527403564555,0.0285566769165124
sl,cop,0.1737832998752102,0.0329571813195627
azz,cop,0.2242268041237113,0.0391151009589424
sr,cop,0.1388669993870939,0.0348351705057897
ha,cop,0.2133633309705057,0.035573391753448
xpg,cop,0.2033195020746888,0.0643688379863702
sq,cop,0.1476043276661514,0.0390920574046173
say,cop,0.187426326129666,0.0389435531635076
bg,cop,0.1841134571355889,0.0437477736129228
nmf,cop,0.1400134952766531,0.0263844783813931
hyw,cop,0.1820472907864502,0.0346779854991785
sjo,cop,0.2214861002857885,0.0802644322479067
cu,cop,0.0504854368932038,0.0283390598366467
krl,cop,0.2117000646412411,0.0385967636173471
hi,cop,0.0953947923522165,0.0206960728245433
be,cop,0.1800100075056292,0.0327308551687556
fr,cop,0.1519435221517926,0.0288968075402365
ab,cop,0.3407652338214454,0.0685534142133539
ml,cop,0.1473158551810237,0.0302894990288617
zh,cop,0.1665178366991803,0.0455929265403151
abq,cop,0.0690184049079754,0.0263619973833851
mr,cop,0.2766990291262136,0.0455079994530288
gwi,cop,0.3244047619047619,0.0413474411394917
ar,cs,0.3851442053451572,0.3517468480115223
en,cs,0.7742565327492307,0.6311861708679836
yo,cs,0.2826640786121557,0.124592381570409
pad,cs,0.369047619047619,0.1204371732603497
aii,cs,0.1611479028697571,0.031328320802005
gwi,cs,0.4136904761904761,0.1575842733489615
sjo,cs,0.1351000259807742,0.0560606482505691
bg,cs,0.907148308318494,0.6662603977420046
el,cs,0.832475148394479,0.6419285195332785
myu,cs,0.2827788649706458,0.1090106607368395
gya,cs,0.1248142644873699,0.0388940972332922
ta,cs,0.7413076754865515,0.4371058541980723
bm,cs,0.2833682992114592,0.1454926126861855
arh,cs,0.252119841718485,0.0939688185563248
et,cs,0.8380154827401529,0.6372894007104962
urb,cs,0.1612021857923497,0.1078180795604369
it,cs,0.8466894622318931,0.6410442987337012
tt,cs,0.5877192982456141,0.3361762211344663
arr,cs,0.11254851228978,0.0437826974649937
ky,cs,0.760540665079487,0.4524014516715438
xpg,cs,0.2495554238292827,0.1169727041342672
pl,cs,0.9134150724869204,0.6993899078735393
nmf,cs,0.3569500674763832,0.1924024219799665
hbo,cs,0.5458355868036776,0.2930431477460332
ota,cs,0.6393559478384838,0.4237607781192426
otk,cs,0.3924050632911392,0.0786551197147223
yrk,cs,0.1988993710691824,0.0684807138927576
ps,cs,0.7850995820014753,0.6788966030187349
sdh,cs,0.3970588235294117,0.1448024570653003
mdf,cs,0.4748988817511301,0.2240829244256582
ga,cs,0.6370044344430472,0.4595461295157689
lb,cs,0.3155339805825243,0.2068525961109081
nds,cs,0.5534493757404538,0.4291149830579512
tpn,cs,0.4043921916592724,0.1269868422462136
vep,cs,0.5963161933998465,0.4113723490358228
quc,cs,0.3518426046140018,0.14503969110626
ess,cs,0.2488317757009346,0.1099643828038651
ja,cs,0.1511717484048177,0.0908412103694911
pro,cs,0.7024624501890263,0.5250818674449433
wbp,cs,0.3619047619047619,0.131135661677358
scn,cs,0.6282577650838986,0.4550181722829431
bho,cs,0.4952738184546136,0.3494312582443328
ang,cs,0.4736842105263157,0.362410648482077
cop,cs,0.0304203797881771,0.0043676307677534
yi,cs,0.8442647499251272,0.6967048575683046
kmr,cs,0.7874613157632026,0.5976465745621835
af,cs,0.7763092517142005,0.6174527593357287
th,cs,0.5315696531503016,0.4504911390424945
gsw,cs,0.3727601982462828,0.3037127104551522
mk,cs,0.861764705882353,0.6830832665232305
lv,cs,0.8826384999066442,0.7781823538818182
sq,cs,0.7812982998454405,0.6718795875643477
eo,cs,0.8626570915619389,0.7163943030174594
cs,cs,0.9808777132334024,0.8987622687961984
bej,cs,0.2411513680863526,0.0606660385491842
bar,cs,0.4745277999467943,0.3898823858117353
lzh,cs,0.2126958247678457,0.1690552469448118
hu,cs,0.7730666156202144,0.5838920269846992
olo,cs,0.6451612903225806,0.4257844849482526
ckb,cs,0.3688524590163934,0.157682626206878
oc,cs,0.7604487243125186,0.591108117646151
gu,cs,0.7145888594164457,0.536571093419891
or,cs,0.7638483965014577,0.6106165055988981
orv,cs,0.7452516233766234,0.5346240052516346
ltg,cs,0.7352941176470589,0.5686437702304575
fro,cs,0.7023596176821983,0.5215189251884526
mr,cs,0.7548543689320388,0.5408662456981468
aln,cs,0.5348968105065666,0.3804778850233118
koi,cs,0.4849939975990396,0.2701563060755947
sv,cs,0.8539650696247345,0.6653474987558621
ml,cs,0.7449022055763629,0.5359989978840587
ckt,cs,0.2741672109732201,0.1159218261737871
sr,cs,0.952893792137291,0.86723534881771
nl,cs,0.8185110261981469,0.6267634778478799
wo,cs,0.3536479861578391,0.1960787429066297
bn,cs,0.76875,0.5269226101567874
wuu,cs,0.2688787185354691,0.1020204418541398
mpu,cs,0.1741573033707865,0.1112575328372281
id,cs,0.7857333365662051,0.6106892657117561
vi,cs,0.7312960235640648,0.5298725769856549
te,cs,0.8141470180305131,0.508593336712549
hit,cs,0.2597402597402597,0.134796079922286
eu,cs,0.7569131041273488,0.4822471453348178
apu,cs,0.426,0.123194697368544
kpv,cs,0.4315028336916162,0.2503656713124456
mt,cs,0.3138264246365032,0.1907234220911269
tl,cs,0.671217913708356,0.4973205806814355
la,cs,0.7961159420289855,0.6447008358705214
akk,cs,0.3934691238279987,0.1657472518035312
sk,cs,0.9641399874450722,0.9083195231873542
sms,cs,0.3967236467236467,0.1618890840624244
ceb,cs,0.5098039215686274,0.3088496998277115
hi,cs,0.6640679052970857,0.5979595971402052
ctn,cs,0.3538377417811496,0.1391490989113105
pay,cs,0.2458479532163742,0.0762703773309572
is,cs,0.7903523180583957,0.6463697281540695
be,cs,0.906117087815862,0.7083858526617123
sah,cs,0.2698630136986301,0.1435352572576957
nhi,cs,0.4229996829087834,0.2375292228887155
sab,cs,0.3571691854036122,0.2191530628856904
xnr,cs,0.4984089101034208,0.3125388399764774
eme,cs,0.2537983425414364,0.1140807560313841
pt,cs,0.8591010291955472,0.6643133734755556
br,cs,0.6318209074555267,0.4437479373169644
ab,cs,0.4239017477562589,0.1509017248731164
ca,cs,0.8481630598892803,0.6863627330041079
de,cs,0.8271568799640927,0.6844223137015829
fa,cs,0.7883806061209752,0.5697711082577719
gun,cs,0.1780884712353884,0.0427915942710709
yue,cs,0.3677252478804426,0.2766893677816631
es,cs,0.8656011548772943,0.6969444626531086
krl,cs,0.6919844861021331,0.4958952103213982
xcl,cs,0.6383150709538351,0.4698733131482274
si,cs,0.6647727272727273,0.5606043754188814
gd,cs,0.5951684438992167,0.4882976897912311
sl,cs,0.9163366068037544,0.8016095893571835
uk,cs,0.9201689620900184,0.7497943456985678
jv,cs,0.6622045597155407,0.5283716488183329
got,cs,0.2637772112178859,0.1414520373452782
fo,cs,0.7680467660624263,0.5166737432533846
gub,cs,0.3410480349344978,0.1294604626975971
lij,cs,0.6110116383169203,0.485489867410691
tn,cs,0.322429906542056,0.208022103075494
ht,cs,0.3747368421052631,0.2674734713431568
gl,cs,0.8609059343434343,0.7077761487394262
cu,cs,0.5054020413243714,0.3274726983804611
he,cs,0.7591665815544888,0.5474626773995056
fr,cs,0.8240433309856793,0.6775702661528328
zh,cs,0.3166987223519714,0.281202258374059
bxr,cs,0.6063416093329345,0.4043440283308097
yrl,cs,0.3854843546935919,0.1477554031786121
ka,cs,0.7947998227212292,0.5979648233626182
sme,cs,0.4095904095904096,0.2290457316292545
grc,cs,0.6643806450166969,0.4743499151629086
hsb,cs,0.7992298737351123,0.6488211197247494
pcm,cs,0.5913588850174216,0.4142832459030099
myv,cs,0.4893841867614564,0.2241367589787314
tr,cs,0.757274089260369,0.5192544959177219
ur,cs,0.6190733486424422,0.5292413015624988
ko,cs,0.6105367628814821,0.4105476491963404
kk,cs,0.8022384330968322,0.5131031084564623
gv,cs,0.3367159563158403,0.1658943574719732
say,cs,0.2484282907662082,0.0958547054391709
ru,cs,0.9061151196883752,0.770366780371256
no,cs,0.818831180693838,0.6313461535122897
az,cs,0.743421052631579,0.5351180051336688
jaa,cs,0.2869565217391304,0.1243947109800768
nap,cs,0.4577114427860697,0.3771050203212568
da,cs,0.8322857427915794,0.6467264603165276
am,cs,0.4913086913086913,0.3302341564889742
ug,cs,0.7362052274927396,0.4824416783940197
ro,cs,0.836967754365684,0.6461532086680346
cy,cs,0.6483613297309997,0.5597789270737072
xum,cs,0.2426850258175559,0.1584112659512187
frm,cs,0.8051334008780817,0.5830875210069802
azz,cs,0.4138580491673275,0.2303691241394017
xav,cs,0.2800357302367128,0.1243038166335071
ha,cs,0.3606496748543779,0.1675228566897637
sga,cs,0.2780373831775701,0.1672113575277081
lt,cs,0.8639341508483118,0.679207781559261
hyw,cs,0.7877103254021199,0.6258953509636849
ajp,cs,0.6730038022813688,0.4485026901019354
uz,cs,0.7881828316610925,0.5340206262464975
bor,cs,0.3701722017220172,0.1611797138511357
gn,cs,0.184331797235023,0.1040492012695402
abq,cs,0.1809815950920245,0.0654438455626649
sa,cs,0.3556569587974768,0.1622235368732717
egy,cs,0.2872942386831276,0.1076804997548671
aqz,cs,0.3767029972752043,0.117348109758907
sd,cs,0.6972601501039877,0.559983280659254
fi,cs,0.8183647590693571,0.5988313843936127
naq,cs,0.2147018030513176,0.0933017552803713
hr,cs,0.9468260511129432,0.8275362378541158
hy,cs,0.8454427894056229,0.6452933147907884
cpg,cs,0.6581308820310791,0.3580906287564401
gub,cu,0.2301310043668122,0.0931164690785518
sl,cu,0.5577288264337258,0.3878933222053978
xcl,cu,0.5015268546793605,0.344840928712773
bn,cu,0.540625,0.3318817627326593
cs,cu,0.6047121907624812,0.383108682250278
bg,cu,0.63037395064869,0.4253390404881864
eu,cu,0.5225240009846558,0.3064820362900299
orv,cu,0.7074269480519481,0.493990592929807
mr,cu,0.5097087378640777,0.3685449526319092
lb,cu,0.3252427184466019,0.1418507538588674
sab,cu,0.1750829340213785,0.095876746180405
nmf,cu,0.1811740890688259,0.0720522880799331
sah,cu,0.2493150684931507,0.1428220276348575
sk,cu,0.633631512868801,0.389674814489536
ur,cu,0.5013508037282183,0.3567531494771312
gn,cu,0.1152073732718894,0.0770182198753627
gwi,cu,0.2311507936507936,0.0699630324243752
arr,cu,0.1811125485122897,0.0623073089163533
ta,cu,0.5274436912311393,0.3520422486637447
jv,cu,0.4320574496269957,0.2514123531200235
bho,cu,0.3677419354838709,0.1956581274089927
xpg,cu,0.2507409602845287,0.1361795321483306
el,cu,0.5063291139240507,0.3264794418489709
hy,cu,0.5332151922984817,0.3376860255103619
ps,cu,0.5893779198426359,0.3767785196484999
quc,cu,0.1524018775591731,0.0758899710949164
af,cu,0.614230348802544,0.3943101290770393
pro,cu,0.5322366404414018,0.3565511071596258
eo,cu,0.6346499102333932,0.456644247982798
ro,cu,0.6370658399453524,0.3912643145367936
fro,cu,0.5314864595778575,0.3489238232176926
aln,cu,0.4706066291432145,0.2962882452058535
naq,cu,0.1603328710124826,0.0906287291281821
pay,cu,0.1532163742690058,0.0574436073056518
ml,cu,0.5064502704952143,0.2798656518686598
gun,cu,0.0408740163496065,0.0181513845872841
be,cu,0.650925694270703,0.4127577099468419
egy,cu,0.2450274348422496,0.0845008889779143
fo,cu,0.5353963316529015,0.3620489351513642
xav,cu,0.1080839660562751,0.0686632558745328
sq,cu,0.5718701700154559,0.3816019970138778
krl,cu,0.4618616677440207,0.2866225373193735
no,cu,0.5976360547324576,0.3630936217706377
az,cu,0.5164473684210527,0.323372688334653
myv,cu,0.2000192141416082,0.0796464030753199
xnr,cu,0.3532219570405728,0.2058024064291978
nds,cu,0.3992527112002187,0.2797191771699304
say,cu,0.124459724950884,0.0714419189958745
fi,cu,0.5983294740324181,0.3352184996200663
ar,cu,0.3038359842167351,0.1992509766789224
tt,cu,0.3657894736842105,0.1769004135090683
ko,cu,0.4645013410210664,0.2190287570480535
ug,cu,0.5696030977734753,0.3038203998074156
uk,cu,0.6109257418713616,0.3955244791239808
otk,cu,0.0886075949367088,0.0176544766708701
grc,cu,0.6120486788139582,0.4298856479053729
hbo,cu,0.5379935100054083,0.243315656636379
bor,cu,0.1453874538745387,0.0624649817936413
ht,cu,0.2723308270676691,0.1625342746551157
la,cu,0.6475265700483092,0.4583665614830171
ang,cu,0.3333333333333333,0.2262225055902611
mpu,cu,0.1011235955056179,0.0381345072672488
th,cu,0.5084463399193683,0.2742968298658463
tn,cu,0.1635514018691588,0.0920118778795172
sd,cu,0.5476987069355276,0.3535057119097091
tpn,cu,0.1588287488908606,0.0750975448540388
cy,cu,0.4753318454128979,0.2759456617431905
hyw,cu,0.54517826699281,0.36960640924139
bej,cu,0.1280227596017069,0.0613836133462469
ajp,cu,0.5196451204055766,0.328309311147259
hu,cu,0.4952143950995405,0.3277238604015196
sjo,cu,0.0737853988048843,0.0411976298632193
sdh,cu,0.2867647058823529,0.1226851383255081
sme,cu,0.2433566433566433,0.1403064410922629
he,cu,0.6025261294386001,0.3782269674260738
pl,cu,0.6264227804624786,0.3996447576324305
cpg,cu,0.355876559422193,0.2038589044905636
vep,cu,0.3545663852647736,0.2298569348431388
vi,cu,0.5635493372606775,0.3157017277667177
tl,cu,0.5734571272528672,0.3335964385299568
azz,cu,0.2069785884218873,0.146374008380358
ltg,cu,0.5,0.3450595700595701
hsb,cu,0.5250291036088475,0.337405114601403
is,cu,0.6403461723263272,0.4126848151427832
yrk,cu,0.1643081761006289,0.0697022221581
ja,cu,0.0656694452856452,0.0700711150088078
sr,cu,0.6230627790911479,0.4181789431504409
ckt,cu,0.1330829523187459,0.072770372597764
cop,cu,0.0667662016516586,0.0427106937811452
sa,cu,0.4132778597951058,0.1547015186086884
gv,cu,0.235720498695274,0.0814765201012539
myu,cu,0.1252446183953033,0.0527095047125631
yrl,cu,0.1580525842247326,0.0753273660518429
bxr,cu,0.373716222953435,0.2465430454391456
es,cu,0.5767374716436379,0.3515058457687586
kk,cu,0.561906665334266,0.3057482564303864
nhi,cu,0.2281999788605855,0.1707085485232752
nl,cu,0.5615993606553283,0.364626485850589
en,cu,0.5355293348068051,0.3338746954019647
da,cu,0.6036116931058565,0.3714815509116624
de,cu,0.5578054563550143,0.3348461813543086
ru,cu,0.6335183565820423,0.4260561613243809
fa,cu,0.5933461164927659,0.3453847839206246
olo,cu,0.3817204301075269,0.2245645600473344
uz,cu,0.5955406911928651,0.3328190675782294
urb,cu,0.1885245901639344,0.0728880579876101
cu,cu,0.9122230520288772,0.8594697837552819
ca,cu,0.5422915618184868,0.3481233096179323
jaa,cu,0.2869565217391304,0.0927433873424733
apu,cu,0.166,0.076653381361791
ctn,cu,0.1932882236347481,0.0781390530576658
am,cu,0.5374625374625375,0.3117009818214313
arh,cu,0.1064631618616921,0.0528807389725091
lij,cu,0.4349447925992241,0.2876493471893356
ckb,cu,0.180327868852459,0.1055500663219728
akk,cu,0.3869220821209182,0.2041654658849165
lv,cu,0.6024112453655543,0.3926194980075923
pcm,cu,0.3976306620209059,0.3040060160780432
hi,cu,0.5352773418383705,0.2889686579401447
yi,cu,0.4957572127383448,0.3318173537736628
ky,cu,0.5748406420397819,0.2522755208377217
si,cu,0.4875,0.3426705405230698
yo,cu,0.1700837073880868,0.0814484534957583
hit,cu,0.2941176470588235,0.2207240142691836
ceb,cu,0.3812636165577342,0.2140964447998326
tr,cu,0.5201466645639489,0.2802285682637839
ha,cu,0.1838382593151909,0.1121604447540832
nap,cu,0.36318407960199,0.3182375767663754
koi,cu,0.2653061224489796,0.1705379693930165
et,cu,0.5918171933070419,0.387350649433239
mdf,cu,0.2262669521770164,0.0873798998935063
ab,cu,0.1741143127066603,0.0808693897745039
ess,cu,0.1323987538940809,0.051852498441126
wbp,cu,0.2984126984126984,0.0942657342657342
lt,cu,0.6134721988913153,0.3973535423112965
pad,cu,0.1547619047619047,0.0595951367140094
abq,cu,0.2315950920245398,0.0962829055772683
bar,cu,0.3818169725990955,0.2572019061224785
br,cu,0.4382370577653408,0.2661526235567991
gya,cu,0.1541604754829123,0.0631050435284378
aii,cu,0.2052980132450331,0.1098065702293872
mt,cu,0.1947981576808453,0.106451324842215
scn,cu,0.4038736165655123,0.2873359681937829
xum,cu,0.2564543889845094,0.1988695867714663
ka,cu,0.6057024671295612,0.337563514125748
sms,cu,0.2343304843304843,0.0923191437516313
aqz,cu,0.1287465940054496,0.0539824627302933
sv,cu,0.6482033278262922,0.3765180234672088
mk,cu,0.6073529411764705,0.4606795611461042
or,cu,0.5131195335276968,0.3238527508708208
ota,cu,0.5390582414356996,0.2872704732772795
gd,cu,0.44361611776918,0.2866593752303249
eme,cu,0.224792817679558,0.0684630676010895
hr,cu,0.6114591920857378,0.390780267172935
oc,cu,0.5223865779807406,0.3452930248586928
fr,cu,0.5598819465405641,0.3544632516200719
kmr,cu,0.5768194070080862,0.3399747970870146
id,cu,0.5670295565308052,0.3171332406788998
gsw,cu,0.2976553564620663,0.2032218207738207
zh,cu,0.3674955351009754,0.2368580264868686
wuu,cu,0.2654462242562929,0.1409753471754696
bm,cu,0.1579251971352094,0.0824079517300229
te,cu,0.5922330097087378,0.3560354376641368
gl,cu,0.6010732323232323,0.3486312998731501
got,cu,0.2951559129241027,0.1869513171213859
gu,cu,0.4753315649867374,0.2970849257196835
lzh,cu,0.3353654214219891,0.1742711108922152
yue,cu,0.3305791061934185,0.2443195434391022
frm,cu,0.6230520577025136,0.4278829650837163
ga,cu,0.4518167979350056,0.2784069449588593
it,cu,0.5814501087970159,0.3643057876653617
sga,cu,0.2535046728971962,0.1421138415770448
kpv,cu,0.2293335939026773,0.1357290548383855
wo,cu,0.2298375468614822,0.1179645786895934
pt,cu,0.563373240915774,0.3424241556682283
ru,cy,0.8240938614991091,0.6187480017948985
kk,cy,0.7672629159588288,0.4785579369601344
ga,cy,0.7056721159573764,0.5252245722776354
gv,cy,0.5158016816468541,0.3144126562052194
xcl,cy,0.6261002335189509,0.4716009497381104
be,cy,0.8450713034776082,0.6002945618677438
naq,cy,0.3084604715672677,0.1460662176532677
cu,cy,0.4778690565098332,0.2733305865764341
hsb,cy,0.7409331064744336,0.5386919523866363
gub,cy,0.3879912663755459,0.1629506665556076
yi,cy,0.726764500349406,0.6197758321760876
yue,cy,0.4583273458830291,0.3376918032107254
say,cy,0.3052062868369352,0.134168458823968
ang,cy,0.4912280701754385,0.3369056243307951
it,cy,0.7805175629468449,0.5862435550015518
aqz,cy,0.3746594005449591,0.1395819170597846
hr,cy,0.7840065952184666,0.6022168745718781
yo,cy,0.330219580249909,0.2233316348550186
ckb,cy,0.4098360655737705,0.1800737411128738
mk,cy,0.7911764705882353,0.6629911344363878
koi,cy,0.5066026410564226,0.2946661509769098
sjo,cy,0.1334112756560145,0.0470499313176838
frm,cy,0.713562020552902,0.552076251852452
cy,cy,0.9640549747445084,0.9526366075753292
gd,cy,0.7296404642823441,0.5870971305683567
myv,cy,0.4967816312806225,0.230377122802374
olo,cy,0.6518817204301075,0.4144305041657492
pro,cy,0.6542352099724124,0.5534059487696851
hi,cy,0.6580772540879867,0.562297873933977
arr,cy,0.1608451918930573,0.0751889364172162
am,cy,0.467032967032967,0.2837896370766173
sga,cy,0.3411214953271028,0.2120040254223125
et,cy,0.7983673336903776,0.5648495403715241
ajp,cy,0.697084917617237,0.4750401531740033
kpv,cy,0.4490912644127418,0.2056968401657073
eu,cy,0.6917206859768605,0.4583643834616297
apu,cy,0.479,0.1629704018302473
xum,cy,0.2951807228915662,0.1615472592326071
eme,cy,0.3000690607734806,0.1366353622746858
ctn,cy,0.3871232314947714,0.1606500093370477
vep,cy,0.5326170376055257,0.4058892599294946
pcm,cy,0.6154703832752614,0.4160747740723923
pay,cy,0.3352046783625731,0.1285393538351756
ceb,cy,0.5620915032679739,0.3661864727283438
or,cy,0.7521865889212828,0.5412931124026998
fo,cy,0.729593478494047,0.4802394302542773
uz,cy,0.7447045707915273,0.506983396368251
ro,cy,0.7592349324785875,0.5490075087927598
krl,cy,0.6900452488687783,0.466557496379011
lb,cy,0.3446601941747573,0.2328925368597051
sa,cy,0.3760569051134076,0.168183831711859
nmf,cy,0.3437921727395411,0.1689227787881411
quc,cy,0.4019774293418556,0.1945581692659479
da,cy,0.7846952010376135,0.5896459966843004
la,cy,0.7219323671497585,0.5597416220035544
pad,cy,0.4107142857142857,0.1558652049435459
mt,cy,0.3612390499412986,0.2363149566961795
wo,cy,0.4134384312217629,0.2436715445993152
fa,cy,0.7814328759618497,0.5051633626993661
mdf,cy,0.4986914108969783,0.2423067027516809
fr,cy,0.7672384881108093,0.6098086073488008
bxr,cy,0.5857014657493269,0.3916728831257856
urb,cy,0.2158469945355191,0.1510966060890816
ab,cy,0.4860651865847898,0.1894212147743726
te,cy,0.7461858529819695,0.3764428488682511
aln,cy,0.5535334584115071,0.3971357157721086
tt,cy,0.6017543859649123,0.3554227343688462
no,cy,0.7825681872156963,0.6007310760829185
sme,cy,0.4255744255744256,0.2662489561872649
tpn,cy,0.4472049689440994,0.1548628095265901
yrl,cy,0.3942817154853544,0.1961699700004423
arh,cy,0.2560768795929904,0.1188567508973672
br,cy,0.6337197681391166,0.4754944535802519
sms,cy,0.4212962962962963,0.1640987299540114
he,cy,0.8285159840670003,0.592025016205094
ug,cy,0.721974830590513,0.4661907471960754
yrk,cy,0.3270440251572327,0.0962454283509501
zh,cy,0.4794729129459175,0.2930940238512739
tr,cy,0.7349097145560637,0.4754651503263868
eo,cy,0.8300418910831837,0.7449709966523794
orv,cy,0.6861066017316018,0.4544568200741609
el,cy,0.7857040692269184,0.6161844138428902
otk,cy,0.2974683544303797,0.0352720450281425
akk,cy,0.5245716133204009,0.2325966065080817
is,cy,0.7402143184383136,0.5545599310210511
lv,cy,0.7818409751673735,0.580250961497462
bn,cy,0.78125,0.5155650210027252
cop,cy,0.0369990202024914,0.0050972199903583
ja,cy,0.1824989507127184,0.1046491798618031
ps,cy,0.7477255962626014,0.6511044235471375
sah,cy,0.3828767123287671,0.1961028913510634
es,cy,0.8198185192823263,0.6355462169260511
sdh,cy,0.4926470588235294,0.2048382289978929
jaa,cy,0.3826086956521739,0.1561868686868686
vi,cy,0.6333578792341679,0.4659312967669238
hbo,cy,0.6151297998918335,0.3535761351624295
ka,cy,0.7878564041955975,0.5255587476788278
bar,cy,0.4902899707368981,0.3831714856929207
nds,cy,0.5251070810170418,0.4017028619386678
ltg,cy,0.6235294117647059,0.4151282597050556
nhi,cy,0.4566113518655533,0.293148533192868
hit,cy,0.1940412528647822,0.1379204699350986
got,cy,0.2860364777407335,0.1664071436156006
sd,cy,0.689302830273985,0.548508527329767
mpu,cy,0.2359550561797752,0.1226762693962237
nap,cy,0.4925373134328358,0.398137880968581
fro,cy,0.6347321784149741,0.4710342128296445
id,cy,0.7664573382149699,0.5842042444183068
sab,cy,0.3538518245484703,0.2302829061853206
ota,cy,0.6003186716424169,0.3814954902141649
ar,cy,0.3978603099703047,0.3495544584929342
ko,cy,0.5829247255928258,0.3574335355822912
gun,cy,0.1800748720299488,0.0451287733810836
xav,cy,0.2845020098258151,0.1246112256753035
az,cy,0.6907894736842105,0.4709380984039951
pl,cy,0.817990601328594,0.5648666864807155
tn,cy,0.3691588785046729,0.2484792984792984
ca,cy,0.8024157020634122,0.6670693383006228
bor,cy,0.3880688806888069,0.1788327240647335
bej,cy,0.3306836248012718,0.0961517109599514
lt,cy,0.7890139425499748,0.5642807249821359
gya,cy,0.1823922734026745,0.0684447534344628
ha,cy,0.3804049681018276,0.1835816166574954
xpg,cy,0.3384706579727327,0.1525774881968952
abq,cy,0.25,0.0761675816938974
hy,cy,0.7395948081804684,0.5270711127832195
hyw,cy,0.6938699873990067,0.4839477716356576
azz,cy,0.4473632038065028,0.26294359471014
sq,cy,0.7472952086553323,0.672905772382105
bg,cy,0.8440600356143475,0.6659805955292069
bm,cy,0.3311871518483686,0.1768230659791663
lzh,cy,0.3721911107960587,0.2400633426676337
aii,cy,0.1743929359823399,0.0524172455192522
gwi,cy,0.490079365079365,0.1841054336601594
cs,cy,0.7812135245291194,0.5869854951474063
lij,cy,0.5777379886601015,0.4457872281995758
gsw,cy,0.3876763248189096,0.2829876820635624
gu,cy,0.6663129973474801,0.4900978698069322
fi,cy,0.7816876171573492,0.5479174126614721
nl,cy,0.8125421443020904,0.6231377522138019
sr,cy,0.7789160318711146,0.6060539871402331
wbp,cy,0.4031746031746032,0.1661339105981367
th,cy,0.5612234698297405,0.4448034698536774
de,cy,0.7840924614093633,0.6216368058585253
scn,cy,0.5674759014637629,0.4301940819532307
kmr,cy,0.7395427772786264,0.5027942441338069
gl,cy,0.8162563131313131,0.656678399190454
wuu,cy,0.3604118993135011,0.1702880450455186
ht,cy,0.3934586466165413,0.3280028405959231
sl,cy,0.7307525364874397,0.5586787258844422
grc,cy,0.5830251686501267,0.4364613871740475
jv,cy,0.6355713588510075,0.5044343899638989
oc,cy,0.6959197855653728,0.4953251184444704
myu,cy,0.3062622309197652,0.1116697000600494
en,cy,0.7572983928916552,0.6376911493493792
tl,cy,0.6848716548334244,0.5275380959383446
mr,cy,0.7063106796116505,0.4865000353647045
ml,cy,0.6837286724927174,0.4581576916185214
ckt,cy,0.3414435009797518,0.169244628214029
ky,cy,0.7517087781276399,0.4557624324632867
gn,cy,0.2211981566820276,0.1549073878100683
af,cy,0.739242770545563,0.5771067413406572
ta,cy,0.6918871637874481,0.4063875123074277
uk,cy,0.8137157461309101,0.5843472949613165
xnr,cy,0.4821002386634845,0.3001155098682698
bho,cy,0.5422355588897224,0.3556261032769461
ur,cy,0.6215047953532352,0.5213386885308012
si,cy,0.625,0.518004047751053
pt,cy,0.8100945179584121,0.6242255460749282
sv,cy,0.8032658720793014,0.6249120900563194
ess,cy,0.256619937694704,0.1139447112873941
egy,cy,0.2971536351165981,0.1214050624680246
hu,cy,0.8117343032159265,0.5605861847560905
cpg,cy,0.6095425694900416,0.3502795001191442
sk,cy,0.8256434400502197,0.59980715118256
ur,da,0.6388626232608402,0.5142321709526079
sme,da,0.3226773226773227,0.2517729997445499
la,da,0.7836135265700483,0.6085092479897527
bor,da,0.3227552275522755,0.1685658464547449
lv,da,0.8753567522872155,0.6588126007850503
eu,da,0.7775088208747025,0.4533973778148668
arh,da,0.1957791596005276,0.1271351392989681
gub,da,0.21735807860262,0.1190238693772897
ceb,da,0.4778503994190268,0.2965784550463565
th,da,0.6135008163129311,0.4485426715890451
bm,da,0.2516819793098459,0.1706694711170719
nhi,da,0.3493288235915865,0.2756486027646085
otk,da,0.2974683544303797,0.0352720450281425
gwi,da,0.3740079365079365,0.1411765151051547
scn,da,0.5575687254551945,0.4734407854068149
fo,da,0.7952375844685187,0.6277067532147441
myu,da,0.1859099804305283,0.0894817467505744
apu,da,0.315,0.1149158286988663
gd,da,0.674247428517505,0.5786554554154453
tr,da,0.7833543605109604,0.5420227669183922
pcm,da,0.7077351916376307,0.5438496604236743
pad,da,0.3134920634920635,0.1482549262177506
arr,da,0.0396722725312634,0.0711168130419384
gsw,da,0.3868661837590545,0.3307578669462873
is,da,0.851954901500676,0.761177206232968
pl,da,0.8568233555653181,0.6288911861519163
sjo,da,0.1328916601714731,0.0999023709334235
orv,da,0.6918290043290043,0.5156682434352723
ess,da,0.3613707165109034,0.1084160891768892
it,da,0.9058517252098228,0.7417613493057187
ps,da,0.7708384558642735,0.5380234642552679
sq,da,0.8021638330757341,0.7040013442341032
yrl,da,0.3248025592322303,0.1744530472385587
yue,da,0.4709728409254203,0.3901959202525185
es,da,0.9184883481130128,0.7331799415170048
hyw,da,0.8177303387443481,0.6580500633849926
wuu,da,0.3409610983981693,0.1791676593925737
sd,da,0.6731169183470477,0.511827158354053
mpu,da,0.1235955056179775,0.0891699106265372
oc,da,0.7205400575796684,0.597219868865308
aii,da,0.1611479028697571,0.0595641016104437
ta,da,0.7795757708287776,0.4958016805058347
ltg,da,0.6823529411764706,0.4201873742585817
ga,da,0.6772453504533722,0.5551816228581488
eo,da,0.9015559545182524,0.7405156039880062
ru,da,0.8982870931086244,0.6685741246947946
akk,da,0.23258163595215,0.1530355314720273
ab,da,0.3521020311761927,0.1276020604756011
et,da,0.8783290325721798,0.6700765202800636
cpg,da,0.6154519588531407,0.3498260434295973
xum,da,0.1239242685025817,0.1387408345721
ja,da,0.1696232660195619,0.1123797517689746
mdf,da,0.4123245300975494,0.2378039775039384
zh,da,0.4429294316984933,0.3388613380352097
lb,da,0.3203883495145631,0.2283993110264296
ha,da,0.2906277930163035,0.2115266642654224
nmf,da,0.2935222672064777,0.1805762100310214
sdh,da,0.3529411764705882,0.2412499914053355
cop,da,0.0369990202024914,0.0050969906544458
bg,da,0.9085474433986264,0.6767615288404206
bho,da,0.4703675918979745,0.2952688396970286
sah,da,0.2705479452054795,0.1747670547623461
naq,da,0.2239482200647249,0.1597320227630326
abq,da,0.0720858895705521,0.0435937472657502
xcl,da,0.6224178192922579,0.4562491909542605
pay,da,0.2100584795321637,0.1468104163801467
say,da,0.2004911591355599,0.1352851306983203
gun,da,0.1697608679043471,0.0411801612052377
fr,da,0.8742244357245866,0.7182542924433827
tpn,da,0.3072315882874889,0.1530347572116636
yo,da,0.2106029358243358,0.1367386899136088
koi,da,0.4093637454981992,0.3004358204028636
yrk,da,0.220125786163522,0.0900401943853497
kmr,da,0.7774782869122492,0.5697711000457394
azz,da,0.3801546391752577,0.2731734813085703
hr,da,0.8944352844187964,0.6541939664991993
be,da,0.912997247935952,0.676819559851494
sr,da,0.89930829174328,0.6834030764820447
jv,da,0.6875827930000697,0.5126378409788915
sga,da,0.1647196261682243,0.1435507333511402
en,da,0.8636262271359971,0.752780923791496
id,da,0.8428581819945202,0.6481940207848896
am,da,0.4206793206793207,0.2907917659587754
bxr,da,0.6022534649516402,0.3496263861471989
ckt,da,0.2795558458523841,0.1699934219453514
te,da,0.8488210818307905,0.4542203369165793
hy,da,0.8841419608218785,0.7081541080789695
he,da,0.7768699145473734,0.5667673577220528
ca,da,0.9080691159201476,0.6942101322174881
el,da,0.847457627118644,0.6649816189354519
fa,da,0.7711482431456533,0.6014147143564157
da,da,0.982739698693006,0.9164536373242104
xav,da,0.2420723537293434,0.1360922881552187
ckb,da,0.2786885245901639,0.1300524894642541
no,da,0.9008933301667916,0.7727052677342483
sk,da,0.9002667922159447,0.6640476509038612
cs,da,0.8615184628508754,0.66348577908686
pro,da,0.5986512720956371,0.5048333731646673
hu,da,0.8504977029096478,0.6173486150000532
ko,da,0.6740196368018715,0.4197672472509783
kk,da,0.8363145797941441,0.5523796286034918
br,da,0.6476114331401159,0.4643603529736814
wbp,da,0.2984126984126984,0.1255563295793181
ctn,da,0.2874034584102248,0.1513810002122917
sa,da,0.3169596922113363,0.1605308204474561
frm,da,0.8277126453418246,0.6347774013211422
aqz,da,0.3153950953678474,0.135731325869389
hbo,da,0.3186857760951866,0.2252810983512322
hi,da,0.6995730606321403,0.5226237449227971
vep,da,0.4927091327705295,0.3259206191398089
eme,da,0.1660911602209945,0.1378509432126428
bej,da,0.2115304158647812,0.0839988835763791
ug,da,0.7723136495643756,0.5097989627269031
ro,da,0.8543429141926331,0.7092761524309013
ka,da,0.8100162505539962,0.5570263774941066
pt,da,0.914677588741861,0.7058725312254358
lij,da,0.5198448224410623,0.4619651138092558
sv,da,0.9168190936983714,0.7967192158618611
ota,da,0.5685772988385257,0.4567472931914196
sl,da,0.8529379849167164,0.7153202340384386
vi,da,0.7882179675994109,0.5579263143943252
fro,da,0.6986011549183592,0.5549663336233212
egy,da,0.1145404663923182,0.1154431546943697
jaa,da,0.3391304347826087,0.1343771134184667
ht,da,0.2927067669172932,0.2603914623187419
gu,da,0.7251989389920425,0.5574124986419501
kpv,da,0.3468829392222005,0.2278359361881479
myv,da,0.4028244788164088,0.2325188965171723
mr,da,0.7621359223300971,0.5574560088759564
az,da,0.756578947368421,0.4926030575220441
gl,da,0.9191445707070708,0.6923473025913301
xpg,da,0.2145820983995257,0.1032963239641552
gya,da,0.0326894502228826,0.0482262006947426
got,da,0.1654245930574622,0.1332704147225873
tn,da,0.2943925233644859,0.1888046456467509
krl,da,0.7023270846800258,0.5317777635078221
fi,da,0.8792176645716177,0.6542021133186104
grc,da,0.6626100988368184,0.4795528014463923
hsb,da,0.7363660786245186,0.5178673790580071
ky,da,0.8147607710621304,0.4590673247197845
sab,da,0.3059343899741983,0.2142051975511415
yi,da,0.8445642407906558,0.7269774067182133
aln,da,0.5055034396497811,0.4098765049861733
quc,da,0.2514730849895136,0.1650422066160876
tt,da,0.5307017543859649,0.2948401951019872
bar,da,0.4859005054535781,0.4251807129785775
nds,da,0.5493484006197029,0.491456416665107
olo,da,0.6498655913978495,0.4329611800362195
lt,da,0.865278011086847,0.6564717985865756
ar,da,0.3747142334133344,0.2791558159330365
ml,da,0.7602996254681648,0.4747493117926216
xnr,da,0.4455051710421638,0.3249017600789828
af,da,0.8942661234224386,0.7582776049718557
cy,da,0.6816633384235875,0.5157637866572529
ang,da,0.4385964912280701,0.296918688230009
si,da,0.6670454545454545,0.5519633885227161
de,da,0.8940099135491677,0.74134155846055
gv,da,0.2499275152218034,0.146171808867735
tl,da,0.6974330966684872,0.5234031055422128
gn,da,0.152073732718894,0.1316082067090131
ajp,da,0.6653992395437263,0.4846416678255806
sms,da,0.318019943019943,0.1515983401799793
hit,da,0.0710466004583651,0.0864077745926613
mk,da,0.8742647058823529,0.7604142631328709
or,da,0.7764820213799806,0.5693651040921848
nl,da,0.8939087435378736,0.7577342225612302
nap,da,0.4378109452736318,0.396770921386306
urb,da,0.0792349726775956,0.0985240834632281
lzh,da,0.3108740341674346,0.2149803822748531
uz,da,0.8157190635451504,0.6268153457390264
uk,da,0.8869444838847083,0.6590226995102285
cu,da,0.4405277570326114,0.2866815295494586
wo,da,0.2648274536191483,0.2517199612080467
bn,da,0.79375,0.6125795963649286
mt,da,0.2053643998916282,0.1599841414303544
ko,de,0.6309061048950223,0.4033427232620334
bor,de,0.2649446494464945,0.1364304452450233
hu,de,0.8655245022970903,0.6468445227236308
krl,de,0.654169360051713,0.479163979339137
lt,de,0.8237023349571645,0.6009231713275369
aln,de,0.4128830519074422,0.3928976797771861
myu,de,0.1555772994129158,0.0830748806913655
yrk,de,0.0440251572327044,0.0217406534749107
uz,de,0.7583054626532887,0.531096846976296
br,de,0.6017389566260244,0.4256975538359606
en,de,0.5497470154764088,0.5538241409376145
gn,de,0.1013824884792626,0.1002303519669454
sr,de,0.899658523771999,0.7164159169274802
ceb,de,0.4168482207697894,0.2435807210251909
ar,de,0.2975877639018834,0.3071966174145412
eu,de,0.7851809304997128,0.5490185279455772
wuu,de,0.2643020594965675,0.1650368201443166
gl,de,0.8901041666666667,0.6914207596592528
tr,de,0.7553717867844189,0.5373857977567914
bg,de,0.9058763673365556,0.7234507199798857
mpu,de,0.0337078651685393,0.0659035409035409
nap,de,0.3482587064676617,0.3190928468515021
naq,de,0.175959315765141,0.0834786306639703
got,de,0.1034516571876838,0.0653416628995997
hsb,de,0.6777111131011014,0.5003310700358318
vep,de,0.4151957022256332,0.298384878760602
jaa,de,0.2869565217391304,0.1621667805878332
pcm,de,0.2863414634146341,0.2753209767347361
gun,de,0.1124608449843379,0.0292783671538379
lv,de,0.8367341495292203,0.647220256651769
hyw,de,0.8008301830850196,0.6524748403373348
myv,de,0.3505620136420405,0.1543343818802513
sab,de,0.2576483597493549,0.1694122164695146
ht,de,0.1830827067669173,0.161805963018909
hi,de,0.7571339374609763,0.6104319322849173
mt,de,0.1544296938499051,0.1094179680460611
yo,de,0.1670508310081281,0.0991769484475576
sms,de,0.2745726495726496,0.1013439575624854
ab,de,0.3557864903164855,0.0992760330091872
af,de,0.8740932127596144,0.7021513485568768
kk,de,0.7963425602078545,0.5107418239989014
vi,de,0.7290868924889543,0.497531601433378
quc,de,0.2117247578148407,0.1127935669309656
nhi,de,0.2893985836592326,0.1924817214789388
ru,de,0.8830706065551539,0.6803732516693124
de,de,0.9737110434595944,0.8456435884769395
hit,de,0.0756302521008403,0.061474996968793
xcl,de,0.5832584875157176,0.4567643846652713
fro,de,0.6131023496614895,0.4735222463890599
yi,de,0.8756114605171209,0.7721969129735788
grc,de,0.6474820143884892,0.4740981344159251
ang,de,0.3625730994152046,0.2322734128616481
id,de,0.8352690153480591,0.6636442575379417
abq,de,0.0306748466257668,0.0464257670609381
ta,de,0.7655805816750492,0.5461232366847784
eme,de,0.1163674033149171,0.089209927530376
ro,de,0.827667139579283,0.6592579195447686
it,de,0.8604056574448243,0.6656992875679641
cy,de,0.6468929871960531,0.5291757111983739
say,de,0.1455795677799607,0.0609336718267575
arh,de,0.1882419446014697,0.0725359468375047
tt,de,0.5030701754385964,0.3041390927631686
ca,de,0.8898506961919141,0.6675538261527886
fo,de,0.7726053845328756,0.5946593770325141
is,de,0.8466975070675918,0.6812702139065465
nmf,de,0.2233468286099865,0.0998114387517063
xav,de,0.1826708351942831,0.0929486893532343
ug,de,0.7163601161665053,0.4362714344874586
egy,de,0.1273148148148148,0.0897239410223949
lzh,de,0.2439923442262706,0.1641504091922848
th,de,0.6320927598040849,0.471614181946985
xnr,de,0.4407319013524264,0.2993523505542206
otk,de,0.310126582278481,0.0874834144183989
bxr,de,0.5400339016851132,0.3471032583927698
sd,de,0.6931006420110317,0.5597233237877193
am,de,0.417082917082917,0.3250541737093518
ltg,de,0.6529411764705882,0.4503526093897508
et,de,0.8629112095687879,0.6365277567214229
frm,de,0.7326675350991461,0.5790238819136565
olo,de,0.5504032258064516,0.3680752787341055
or,de,0.7482993197278912,0.5474290002839717
ckb,de,0.2622950819672131,0.1208421259455742
gwi,de,0.375,0.1273849620425473
mdf,de,0.3528432072329288,0.1840306472601045
hy,de,0.8572249628813641,0.6542564624576704
azz,de,0.2988699444885012,0.1880759042066583
fa,de,0.7484124810120278,0.5776307136347274
pay,de,0.1733333333333333,0.0699675677347707
yrl,de,0.2410276916924922,0.0962606734920226
ps,de,0.8082124416031473,0.6523994324813619
tpn,de,0.2752883762200532,0.0910482605797049
sme,de,0.262037962037962,0.1912895606514676
gsw,de,0.4387628669462448,0.3365962638041492
nds,de,0.5913606124122847,0.4950906217424085
sdh,de,0.2279411764705882,0.1261975928582815
xpg,de,0.1962062833432128,0.1038516447456102
nl,de,0.8888389400864114,0.6813551748337148
hr,de,0.8967023907666941,0.7523694670577112
oc,de,0.5905887024719547,0.5116244456279355
sv,de,0.8993834080717489,0.7323057320564875
te,de,0.7711511789181692,0.439111930119485
cop,de,0.0189894088555031,0.0477586743825913
yue,de,0.4108348900704124,0.319714743556873
gd,de,0.5857318108898745,0.4927472823561705
ess,de,0.2095015576323987,0.0908528928763214
arr,de,0.02501078050884,0.0398062335884088
ctn,de,0.232246599685599,0.0791472468339197
ka,de,0.8041562022947752,0.5633916351422573
aii,de,0.1655629139072847,0.0747422680412371
sga,de,0.1004672897196261,0.1378970049005627
si,de,0.6329545454545454,0.5649756782169348
az,de,0.7291666666666666,0.542324951903886
cu,de,0.2874782175753049,0.2109685182554454
aqz,de,0.2806539509536784,0.1005715289496012
hbo,de,0.1743510005408328,0.081294399807943
pad,de,0.2817460317460317,0.0987899378109349
cpg,de,0.5613919894944189,0.3200699829275931
he,de,0.7090525312361693,0.5214134662251815
kpv,de,0.3075043971076803,0.1958453755861204
es,de,0.8886471437409775,0.6640087391041407
gv,de,0.1826616410553783,0.1035985905436369
bn,de,0.759375,0.5281221121823043
wbp,de,0.2126984126984127,0.1225981651006576
koi,de,0.3529411764705882,0.2318816576331691
scn,de,0.423598714744734,0.3552024815106784
lb,de,0.4077669902912621,0.3101699677809115
gu,de,0.7416445623342175,0.5530488047813591
ga,de,0.6243298696141373,0.4900495395088474
sa,de,0.1113049702500783,0.1142680134365178
gya,de,0.037890044576523,0.0066870099932879
mk,de,0.8897058823529411,0.7572049796256324
fr,de,0.8153737800583559,0.6347104242151418
cs,de,0.8663471043046134,0.6656877207478302
gub,de,0.1841703056768558,0.0708494667905952
ja,de,0.1078826710869553,0.124182079578144
bho,de,0.4709677419354838,0.3384277682285165
sl,de,0.8449351635830937,0.653482805786683
ajp,de,0.6666666666666666,0.483643631780832
apu,de,0.254,0.102411526608894
be,de,0.899549662246685,0.7052201532682577
xum,de,0.1230636833046471,0.1562279011165159
wo,de,0.1935018744592906,0.1181839549297898
jv,de,0.6288084780032072,0.4856486353205776
lij,de,0.3951059385258132,0.3754785968891201
bar,de,0.539172652301144,0.4508113399400431
ur,de,0.7155882750236391,0.6113538568759641
kmr,de,0.7494259758410702,0.5441100948841067
uk,de,0.8848147096407781,0.6852962625050157
ky,de,0.7519391751785577,0.4441539704316654
pt,de,0.8807561436672968,0.6581399979038957
sjo,de,0.0890491036632891,0.054390544496978
sah,de,0.2061643835616438,0.134584696709672
la,de,0.7405024154589372,0.6488024982913674
sk,de,0.8795511613308223,0.69684399872912
sq,de,0.8106646058732612,0.7634606564957513
urb,de,0.0956284153005464,0.0839448019087467
eo,de,0.8623578695391981,0.7078932692918586
ml,de,0.7578027465667915,0.5280200324964713
pro,de,0.4901399816082558,0.437512008385386
tn,de,0.2149532710280373,0.1192806082243772
bm,de,0.1741300730666281,0.0790949878542048
akk,de,0.1632314904623343,0.1157726837870908
ha,de,0.2047030542114833,0.1168371317844593
no,de,0.8881784468112315,0.7327040669251114
tl,de,0.6526488257782632,0.4937248429502903
ckt,de,0.2304049640757674,0.1219286756355917
orv,de,0.6281655844155845,0.4802866358770163
zh,de,0.4655401382973851,0.3201167853830517
fi,de,0.8426094387473811,0.617844983601311
mr,de,0.7694174757281553,0.5657227842529319
da,de,0.8908510426020154,0.7249027705488608
pl,de,0.8625876965267516,0.6487620476697792
el,de,0.8397697203747407,0.6389843341152521
bej,de,0.196385239728893,0.0631822404990359
ota,de,0.4959117782716256,0.4395511134015031
ht,egy,0.2019548872180451,0.1277803271765714
ctn,egy,0.2202173467295468,0.0712453607887507
kmr,egy,0.2255166217430368,0.1254756080712073
otk,egy,0.1139240506329113,0.0348058902275769
sq,egy,0.1561051004636785,0.0995461256040353
no,egy,0.1849321324832386,0.114013667387703
af,egy,0.1302792407830666,0.0634834725759658
ko,egy,0.1933787823292413,0.0651864706384969
sme,egy,0.2273726273726273,0.0960599919510934
ckb,egy,0.1557377049180328,0.0723544973544973
hi,egy,0.1497831553013044,0.0716732090616095
ceb,egy,0.2265795206971677,0.1084659073271079
got,egy,0.3095705040203961,0.1668227929494375
yi,egy,0.1866826395128281,0.1098011193991316
hit,egy,0.2475171886936593,0.126917980893673
aqz,egy,0.2193460490463215,0.1063330992777033
it,egy,0.1660553310537768,0.1071353518058004
yrk,egy,0.2138364779874214,0.0518318552801064
gl,egy,0.2025883838383838,0.1189632790632108
ps,egy,0.11851487582985,0.0617877588020338
nds,egy,0.1838148181901029,0.1046166136033604
bm,egy,0.191998842508862,0.1178528766026511
vi,egy,0.2276877761413843,0.1044958230498325
xcl,egy,0.1880725705047602,0.1113130766863687
xum,egy,0.3012048192771084,0.1015889370981334
he,egy,0.2316413032376672,0.1016118323361561
ur,egy,0.1664865595029042,0.0865471273829272
egy,egy,0.8847736625514403,0.7414386241361481
gun,egy,0.0663152265260906,0.0299118878872003
hy,egy,0.1679678145505053,0.1063651562491807
ky,egy,0.2757084709315721,0.1133535062568311
nmf,egy,0.2246963562753036,0.0837629032502446
tn,egy,0.1962616822429906,0.1049189912839633
akk,egy,0.40409796314258,0.1774400719822359
hu,egy,0.1681661562021439,0.0926983274459526
bho,egy,0.1887471867966991,0.0823372588259589
apu,egy,0.237,0.067688320935338
sd,egy,0.19215118907677,0.1155629653655674
ml,egy,0.1281731169371618,0.0731304694735114
ab,egy,0.2532829475673122,0.0849625449559657
lv,egy,0.2018884532287749,0.1201452656237824
pl,egy,0.1684039564945351,0.1012136430471006
mt,egy,0.198049309130317,0.0878076243743414
kpv,egy,0.1880984952120383,0.0678979459967321
ka,egy,0.130546117102477,0.0707365749384638
et,egy,0.1742863170878166,0.1013736244215496
eo,egy,0.1888090963494913,0.1266734391523233
si,egy,0.1181818181818181,0.0576860843729174
cop,egy,0.1632529277282695,0.0587115945259643
jaa,egy,0.1304347826086956,0.0517156862745098
gd,egy,0.2079833915259035,0.1128386058165638
grc,egy,0.1966875098052399,0.1124967604894742
eu,egy,0.224132272093214,0.1079761548427571
am,egy,0.196003996003996,0.0963624974336857
la,egy,0.2202512077294686,0.1461977274569928
wuu,egy,0.0961098398169336,0.0616835572854889
br,egy,0.219268438936638,0.1185281553311972
tpn,egy,0.247338065661047,0.0841829824717586
naq,egy,0.1371243643088303,0.073761354069736
azz,egy,0.1828905630452022,0.0881174493854919
gu,egy,0.1602122015915119,0.0932758811604081
pad,egy,0.2321428571428571,0.0931468884889976
bej,egy,0.1743787130784034,0.0470785510345301
hr,egy,0.1643446001648804,0.105894089828761
pcm,egy,0.1351219512195122,0.0981278372266722
jv,egy,0.2898277905598549,0.1570008997839128
ca,egy,0.2417715148465022,0.1317336655954538
koi,egy,0.1992797118847539,0.0760397502970372
uz,egy,0.2464882943143812,0.1044423073893313
xav,egy,0.164805716837874,0.062677676684645
be,egy,0.1790718038528896,0.1141719464492991
fo,egy,0.2033680145875791,0.1199561482191415
ta,egy,0.1320795976383118,0.0689323323774582
ug,egy,0.2174249757986447,0.0785415112630855
gn,egy,0.271889400921659,0.118067152776346
lij,egy,0.2057594747836466,0.1123427325341861
tr,egy,0.1999684592335593,0.0990366342678611
quc,egy,0.2296015180265654,0.0881352269590016
mpu,egy,0.2359550561797752,0.1048187214003817
or,egy,0.086491739552964,0.0428651252052908
ga,egy,0.2057052088159375,0.1195285805112295
fro,egy,0.1921296296296296,0.0868309820713879
hyw,egy,0.1583277740716032,0.1124693772218569
pt,egy,0.227989918084436,0.1253070808506271
gub,egy,0.1956331877729257,0.061671977753725
sdh,egy,0.1838235294117647,0.0715015920898273
aii,egy,0.1236203090507726,0.0413989162483066
sah,egy,0.2226027397260274,0.0572206124557925
xpg,egy,0.1742738589211618,0.0794305252023516
bxr,egy,0.269019842456875,0.1155935891005602
kk,egy,0.2012591186169681,0.1016627155419471
nl,egy,0.1751454758872156,0.1077449349009056
sms,egy,0.188034188034188,0.0554517690264384
yo,egy,0.171175542884872,0.0994758864400385
ar,egy,0.1558149941016149,0.0607206171447535
ja,egy,0.1820500151416139,0.0516356019664957
krl,egy,0.2281835811247576,0.1081039951607657
vep,egy,0.2317728319263238,0.1127684943659229
gya,egy,0.2291976225854383,0.0998139369109125
fr,egy,0.1742126974544723,0.1048481160618466
da,egy,0.1710066846253616,0.1018253843243557
ltg,egy,0.2705882352941176,0.1172345202090798
ess,egy,0.1487538940809968,0.0508881834948694
ru,egy,0.171734931984082,0.1066753714910315
es,egy,0.1668488348113013,0.1025253537423909
cu,egy,0.2541697784416231,0.0799127600594294
id,egy,0.2617413864170889,0.1190685702876406
en,egy,0.1483416009633729,0.0915709996711506
tl,egy,0.1933369743309667,0.084751158015919
bar,egy,0.1301542963554136,0.0933941059263443
ang,egy,0.3099415204678362,0.168232996810181
sab,egy,0.2462218945816439,0.1280446573220152
eme,egy,0.3328729281767956,0.1241370703592368
arh,egy,0.143583945732052,0.0661467743844363
xnr,egy,0.1650755767700875,0.0957598528677765
cs,egy,0.1568726219008544,0.1036811989192151
lt,egy,0.1888963547791029,0.112685222847261
abq,egy,0.3297546012269938,0.0861643813270402
ota,egy,0.2294435825401484,0.0825790757965469
pro,egy,0.2471646061101461,0.1193004332755647
sk,egy,0.2033113622096673,0.1136016588805976
az,egy,0.2609649122807017,0.1128840141475677
te,egy,0.1678224687933426,0.0745243552380456
fi,egy,0.1990710111368397,0.099736511113375
ha,egy,0.153234505501279,0.1124528959416434
nhi,egy,0.2194271218687242,0.0953466243151694
urb,egy,0.2322404371584699,0.1072914024822826
hsb,egy,0.2076654428226023,0.1199834818761052
cpg,egy,0.1810024075289998,0.0945478859444247
orv,egy,0.2281114718614718,0.1150425812989519
cy,egy,0.2076823681428403,0.1194492153311617
ro,egy,0.2001996742157532,0.121844571272754
is,egy,0.1867296883555138,0.1300375249511259
olo,egy,0.260752688172043,0.127226878936755
gv,egy,0.2603653232821107,0.0988200482006073
myu,egy,0.2769080234833659,0.0837354913958936
sga,egy,0.2242990654205607,0.0673527779677464
sv,egy,0.1601663913146093,0.0975877143881011
pay,egy,0.143859649122807,0.0527934348559937
bor,egy,0.2113776137761377,0.1247290727678954
fa,egy,0.200338670717434,0.0701948626631838
aln,egy,0.2057535959974984,0.1182107503322195
uk,egy,0.1479483174783473,0.0996004084999203
scn,egy,0.2140307033202427,0.1082444591579602
hbo,egy,0.2285018929150892,0.0739851383260939
bg,egy,0.1551132027473925,0.1090456480776753
tt,egy,0.2789473684210526,0.124359175498853
yue,egy,0.0862911337835896,0.0394182427411541
lb,egy,0.1019417475728155,0.0480458656330749
arr,egy,0.2156101768003449,0.1117303690440195
wo,egy,0.240507545900221,0.1208479853972099
say,egy,0.1540275049115913,0.1027748224442879
el,egy,0.1370592862761925,0.0961922566054251
mk,egy,0.1919117647058823,0.1247641485848659
oc,egy,0.2269433138091929,0.1236186775379132
bn,egy,0.10625,0.0963755424031166
nap,egy,0.2686567164179104,0.1399982489668647
yrl,egy,0.1916425072478256,0.0676508472025823
zh,egy,0.1151257040802308,0.0561532121868205
lzh,egy,0.2179768909052243,0.0800547740689856
sa,egy,0.2898045005144723,0.0714845554820582
ajp,egy,0.2065906210392902,0.0931781986110786
myv,egy,0.2326832548755884,0.0787101192465497
ckt,egy,0.1757021554539516,0.0662010610039018
frm,egy,0.181116418198485,0.0941882852469297
sl,egy,0.1318702186533557,0.1018974518882038
wbp,egy,0.2698412698412698,0.1013216428241809
sr,egy,0.1820330969267139,0.1044233439110927
mr,egy,0.1529126213592233,0.0592306065859351
th,egy,0.1274780928264418,0.0781730585488669
gsw,egy,0.1184712161646969,0.0905681958959928
gwi,egy,0.1676587301587301,0.0984832020787192
mdf,egy,0.2155603140613847,0.0734105587882931
sjo,egy,0.2264224473889322,0.057144645738207
de,egy,0.1236242023300743,0.0845528312915967
it,el,0.8567609574137395,0.685338991522301
ajp,el,0.7237008871989861,0.5562826297901622
no,el,0.8504905095087597,0.7090468223280805
olo,el,0.6485215053763441,0.4288703831648815
ga,el,0.6168177907207625,0.495202885685098
scn,el,0.6576222777579436,0.5141039553052111
fro,el,0.7107477100756671,0.5500603956417032
egy,el,0.2348251028806584,0.1212326774468729
ur,el,0.5709171957314603,0.5467657623165176
sms,el,0.4362535612535612,0.2315634412103725
la,el,0.8080193236714975,0.6986477165662615
hy,el,0.857177067867235,0.673176463342225
mk,el,0.8772058823529412,0.757299669405699
si,el,0.6625,0.488797851966641
te,el,0.8321775312066574,0.4519742372512156
tl,el,0.647187329328236,0.5195528986045606
uz,el,0.7919732441471572,0.5703052338787105
arh,el,0.2263048803467119,0.1077146250073946
lzh,el,0.2853193450060254,0.2016711340954568
af,el,0.8559077809798271,0.6474633111186202
aln,el,0.6049405878674171,0.4831185015766512
nhi,el,0.3999577211711235,0.2942594752867982
bxr,el,0.5638647921029016,0.3604302980932898
say,el,0.2627701375245579,0.1531582664856411
wo,el,0.2819379025281169,0.1977822729402104
en,el,0.8322918266919733,0.6961704347017358
yrk,el,0.2908805031446541,0.1069612501444356
koi,el,0.5162064825930373,0.3241262563262586
sv,el,0.8826705215954684,0.7294722482333597
ka,el,0.8171074013886837,0.5935767514795897
eu,el,0.7448920981373595,0.498548691501339
kpv,el,0.4378542114520227,0.2667454608677199
sdh,el,0.3823529411764705,0.1955821279650171
yo,el,0.2700473128715273,0.1721132862046399
hit,el,0.2307104660045836,0.1430554205981847
bn,el,0.834375,0.5879057956869052
lv,el,0.8666880051212291,0.6929598507441732
yue,el,0.4987785601379508,0.404412862575022
pt,el,0.8494055870615417,0.6491639176707095
lij,el,0.6181736794986571,0.5214669825160547
ess,el,0.2285825545171339,0.095152224283693
mdf,el,0.4679990482988341,0.2787173105071293
cu,el,0.56285785411999,0.3316766608962501
th,el,0.5452304001599307,0.3938071076219825
kmr,el,0.756513926325247,0.5468988927851495
pcm,el,0.7148432055749129,0.5505926942179522
fo,el,0.7654724873967607,0.5938118444462368
ceb,el,0.5177923021060276,0.3269248147344621
gd,el,0.586298008870435,0.5049336887164622
hsb,el,0.7225754455090893,0.4935655754671358
cpg,el,0.6933683519369666,0.4335888725504236
az,el,0.7412280701754386,0.5061204856347918
wbp,el,0.3301587301587301,0.1459731279955999
tt,el,0.5171052631578947,0.2859300282269799
bho,el,0.5038259564891223,0.3527922090448794
krl,el,0.6971557853910795,0.5193001883531566
hi,el,0.6419953087294757,0.517573394102942
tn,el,0.308411214953271,0.1786185277669035
xav,el,0.2733363108530594,0.137863615199268
pay,el,0.247953216374269,0.1226588162961566
hr,el,0.8757213520197856,0.6663926832901153
bor,el,0.3285362853628536,0.174123456596129
otk,el,0.379746835443038,0.0768769415310798
yrl,el,0.3587923622913126,0.1841646895608004
xnr,el,0.520684168655529,0.3551401626720846
oc,el,0.7629306065720243,0.6088593644836263
bg,el,0.9044136352073264,0.7343845736679427
cop,el,0.0355526524518266,0.0050844064856208
ca,el,0.8346921657440027,0.651087389180895
sa,el,0.3882700308683398,0.1974530391177827
be,el,0.9041155866900176,0.7164557473138098
br,el,0.6540075954427343,0.4510147742406138
pad,el,0.373015873015873,0.175429138386319
hbo,el,0.5518523526230394,0.3143243861657018
abq,el,0.1487730061349693,0.0598264466251187
lb,el,0.3980582524271844,0.2635119906919145
ru,el,0.9010554274785244,0.7116170499586731
nap,el,0.5024875621890548,0.4038921550137234
urb,el,0.0928961748633879,0.0918140045890261
ht,el,0.3254135338345865,0.262408883141448
fi,el,0.825118535670967,0.6018328411954663
xcl,el,0.7033411172983653,0.5828702023886073
gub,el,0.243122270742358,0.1389372692492253
ta,el,0.7472118959107806,0.4519795123114988
sme,el,0.3466533466533466,0.2415407307243895
kk,el,0.7891475966823224,0.5070369703663101
xum,el,0.185025817555938,0.1769545643893953
gsw,el,0.4280880670987419,0.3439883388389344
sga,el,0.241822429906542,0.1928819526429439
gun,el,0.1780884712353884,0.0497242778409319
gv,el,0.2563061757031023,0.1510244598618564
cy,el,0.6790790555620815,0.5231457185646848
es,el,0.8382037533512064,0.6630371952631942
ckt,el,0.3326257348138471,0.1985112188615044
aqz,el,0.3153950953678474,0.1264071334785695
mt,el,0.2453716246726271,0.1855731794324853
myu,el,0.2524461839530332,0.1403545048789139
pl,el,0.8601248718665548,0.6644975644586424
sl,el,0.8549726005100103,0.6809728064708435
eme,el,0.1982044198895027,0.1267183975456313
mr,el,0.7645631067961165,0.6082616354022615
id,el,0.7807870426496618,0.676625491399922
or,el,0.7269193391642371,0.5195548118543711
ug,el,0.7493707647628267,0.5126304800143626
hyw,el,0.8226966125565192,0.676539061010015
wuu,el,0.4359267734553775,0.2171033142451452
zh,el,0.3995855657828456,0.3279435998306183
bar,el,0.5380420324554402,0.4420029655457714
cs,el,0.8745528158047962,0.6843824241120214
ja,el,0.1687918054647944,0.1092612281403822
azz,el,0.3901665344964314,0.252025799344639
ar,el,0.3816133100109832,0.3243086514576114
nl,el,0.8287255563047876,0.6863879185633459
ky,el,0.7674525766070194,0.4215329603919212
ota,el,0.5888716508029687,0.4598039594016843
sr,el,0.873391121618072,0.6608894775259335
ha,el,0.3403396307825068,0.2156908719215371
sq,el,0.8493044822256569,0.6976441073227017
ctn,el,0.3353837741781149,0.1637144144355108
nds,el,0.5978310398250251,0.5028003042732814
el,el,0.937030680111564,0.8373710541109217
quc,el,0.2893238789573554,0.1655598788321802
tpn,el,0.3307453416149068,0.1593079076874625
ltg,el,0.711764705882353,0.4633558669509738
pro,el,0.6603657913558802,0.5079830951579206
vi,el,0.7061119293078056,0.5075134766956237
sk,el,0.8528719397363466,0.6644056587176226
fr,el,0.813093201864708,0.6616639803930963
tr,el,0.7355208169058508,0.5158852716718527
naq,el,0.2597318539066112,0.1547418007452984
sd,el,0.6873135003164843,0.582567012326918
frm,el,0.7834708351425677,0.6581764894634166
he,el,0.7813297926667347,0.5591220098823043
nmf,el,0.2591093117408907,0.1676634618656382
akk,el,0.2061913999353378,0.1521836374874049
orv,el,0.7532602813852813,0.5431649284264418
fa,el,0.7511517294618621,0.5958864004518838
gya,el,0.0427191679049034,0.0386007361234084
bm,el,0.2521160384865803,0.1450467314708012
eo,el,0.8997606223818073,0.7440205234276449
et,el,0.8295924825940892,0.6327938969182366
xpg,el,0.2815649081209247,0.137218824991051
de,el,0.8402025642526784,0.696956499739096
am,el,0.5578421578421578,0.3844415973141976
ab,el,0.4348606518658479,0.1505304156549026
is,el,0.8286290547864079,0.6719201191493347
sab,el,0.3564319941024696,0.2033978073206227
ang,el,0.5146198830409356,0.3481239923024912
aii,el,0.1655629139072847,0.0435415756516673
ro,el,0.8458830329462456,0.6584851443462163
vep,el,0.5280122793553338,0.357234595812414
jaa,el,0.391304347826087,0.1516381894692109
lt,el,0.8694775743322695,0.6797271807871617
gwi,el,0.4107142857142857,0.1314026718717779
ko,el,0.6354431277101031,0.3949128132948486
gu,el,0.7061007957559682,0.5458390609468303
gn,el,0.1474654377880184,0.1342291786906341
jv,el,0.6592065816077529,0.5258142232937454
da,el,0.8733912002394493,0.6979989989699358
myv,el,0.471226822941685,0.2709318321778923
uk,el,0.903627715462161,0.7346792602965408
apu,el,0.37,0.1566730119768564
bej,el,0.2395615429671157,0.0828297420812309
mpu,el,0.1348314606741573,0.1273619462298707
gl,el,0.8520675505050505,0.6456982451476123
got,el,0.2276917042557364,0.1462442861449337
ps,el,0.7617408409146791,0.5809254235126393
sjo,el,0.1323070927513639,0.049441412686142
ml,el,0.7378277153558053,0.5293208962455598
sah,el,0.2938356164383561,0.1885940652305008
arr,el,0.0961621388529538,0.0796820920305568
grc,el,0.714292117707703,0.5379300197702546
ckb,el,0.3934426229508196,0.2230574024158929
hu,el,0.8071401225114855,0.6051449152154796
yi,el,0.8557452331037236,0.7591634644175661
oc,en,0.7553856845031272,0.579229616646872
myv,en,0.4791046210010568,0.212785510514442
hy,en,0.86383447483117,0.6603787280022901
cop,en,0.0471235944571455,0.0115874462319701
sl,en,0.8563290109055396,0.7185427189121387
or,en,0.7687074829931972,0.584603729800689
gv,en,0.3098482651976418,0.1807132872860359
sa,en,0.3251465127723348,0.1481881781816426
mk,en,0.8816176470588235,0.7631721699394686
bho,en,0.5138784696174044,0.3456895670760745
hsb,en,0.7384257186352646,0.4852414814564778
pad,en,0.3035714285714285,0.120049080762958
tl,en,0.7176406335335882,0.582866434140639
uk,en,0.8746272895073123,0.6689571044686493
nds,en,0.617151189282785,0.5169993229828488
apu,en,0.358,0.1276811904334235
abq,en,0.1625766871165644,0.0596048462767765
ca,en,0.9033215903371916,0.7130668170176897
ckb,en,0.3032786885245901,0.1481676247450275
azz,en,0.3711340206185567,0.2232188003296178
ja,en,0.2762175717101523,0.1227138229180784
otk,en,0.360759493670886,0.0654704834954115
sab,en,0.3984518982676004,0.2435959977273685
gwi,en,0.3779761904761904,0.127114887252957
az,en,0.7598684210526315,0.557668666135177
gl,en,0.8889362373737374,0.6841892162816412
te,en,0.8349514563106796,0.4352854983766047
ko,en,0.6665878989094604,0.4395986948298619
gn,en,0.1152073732718894,0.1171049861230739
vep,en,0.5257099002302379,0.3204211234251441
ka,en,0.8092775890087162,0.5268656747020887
kk,en,0.8246227640651544,0.5705099507023238
yrl,en,0.3145056483055083,0.1443608966361127
wo,en,0.3131788907046044,0.2085099063007219
ha,en,0.3177489444324591,0.1741962987754113
hi,en,0.7538432980644291,0.6175746648076396
ang,en,0.4912280701754385,0.3633436944622638
akk,en,0.3745554477853217,0.1728809957704342
xcl,en,0.6201724447637866,0.4775296501431926
bor,en,0.3052890528905289,0.149835164445104
ckt,en,0.2937622468974527,0.1464231025172989
hu,en,0.848583460949464,0.6320397908172044
scn,en,0.5834523384505533,0.4778869182867906
no,en,0.8968011837994848,0.7482858409045692
sr,en,0.8843358725155416,0.6979746035454495
ps,en,0.7799360708138677,0.6427469143829029
lv,en,0.8600464111386733,0.6599379480417532
ht,en,0.3554135338345864,0.3238156454414432
frm,en,0.8113571669802673,0.6308142372248094
ar,en,0.4840336818126347,0.3438031347189248
id,en,0.8764638847804476,0.7059699127074109
sms,en,0.3839031339031339,0.1521041671645274
cs,en,0.8554792758391897,0.661207423210198
bar,en,0.5152301143921255,0.4379338495314083
grc,en,0.6317039826083058,0.4828143014818155
mr,en,0.7669902912621359,0.5755573944952628
ota,en,0.6521028135351588,0.4845060206648434
koi,en,0.4645858343337335,0.2877491698452879
eo,en,0.9183123877917416,0.762472539287814
fro,en,0.710299681401832,0.5262140069609199
orv,en,0.7188582251082251,0.4994289647009657
am,en,0.4581418581418581,0.3815597703336714
yi,en,0.8536487970450235,0.7246976859571248
yrk,en,0.2264150943396226,0.0729671917935915
fr,en,0.859031760405138,0.7090400234664905
sme,en,0.3592407592407592,0.2258200055044991
hit,en,0.1138273491214667,0.1016298257645929
naq,en,0.2838650023116043,0.1468236598695836
uz,en,0.7984392419175028,0.5805597550089832
el,en,0.8480655081169992,0.6720620751256625
mdf,en,0.470378301213419,0.2108411631272123
ug,en,0.7630203291384318,0.4749589921580157
xum,en,0.2082616179001721,0.1538830059876088
kmr,en,0.7587101926724569,0.5524160320346989
arh,en,0.2212172602223478,0.0784211040251818
de,en,0.8760147727494487,0.7419025509550982
tt,en,0.6008771929824561,0.3240832752956238
sjo,en,0.2326578332034294,0.0637187469710414
urb,en,0.1202185792349726,0.11247590372893
yue,en,0.4971978732576519,0.4147937307394908
br,en,0.6415150909454327,0.4759079552282613
ltg,en,0.7,0.4544604356012349
ctn,en,0.3260200943202788,0.1471392795304031
say,en,0.2518664047151277,0.1071396402166285
tpn,en,0.3396184560780834,0.1163879719131916
nmf,en,0.293859649122807,0.1518775849207069
si,en,0.6488636363636363,0.5615842628023306
fo,en,0.7717472916443205,0.5752339161742643
sd,en,0.6920155529433041,0.6003730327874751
wbp,en,0.2444444444444444,0.108544271148348
bm,en,0.2896621572741084,0.153180708982642
la,en,0.785256038647343,0.6573420787119273
got,en,0.1868013335948225,0.1031931857925643
cy,en,0.6682133208034771,0.5830069520613711
aqz,en,0.3542234332425068,0.1525482132781066
ess,en,0.2059968847352025,0.0956890245135275
mt,en,0.2751738462927842,0.1581495042826645
be,en,0.8751563672754565,0.6619221276314555
olo,en,0.6189516129032258,0.3759556247117386
zh,en,0.4633076887850895,0.3231005768451031
tr,en,0.776740656047942,0.5407996675682168
nl,en,0.8992532654029619,0.7086149367239576
bxr,en,0.5990627181174594,0.3664344752221125
kpv,en,0.4372679304279852,0.211292444731708
nhi,en,0.3758587887115527,0.2530553731559194
fi,en,0.8744624545153821,0.6400540061004132
he,en,0.8474449324209308,0.6204969567901024
lb,en,0.3883495145631068,0.3360389476926658
bej,en,0.264747719856079,0.0714012165068738
da,en,0.9136984934650304,0.771780839416635
aii,en,0.1766004415011037,0.0469836165977645
xav,en,0.2304600267976775,0.1122738029498139
gun,en,0.2522729009091604,0.1005827743371562
lij,en,0.6299612056102656,0.5035257903118175
mpu,en,0.1011235955056179,0.1199458950246765
bg,en,0.9048588145510048,0.7343757911277573
vi,en,0.7698085419734905,0.5657598703819143
wuu,en,0.3592677345537757,0.1836385040287479
en,en,0.946712192317794,0.8488670472650975
is,en,0.8598493736940319,0.7310182852564038
cpg,en,0.639527248850952,0.351260151483318
pl,en,0.8615093787025574,0.6468752071211447
sdh,en,0.3088235294117647,0.1439514278654382
sk,en,0.8734306340238543,0.6221522153018595
gsw,en,0.405928326343881,0.3173027504858443
aln,en,0.5864290181363352,0.4946530573177322
pro,en,0.6987841013589455,0.5449038945949916
myu,en,0.25146771037182,0.1005443993857276
fa,en,0.7598426177254277,0.610876990257862
jv,en,0.7137976713379349,0.5529544305052947
jaa,en,0.2869565217391304,0.155373611895351
gu,en,0.7320954907161804,0.5800651526351653
sga,en,0.2628504672897196,0.1882164045205198
et,en,0.8843338688998166,0.6810837611000702
af,en,0.8833349895657359,0.6745155902539984
ajp,en,0.6425855513307985,0.4750325613066332
egy,en,0.3232167352537723,0.1290545573337044
lt,en,0.8728372249286074,0.646687030699117
pay,en,0.2198830409356725,0.0719076870906551
ru,en,0.8992363699280327,0.6978000842582951
es,en,0.8980305217570633,0.7002127164814997
pt,en,0.9083385843310228,0.703733206442178
it,en,0.8913972645321728,0.7126052252295788
ta,en,0.7616444347255631,0.4655934285906302
hr,en,0.8825638911788953,0.6580344616975253
nap,en,0.472636815920398,0.3947147586084618
arr,en,0.0724450194049159,0.0429389523301333
ab,en,0.3809163911195087,0.1371933006766396
pcm,en,0.7814634146341464,0.6300781010506133
ceb,en,0.4807552650689906,0.3070360770181826
eu,en,0.754861737917453,0.4585348895034265
quc,en,0.3509437730949765,0.1721373784793155
ur,en,0.6673645819262461,0.5540802890320111
gya,en,0.076151560178306,0.0283152620084153
ky,en,0.7985561784809154,0.5116792961562184
gub,en,0.2353711790393013,0.1005814219335501
xpg,en,0.2566686425607587,0.1186294713099706
tn,en,0.2850467289719626,0.173379672173322
gd,en,0.6100783240539775,0.520279064377662
cu,en,0.4579039083893453,0.289445551928309
sv,en,0.9369837148926128,0.8000776280973406
lzh,en,0.3024385057063869,0.2231482360289453
sq,en,0.8153013910355487,0.707995652423487
hbo,en,0.4319226608977826,0.2831186589401689
ro,en,0.8499991242358959,0.6764988580631859
bn,en,0.85625,0.6099271374062305
krl,en,0.7123464770523594,0.4678423529787761
yo,en,0.219701564964212,0.1478316801861249
sah,en,0.2712328767123287,0.1332770200802351
ml,en,0.7661256762380357,0.5651107697287463
xnr,en,0.4864757358790771,0.3575468519458722
th,en,0.5882117748975444,0.422225821157129
ga,en,0.6795949434112118,0.5176832185289667
eme,en,0.1429558011049723,0.1131600019928894
hyw,en,0.8004595656363501,0.5626699740857461
ckt,es,0.2896799477465708,0.1496638284596134
sab,es,0.3501658680427571,0.2130741576692441
aln,es,0.5352720450281426,0.3965481233221964
wuu,es,0.2906178489702517,0.1380406869553549
nl,es,0.8960815164456433,0.7270857662307453
eu,es,0.7528924263559531,0.4610942357968853
te,es,0.8446601941747572,0.534890984460013
orv,es,0.7093614718614719,0.4957603402764436
fa,es,0.7934855691411211,0.592447161114176
gun,es,0.1710596684238673,0.037979351391885
fro,es,0.7502489048187972,0.5552806187381778
gwi,es,0.3998015873015873,0.1498215975217356
sah,es,0.3047945205479452,0.1649692495125666
sjo,es,0.0815796310730059,0.0677923950955831
urb,es,0.1147540983606557,0.116483385182233
bg,es,0.9066395319257188,0.6506381826170193
xav,es,0.266636891469406,0.1230975611198607
sr,es,0.9033359600735488,0.7065580120657219
vi,es,0.7765095729013255,0.5300048427931268
yue,es,0.4089668055755137,0.3040706284824359
hsb,es,0.7562460822065012,0.5777519148359915
ca,es,0.9735614829726555,0.7908861037042397
akk,es,0.2135467183963789,0.1591466213359604
pay,es,0.1988304093567251,0.0753949840478991
ha,es,0.2623046814805683,0.1746885678189926
ml,es,0.754889721181856,0.5653889346089844
nap,es,0.5074626865671642,0.4863552580279531
ky,es,0.7753628753551954,0.4320260628297049
sa,es,0.2936071220865208,0.1381756764150964
sd,es,0.671127588389547,0.4815562846036976
egy,es,0.0272633744855967,0.061928935765934
frm,es,0.852028754764317,0.7078022158317849
tpn,es,0.3129991126885537,0.1290629625081982
ko,es,0.650767394874582,0.3927802705005166
vep,es,0.5448963929393706,0.3782435339704806
mdf,es,0.4344515822031882,0.2161578635527117
ctn,es,0.2991593192536395,0.1236330274805177
ltg,es,0.7352941176470589,0.5335293008310791
zh,es,0.3340316893346156,0.2614222807536644
lij,es,0.6265293942106834,0.5044638652331068
es,es,0.9614250360899156,0.787298830839279
fi,es,0.86328426507884,0.6105944064561435
pcm,es,0.6859233449477352,0.4606946391806188
tl,es,0.6985253959584926,0.4505663889224545
da,es,0.906614785992218,0.6969133299249984
bej,es,0.2045017153376286,0.0659394537294703
gu,es,0.7145888594164457,0.5213548813169844
no,es,0.8722483055956448,0.6550933442567245
xum,es,0.1841652323580034,0.1725647147124519
lb,es,0.3058252427184466,0.214495263867185
ta,es,0.7533347911655368,0.4485097255903229
hr,es,0.8943116240725474,0.7049976254648935
tr,es,0.7830980917836303,0.5250203465067618
hit,es,0.0435446906035141,0.0754177405001542
olo,es,0.6606182795698925,0.4626382311452572
ceb,es,0.5003631082062454,0.3010724522359185
gl,es,0.9223642676767676,0.7326981202129687
ja,es,0.1549810597004617,0.0959947934781895
ckb,es,0.3360655737704918,0.159101508682254
ps,es,0.7937054339808213,0.6520304030267743
myv,es,0.4319339033528677,0.1966948273938851
ess,es,0.3843457943925233,0.129557455301773
hu,es,0.8709800918836141,0.6083588403768562
sdh,es,0.4411764705882353,0.1412599681020733
ka,es,0.8097207859358841,0.5493125878620637
is,es,0.8432391360218118,0.6705395186754151
mk,es,0.8647058823529412,0.6655598011709508
ur,es,0.6640551127921113,0.533487826458151
xcl,es,0.6234057840847853,0.443551149068243
hbo,es,0.2902920497566252,0.1510613266202686
lzh,es,0.2186148720493372,0.1952883847328259
cs,es,0.8821302352033148,0.7064990646028934
apu,es,0.305,0.1045279280038834
hy,es,0.8576081229943963,0.6153721311751541
kpv,es,0.3836232167285519,0.2069400156395699
af,es,0.8519328232137533,0.6538375711398472
be,es,0.8801601200900675,0.6682385132265344
gub,es,0.2208515283842795,0.1043774224616869
bor,es,0.3562730627306273,0.1585352949131655
azz,es,0.42644726407613,0.2788485912154347
ht,es,0.327593984962406,0.2844598243243906
jv,es,0.7019451997490065,0.5264148599193768
eme,es,0.1871546961325967,0.1317293003342054
or,es,0.7531584062196307,0.5467125280348101
bm,es,0.2567460030384142,0.1481779687346904
gd,es,0.6216853826554686,0.4594462027464222
aqz,es,0.3405994550408719,0.1340486955618138
ota,es,0.583798062811858,0.4385987871037378
uk,es,0.8789578304699702,0.6460419585576204
naq,es,0.2018492834026814,0.1307218985315529
ar,es,0.3722816580563804,0.3347565847318112
cop,es,0.0348061400643867,0.064504971897968
en,es,0.8414002606657384,0.6731031349053098
cpg,es,0.6298971328518276,0.3459037344824915
cy,es,0.6564078468225067,0.5664949358493516
br,es,0.643513891665001,0.4526718467559929
yrl,es,0.3323003099070279,0.144842520178732
eo,es,0.8979652902453621,0.7444275276408729
bn,es,0.765625,0.4536430786606967
el,es,0.8530358292211971,0.6329955459788376
lv,es,0.8529513749966658,0.6490616951877348
arh,es,0.1901262483512342,0.0995636662578824
nds,es,0.5565478902761323,0.4088903581263718
ab,es,0.3692961738308927,0.1191300679697572
it,es,0.9215806652160398,0.7114963664986462
et,es,0.8815586607592061,0.6958008749883501
ga,es,0.6779403004831558,0.5169204820892074
quc,es,0.273544392290023,0.1508747093427845
id,es,0.8617947288024634,0.6370213030885273
sga,es,0.1927570093457944,0.141617077092878
yo,es,0.2013829916292611,0.1699302695564908
hi,es,0.700163688216136,0.5988188386642356
xpg,es,0.2756372258446947,0.1374063443937651
th,es,0.5167760637057275,0.4201911229667873
tt,es,0.5320175438596492,0.2870145817261917
pt,es,0.9391598403696704,0.741751592268043
uz,es,0.8024526198439242,0.5474988565378542
ajp,es,0.6755386565272496,0.4549680468705132
abq,es,0.0966257668711656,0.0592655264905716
gn,es,0.2211981566820276,0.1365242165242165
fr,es,0.8905574001408593,0.7104461946111387
nhi,es,0.3926646231899376,0.3005743804625772
fo,es,0.7726053845328756,0.5361454974081058
gv,es,0.2820141103701556,0.1773061602614008
otk,es,0.2974683544303797,0.0699404761904761
lt,es,0.8586427011590795,0.6251159870326589
oc,es,0.7771269730963963,0.5671475456109372
wbp,es,0.3809523809523809,0.1555962349346477
ang,es,0.4385964912280701,0.3304566927049765
gsw,es,0.3291555470834922,0.2632426169803447
gya,es,0.0274888558692422,0.0423427287581699
grc,es,0.647795782065936,0.4311550115763487
mt,es,0.2046419217917457,0.1966958217819791
sv,es,0.8974362756667453,0.6779690981078926
krl,es,0.7275371687136393,0.5410393949018624
aii,es,0.1346578366445916,0.0640419947506561
az,es,0.7752192982456141,0.4964601285246307
he,es,0.8448234773431382,0.6762699026094952
sms,es,0.3023504273504273,0.1329290898506816
got,es,0.2102373014316532,0.1482480066002232
jaa,es,0.3739130434782609,0.1997608799617408
kmr,es,0.8052311071178996,0.5915621930835737
xnr,es,0.4844868735083532,0.2898689691914181
ro,es,0.8489306920287951,0.6222572271131454
scn,es,0.640931810067833,0.4621913479941069
wo,es,0.248774392002307,0.1837946091657715
say,es,0.1790766208251473,0.0949062781221652
arr,es,0.0754635618801207,0.0597412607711125
kk,es,0.8123313680423704,0.5062061664492047
mr,es,0.7839805825242718,0.5462406427498642
bar,es,0.4432029795158286,0.3712997563050663
yi,es,0.8397723869421982,0.645615542490217
sme,es,0.3431568431568431,0.2192694002570314
tn,es,0.2710280373831775,0.1806985838559084
am,es,0.4528471528471528,0.3135914476965856
bho,es,0.4964741185296324,0.2966046782976068
hyw,es,0.7973463790675265,0.5643051271954923
koi,es,0.446578631452581,0.2864730868683505
la,es,0.781768115942029,0.5975696780710792
myu,es,0.2240704500978473,0.1083625124827601
pro,es,0.7179932563604782,0.5579138207872282
sk,es,0.9081920903954802,0.745040059325903
pl,es,0.864105329020062,0.6217329558916329
bxr,es,0.6137202113869777,0.367139097014744
mpu,es,0.1516853932584269,0.1030026355421686
sl,es,0.861673267863925,0.7033978379546192
yrk,es,0.1297169811320754,0.0526149439331145
sq,es,0.7882534775888718,0.7180293457872756
cu,es,0.4482449589245705,0.274511582933878
de,es,0.8592417500926955,0.666628021449501
ru,es,0.8948687613106567,0.6943844210342228
ug,es,0.7525653436592449,0.426913389030597
pad,es,0.373015873015873,0.1262330017711455
nmf,es,0.3292847503373819,0.1522014803913191
si,es,0.6704545454545454,0.4986486981382034
nl,et,0.8329212557128943,0.7347271052573363
ja,et,0.1864092061012734,0.1183123360726651
ang,et,0.4327485380116959,0.2915216918976317
fro,et,0.6462813620071685,0.4869848312050872
ha,et,0.2982093876167288,0.1505378466339939
ko,et,0.6591916065077921,0.4710653474821857
ess,et,0.25,0.0925188398076468
da,et,0.8704978549336526,0.7182991653448516
bxr,et,0.6392461860604247,0.4743305977319949
es,et,0.7363786347700557,0.6282821925675365
eme,et,0.2361878453038674,0.1133714120745716
is,et,0.8419429452582884,0.6927130261720901
sga,et,0.2511682242990654,0.1628582318404017
hu,et,0.8372894333843798,0.5977970882486927
sr,et,0.8979073636284038,0.7327412677042084
cop,et,0.0366257640087715,0.0047119554615165
wo,et,0.3085648370662309,0.1771516881532141
et,et,0.9691643539932162,0.9047922628838038
kpv,et,0.4605237443814735,0.2364351624774282
tr,et,0.7937726699258792,0.5928866189097882
am,et,0.4622377622377622,0.3420609727173711
fr,et,0.7562045142033068,0.6636550470352923
gd,et,0.5520430310465226,0.4476731604957465
ltg,et,0.7352941176470589,0.4566182405165456
got,et,0.2274955873700725,0.1056227256143749
or,et,0.815354713313897,0.6572492749849613
aln,et,0.5066916823014384,0.379809753574286
sdh,et,0.4338235294117647,0.2126565755006122
xpg,et,0.2596324836988737,0.1196534376523084
myu,et,0.3180039138943248,0.1070727986050566
pl,et,0.8402092735332881,0.6228941941822482
aqz,et,0.3930517711171662,0.1234042279900051
ctn,et,0.3546579181190623,0.1322936114943706
mr,et,0.8203883495145631,0.6282179119528585
id,et,0.8412336638944791,0.6411461307093491
bej,et,0.2262572169692912,0.0764800237586088
lt,et,0.8614984041659668,0.6771998061388255
az,et,0.7741228070175439,0.5779697508811775
gya,et,0.0419762258543833,0.0136768001972201
gu,et,0.7702917771883289,0.6008779683340912
no,et,0.8500337967445514,0.6910712681609565
uk,et,0.872745988925174,0.6387377447197143
uz,et,0.8146042363433668,0.6236573742196221
ug,et,0.777541142303969,0.5259815622192342
xcl,et,0.6195437398958146,0.4355543904682401
gv,et,0.3158403401952256,0.1529225715143502
hit,et,0.1115355233002291,0.0842117188039227
urb,et,0.1666666666666666,0.1118145671543729
gsw,et,0.3471692718261532,0.2972474544117912
arh,et,0.2012436404748445,0.0864559197118449
nmf,et,0.3771929824561403,0.1759416166659483
ab,et,0.394615021256495,0.1234953711421282
grc,et,0.6763262287366368,0.4683829907243034
abq,et,0.1809815950920245,0.0624049317581307
frm,et,0.7287595889419598,0.5942839158047211
oc,et,0.6639531420629405,0.507298653082143
af,et,0.8482559872801352,0.6478682831698117
te,et,0.8502080443828016,0.4968733856816092
pad,et,0.3908730158730158,0.1538135574698676
vep,et,0.6462010744435918,0.4029172604198981
naq,et,0.2429958391123439,0.1229609115914049
sk,et,0.8752354048964218,0.6496267253329424
lij,et,0.5344673231871083,0.4349209009370942
wuu,et,0.3729977116704805,0.204194929387971
gl,et,0.7682607323232323,0.6439785016755596
ml,et,0.791926758218893,0.5621495194464137
ky,et,0.7774364488134552,0.4554801379456878
sms,et,0.3892450142450142,0.1698514777320838
xav,et,0.2644037516748548,0.115630317188979
gub,et,0.3076419213973799,0.1208382241348387
wbp,et,0.419047619047619,0.1612832183233005
nap,et,0.4577114427860697,0.3432885663786744
ps,et,0.7755102040816326,0.6074287205718721
eu,et,0.7814884713219004,0.4832290934195111
hyw,et,0.8183233266622193,0.6375506882687476
be,et,0.8797222917187891,0.628238137135506
apu,et,0.507,0.1254097817554364
bm,et,0.2552267959198437,0.1209126355348959
fi,et,0.9082864703936488,0.7277641933692705
bar,et,0.439146049481245,0.3809955868603489
hi,et,0.7997434988778076,0.6215699989751943
myv,et,0.5148429243923528,0.2496017380940482
br,et,0.6057365580651609,0.4381261231892102
sl,et,0.8445824968802561,0.700397871500109
cy,et,0.6215200281921767,0.5037771568738865
sme,et,0.4628371628371628,0.254278580832705
ga,et,0.6168177907207625,0.483216884069832
sjo,et,0.13269680436477,0.0485303890885907
bho,et,0.577794448612153,0.3640679215086793
lv,et,0.8647141980742045,0.6954459911263542
arr,et,0.0724450194049159,0.0423307290629019
pcm,et,0.7166550522648084,0.5120801317592455
ca,et,0.7093105183694011,0.6360608591836823
yrk,et,0.1580188679245283,0.048451451404602
bn,et,0.85625,0.6793182094216343
pro,et,0.5933381015632982,0.4229858246357985
gun,et,0.1760256704102681,0.0424375896855177
xum,et,0.2667814113597246,0.1433603019106186
akk,et,0.4003394762366634,0.1434790037004367
ckb,et,0.3688524590163934,0.1613858363858364
vi,et,0.7558173784977908,0.5453849520330704
tn,et,0.3271028037383177,0.2048606129916257
koi,et,0.5066026410564226,0.3119489866479479
say,et,0.2105108055009823,0.0823307238152011
si,et,0.7034090909090909,0.6496673382951939
xnr,et,0.5238663484486874,0.3595196074385941
kk,et,0.826921155191366,0.586964708148913
ur,et,0.7723895717952182,0.6037159509170541
krl,et,0.7352941176470589,0.5437459262272313
quc,et,0.323379606511535,0.1516288122189335
mt,et,0.2798699539420211,0.1773642156179852
de,et,0.8065687020666238,0.6397856663825942
lzh,et,0.3560643652087616,0.2150656289804015
mk,et,0.8301470588235295,0.7487244232879442
nds,et,0.5677572222728515,0.4349423321514876
aii,et,0.1589403973509933,0.0629432278203189
gn,et,0.2211981566820276,0.1444415731089863
yi,et,0.8180093840471199,0.6255685581955435
jaa,et,0.3130434782608696,0.140787037037037
ru,et,0.8775760239797612,0.6847792008592414
lb,et,0.2912621359223301,0.2134825285769813
ckt,et,0.3040496407576747,0.1415562005674583
ht,et,0.3411278195488721,0.2628974134765328
azz,et,0.4450832672482157,0.2577547323173968
kmr,et,0.7856643705700309,0.5764828183362101
sd,et,0.7748440184465142,0.6040884306910423
hy,et,0.8730303175439437,0.6599898738878631
olo,et,0.7009408602150538,0.5102465712627653
yo,et,0.265073395608395,0.1684985218470593
sq,et,0.7882534775888718,0.6999631612809002
mdf,et,0.4865572210325957,0.2455559801014836
cu,et,0.4315160567587752,0.2618424186701317
yue,et,0.5253628394884322,0.3995259060906801
orv,et,0.7111877705627706,0.4804382448800957
egy,et,0.1652949245541838,0.0993676876481451
th,et,0.6495185419651485,0.4545296152719129
zh,et,0.5171154462609333,0.3522085409867015
hr,et,0.886603462489695,0.6394049866599593
ta,et,0.7968510824404111,0.5210649870907758
tl,et,0.6553795740032768,0.5672450833094558
fo,et,0.7854231470556687,0.5609503353207388
otk,et,0.3037974683544304,0.045644891122278
sa,et,0.3954726434930434,0.1501632881826019
cpg,et,0.5675202451302255,0.3073246506650126
ar,et,0.3611113371028759,0.2797521261243317
la,et,0.7775652173913044,0.6018513800430941
eo,et,0.8635547576301615,0.6568936522567077
pt,et,0.8156983826927117,0.6452933095275541
he,et,0.797909644911994,0.6154822240123157
scn,et,0.5415922884684041,0.3764458182494933
en,et,0.8174100926205827,0.6751863146377169
pay,et,0.2362573099415204,0.0963030708443442
cs,et,0.8664825120851444,0.7006785393533906
it,et,0.7948010568852969,0.656679233184447
fa,et,0.759269865776826,0.5716347083600299
hsb,et,0.7903644667323364,0.5622793203327141
hbo,et,0.4040021633315305,0.1803797730207425
ka,et,0.8508888560594868,0.6048692858871453
ajp,et,0.6590621039290241,0.4905340225875039
gwi,et,0.4087301587301587,0.151458275634141
nhi,et,0.4241623507028855,0.2830980792199735
ceb,et,0.4429920116194626,0.3239052349813424
yrl,et,0.3815855243426972,0.1592221114752611
sab,et,0.3438997419830446,0.1860438352443702
ro,et,0.8053877007689209,0.6054733673531606
el,et,0.7601730672960023,0.5959278242757694
sah,et,0.3616438356164383,0.1716272166311545
tpn,et,0.4392191659272405,0.1429773772271828
tt,et,0.6210526315789474,0.3159336173307396
bg,et,0.8953192571864665,0.677249510873227
sv,et,0.8882611517583195,0.7144115849432972
mpu,et,0.1741573033707865,0.1411624462906514
jv,et,0.6951125984800948,0.5379933766131858
bor,et,0.3742927429274292,0.1535987823002275
ota,et,0.6559184871483081,0.4727944660925307
ug,eu,0.7644724104549855,0.4329443349275209
ml,eu,0.7444860590928006,0.4952744967443763
apu,eu,0.45,0.1505843127505518
kk,eu,0.8316178674927551,0.5154565498393169
gn,eu,0.2626728110599078,0.1505191680216506
egy,eu,0.310099451303155,0.1439940443906225
bor,eu,0.3771217712177122,0.1799579633944323
ka,eu,0.7757423548530064,0.4894824752160784
xum,eu,0.3881239242685025,0.1774514429493746
yrk,eu,0.4040880503144654,0.1135797460124097
frm,eu,0.6283108988276161,0.4496215041547029
aqz,eu,0.4400544959128065,0.1885246746155638
et,eu,0.807212295308113,0.5342171005962847
ajp,eu,0.5994930291508238,0.3837427216742803
gwi,eu,0.5813492063492064,0.2018632203448669
sq,eu,0.6823802163833076,0.5565171067576663
sa,eu,0.4347962242204626,0.1801666556101838
af,eu,0.643446288383186,0.4626016688789364
en,eu,0.6808133167485171,0.4701923269497698
sd,eu,0.691111312053531,0.5431660218121548
th,eu,0.4401426048712225,0.3584421751816653
wo,eu,0.3954628472555993,0.2223175877196206
mdf,eu,0.4886985486557221,0.2354509369724893
ur,eu,0.6270430906389302,0.5290245489474995
bej,eu,0.3515187013639026,0.0943644310305037
hr,eu,0.7603462489694971,0.5544569928862201
yrl,eu,0.3737878636409077,0.1822740472127947
sjo,eu,0.132501948558067,0.0402814348487386
cy,eu,0.5477504992364619,0.4134629754247125
he,eu,0.5838354951826508,0.3903672776747977
mr,eu,0.7233009708737864,0.4922111183693423
ota,eu,0.6618306847247264,0.3958791266329319
it,eu,0.6631178116257382,0.4462824502135379
aii,eu,0.1545253863134658,0.0315990823090214
nap,eu,0.4676616915422885,0.3464195826879044
urb,eu,0.2513661202185792,0.1250718837592574
myu,eu,0.3326810176125244,0.1117149111634757
tt,eu,0.6482456140350877,0.3299806355948025
sl,eu,0.7229667408171017,0.5014413981767296
ess,eu,0.2753115264797507,0.1179998431466001
da,eu,0.6914097575576175,0.4461829623036845
ht,eu,0.3629323308270676,0.2479901793341572
koi,eu,0.5150060024009604,0.2662513507332258
zh,eu,0.3453313184045427,0.2505259333862931
bg,eu,0.7063088272704147,0.5472258745204531
sah,eu,0.45,0.2287975178324569
fro,eu,0.5681501393866986,0.3730232772070853
bm,eu,0.302828618968386,0.1722456803241411
fi,eu,0.8109769544602492,0.5185786590478723
uk,eu,0.7585545932131194,0.5214595114694853
ckb,eu,0.3278688524590163,0.1229583943032415
de,eu,0.7235720000780594,0.4999344847934275
lb,eu,0.3543689320388349,0.2240397711450343
pay,eu,0.3076023391812865,0.0955668374101095
ps,eu,0.6476518318170642,0.4933639724480337
tl,eu,0.531403604587657,0.358919252753562
wuu,eu,0.3066361556064073,0.1357127885865595
azz,eu,0.4059278350515464,0.2058000802228413
ab,eu,0.590741615493623,0.2152451207333807
orv,eu,0.6254193722943723,0.3986570017692384
sab,eu,0.3789163287873203,0.211192705030405
ang,eu,0.5087719298245614,0.355783514784649
gsw,eu,0.3808139534883721,0.2362820782345949
olo,eu,0.6774193548387096,0.390841384664318
abq,eu,0.3435582822085889,0.0908769304823378
lij,eu,0.4491196657714115,0.3177213145550517
scn,eu,0.51472688325598,0.3213102252670364
bxr,eu,0.6681623292451889,0.4258730448542597
sms,eu,0.4576210826210826,0.1680416413929212
la,eu,0.6943671497584541,0.5162817161669584
quc,eu,0.3446519524617996,0.162877366732496
si,eu,0.6625,0.5572348542290821
es,eu,0.6690864095689832,0.4390990405509605
mk,eu,0.725,0.5493049026582022
hy,eu,0.8310742851669142,0.5463649226635757
az,eu,0.7861842105263158,0.4909857935257473
ja,eu,0.1625837437507637,0.1040878691032942
id,eu,0.7059622238925394,0.4689964366750971
vi,eu,0.6868924889543446,0.4183187175585589
eo,eu,0.7429682824655894,0.5612007805441724
sme,eu,0.4437562437562437,0.2672483449632443
wbp,eu,0.4793650793650794,0.2228720774175319
gub,eu,0.3730349344978166,0.1532933916880833
ltg,eu,0.6647058823529411,0.3878903673014647
gu,eu,0.7289124668435013,0.4958796503376081
ckt,eu,0.348791639451339,0.1469053568909226
fo,eu,0.6343987986699561,0.4197255966913221
xnr,eu,0.5513126491646778,0.3516756971481553
gd,eu,0.4962725299613098,0.3802462357670841
vep,eu,0.6032233307751343,0.4339006351319555
hi,eu,0.6791542212997181,0.5040715516591177
hyw,eu,0.8116522125861686,0.5767392808325758
yo,eu,0.3054713089894456,0.1533922432050803
gl,eu,0.6407670454545454,0.4409946616399359
hit,eu,0.213903743315508,0.134487245706811
otk,eu,0.2974683544303797,0.0352720450281425
hsb,eu,0.6644577773797797,0.4255493025001984
fa,eu,0.6236521652513883,0.4340083603949908
arh,eu,0.3195779159600527,0.1414063173627389
gun,eu,0.1810680724272289,0.048041600610264
hbo,eu,0.4371957815035154,0.2078549178323206
cu,eu,0.4326611899427433,0.2019068321399754
akk,eu,0.4393388296152603,0.2140339935877288
pcm,eu,0.6798606271777003,0.4224727000285155
naq,eu,0.3248266296809986,0.1521687545806752
pro,eu,0.5496066210278941,0.3932986342751861
krl,eu,0.7343244990303813,0.4714581263370531
xcl,eu,0.5954733249506018,0.4315349772401145
br,eu,0.5563661802918249,0.3556232921117478
pl,eu,0.7426281667265732,0.4867984306405324
ko,eu,0.674515873672271,0.4096121262935912
no,eu,0.6532088638813277,0.4591060945052584
ca,eu,0.6574232511323603,0.424673327508914
mpu,eu,0.2303370786516854,0.1289997214525516
lt,eu,0.8100957500419956,0.5165882536132045
aln,eu,0.4846153846153846,0.3123590386258255
eme,eu,0.3836325966850828,0.1669196095667169
sdh,eu,0.4926470588235294,0.1777792341291079
ar,eu,0.2998169466704633,0.2167903164900363
lv,eu,0.824411192019418,0.5398500609068108
am,eu,0.4456543456543456,0.290696070225811
myv,eu,0.5070611970410221,0.2398500478443326
be,eu,0.7587565674255692,0.5001880459534594
hu,eu,0.7786179173047473,0.5529658406289232
pt,eu,0.6853014072673808,0.4426697141738107
te,eu,0.8432732316227461,0.5107440257291039
kmr,eu,0.6688629330138764,0.4402283174704848
ctn,eu,0.4234160344474062,0.1764139891787584
jaa,eu,0.3826086956521739,0.1764049731234657
ha,eu,0.3990199402101889,0.1998602619906587
kpv,eu,0.4848544068790307,0.2432594859933579
bar,eu,0.4267092311785049,0.3077085079786071
sga,eu,0.2371495327102804,0.1276975188544764
sv,eu,0.6883408071748879,0.4801743371825673
yi,eu,0.7158829989018668,0.4972492803765005
ru,eu,0.7711307617128134,0.5246417076415631
gya,eu,0.175705794947994,0.0842134025973082
tpn,eu,0.5051020408163265,0.1969928243133748
xpg,eu,0.3165382335506816,0.1627920896315439
sr,eu,0.7531739777602662,0.5557939587137601
tn,eu,0.322429906542056,0.2067797249983484
cpg,eu,0.5933464653096958,0.3031949092743914
pad,eu,0.4226190476190476,0.189780093946191
ky,eu,0.8017817371937639,0.4332124606896326
ta,eu,0.8222173627815439,0.6161624657482915
nhi,eu,0.418349011732375,0.2202877043091351
tr,eu,0.761512379750828,0.4749902965318582
bn,eu,0.81875,0.5560673608238322
say,eu,0.3177799607072691,0.1416175061159288
eu,eu,0.95708541888898,0.7567950240107941
ceb,eu,0.4103122730573711,0.2565763832819532
gv,eu,0.328790953899681,0.1733991612648865
mt,eu,0.3831843222252325,0.2282019145903397
ro,eu,0.691223092147899,0.4572613443209719
el,eu,0.7120074376028034,0.4926488320849714
ga,eu,0.5194255079753789,0.3313478612993404
oc,eu,0.6091531817730567,0.4037755902665445
yue,eu,0.4032907026871677,0.3079084798473508
grc,eu,0.630650619691163,0.4012826830183589
nds,eu,0.5226464959445912,0.3489926085210782
nl,eu,0.6942633800354636,0.4684931522263117
xav,eu,0.3224653863331844,0.1229497114020276
arr,eu,0.2332902112979732,0.089459284166984
cs,eu,0.735646098224804,0.4868871748218752
jv,eu,0.6297845638987659,0.3892968102366569
cop,eu,0.0369990202024914,0.0050969906544458
got,eu,0.3059423416356148,0.169715876250765
bho,eu,0.5156789197299325,0.3299826959751556
lzh,eu,0.2123413907988941,0.1973794345410591
sk,eu,0.7688323917137476,0.5123112234900176
nmf,eu,0.4122807017543859,0.1992684899284409
or,eu,0.7473275024295433,0.5714395396507091
is,eu,0.6735219514375426,0.4676531498653618
uz,eu,0.8080267558528428,0.4927450353323035
fr,eu,0.6410940067746588,0.434385081027054
vep,fa,0.5326170376055257,0.3548041746278518
aln,fa,0.5129455909943715,0.3919514465877866
mdf,fa,0.4839400428265524,0.2554884227671629
koi,fa,0.5294117647058824,0.3270764137904867
ps,fa,0.807720678632899,0.5860717791639778
sr,fa,0.8453725593205499,0.6153400421738946
ru,fa,0.8405027893774522,0.6400450242604238
ajp,fa,0.6907477820025348,0.4775697053154094
tn,fa,0.308411214953271,0.1979146215219676
bn,fa,0.815625,0.5342154403642327
aqz,fa,0.4107629427792915,0.1340155582524201
ca,fa,0.7987418218419728,0.6149414801433215
tl,fa,0.7487711632987438,0.5319861649237266
kk,fa,0.7977415808933747,0.5493652757266221
ab,fa,0.4882380727444497,0.1656193965609699
nl,fa,0.7941609849903849,0.6222875834535551
bho,fa,0.5969992498124531,0.3614022254063763
el,fa,0.7019237645712652,0.5400591805402042
ckb,fa,0.3114754098360656,0.1032121643206548
got,fa,0.2739752892724063,0.1694806069531285
aii,fa,0.1501103752759381,0.0236447071634129
sab,fa,0.3814964983413195,0.2077979841800797
scn,fa,0.5932702606212067,0.4605695307112808
egy,fa,0.188957475994513,0.0930603352731856
gwi,fa,0.5059523809523809,0.1488130187314596
ug,fa,0.7772507260406583,0.5404297657599012
abq,fa,0.2515337423312883,0.061904594078432
yo,fa,0.2558534514133204,0.1357606532266462
de,fa,0.7723371972757255,0.5768068981489557
lij,fa,0.5750522232169502,0.4329958682169272
uk,fa,0.8303989777083629,0.609344430717353
sa,fa,0.3835279380843734,0.1678988201442787
id,fa,0.7659724074388381,0.545679162942311
bor,fa,0.3940959409594096,0.1811291028592691
jaa,fa,0.3739130434782609,0.1577872744539411
fi,fa,0.8189987870768553,0.5904732342093326
xum,fa,0.306368330464716,0.1781695195378192
es,fa,0.8052691276551867,0.6033263305871863
sga,fa,0.2838785046728972,0.1770717268706546
wo,fa,0.3595116793232721,0.2000614674775026
gub,fa,0.3611353711790393,0.1334982987815988
cpg,fa,0.5856861457649376,0.3078664495617323
myu,fa,0.385518590998043,0.1278036210513143
ga,fa,0.6389900059567145,0.4469921868060447
gya,fa,0.1437592867756315,0.0647283031480161
orv,fa,0.6985795454545455,0.4671676847417079
is,fa,0.8351100086040248,0.6340305456713363
wuu,fa,0.3020594965675057,0.1346472406886535
quc,fa,0.3334664935583741,0.146681504546623
bxr,fa,0.6320670056835178,0.3880823675963928
az,fa,0.7664473684210527,0.5261758046955933
am,fa,0.4908091908091908,0.3576522224076786
frm,fa,0.7500844309354948,0.636454486782898
fa,fa,0.9257663670094878,0.7930210072415316
sd,fa,0.7526901166470747,0.6242673420772682
hyw,fa,0.7737751093321473,0.5710192878138255
xav,fa,0.3251451540866458,0.1375029036594854
en,fa,0.7850796120738784,0.5997464067161132
vi,fa,0.7092047128129603,0.5514305360434024
nds,fa,0.5884443634375285,0.4573747578904628
pro,fa,0.6762031265965056,0.5286371126644206
af,fa,0.7594156812083872,0.5883302758186163
fr,fa,0.7724620183117014,0.5923009979432418
hsb,fa,0.7277693203187965,0.4804245158681197
nhi,fa,0.4286016277349117,0.2746819536368554
ha,fa,0.3680463525133294,0.2050907080681761
gn,fa,0.2811059907834101,0.1439223967061858
ka,fa,0.7991825478898902,0.516298046750406
sah,fa,0.4020547945205479,0.1818563356287753
it,fa,0.7940317065589058,0.5984927627776427
ur,fa,0.7785357287586113,0.6479256904945528
gu,fa,0.7411140583554376,0.5512118345526039
arr,fa,0.1841310909874946,0.0455263414209512
hit,fa,0.2681436210847975,0.132723558119666
sq,fa,0.7357032457496137,0.607496496370729
grc,fa,0.6759004011743875,0.5092268976680473
jv,fa,0.6460991424388204,0.4215748268772653
xpg,fa,0.2697095435684647,0.1217472476921141
lv,fa,0.813101811101331,0.6044153585895178
gsw,fa,0.4693576057948913,0.3043214384665545
te,fa,0.8321775312066574,0.5088570281572874
pt,fa,0.8033942449065322,0.5818933221666578
et,fa,0.8481587873476476,0.6271513536553072
he,fa,0.8422020222653457,0.6065150663569132
cs,fa,0.8100039268256354,0.5952153716153437
wbp,fa,0.4698412698412698,0.1778324874300106
br,fa,0.5764541275234859,0.3815330276563258
ltg,fa,0.7058823529411765,0.4539673187944987
say,fa,0.2768172888015717,0.1232662296255473
gd,fa,0.6143248089081815,0.4734161902204187
pl,fa,0.8351504985555867,0.6136496767856828
mk,fa,0.7985294117647059,0.6528339974668325
sjo,fa,0.1249025720966484,0.0200061169962695
ota,fa,0.6580988720701078,0.4678541426174261
eu,fa,0.723188643636662,0.4126679562814958
mr,fa,0.7864077669902912,0.5778065458296257
ar,fa,0.3916853109872676,0.2941538155580829
sl,fa,0.8122456730508383,0.6258908356780603
bm,fa,0.3196122404687839,0.1762893220960427
or,fa,0.7998056365403304,0.6996683344152875
fo,fa,0.7347420358253781,0.5168542787764692
sms,fa,0.4497863247863248,0.1991493085699375
naq,fa,0.2813684697179843,0.1590579302878853
xnr,fa,0.5369928400954654,0.3968864085826878
ml,fa,0.7336662505201831,0.5226223434444123
otk,fa,0.2974683544303797,0.0352720450281425
ko,fa,0.6402164537968028,0.4146452904422267
lb,fa,0.4077669902912621,0.2710576325391817
ht,fa,0.3615037593984962,0.2612566576593086
hi,fa,0.8097504176580772,0.5838725103163229
olo,fa,0.6565860215053764,0.4315015530183795
ro,fa,0.7922862697703746,0.5531229482597958
yi,fa,0.7753818508535489,0.6118438521468141
uz,fa,0.8068004459308807,0.589978471128939
azz,fa,0.4344766058683584,0.2590168532288524
zh,fa,0.3541237349452764,0.2613785052662904
cy,fa,0.7155526841301539,0.5159958982882178
be,fa,0.8221165874405805,0.5712849952527506
tr,fa,0.7817083267623404,0.5209159139045717
nmf,fa,0.3903508771929824,0.1789580723429958
pcm,fa,0.7079442508710801,0.5075328374232172
hu,fa,0.7407159264931087,0.5491459053260526
ta,fa,0.7518040673518478,0.5189113948524351
mt,fa,0.3216833739727264,0.1788054477084268
nap,fa,0.4825870646766169,0.4260228154464326
mpu,fa,0.2247191011235955,0.1060269005474484
ja,fa,0.1675114093389224,0.0999797321928354
fro,fa,0.6767970927917164,0.5306068811137481
akk,fa,0.4213950856773359,0.1834008801851305
lt,fa,0.8153032084663195,0.5913079127193633
eme,fa,0.3453038674033149,0.1354268232928083
arh,fa,0.2756736385905408,0.1072475320340532
xcl,fa,0.6023890784982935,0.4359288140232591
bg,fa,0.8488298142966166,0.7236302366400654
hbo,fa,0.5307598702001082,0.3234329251779329
tpn,fa,0.4851375332741792,0.1643274899442488
ess,fa,0.2589563862928349,0.0992125661706358
no,fa,0.8484627048356748,0.659128070635373
pad,fa,0.3849206349206349,0.1469836459384249
sme,fa,0.4142857142857143,0.2600292380556507
th,fa,0.4766601139506214,0.3662374488500195
cop,fa,0.0369990202024914,0.0050969906544458
yrl,fa,0.3767869639108268,0.1717921542132271
cu,fa,0.519193427931292,0.3290722485731739
gl,fa,0.7842645202020202,0.5605520205560834
da,fa,0.8303901027636437,0.6167537176332936
myv,fa,0.4981266211931981,0.2301147246161901
sk,fa,0.795668549905838,0.5325165920047874
yrk,fa,0.3687106918238994,0.1148646186026402
ky,fa,0.7455648567698333,0.4690835718547791
ang,fa,0.4561403508771929,0.3002550597691657
ctn,fa,0.4263549996582598,0.1689281182835393
kmr,fa,0.7995407806728562,0.564771768692639
pay,fa,0.3019883040935672,0.1020892205114889
sdh,fa,0.6029411764705882,0.2642753523827693
gv,fa,0.3276311974485358,0.148337735316658
yue,fa,0.4131340709872108,0.336673838376608
la,fa,0.734512077294686,0.5900595817853507
bej,fa,0.3259978244498368,0.0854637690908608
sv,fa,0.8272952560774133,0.6136634090721285
krl,fa,0.7023270846800258,0.4960446162954756
hy,fa,0.8133052349250443,0.5816080432570001
hr,fa,0.8366859027205276,0.6266329446902061
eo,fa,0.865050867743866,0.7166436104510666
ckt,fa,0.3125408229915088,0.1520117160264043
bar,fa,0.5467544559723331,0.3933196175954244
tt,fa,0.5969298245614035,0.2991707690625168
apu,fa,0.47,0.1577753747610486
si,fa,0.7,0.5546536583101075
gun,fa,0.1790816716326686,0.0490501862467469
urb,fa,0.2486338797814207,0.1146417616463617
ceb,fa,0.5003631082062454,0.3375123890568833
oc,fa,0.693338628015487,0.5204030543921637
lzh,fa,0.2156021833132487,0.1948734633030319
kpv,fa,0.4552472151651358,0.2512150725543994
bxr,fi,0.6391464752218566,0.3990183974033472
xum,fi,0.2573149741824441,0.0646879408531738
de,fi,0.6737993482036571,0.5723898044430256
sah,fi,0.4047945205479452,0.1806787969496146
la,fi,0.7371111111111112,0.5486397619267738
vi,fi,0.729160530191458,0.5261833497600921
aln,fi,0.4858036272670419,0.3320588607108115
xnr,fi,0.5342084327764519,0.4012425448918096
tr,fi,0.7652972717237029,0.5290022213681468
is,fi,0.7865307901176628,0.6468949546986887
abq,fi,0.2607361963190184,0.0636643007705918
yi,fi,0.7609064590196666,0.5716248900264338
urb,fi,0.2431693989071038,0.1119279858682395
ang,fi,0.4561403508771929,0.2769515070985659
tl,fi,0.6013107591480066,0.5008226374291325
grc,fi,0.6345278917053273,0.491465221499607
kpv,fi,0.4747899159663865,0.2453060528930422
sga,fi,0.2686915887850467,0.1541508541388983
vep,fi,0.6423637759017652,0.4370892457235983
arh,fi,0.2911249293386094,0.1224045037037043
gun,fi,0.1822904729161891,0.0449753069573623
it,fi,0.648469070562636,0.5486055478692469
gwi,fi,0.4821428571428571,0.1636483177202519
ctn,fi,0.4123436538855854,0.1617370707016061
ru,fi,0.8122162106552816,0.6078559904042711
fo,fi,0.6977367800064357,0.4904036585501359
bm,fi,0.2895174708818636,0.1536992495569453
krl,fi,0.7912087912087912,0.5681720748932573
tpn,fi,0.546583850931677,0.1574311150200066
ab,fi,0.4842701936702881,0.1484757521515936
lt,fi,0.8688896354779103,0.6391342363019653
gub,fi,0.4220524017467248,0.142747730712213
gv,fi,0.3094616797139267,0.1492127097127471
jaa,fi,0.3478260869565217,0.1583489816553517
ota,fi,0.6601115350748459,0.4365407123759706
pt,fi,0.635274102079395,0.5142589585152677
sa,fi,0.4303672885071355,0.1829477701837868
or,fi,0.8046647230320699,0.6424363969965602
cu,fi,0.4426686582026388,0.2531522696742003
ky,fi,0.8106136241456109,0.5337828814601455
be,fi,0.826682511883913,0.5581110006700017
mpu,fi,0.2247191011235955,0.1192696523053665
bar,fi,0.3995078478318701,0.3477737253645785
cop,fi,0.0369990202024914,0.0050969906544458
arr,fi,0.2263906856403622,0.0732149873926745
xcl,fi,0.6135261361595115,0.4829624770399168
eo,fi,0.7555356074207061,0.5614509146849435
ceb,fi,0.4400871459694989,0.2634965459930958
myu,fi,0.4227005870841487,0.137501156945138
fi,fi,0.9462041018855442,0.7835831456169596
fro,fi,0.5976204699322979,0.3982776247025237
hyw,fi,0.8224001185975836,0.6424608829405487
hy,fi,0.880166674649169,0.6614818630056661
sd,fi,0.7097386743828555,0.5854357028083886
yrl,fi,0.400479856043187,0.1739069665244515
nmf,fi,0.3714574898785425,0.1703002344880986
he,fi,0.650835801586491,0.480950492068868
sq,fi,0.7163833075734157,0.6129759932746243
no,fi,0.7569740039094612,0.5989662993595448
sdh,fi,0.4485294117647059,0.1578208440999138
yo,fi,0.3262161834283634,0.1880367378864587
bej,fi,0.3255794494184587,0.080904212403387
ga,fi,0.5359057515388179,0.4237727682794028
oc,fi,0.6007147820907376,0.4380386646102874
lv,fi,0.8502840681763624,0.6444245855267915
ar,fi,0.3121994874506772,0.2490227598956422
yue,fi,0.4310245724960483,0.3502001008799809
sjo,fi,0.1316575733956872,0.0438977704758239
wbp,fi,0.4539682539682539,0.1722722775385795
ltg,fi,0.7294117647058823,0.4661536119103634
xav,fi,0.3340777132648503,0.1119552216464032
fr,fi,0.6560603011704732,0.5788483448744207
olo,fi,0.7204301075268817,0.4771773302667642
ps,fi,0.7056798623063684,0.5733754839966952
cpg,fi,0.5349091704968264,0.2869653532448634
zh,fi,0.4023789897879745,0.2678793915551172
ess,fi,0.257398753894081,0.091001399121312
br,fi,0.532180691585049,0.3565208227834684
da,fi,0.7927766137882869,0.6185232677113682
bg,fi,0.7831340625794964,0.5713385185804292
gu,fi,0.7543766578249337,0.5933542404503912
ajp,fi,0.6438529784537389,0.479492707257629
bn,fi,0.859375,0.6597430061551849
es,fi,0.638956485873376,0.5475177403257132
ckt,fi,0.3406270411495754,0.1578612446547466
hit,fi,0.1802902979373567,0.1037970736358895
mt,fi,0.2991962431138806,0.1689616358978456
naq,fi,0.2618585298196949,0.1164207427222456
sv,fi,0.7924091338210998,0.6285218862732779
hsb,fi,0.6963374227634996,0.4690325526140186
ht,fi,0.3146616541353383,0.2153256747505365
gl,fi,0.6073232323232324,0.5365747982492888
quc,fi,0.3986817137720962,0.1600899318240164
aii,fi,0.152317880794702,0.0243067326598413
et,fi,0.9107389194540468,0.7497385741354816
ko,fi,0.6655127190235949,0.4346740154648063
hu,fi,0.7693338437978561,0.5699816095890333
xpg,fi,0.2886781268524007,0.1236961192775411
lij,fi,0.4732915547597732,0.3652390983999813
az,fi,0.793859649122807,0.5767813486683085
sk,fi,0.794256120527307,0.6155615798337967
sms,fi,0.4262820512820512,0.1867591388553327
egy,fi,0.2457990397805212,0.1259399820637158
sl,fi,0.7770875155987196,0.6156886451035607
ug,fi,0.7909970958373669,0.5248116730854786
got,fi,0.2233771327711315,0.0892040406005783
kk,fi,0.8370140901369042,0.57542180863683
aqz,fi,0.44141689373297,0.1559280386194354
id,fi,0.7823873142108964,0.5803954671976754
am,fi,0.4097902097902098,0.3001223006712737
af,fi,0.6944251217330816,0.4913013932842088
koi,fi,0.5282112845138055,0.3556329588990328
cs,fi,0.7816143315594914,0.6114921939236009
bor,fi,0.4011070110701107,0.1639879859931137
orv,fi,0.6505005411255411,0.4333008661360251
eu,fi,0.7804627882169525,0.4852730521359211
ca,fi,0.654353296426774,0.5817554463104402
ha,fi,0.3845347797947422,0.1811592638903944
azz,fi,0.4087034099920698,0.2159364933182757
ja,fi,0.165110002497038,0.0837098240292706
mdf,fi,0.4979776350226029,0.2733782086801142
ta,fi,0.8093155477804505,0.5614846928172725
te,fi,0.871012482662968,0.4885083089351906
bho,fi,0.5194298574643661,0.3348190235280707
otk,fi,0.2974683544303797,0.0352720450281425
pay,fi,0.3090058479532164,0.1015255029315329
nap,fi,0.4477611940298507,0.3140878045825572
wo,fi,0.3496106892242622,0.2056909287980222
ro,fi,0.7160422468603856,0.514619503146652
sme,fi,0.4525474525474525,0.2752572907497147
frm,fi,0.6509383895402132,0.4965341085916697
hi,fi,0.7044330818947333,0.5466709904619987
uz,fi,0.8318840579710145,0.6489262898942935
pro,fi,0.5260038827015429,0.3544809242254276
lb,fi,0.2961165048543689,0.2249959742078394
akk,fi,0.4464516650501131,0.1492156961024417
th,fi,0.521540665711525,0.3651991174353876
el,fi,0.6796467138668383,0.5438409193700712
nds,fi,0.4995899024879249,0.3641685690307048
nhi,fi,0.4086248810907938,0.2278942375668679
ur,fi,0.6665540996893151,0.5335970586746481
uk,fi,0.8086042879454778,0.5834581398911949
ckb,fi,0.3770491803278688,0.1541100504529297
gsw,fi,0.3287266488753336,0.2616817177262617
fa,fi,0.6702940956744777,0.4930776230684263
mk,fi,0.799264705882353,0.6370693724240983
pl,fi,0.7670034745796558,0.5490262389651103
sr,fi,0.817266439015848,0.6445031410189701
lzh,fi,0.2381796271354646,0.1911617009565829
say,fi,0.2919449901768173,0.1102078225673012
hr,fi,0.8063478977741138,0.5835097753638783
pad,fi,0.4384920634920635,0.1709186048154706
si,fi,0.7159090909090909,0.6313194299419957
jv,fi,0.6739873108833577,0.4979946454868644
scn,fi,0.5037486611924312,0.3610673058866471
apu,fi,0.533,0.2086511054998603
gd,fi,0.4989147872039256,0.3920596570299677
yrk,fi,0.2515723270440251,0.0571653061314035
kmr,fi,0.6979135469701507,0.531414791817528
eme,fi,0.4053867403314917,0.1369071437296943
myv,fi,0.5168604092612162,0.2705146958342093
tt,fi,0.6342105263157894,0.3001225353641545
hbo,fi,0.3407247160627366,0.149731491244362
ka,fi,0.8476387452602551,0.5901176990459245
cy,fi,0.561787853870551,0.4727700982597924
nl,fi,0.702105342024425,0.5729273155606873
gya,fi,0.2083952451708766,0.0496514448165893
sab,fi,0.3450055289347585,0.188089422646748
ml,fi,0.7844361215147732,0.5755491534770003
mr,fi,0.808252427184466,0.62616383693334
en,fi,0.7347403997205029,0.5951669955631232
gn,fi,0.3271889400921659,0.151575812653252
pcm,fi,0.7045993031358885,0.4848282648277841
wuu,fi,0.3237986270022883,0.1731172433511081
tn,fi,0.4299065420560747,0.2609867972145514
sv,fo,0.8652938399811188,0.7181139025937385
ml,fo,0.7673741156887224,0.5822210388862952
arr,fo,0.1634325140146615,0.1154548716163769
fi,fo,0.824126144007057,0.5646102225445532
yrl,fo,0.3761871438568429,0.2187107510859064
is,fo,0.8781413071413406,0.7428476512124247
hsb,fo,0.7187248141846512,0.4589867018491377
mpu,fo,0.2191011235955056,0.1776175752693642
ro,fo,0.7914105056661938,0.6003166507495582
tpn,fo,0.4631765749778172,0.1873503086924525
aii,fo,0.1788079470198675,0.0472584825214078
hyw,fo,0.7782966422059151,0.5820425380274299
lv,fo,0.8238243845189512,0.5774269057670246
gwi,fo,0.4890873015873015,0.1322113643543991
krl,fo,0.7036199095022625,0.5104062473193449
aln,fo,0.541025641025641,0.4138414111479189
mt,fo,0.3280050573466991,0.1942333531376756
cu,fo,0.5743589743589743,0.3418972725530205
olo,fo,0.6565860215053764,0.3731313439593874
sms,fo,0.4554843304843304,0.169334049306354
ckb,fo,0.3524590163934426,0.214117976913764
sr,fo,0.8085981963050521,0.5488990820360716
tr,fo,0.740104084529254,0.4975972710113465
jv,fo,0.6357805201143415,0.4133299118559603
af,fo,0.8714101162675146,0.7028875185331778
tt,fo,0.5885964912280702,0.3005253003397513
wbp,fo,0.3015873015873015,0.1467542213883677
bn,fo,0.828125,0.6220859550180985
ceb,fo,0.5112563543936093,0.3339778957779644
ess,fo,0.2476635514018691,0.1155588091163397
ar,fo,0.3521701989179514,0.2572891581200262
la,fo,0.7651690821256039,0.5906588222738867
am,fo,0.5987012987012987,0.3966656174627233
oc,fo,0.7641219100565869,0.5712735666162898
nmf,fo,0.354251012145749,0.1957202498933737
pro,fo,0.7289261264943292,0.5727944103780794
yrk,fo,0.3388364779874214,0.1109192911734854
got,fo,0.3479113551676799,0.2143783047865167
ja,fo,0.1711161760252466,0.0984756480482866
mk,fo,0.8323529411764706,0.696927417347569
sdh,fo,0.4117647058823529,0.2857170490657434
hu,fo,0.7726837672281777,0.5624062022390407
gv,fo,0.3332366869624045,0.1863450893896145
sme,fo,0.4617382617382617,0.2925530121979089
sga,fo,0.2686915887850467,0.1970873656999292
kmr,fo,0.7433363282419886,0.5293471451833001
ht,fo,0.3848872180451128,0.3093017326271705
pay,fo,0.3050292397660818,0.1563309032542766
bho,fo,0.5525881470367592,0.3739731840784788
tn,fo,0.322429906542056,0.2388835366421573
mr,fo,0.7548543689320388,0.5122850591748628
ab,fo,0.5014643363249882,0.1623197249719868
kk,fo,0.7864494853602478,0.5034068578102728
wuu,fo,0.4038901601830663,0.198366207767468
eo,fo,0.8707360861759426,0.7194614266989943
bm,fo,0.2819214352890111,0.1794317812981762
hit,fo,0.2116119174942704,0.1108692668463765
gu,fo,0.7119363395225464,0.5313079152342138
ko,fo,0.6532722095537413,0.4111521442792754
nhi,fo,0.4780678575203467,0.313509708298924
sah,fo,0.3383561643835616,0.1732347967606921
hi,fo,0.733238832919894,0.5355152062447455
gsw,fo,0.4462447579107891,0.3203565757425078
cop,fo,0.0370456772267064,0.0051383773348864
bg,fo,0.8365555838209107,0.6706991304998688
fa,fo,0.7230121772044724,0.5680473175127989
no,fo,0.852481777160708,0.7058864683053968
gun,fo,0.1774008709603483,0.0435029230647132
lb,fo,0.4077669902912621,0.3079301686072081
myu,fo,0.2553816046966732,0.1085032498755525
xcl,fo,0.6319382072929765,0.4702221853938001
et,fo,0.8368307447619975,0.598739083924047
be,fo,0.8168626469852389,0.5392098349816007
bxr,fo,0.6127231030012963,0.3950841783964856
myv,fo,0.4848688634835238,0.2542799027953082
xum,fo,0.2693631669535284,0.2009954604870928
frm,fo,0.8179186568244319,0.6353231306952477
it,fo,0.8443114703139571,0.6328544525559436
br,fo,0.6387167699380372,0.4125927705316776
ps,fo,0.7351856405212688,0.5261303074607555
de,fo,0.8338334016353454,0.6323241811738048
lij,fo,0.6287675320799762,0.4935323321653271
ota,fo,0.6325632101974925,0.4413853629876413
pl,fo,0.7960914307014391,0.567529411798492
id,fo,0.7729069175375215,0.5371433397118688
gl,fo,0.8299242424242425,0.5620297436472451
azz,fo,0.4654044409199048,0.2621317289020379
say,fo,0.3272102161100196,0.1801622217098833
otk,fo,0.2974683544303797,0.0352720450281425
koi,fo,0.5354141656662665,0.3236538664480143
eu,fo,0.7574874866661196,0.4428311107071099
ta,fo,0.7570522632844959,0.4693321248644484
hy,fo,0.8156520906173668,0.5683525298388058
en,fo,0.8298387936032826,0.6521222765065551
sab,fo,0.342056763730188,0.2066497223551583
nl,fo,0.8493793861292176,0.671867954553608
arh,fo,0.2492933860938383,0.1200234145455068
ltg,fo,0.7470588235294118,0.5871291374433733
nds,fo,0.626811264011665,0.51615995419298
cs,fo,0.7851565990981841,0.5502534490468692
th,fo,0.5793156298937128,0.3995784028783194
gn,fo,0.2211981566820276,0.1746030649960758
gya,fo,0.1894502228826151,0.0959582668155754
fo,fo,0.9272229968894132,0.8363904225862979
hbo,fo,0.5982287723093564,0.3082971557346736
fro,fo,0.742931103146157,0.5581352436566985
yue,fo,0.4444604109785889,0.3215613724697331
naq,fo,0.2947757743874248,0.1641944654217441
sd,fo,0.6884890134731892,0.5567532825891777
eme,fo,0.3211325966850828,0.1654659796902272
ur,fo,0.6764149669053087,0.6224758220104823
da,fo,0.8724932654893744,0.7103301569451093
or,fo,0.7220602526724975,0.5251574465441929
bej,fo,0.3233202242490168,0.0963666357624973
sk,fo,0.794256120527307,0.5413412976344534
orv,fo,0.7264204545454546,0.4721764454011765
uk,fo,0.8104855885276161,0.5716041683269668
sq,fo,0.7805255023183926,0.676006454923618
ckt,fo,0.3358915741345525,0.1795778846153587
bor,fo,0.3519065190651906,0.1441220382137037
egy,fo,0.2035322359396433,0.1081016266126741
xpg,fo,0.2951985773562537,0.138818884447729
grc,fo,0.6906026580604675,0.5085694051127887
ca,fo,0.8414695520885758,0.635717921246856
ang,fo,0.5614035087719298,0.4615053767168276
hr,fo,0.8080791426215993,0.554142167025867
ctn,fo,0.3585537557241474,0.1552317105702097
ky,fo,0.77966362030566,0.4278243849556402
el,fo,0.7949295573196024,0.5830669175697718
gub,fo,0.3573144104803493,0.1719912676115764
ru,fo,0.8286765771790111,0.5740717553410972
lzh,fo,0.2972637697596937,0.2023632733279205
ga,fo,0.6234694552915481,0.4373794806844254
cy,fo,0.6560554446141196,0.514048357759467
mdf,fo,0.5010706638115632,0.2653961960816177
scn,fo,0.644144948232774,0.5487588610640295
akk,fo,0.3210071128354348,0.1761284638013884
ha,fo,0.4242611027213609,0.2408732624798864
az,fo,0.7225877192982456,0.551996392420339
xav,fo,0.2800357302367128,0.1294640542089613
vi,fo,0.7379234167893962,0.4982484085005024
kpv,fo,0.4747899159663865,0.256690024646207
es,fo,0.8468137760362962,0.6286302890857878
quc,fo,0.3430540297613103,0.2026510601219373
pcm,fo,0.737212543554007,0.5190893049353152
tl,fo,0.693610049153468,0.4786796729592096
vep,fo,0.5548733691481197,0.3783932301584372
ajp,fo,0.6983523447401775,0.4694568377022049
yi,fo,0.828491564340621,0.6631649800348604
apu,fo,0.433,0.1595292494683688
bar,fo,0.5591912742750732,0.4173715178950639
wo,fo,0.3424973565317696,0.228764273692701
sa,fo,0.3798595266854561,0.172397012265148
nap,fo,0.572139303482587,0.5540507433293431
lt,fo,0.831093566269108,0.5879140903095468
ka,fo,0.7644162111587137,0.483364010923672
pt,fo,0.8440369670237345,0.5910439786489979
te,fo,0.8321775312066574,0.486264423562276
ug,fo,0.7631171345595353,0.457470966951669
zh,fo,0.3777991482346476,0.2462925988261558
uz,fo,0.7623188405797101,0.4861145380837853
yo,fo,0.3473250030328764,0.1812706876603819
urb,fo,0.2704918032786885,0.1709194089472233
aqz,fo,0.3555858310626703,0.1456415017479987
fr,fo,0.8190964885803401,0.6050571049164554
jaa,fo,0.391304347826087,0.1478964043619215
abq,fo,0.2469325153374233,0.0868311652988556
cpg,fo,0.6576931494856643,0.3441434319163972
sl,fo,0.7832456187944224,0.5672257196468533
he,fo,0.8000544717938243,0.5561972858889919
si,fo,0.6840909090909091,0.6291791784606405
pad,fo,0.3373015873015873,0.1520587526673925
xnr,fo,0.5135242641209228,0.3602984671610688
sjo,fo,0.1232138217718888,0.0139752920844426
gd,fo,0.6037557799377182,0.4630165984530844
sk,fr,0.9107815442561206,0.7247668362062196
ess,fr,0.2468847352024922,0.1091968197055521
zh,fr,0.4164605944039932,0.3488071703517006
si,fr,0.6568181818181819,0.5407266586215408
mpu,fr,0.1629213483146067,0.1611884841835742
ky,fr,0.8222102757084709,0.4747818056325648
yue,fr,0.4901566316999569,0.3913367464894301
eme,fr,0.1850828729281768,0.1571315202525358
mdf,fr,0.4848917439923864,0.2637117370287147
ht,fr,0.4219548872180451,0.3693923496154991
eo,fr,0.9015559545182524,0.7420089855185755
ajp,fr,0.7034220532319392,0.4994988642491954
ctn,fr,0.3239696534754972,0.1536248854609395
sr,fr,0.9017599159443132,0.7507865997789975
egy,fr,0.0392661179698216,0.0864354371589267
fi,fr,0.8673089646046973,0.6573504233768296
fro,fr,0.8283552369573874,0.6974828442827334
ab,fr,0.424940954180444,0.1584417077909278
otk,fr,0.2974683544303797,0.0352720450281425
sa,fr,0.3470675077170849,0.180247010234848
ckb,fr,0.3688524590163934,0.199981969799414
th,fr,0.5642554892879752,0.4122633460873118
es,fr,0.9355021653949268,0.7896002313112364
tpn,fr,0.3305235137533274,0.1645416980609013
krl,fr,0.7398190045248869,0.5413594557970965
eu,fr,0.7764421104455568,0.4562445955166953
sdh,fr,0.5073529411764706,0.3024302474613033
et,fr,0.8672931171592255,0.7259632552365625
gun,fr,0.1731224692489877,0.054662503559357
gv,fr,0.2943848458490383,0.2033933638033447
jaa,fr,0.4347826086956521,0.1803331524775887
xav,fr,0.2836087539079946,0.1516582731540913
ro,fr,0.872313593610425,0.6781619827027754
arh,fr,0.1978518937252685,0.1237351464146592
myv,fr,0.4930348736670189,0.2779654205527707
hr,fr,0.8980214344600165,0.7102932549652765
bar,fr,0.5403697791965948,0.4458765417987634
it,fr,0.922451041342866,0.7564232045723981
te,fr,0.8363384188626907,0.4662018114515249
ang,fr,0.5555555555555556,0.4012487542500099
sq,fr,0.7820710973724884,0.6637610550022193
tn,fr,0.3738317757009345,0.2294776715531083
bm,fr,0.3043478260869565,0.1980000565778205
pro,fr,0.8124042096658833,0.6837634442391957
nhi,fr,0.4365289081492443,0.3238229946054856
akk,fr,0.2403006789524733,0.1509280672050869
mr,fr,0.7742718446601942,0.5635516346497899
sv,fr,0.8930257257493509,0.7344818448961132
oc,fr,0.8543631490122109,0.6771257728318916
gl,fr,0.930965909090909,0.7770431015672702
apu,fr,0.428,0.184099516157328
uz,fr,0.8160535117056856,0.5984969182466874
koi,fr,0.5474189675870348,0.3796242301889284
id,fr,0.8406032538855078,0.6599062498085231
gub,fr,0.2176855895196506,0.1201824113135637
ru,fr,0.904735628743915,0.7459985673913057
grc,fr,0.6738833232479438,0.4928639737510185
ca,fr,0.9290890790135884,0.7805778616666466
sab,fr,0.4176188720973092,0.2476997667206974
orv,fr,0.7306412337662338,0.5108599774463807
pad,fr,0.3789682539682539,0.1537993491143232
hi,fr,0.7296275671206062,0.595140409897515
tr,fr,0.7863310203437943,0.5782491139634572
sms,fr,0.3974358974358974,0.1887256205309721
gsw,fr,0.4381433473122379,0.3822027295455606
he,fr,0.8530623361590577,0.6732476373864882
uk,fr,0.8989777083629136,0.7061692053618468
gu,fr,0.7198938992042441,0.5440494052931609
ota,fr,0.6459390330831482,0.4839503154475056
sd,fr,0.6900262229858034,0.5142676118115345
kmr,fr,0.8003394229809324,0.6548642359922895
naq,fr,0.2514100785945446,0.1924216360314188
olo,fr,0.6666666666666666,0.46461163346728
gn,fr,0.1751152073732718,0.1505110392462171
kpv,fr,0.4646277115497362,0.2720323781024305
mt,fr,0.3624130768536078,0.2571640128291883
nds,fr,0.6115009568941948,0.5041472698959517
el,fr,0.8543588643352642,0.6514441043724036
hu,fr,0.8578675344563553,0.630144025867094
kk,fr,0.8384131108224243,0.612026226240089
ga,fr,0.6626513998279171,0.5419659673312249
frm,fr,0.9064987697206542,0.8010800787214626
fo,fr,0.7980263863563231,0.5828641895134917
sga,fr,0.272196261682243,0.1792630025066638
ta,fr,0.7675486551497923,0.4516570308569162
cu,fr,0.5542942494398805,0.3447957994152341
jv,fr,0.6946942759534268,0.5245588356442196
mk,fr,0.8492647058823529,0.652583063409908
nl,fr,0.89221048425364,0.776846583485288
tl,fr,0.7007099945385036,0.5048318512771035
wuu,fr,0.3318077803203661,0.1601018221431949
tt,fr,0.6078947368421053,0.3313612267833762
af,fr,0.8664414190599224,0.6699677657719905
pay,fr,0.2269005847953216,0.1673235078112539
ha,fr,0.2903504176040928,0.2070118064978882
wbp,fr,0.3777777777777777,0.1650084664790547
myu,fr,0.2641878669275929,0.1343181590946775
ltg,fr,0.6823529411764706,0.428195410679968
ka,fr,0.8132171172502093,0.6174951441383159
de,fr,0.8725020978475109,0.7133732938385696
ur,fr,0.6520329596109685,0.523260900386036
or,fr,0.7453838678328474,0.5296270445153097
en,fr,0.8472528507217864,0.7144474629669004
gd,fr,0.6314051146550911,0.5418552088674227
nap,fr,0.6069651741293532,0.5635458813436499
am,fr,0.5062937062937063,0.3410135633188002
cy,fr,0.6942323505227299,0.5802935230193377
xnr,fr,0.4940334128878281,0.3306368896318988
bxr,fr,0.6219962109881344,0.3687224888615485
ja,fr,0.1349303751401263,0.1166438404030238
pcm,fr,0.6619512195121952,0.5313765915855634
ckt,fr,0.3182560418027433,0.1831741697115515
aqz,fr,0.3637602179836512,0.1570201612094212
hyw,fr,0.798458231413535,0.6057451333771963
yi,fr,0.838973744634122,0.7403021252618183
yo,fr,0.3066844595414291,0.2098440582536838
ar,fr,0.3527803766830736,0.3099750550597362
fr,fr,0.961557165375457,0.8676101339976682
vep,fr,0.5502686108979279,0.3413574801187964
ug,fr,0.7731848983543078,0.5147780257274381
br,fr,0.7102738356985808,0.5409553583540847
sah,fr,0.3061643835616438,0.1745426524738282
hy,fr,0.8788256142535562,0.7078981267909146
arr,fr,0.0918499353169469,0.0948831720944275
da,fr,0.9037214406864212,0.7659135971295212
bho,fr,0.545086271567892,0.3516949138151346
gwi,fr,0.439484126984127,0.1670081882552603
bg,fr,0.9166242686339354,0.6887064398713325
urb,fr,0.1065573770491803,0.1190284595948601
bn,fr,0.765625,0.4694086843029603
no,fr,0.8588209503279197,0.7518662059091582
azz,fr,0.4581681205392545,0.2938778233988488
wo,fr,0.3767182543497068,0.2540295238860151
pl,fr,0.8764860151496998,0.6630022478472708
vi,fr,0.7814432989690722,0.5722663504123434
pt,fr,0.9345767695862214,0.7575516563973419
lt,fr,0.8693095918024526,0.6709060577680457
cpg,fr,0.6666666666666666,0.3749232885971174
lzh,fr,0.3053448642517899,0.222846659215052
hsb,fr,0.7558878839437628,0.5588341502140897
cop,fr,0.0369990202024914,0.0050969906544458
bor,fr,0.3545510455104551,0.1750509077350621
lv,fr,0.8659945053479502,0.7025605989770483
ps,fr,0.7873125153675928,0.6257696288136513
lb,fr,0.3640776699029126,0.238615374984204
fa,fr,0.7997609383171054,0.5942269894534764
say,fr,0.1983300589390962,0.138807641560011
la,fr,0.7843864734299517,0.6141524699669251
quc,fr,0.3540397483271746,0.208773407385563
aln,fr,0.6299562226391495,0.4688045500869073
is,fr,0.8344842613388757,0.727763696713429
xpg,fr,0.2934202726733847,0.1494662918482575
yrl,fr,0.356593022093372,0.1780612643122616
az,fr,0.7916666666666666,0.5314410065996422
abq,fr,0.2254601226993865,0.0692579933461073
xcl,fr,0.6313993174061433,0.4377452186591016
nmf,fr,0.3569500674763832,0.2073013947694384
ml,fr,0.7619642114024137,0.5154243579106158
hit,fr,0.1550802139037433,0.1160431063934889
cs,fr,0.8783144439479492,0.7208749675196335
hbo,fr,0.5258923742563548,0.2834021004610972
aii,fr,0.1456953642384106,0.0236898779612347
sjo,fr,0.1326318524292024,0.0802402445119817
sl,fr,0.8666377299115621,0.7446315530160567
ko,fr,0.6632442076160544,0.4455378373466606
yrk,fr,0.2492138364779874,0.1105891669002016
got,fr,0.3006471857226907,0.2044350605206017
scn,fr,0.7051945733666548,0.5506402435983337
sme,fr,0.4112887112887113,0.2624075704970308
lij,fr,0.7021784541927782,0.5626880132828932
bej,fr,0.087356706551753,0.0430389274473601
ceb,fr,0.5265068990559186,0.3252177756919699
xum,fr,0.2332185886402754,0.1876472873153523
be,fr,0.9071803852889668,0.6866694732904932
gya,fr,0.0349182763744427,0.0480678662366501
tr,frm,0.7552239394417284,0.5096767383129875
tt,frm,0.6026315789473684,0.3362683291575381
akk,frm,0.395328160362108,0.2146405529039446
pt,frm,0.9077084646082756,0.6608851341102886
it,frm,0.906286913273236,0.6737401564723338
mdf,frm,0.4844158934094694,0.2670533847455392
lzh,frm,0.3272488835329978,0.1821817078029348
ky,frm,0.7792028262038246,0.4627832496067376
lv,frm,0.8494038569256621,0.6149345929721188
da,frm,0.904619375436496,0.6805211647473193
mr,frm,0.7742718446601942,0.5509540755119625
cy,frm,0.6586984611770234,0.5318213944300209
ko,frm,0.647825419142928,0.3642417200009316
fo,frm,0.8042475597983482,0.5926900606936001
hyw,frm,0.7832629160180862,0.5845312553592033
krl,frm,0.7278603749191984,0.5292547811471341
yi,frm,0.8294898672257163,0.6293151103571288
got,frm,0.3473230045106883,0.2474939123799766
sd,frm,0.7240256804412696,0.5639009216730296
bg,frm,0.876176545408293,0.717083226013449
pcm,frm,0.708780487804878,0.4944353653484485
ug,frm,0.758083252662149,0.4705878340240735
vi,frm,0.7558910162002945,0.5046758688868516
kmr,frm,0.772586602775282,0.5460850272459629
bm,frm,0.2715763582435072,0.1727218539965336
sme,frm,0.3977022977022977,0.2701265855536141
gun,frm,0.1781648712659485,0.0524388487463499
hr,frm,0.8584089035449299,0.6565016473330708
or,frm,0.7327502429543246,0.5384331434397567
ceb,frm,0.514161220043573,0.3497180263960343
ckt,frm,0.3523840627041149,0.1943116595194902
ckb,frm,0.3770491803278688,0.1818075912116213
pay,frm,0.335672514619883,0.1522341703481499
sdh,frm,0.4191176470588235,0.2167974283534924
be,frm,0.8663372529397048,0.6238856704619267
bej,frm,0.3379633503472513,0.1024372773135557
scn,frm,0.7064441270974652,0.5790140627235714
ur,frm,0.6702012697555045,0.6125268054162011
ar,frm,0.3694422975226782,0.2748202748458609
kpv,frm,0.4630642954856361,0.2538082442301433
myv,frm,0.4927466615428956,0.2759278192206473
frm,frm,0.9705215419501134,0.8271607897086068
gwi,frm,0.490079365079365,0.1635814733232725
pro,frm,0.7991212833350363,0.6903120729797527
hu,frm,0.8246554364471669,0.6148394499718356
sk,frm,0.8595417451349655,0.6684120891751266
gv,frm,0.311877838987146,0.1785384190294261
es,frm,0.922746958135698,0.6816564739295198
ps,frm,0.7649373002212934,0.5595173882353659
lij,frm,0.6757684273351239,0.5248113458285265
bn,frm,0.75625,0.4229476371999486
fa,frm,0.7694050850412132,0.5821136755412171
ka,frm,0.7790909538582754,0.485711979698103
cop,frm,0.0369990202024914,0.0050981375404218
az,frm,0.7258771929824561,0.5189420393203523
gsw,frm,0.4490564239420511,0.3046288039614978
ro,frm,0.844534356225807,0.6098621749604899
sms,frm,0.4351851851851852,0.2094952981811695
aln,frm,0.5640400250156348,0.4486864154544061
gub,frm,0.3077510917030567,0.1675109993427961
xnr,frm,0.5393794749403341,0.3791410643125952
sa,frm,0.3539122265467722,0.1678683069765829
cu,frm,0.5877022653721683,0.3728909736247817
arh,frm,0.2581496137177313,0.1254634164804003
is,frm,0.83757388846055,0.6183019322065741
zh,frm,0.3778678389888721,0.2582732746803012
la,frm,0.7862705314009661,0.6230951150411326
yo,frm,0.2938250636904039,0.1673801622275123
de,frm,0.8553460960521437,0.6424594606802673
ab,frm,0.53764761454889,0.2156183206336793
sjo,frm,0.1308131982333073,0.035843887977695
ht,frm,0.4111278195488722,0.3096718257470722
jv,frm,0.6684096771944502,0.4399836359532874
no,frm,0.8569027567182448,0.640479874787668
bxr,frm,0.6226941868581115,0.3971940183409979
eo,frm,0.8907839616995811,0.7713627355376073
uk,frm,0.8588314638648303,0.6165132005326832
ha,frm,0.3959379911856258,0.232571074410521
ota,frm,0.6418717765944065,0.4465242460164745
pl,frm,0.8407151510310582,0.5980952487361644
say,frm,0.2914538310412574,0.1703136692189377
si,frm,0.6431818181818182,0.5795928427864152
grc,frm,0.689571707120285,0.4807162113275223
fro,frm,0.8945888092393469,0.7367885416278185
gl,frm,0.9136363636363636,0.65597381897247
ml,frm,0.7320016645859343,0.5263925133966336
sr,frm,0.8639348568426582,0.6521273618473319
hit,frm,0.2016806722689075,0.1358238638432109
id,frm,0.8235336905656717,0.5752639524468846
sga,frm,0.2324766355140187,0.1532926341331422
kk,frm,0.8008394124113121,0.4986363089970145
ca,frm,0.9096292568361012,0.7202225120512483
nds,frm,0.5981955709468696,0.4759263442911645
ga,frm,0.6352505129393077,0.4423737088272129
apu,frm,0.466,0.2152354777840421
quc,frm,0.354439229002297,0.2127340121218603
sl,frm,0.8241820845314959,0.6107296246796724
abq,frm,0.2285276073619632,0.0777309998409964
sq,frm,0.7635239567233385,0.6847200133876898
xav,frm,0.2943278249218401,0.1256662848156128
egy,frm,0.2498285322359396,0.1076299526255561
oc,frm,0.8490022833316787,0.6465903762661107
otk,frm,0.2974683544303797,0.0352720450281425
myu,frm,0.2436399217221135,0.1148668988386863
wo,frm,0.3431702393540325,0.2257523020639128
en,frm,0.823966381057629,0.6165108430227588
ajp,frm,0.6615969581749049,0.4205742816386172
wuu,frm,0.3501144164759725,0.1310690196497979
sv,frm,0.8915063724333254,0.6725155132718685
nl,frm,0.8748782497939612,0.6883435853743818
gya,frm,0.1422734026745913,0.0856441017449988
ru,frm,0.8780530005097102,0.6309437842456107
sab,frm,0.3568005897530409,0.2128791047225245
pad,frm,0.373015873015873,0.1618481251208488
yrk,frm,0.3404088050314465,0.1341203666584532
ang,frm,0.5555555555555556,0.4417033173608856
ltg,frm,0.711764705882353,0.5471231364380648
eme,frm,0.3466850828729281,0.1697250730936841
te,frm,0.8196948682385575,0.4434290549977234
th,frm,0.5444973844667311,0.3991156254384213
azz,frm,0.4748215701823949,0.3042940179820952
orv,frm,0.7510416666666667,0.4974568790957733
urb,frm,0.2185792349726776,0.160742030971669
fr,frm,0.9038803367206628,0.672858095949941
hbo,frm,0.6678610059491618,0.4142052425153121
nhi,frm,0.4927597505549096,0.3441356534165534
wbp,frm,0.3936507936507936,0.2519794017787199
ta,frm,0.7074130767548655,0.4612469742691886
ess,frm,0.2535046728971962,0.1186334236950958
aii,frm,0.1721854304635761,0.0357509157509157
cs,frm,0.8304315445965526,0.608997557447946
sah,frm,0.3821917808219178,0.2053100890064713
tl,frm,0.6777717094483888,0.4354145602359556
xum,frm,0.3442340791738382,0.242723062981909
uz,frm,0.7804905239687848,0.5229074655201416
mpu,frm,0.2022471910112359,0.1534152534692819
eu,frm,0.7663493886928695,0.430012703719216
lb,frm,0.3980582524271844,0.2583438406733106
aqz,frm,0.3603542234332425,0.146454781484243
nap,frm,0.6368159203980099,0.6244345462219801
tpn,frm,0.4394409937888199,0.1854802069655813
xpg,frm,0.3011262596324837,0.1506026090005096
koi,frm,0.5366146458583433,0.3486895389315167
naq,frm,0.2834026814609339,0.172171213744241
yue,frm,0.4576088518465296,0.3389221743295396
br,frm,0.6670997401559065,0.4392616533216598
hi,frm,0.6992355591555713,0.5500708421600119
gu,frm,0.713527851458886,0.5083797229386441
et,frm,0.8486618952561793,0.6337348899844499
he,frm,0.8453001055391005,0.63446775413703
fi,frm,0.8395633476678795,0.5724483881932677
bho,frm,0.5597899474868717,0.3748147106616066
tn,frm,0.2757009345794392,0.2091053240374507
el,frm,0.818458127726525,0.5806768135406758
nmf,frm,0.3302968960863697,0.1777642187650761
cpg,frm,0.659881812212738,0.3418317940043933
ja,frm,0.1678540879701205,0.0998799034529391
bar,frm,0.5475525405693004,0.4092154616686196
arr,frm,0.1780940060370849,0.1315079378565669
lt,frm,0.8516714261716781,0.6061320535038843
af,frm,0.8722051078207294,0.6853241418084262
mt,frm,0.3843583491375417,0.2400342017726107
jaa,frm,0.4,0.1589743589743589
hsb,frm,0.751768603922271,0.5282918858195739
am,frm,0.471028971028971,0.3087155788297211
ctn,frm,0.364500034174014,0.1660554412376355
mk,frm,0.8294117647058824,0.6806037082509011
gd,frm,0.6030952156270643,0.4613419507331322
hy,frm,0.8448201542219455,0.5971961446514085
gn,frm,0.1981566820276497,0.1851221236590654
bor,frm,0.3671586715867159,0.1596440244339897
yrl,frm,0.3683894831550535,0.1938274816227316
xcl,frm,0.6725345787677385,0.5002284117356955
olo,frm,0.6747311827956989,0.4524121526996941
vep,frm,0.5579432079815809,0.4081912262171766
tl,fro,0.6810486073184052,0.4825521604880695
ha,fro,0.3591703393225876,0.1998519256847953
myu,fro,0.2592954990215264,0.1161701540087511
gl,fro,0.875363005050505,0.622362426531617
ja,fro,0.1670996636967852,0.0891825981040582
ug,fro,0.7376573088092934,0.4582986878957151
lv,fro,0.8229175002000481,0.5912077032799599
am,fro,0.5696303696303696,0.3851301726265398
es,fro,0.9028356362136524,0.6605012428321761
krl,fro,0.6574014221073045,0.4743203686740077
br,fro,0.6196282230661603,0.3958893601857479
arh,fro,0.2534388543433201,0.1321656639400031
bn,fro,0.753125,0.4551844832345937
ml,fro,0.7161880982105702,0.49024677946647
uk,fro,0.8285176771262246,0.5857936318689669
aqz,fro,0.3923705722070845,0.1603804993557865
fro,fro,0.945863201911589,0.8494812530143802
hbo,fro,0.5503650621957815,0.3195353981466891
fi,fro,0.808399492777594,0.543400730934174
gun,fro,0.1797692719077087,0.0512047400414702
koi,fro,0.5126050420168067,0.3316633879369303
arr,fro,0.1927554980595084,0.1255262253659923
te,fro,0.7933425797503467,0.4125151923560374
kk,fro,0.7760567602678126,0.4721402876042931
sv,fro,0.8748967429785225,0.6565277010095393
gsw,fro,0.4211303850552802,0.2839393890229152
ess,fro,0.2398753894080997,0.113926327687735
sd,fro,0.6615426349579528,0.5257299465321481
cs,fro,0.8052050750836143,0.5841958661476199
tr,fro,0.7348604321085003,0.476947877170273
ta,fro,0.7487426197244698,0.4917679674029894
sq,fro,0.7550231839258115,0.6598509573049327
ps,fro,0.7460044258667322,0.5556392918519244
quc,fro,0.340956756216918,0.1855996144408881
it,fro,0.8828178427105999,0.6440634976882585
de,fro,0.8332040473820814,0.6221620448058977
azz,fro,0.4406225218080888,0.2724588682952873
hyw,fro,0.7654732784819509,0.5554368227583469
hy,fro,0.8161310407586571,0.555163955507206
got,fro,0.3641890566777799,0.2551810340710811
pay,fro,0.3607017543859649,0.1871697813834626
myv,fro,0.4803535402055913,0.2568350855126598
cpg,fro,0.6303348653972423,0.3145121835850743
abq,fro,0.2039877300613496,0.0759895455859507
naq,fro,0.2990291262135922,0.1823596831298142
sk,fro,0.8275266792215945,0.6396797706648227
ka,fro,0.7586546511055301,0.4869442651758009
eme,fro,0.3791436464088398,0.1744571734214231
xpg,fro,0.3236514522821577,0.1609129008427174
nl,fro,0.8621662795634475,0.6758735685292575
sah,fro,0.3760273972602739,0.2113313271445019
nmf,fro,0.3805668016194332,0.1918105808601783
ctn,fro,0.3777595516369352,0.1593062808385456
hu,fro,0.7879019908116386,0.5847313141335732
xav,fro,0.2840553818669049,0.1203423272878649
yrk,fro,0.3349056603773584,0.12022611139317
kmr,fro,0.7353499051612259,0.5038758108082311
sl,fro,0.80028213336227,0.5870953061265684
yi,fro,0.827193770589997,0.6291851988050048
frm,fro,0.938196555217832,0.8278437131721699
tt,fro,0.5723684210526315,0.3129228925606039
cop,fro,0.0391452433163812,0.0069181501874052
scn,fro,0.7100142806140664,0.5774254104766283
lij,fro,0.6380185019397195,0.4944103616755858
az,fro,0.7609649122807017,0.5160483163225115
eo,fro,0.8704368641532017,0.7303931368493852
oc,fro,0.8441377941030478,0.6442250536119454
orv,fro,0.729301948051948,0.4922853248829273
hr,fro,0.8268342951360264,0.6288805597545022
otk,fro,0.2974683544303797,0.0370808678500986
pad,fro,0.3988095238095238,0.2287636746652136
xum,fro,0.3545611015490533,0.2575992187676169
da,fro,0.8821710066846253,0.6564970364158914
egy,fro,0.1359739368998628,0.0637988846998034
gub,fro,0.3056768558951965,0.1496500603232204
fr,fro,0.8929553610356508,0.6586211237557835
nds,fro,0.5570946869588991,0.426772962010434
sjo,fro,0.1297090153286568,0.0331220609517805
ht,fro,0.4255639097744361,0.2995072385262077
hsb,fro,0.6963374227634996,0.4794028384228344
be,fro,0.824430823117338,0.5910232475735893
ky,fro,0.7847323554258505,0.4521256483765267
yue,fro,0.4324615605690473,0.322052316947575
urb,fro,0.2622950819672131,0.1806200917103173
akk,fro,0.3686550274814096,0.1981060737528892
fa,fro,0.7317528699853076,0.5619065700485076
mpu,fro,0.1910112359550561,0.1301510027057138
pt,fro,0.88275152278933,0.637018327452976
ur,fro,0.5986086721599352,0.5610681361711259
bar,fro,0.4830407023144453,0.3639896419200694
ceb,fro,0.4865649963689179,0.314002473632203
tpn,fro,0.4427684117125111,0.1602949619364594
nhi,fro,0.4705633653947785,0.3352255374136329
gn,fro,0.2534562211981567,0.1696601778919869
sr,fro,0.8304001400928115,0.62263631158107
gya,fro,0.2024517087667162,0.10050713948746
yrl,fro,0.3587923622913126,0.1804820924974354
fo,fro,0.7796310200579213,0.574735679999958
or,fro,0.7337220602526725,0.5538326347392404
lb,fro,0.3349514563106796,0.2298957452803606
bor,fro,0.3682041820418204,0.137299907370017
ca,fro,0.8996477101157524,0.7066062791467735
bho,fro,0.5117779444861216,0.3487667689344917
en,fro,0.8040001784024065,0.597270795975887
nap,fro,0.6567164179104478,0.6483691508307405
bej,fro,0.3944439795832984,0.1514205940410647
mdf,fro,0.463478467761123,0.2630814342319253
sdh,fro,0.5367647058823529,0.2435810023310023
pro,fro,0.8186369674057423,0.7191483169418298
bg,fro,0.8596413126430934,0.6936199642082589
ro,fro,0.8213791533112641,0.5797264623212959
la,fro,0.7640772946859904,0.5953446691173443
gu,fro,0.6901856763925729,0.4834780233125075
gd,fro,0.5482683778427857,0.4219352819539091
pl,fro,0.8188426055353648,0.585051133616566
ab,fro,0.5025035427491733,0.1785229622817651
vi,fro,0.7279823269513991,0.4886261213360112
jv,fro,0.6374538102210138,0.4065696750493779
ang,fro,0.5380116959064327,0.4177193777599456
si,fro,0.6443181818181818,0.5771069839623595
wo,fro,0.3598000576756704,0.2154583972766232
ga,fro,0.6108941690383215,0.4192893918492052
cy,fro,0.6394925408199225,0.5021070613868553
grc,fro,0.6774244156077007,0.4796993136349254
apu,fro,0.458,0.1468634962973648
mk,fro,0.8169117647058823,0.6550243689156605
say,fro,0.2793713163064833,0.1665413028970646
no,fro,0.8378487001954731,0.6195518958471877
mr,fro,0.7354368932038835,0.5191979993257366
ko,fro,0.6327138249229061,0.3544296983871967
aii,fro,0.1633554083885209,0.0391768556152117
ckb,fro,0.319672131147541,0.1538656042126995
wbp,fro,0.3746031746031746,0.1687723708097222
bxr,fro,0.5956725496061422,0.3613970572848304
is,fro,0.8247237214083784,0.6041830932405988
wuu,fro,0.3981693363844393,0.1880569417668835
hit,fro,0.1367456073338426,0.0851404074013986
hi,fro,0.657942253497359,0.5238629324048798
lt,fro,0.8352091382496221,0.5938905071000405
th,fro,0.463665744843901,0.3740367346464873
uz,fro,0.745819397993311,0.4794564645979973
zh,fro,0.3814283097495077,0.2460169756094865
he,fro,0.8309331699179519,0.6119832802353664
aln,fro,0.4701063164477798,0.35964028565417
sa,fro,0.3566859034581487,0.1836834760051874
ota,fro,0.5833368275399388,0.3810300969452659
sga,fro,0.2476635514018691,0.1790519068465646
ru,fro,0.8615271666191249,0.6201186991584067
ajp,fro,0.6603295310519645,0.4366650363657735
id,fro,0.8077976868801978,0.563353579195452
gwi,fro,0.5059523809523809,0.1342434105714402
bm,fro,0.2736743109310569,0.163271146049657
ar,fro,0.3543017532441118,0.2618042112129651
sab,fro,0.3689642462218945,0.2262341812231947
xcl,fro,0.6541225076342734,0.485229160278928
lzh,fro,0.3290210533777557,0.1961556648730852
af,fro,0.8614727218523304,0.6709939191531153
xnr,fro,0.5270485282418457,0.3747632444632887
kpv,fro,0.4582763337893297,0.249913584830716
pcm,fro,0.684808362369338,0.4789547601763514
jaa,fro,0.3652173913043478,0.1676451588387293
olo,fro,0.6149193548387096,0.401009092388273
ltg,fro,0.6647058823529411,0.4846041088122536
vep,fro,0.5180353031465849,0.3669963776269654
el,fro,0.8271830079382106,0.5801955854620301
et,fro,0.8052647808234741,0.5889871218420972
tn,fro,0.2570093457943925,0.1918708524025637
sms,fro,0.4081196581196581,0.1762936953116435
yo,fro,0.299041611063933,0.1568408530701283
cu,fro,0.5512073686830968,0.3618101250251735
gv,fro,0.323282110756741,0.1735604384361057
sme,fro,0.3566433566433566,0.2218963319482639
ckt,fro,0.3375244937949053,0.1789096398147807
eu,fro,0.7584311151226717,0.4283769125313642
mt,fro,0.3812878172130407,0.230884936000794
uk,ga,0.8183657532301576,0.6219709271281547
urb,ga,0.2431693989071038,0.1209237000155163
sa,ga,0.3804411041023576,0.1607162457893732
sah,ga,0.3924657534246575,0.2092686807586099
be,ga,0.8264323242431824,0.6179785887192556
si,ga,0.6840909090909091,0.5535116207155499
ctn,ga,0.3682591757227804,0.1556334925438593
bho,ga,0.5740435108777194,0.377019184040528
lb,ga,0.2864077669902912,0.226823523320801
vi,ga,0.709499263622975,0.5526849210038423
bar,ga,0.5204176642724129,0.424454106524649
xpg,ga,0.3355068168346176,0.1528170279537227
kmr,ga,0.7545173205550564,0.5008704632013208
pay,ga,0.2989473684210526,0.0961328284307529
pro,ga,0.6715030142025136,0.5591083887159592
hu,ga,0.8016845329249617,0.5525575148093844
naq,ga,0.3062413314840499,0.1632945589658271
krl,ga,0.6596638655462185,0.4186802420084897
yue,ga,0.4959045839919528,0.3430472636974284
xcl,ga,0.6706484641638225,0.5087028759717293
hit,ga,0.1818181818181818,0.1016295467816025
oc,ga,0.7159733942221781,0.5245027583255549
quc,ga,0.4234495156296814,0.2267779790150661
el,ga,0.787599227633555,0.5858972826059771
tn,ga,0.3504672897196261,0.2617729771809468
es,ga,0.8391627139616415,0.6093787671346172
koi,ga,0.5138055222088835,0.2932643210916036
ps,ga,0.7634620113105484,0.5917003787668345
tpn,ga,0.5565661047027507,0.1852062327989687
azz,ga,0.4296193497224425,0.232219331101162
kk,ga,0.7730588587988408,0.5074824992081352
pl,ga,0.8246468841939907,0.6040161267034482
nap,ga,0.4477611940298507,0.3430667626848334
ota,ga,0.617635959579018,0.4077117642745637
ro,ga,0.7933547019774754,0.6571575839510991
tl,ga,0.657018022938285,0.5192653653156134
bn,ga,0.78125,0.5325035023383182
apu,ga,0.496,0.1546620982913618
bor,ga,0.4012915129151291,0.1627265057403084
ja,ga,0.1459306248439351,0.1213688240742927
arr,ga,0.229409228115567,0.0823107441922506
mpu,ga,0.2078651685393258,0.1201236263736263
sms,ga,0.396011396011396,0.1459298591819189
ht,ga,0.367593984962406,0.2584074419229562
no,ga,0.8260472423683297,0.685032272845729
ckt,ga,0.3322991508817766,0.1724840176880124
tt,ga,0.6214912280701754,0.3440031904203787
gu,ga,0.6397877984084881,0.4914314223936311
yo,ga,0.3247604027659833,0.1685500025032122
ga,ga,0.913263617711298,0.8612581572803467
ru,ga,0.8266611175279522,0.6379879314901087
et,ga,0.795738189136115,0.609775361246438
am,ga,0.464035964035964,0.3347449077837864
sga,ga,0.3586448598130841,0.2189256676051971
gub,ga,0.4279475982532751,0.161544385622222
wo,ga,0.3806594251658176,0.2219753947318044
az,ga,0.7368421052631579,0.4904820154937668
cs,ga,0.7730592679855385,0.5777307301995823
sd,ga,0.6870422280495524,0.5509775475026321
ta,ga,0.726437787010715,0.4528215536361137
hyw,ga,0.6998739900674523,0.5440811680038169
mdf,ga,0.503449916726148,0.2516065115851409
wbp,ga,0.4412698412698412,0.1586634913761997
gun,ga,0.1686912674765069,0.03783827800714
aqz,ga,0.4529972752043597,0.1509150856148693
kpv,ga,0.4546609341410983,0.2182425842275256
eu,ga,0.6761713301058505,0.4066400936180033
jaa,ga,0.3130434782608696,0.1198609533790766
uz,ga,0.7609810479375697,0.5159479915096451
bg,ga,0.8195751717120325,0.621631911112792
gya,ga,0.2069093610698365,0.0473544749628803
vep,ga,0.5019186492709132,0.3184506868254909
fo,ga,0.7183846401372949,0.5207332986521773
sl,ga,0.7611090011393847,0.6032016010694895
eme,ga,0.4088397790055249,0.1669069992345471
id,ga,0.7992629052202798,0.6018132376871438
nl,ga,0.811643065857496,0.6519851272196586
scn,ga,0.5729203855765798,0.4536905958810097
te,ga,0.8016643550624133,0.4427419195834388
frm,ga,0.7354175712838327,0.5946171702246174
hy,ga,0.750562766416016,0.5368958568009741
arh,ga,0.2683248539664594,0.12233401263359
fi,ga,0.7826662256037049,0.5994937565440055
eo,ga,0.838719329742669,0.7255596151276373
yrk,ga,0.2287735849056603,0.0577942978971418
ka,ga,0.8003644063623381,0.5746047613268827
ajp,ga,0.688212927756654,0.4542945189974761
akk,ga,0.5296233430326543,0.1827664053215409
ckb,ga,0.5,0.2494123386887825
it,ga,0.7974743549891203,0.6108587443460257
or,ga,0.7755102040816326,0.6242548018446187
bej,ga,0.3293448247008618,0.0949765576858256
ky,ga,0.7790492281698794,0.4148118706556334
yrl,ga,0.3785864240727781,0.1865906519450574
ab,ga,0.4963627775153519,0.1585105877317122
bm,ga,0.2861173406641105,0.1503392764527369
gsw,ga,0.4132195958825772,0.3120419749127435
mr,ga,0.7645631067961165,0.5771195732637626
ess,ga,0.2803738317757009,0.1078672084506413
hi,ga,0.7094112286741254,0.4971418719836974
olo,ga,0.6095430107526881,0.3445314037198732
pt,ga,0.8500651123713505,0.6295495598031422
bxr,ga,0.6048459467544122,0.341387881852788
sq,ga,0.7905718701700154,0.713951368426683
he,ga,0.8146937663840942,0.597745753996363
hbo,ga,0.5572606814494321,0.3131528281424354
en,ga,0.7926121581239995,0.6381937187058204
lt,ga,0.7899378464639677,0.5469567745707278
ha,ga,0.3980337165223287,0.2007418287163305
sab,ga,0.3497972723921858,0.2105226015612363
ltg,ga,0.6235294117647059,0.365482301466129
sv,ga,0.8302897097002596,0.6827025604025072
ml,ga,0.6941323345817728,0.5020592866143649
sdh,ga,0.5220588235294118,0.2296028532870638
got,ga,0.3038831143361443,0.1716526032594244
sme,ga,0.4548451548451548,0.3113304084526078
wuu,ga,0.3318077803203661,0.1504992767585349
zh,ga,0.5077162613912167,0.3426593874056688
aii,ga,0.1611479028697571,0.0465130451858422
is,ga,0.7505782575173477,0.5917018588545903
sr,ga,0.7833814902372822,0.5745516420126149
lv,ga,0.7869888773305593,0.5953497031696882
ceb,ga,0.5018155410312273,0.3588904906061133
ca,ga,0.830045294413689,0.6079859265961538
hr,ga,0.7887056883759275,0.6053631103081928
lij,ga,0.5862429125634139,0.4414336532363581
th,ga,0.607236864025589,0.4567075772452529
hsb,ga,0.7128145428494672,0.4686661859862118
nhi,ga,0.434097875488849,0.2795428736228312
tr,ga,0.7528879514272196,0.5176971774453933
mt,ga,0.364128962340829,0.2963566042450533
xnr,ga,0.4713603818615752,0.3318697271957492
br,ga,0.6274235458724765,0.4852617989847683
jv,ga,0.6495154430732761,0.4908102439969167
fro,ga,0.653947630426125,0.5327697163718462
pcm,ga,0.6490592334494774,0.4767016222986818
ur,ga,0.6716196136701337,0.5434096883985782
yi,ga,0.766397124887691,0.6263794121936059
ko,ga,0.6268062431324362,0.3964622941242305
mk,ga,0.7897058823529411,0.6579348714321767
myv,ga,0.5228167931597656,0.2842538076952936
orv,ga,0.6608225108225109,0.4414136011289211
otk,ga,0.2974683544303797,0.0335714285714285
xav,ga,0.3086199196069674,0.1108231122809007
sjo,ga,0.1321122369446609,0.0410741462633745
aln,ga,0.4862414008755472,0.3601034901878171
cy,ga,0.784036179960061,0.6054691145959437
af,ga,0.7710424326741528,0.6176363701770551
cop,ga,0.0364857929361265,0.0046973314712198
ug,ga,0.7278799612778316,0.445251929063937
say,ga,0.2965618860510805,0.126503506432644
fr,ga,0.7947144246570749,0.6490423031843713
la,ga,0.7037101449275363,0.5292081790026761
lzh,ga,0.3081803360034025,0.205017217145891
myu,ga,0.4246575342465753,0.1182640838184866
da,ga,0.8315873490970768,0.6702709525572469
nds,ga,0.5517178529116923,0.450452712716931
gn,ga,0.2949308755760368,0.1773779461279461
ar,ga,0.3461009640808689,0.3019986928424605
de,ga,0.7912031887282165,0.6354006866760461
egy,ga,0.280778463648834,0.087435482331065
cu,ga,0.4429176001991536,0.235914654633239
cpg,ga,0.6406215802144889,0.3412666085350164
fa,ga,0.7927135991234405,0.5575255057660108
gwi,ga,0.490079365079365,0.1879380662628984
ang,ga,0.5087719298245614,0.3715540635776351
gv,ga,0.540446506233691,0.2796577067576747
sk,ga,0.8089296924042687,0.5528712982798228
gd,ga,0.8037180334056808,0.6351665345467455
xum,ga,0.3330464716006884,0.134396014471933
nmf,ga,0.3711201079622132,0.1689033095488317
grc,ga,0.6375983325489142,0.4585451680668456
abq,ga,0.2653374233128834,0.06395889564567
gl,ga,0.8521622474747474,0.6367719820920827
pad,ga,0.4087301587301587,0.2034845578763684
br,gd,0.6289226464121527,0.4710670852462256
quc,gd,0.3873963846998901,0.1834858851962394
tn,gd,0.322429906542056,0.1966589317549594
ta,gd,0.7146293461622567,0.4363573464433792
ps,gd,0.7632161298254242,0.5741029207208626
sl,gd,0.7394606912267375,0.5945206179799487
naq,gd,0.3110494683310217,0.1837796049563378
xum,gd,0.3072289156626506,0.1672725716161108
fi,gd,0.760999007608336,0.5419038522185761
tt,gd,0.6004385964912281,0.2984380691650564
el,gd,0.75434456125295,0.5773136399021644
xcl,gd,0.6105622417819292,0.4450611952441531
he,gd,0.8076464780580805,0.5502455857366391
nap,gd,0.5174129353233831,0.3734645639347216
xav,gd,0.2684234033050469,0.1202201706140407
gv,gd,0.4540446506233691,0.2653679215030844
zh,gd,0.4560837111324816,0.3101828062420634
ar,gd,0.3797258267908717,0.2773427274635099
tpn,gd,0.4971162377994676,0.1773063029728567
it,gd,0.7661175007771216,0.6019219971226065
ml,gd,0.6554307116104869,0.3975190128458324
abq,gd,0.2515337423312883,0.0678006903670743
gya,gd,0.163447251114413,0.0785388603692995
la,gd,0.6917391304347826,0.5547209179890186
krl,gd,0.6832579185520362,0.4678322851283782
mpu,gd,0.2415730337078651,0.1819961265613439
azz,gd,0.4441911181601903,0.267545727199294
gub,gd,0.3545851528384279,0.14467797563562
aii,gd,0.2008830022075055,0.0610540512501296
yi,gd,0.7307577118897873,0.6379085700184273
sah,gd,0.3465753424657534,0.1775403750766429
ky,gd,0.7510943859918593,0.4274697213737733
hy,gd,0.7350926768523397,0.5488631006307915
nmf,gd,0.3647098515519568,0.1785467623605706
sr,gd,0.7592154802556694,0.5246210491725168
oc,gd,0.6923458751116847,0.5394755670643991
az,gd,0.7171052631578947,0.5421945702994532
ur,gd,0.6719573146021883,0.4917867940429532
grc,gd,0.6567157488962101,0.4914008623324115
gd,gd,0.9573464187977728,0.9294564887967024
hr,gd,0.7702390766694147,0.5568163296646306
da,gd,0.7901825800658485,0.6449895533250998
te,gd,0.7600554785020804,0.4332858077882708
aln,gd,0.5627892432770482,0.4372017353441818
kpv,gd,0.4459644322845417,0.227633304717303
ltg,gd,0.6647058823529411,0.3844711567266107
say,gd,0.2989194499017681,0.1681506714021203
pay,gd,0.2935672514619883,0.1187211845171106
ug,gd,0.7031945788964182,0.4678877831110273
jaa,gd,0.3826086956521739,0.1480957767722473
af,gd,0.7587200635993243,0.6122694302790275
ctn,gd,0.3450208461485886,0.1611052478410126
yue,gd,0.4340422474493461,0.3404529443131575
ab,gd,0.4587623996221067,0.1462232049199547
ota,gd,0.5957482494024907,0.3910187495461529
bej,gd,0.3249100493682537,0.0981975570517477
myu,gd,0.363013698630137,0.1240178712076381
is,gd,0.7523325846714268,0.6100198565640147
bar,gd,0.5204841713221602,0.3857465018159165
sa,gd,0.3408043663042992,0.1652773344287222
th,gd,0.5478292739812748,0.3892244028998712
kmr,gd,0.7511230907457322,0.5178489025510107
fa,gd,0.7860397938092984,0.6074591289612161
jv,gd,0.6278323921076483,0.4884149205184015
arh,gd,0.2511776898436028,0.1298563767579557
mr,gd,0.7305825242718447,0.4852808086865882
yrl,gd,0.3722883135059482,0.1769697156951649
sk,gd,0.8077526679221595,0.5595165250914521
lb,gd,0.3106796116504854,0.1859019105894105
vi,gd,0.6245949926362298,0.443513082592768
nds,gd,0.573589720222364,0.4555146052685804
ang,gd,0.5029239766081871,0.3270830056217438
hyw,gd,0.7204061967237417,0.568712089442327
nl,gd,0.78776753827327,0.6160262721303462
hit,gd,0.2589763177998472,0.1188885097410719
hi,gd,0.7016486947130394,0.4679157995221206
frm,gd,0.7180971679451923,0.5615605291587331
xnr,gd,0.4506762132060461,0.2743266323415986
olo,gd,0.6290322580645161,0.3672391174121137
or,gd,0.7755102040816326,0.5178695519709178
ha,gd,0.3813295528091965,0.2245766266619216
sab,gd,0.3383708072244747,0.2102008812717892
ckt,gd,0.3151534944480731,0.1594956721060678
fr,gd,0.7645219170271993,0.6255399274239019
id,gd,0.7573891327013069,0.5621336875092585
sv,gd,0.7888541420816616,0.6532050336072205
eo,gd,0.8204667863554758,0.5925088667305822
pcm,gd,0.6349128919860627,0.5094560053435799
no,gd,0.7754434680940463,0.6487238204444932
sga,gd,0.3271028037383177,0.2162349586122838
gsw,gd,0.4078821959588258,0.2982050727962103
xpg,gd,0.3212803793716657,0.170388264405372
ckb,gd,0.3524590163934426,0.15578231292517
lzh,gd,0.268235627702559,0.1780608049252268
ajp,gd,0.7135614702154626,0.5154458158907217
nhi,gd,0.4386428495930662,0.2887053781283776
urb,gd,0.2322404371584699,0.1577923108228037
gun,gd,0.1748032699213079,0.04889731734472
lt,gd,0.7810347723836721,0.5662066431687831
cs,gd,0.7637757105523283,0.5613840724182313
pl,gd,0.7938149819614735,0.5710607270982674
yrk,gd,0.2193396226415094,0.0559248223878209
de,gd,0.7623894971020432,0.6057182499535099
ko,gd,0.607015844134362,0.3941483395064165
sd,gd,0.6822497513337553,0.4870918498467467
sme,gd,0.4226773226773226,0.2744293919593722
am,gd,0.4798201798201798,0.3579603832669178
akk,gd,0.4946653734238603,0.2425090500704934
es,gd,0.7968859558671891,0.5855906109514807
myv,gd,0.4992794696896916,0.2513068248658168
cpg,gd,0.6338367257605603,0.3547549186452543
ro,gd,0.7499168024101028,0.5789455947466744
tl,gd,0.7045330420535226,0.6006872282580554
ca,gd,0.7826539171279987,0.5480530636800429
vep,gd,0.4996162701458173,0.3126258309909204
ga,gd,0.7760275332583229,0.6615641710790717
wo,gd,0.3616264539075267,0.2157201957588094
pro,gd,0.6530090936957188,0.4676973419479436
wuu,gd,0.2974828375286041,0.1670522875243835
bn,gd,0.70625,0.4576080506276584
gu,gd,0.6435013262599469,0.4900867777937415
ceb,gd,0.5286855482933914,0.3458733369501015
ht,gd,0.3696240601503759,0.25678065389618
bho,gd,0.5932483120780195,0.3561156949040029
aqz,gd,0.4059945504087193,0.1815634389730558
fo,gd,0.7281454467446101,0.5577470735918869
arr,gd,0.1664510564898663,0.1363420740705876
ja,gd,0.1729623903561201,0.1095514135242182
pt,gd,0.8206637261079606,0.5861987796541421
kk,gd,0.737883481562906,0.4878993543319719
sq,gd,0.731839258114374,0.6647056734419652
cu,gd,0.4361961662932537,0.2360916585384378
tr,gd,0.7278228985964359,0.5043424083585427
hbo,gd,0.5156165494862087,0.3309316789193483
et,gd,0.7732443968385349,0.5505515911113565
mk,gd,0.7801470588235294,0.6782353189112323
lij,gd,0.5687854371829305,0.4554075614674826
koi,gd,0.4861944777911164,0.3124803090902599
gn,gd,0.2442396313364055,0.1663990721022208
sjo,gd,0.126201610808002,0.0279897514294856
cy,gd,0.7751673910489839,0.5649049059575363
uk,gd,0.789968763311089,0.5749662496656522
be,gd,0.8135476607455592,0.5914287889320754
otk,gd,0.2974683544303797,0.0348148148148148
hsb,gd,0.7266051759648966,0.4653748853231097
yo,gd,0.3166322940676938,0.1577370245625488
gl,gd,0.8172348484848485,0.6122407091268097
bg,gd,0.7863775120834393,0.5897251440463764
uz,gd,0.7465997770345596,0.5232567929447199
ka,gd,0.7718520707145319,0.5189347524723168
mt,gd,0.3411902826695566,0.2110026503009498
fro,gd,0.6341845878136201,0.4739538462114707
got,gd,0.2828005491272798,0.1749756753599063
orv,gd,0.6765557359307359,0.4570078980887471
pad,gd,0.375,0.1557957553494589
gwi,gd,0.4265873015873015,0.1543014828578526
apu,gd,0.466,0.1295213219194671
bm,gd,0.3164291398393981,0.1982231358106423
lv,gd,0.7701314982262409,0.5776098336671871
ru,gd,0.8005864005574078,0.5939878456116661
wbp,gd,0.3873015873015873,0.1586299325379744
mdf,gd,0.4844158934094694,0.2484061830887934
cop,gd,0.0278075864321373,0.0050900647514082
scn,gd,0.5730988932524098,0.4263126018840655
sdh,gd,0.4264705882352941,0.2025896584036119
si,gd,0.6920454545454545,0.5707518443439312
bor,gd,0.3662361623616236,0.1592007032713716
eme,gd,0.3428867403314917,0.1605134215923378
ess,gd,0.2515576323987539,0.1063321366530808
eu,gd,0.6889718552556002,0.4607688119634098
en,gd,0.7544241318988458,0.6419310814522758
sms,gd,0.3992165242165242,0.1583677304511011
hu,gd,0.7954632465543645,0.5621882570789354
bxr,gd,0.57852228537242,0.3273549880724494
egy,gd,0.3103566529492455,0.133644694992474
mpu,gl,0.2078651685393258,0.116666080571419
sk,gl,0.8816698053986189,0.7061028300066028
abq,gl,0.1411042944785276,0.0627737364966128
uz,gl,0.7901895206243033,0.5410792590540006
xnr,gl,0.4419252187748608,0.2755486013846219
bho,gl,0.5090772693173293,0.3166923862845088
xum,gl,0.2444061962134251,0.1651746238703516
ota,gl,0.6197324835422869,0.4647842592676242
fr,gl,0.8458345910051313,0.6769788244119523
lv,gl,0.8579925848870396,0.6521012624969971
nap,gl,0.4925373134328358,0.4645272450212358
urb,gl,0.2049180327868852,0.1146721141724875
nl,gl,0.8832196998076971,0.6579357675664704
ug,gl,0.7380445304937077,0.4604730557180306
mr,gl,0.7766990291262136,0.5444169749230734
yrl,gl,0.369589123263021,0.1649336282221088
kmr,gl,0.7823699710492164,0.5687787951307163
ckb,gl,0.3114754098360656,0.1428047219572643
aln,gl,0.5220137585991245,0.3800189222401863
sab,gl,0.3663840766678953,0.1929789230621519
myu,gl,0.2367906066536203,0.0971380286029418
zh,gl,0.2572697714887576,0.2136213499784182
ang,gl,0.4327485380116959,0.3134941619296247
be,gl,0.8984863647735802,0.6656652992165012
gu,gl,0.7198938992042441,0.5014225787562065
scn,gl,0.6161192431274545,0.4671397544403326
yue,gl,0.2976720793217416,0.2383491849257127
grc,gl,0.6076335193527421,0.3977659470645014
nds,gl,0.5315775084297822,0.3963090375365864
wuu,gl,0.2082379862700228,0.058279261789114
apu,gl,0.348,0.130747899129809
mdf,gl,0.4370687604092315,0.2044735858094204
tn,gl,0.3037383177570093,0.1952523916730985
si,gl,0.6488636363636363,0.5295815325464582
el,gl,0.8332618179217621,0.6287679618651384
wo,gl,0.3138517735268673,0.1788388911121355
ajp,gl,0.6692015209125475,0.4424335516712728
gn,gl,0.1612903225806451,0.1120880243291457
gv,gl,0.2804677684352952,0.135359312101877
kk,gl,0.8243229739182573,0.51078400212739
arr,gl,0.1819749892194911,0.0573209613278024
nhi,gl,0.4032343304090476,0.257423610599404
af,gl,0.8554109112590679,0.6575295245539444
fa,gl,0.7803371765819159,0.5649170760478145
akk,gl,0.2800678952473326,0.1486998271215644
eme,gl,0.2893646408839779,0.1315577175353476
cpg,gl,0.5915955351280368,0.2889341810023083
ctn,gl,0.3290957555874513,0.122320210530871
br,gl,0.6456126324205477,0.464255946079317
sv,gl,0.8893674769884352,0.6851058878274747
gsw,gl,0.3795272588638963,0.2913600625524494
sr,gl,0.8822344803432274,0.7311561517416942
id,gl,0.8352205222704459,0.6593331588499299
mk,gl,0.8654411764705883,0.7281978483921229
ceb,gl,0.5105301379811183,0.3396998777038852
sjo,gl,0.1329566121070408,0.0999498224976452
otk,gl,0.2974683544303797,0.0352720450281425
no,gl,0.8583642375637114,0.6545976983540535
eo,gl,0.8964691801316577,0.8049667968792192
hy,gl,0.8626370994779443,0.6032140902011861
cs,gl,0.8532829616389758,0.673953263207048
myv,gl,0.4218464790085502,0.1826401642573114
ka,gl,0.7993795243019648,0.5430593418456996
ml,gl,0.7386600083229297,0.4876634456701115
sms,gl,0.3447293447293447,0.130407800141594
xav,gl,0.2626172398392139,0.1124379123156052
azz,gl,0.4246629659000793,0.2421919582757558
hi,gl,0.7574376887898885,0.6385956876063099
egy,gl,0.2240226337448559,0.102257904592365
pro,gl,0.6176560743843874,0.5252588419444564
hyw,gl,0.7880068193610555,0.5769366456936411
yi,gl,0.8231007287611061,0.6332901906898203
ha,gl,0.3534379141369002,0.1759244235432948
tpn,gl,0.3733362910381544,0.1301823813159086
xcl,gl,0.6036464882342375,0.4418543498494299
ca,gl,0.8789464854890119,0.7784294141517416
ckt,gl,0.2632266492488569,0.116077163146705
fo,gl,0.7503486002359755,0.5211438134145054
et,gl,0.8640148011100832,0.6345554349934596
pad,gl,0.3293650793650793,0.1303546874472188
jv,gl,0.6703618489855678,0.4945911996596825
bar,gl,0.5162277201383346,0.4032474225548911
tl,gl,0.6914254505734572,0.4831962961794581
arh,gl,0.2325230827209346,0.0892645038108535
de,gl,0.8530311457174639,0.6749199127923947
lb,gl,0.3446601941747573,0.2414504611796052
pcm,gl,0.7126829268292683,0.4901223226877782
hit,gl,0.1405653170359052,0.0978521256379131
sga,gl,0.2464953271028037,0.1854483411853571
aii,gl,0.1479028697571744,0.0246446198191687
got,gl,0.2229848989998039,0.1232970616240714
gun,gl,0.1759492703797081,0.0396290240285877
uk,gl,0.8951086184864404,0.665795609286368
bg,gl,0.9140167896209616,0.7437408819232342
quc,gl,0.3091980425446919,0.162339623353441
az,gl,0.7642543859649122,0.5022056127632312
sa,gl,0.2919071265601932,0.1361997021783209
th,gl,0.4342118415353347,0.414932439208356
wbp,gl,0.3555555555555555,0.1708772164440281
jaa,gl,0.3478260869565217,0.1437362637362637
hu,gl,0.8290581929555896,0.5634918307042244
yo,gl,0.2461482469974523,0.1885718965777307
vep,gl,0.4773599386032233,0.2967332516644239
tt,gl,0.5171052631578947,0.2734841205705478
cop,gl,0.0369990202024914,0.0050969906544458
ht,gl,0.3808270676691729,0.2676676373756732
lij,gl,0.6509997015816175,0.5112453407680447
cu,gl,0.4200149365197909,0.257499209327207
aqz,gl,0.385558583106267,0.1343919508040646
ps,gl,0.7870666338824687,0.6847274204959402
ga,gl,0.6685088357932358,0.4822952365077623
te,gl,0.8321775312066574,0.4936745978140562
bxr,gl,0.5675540931299232,0.3729170209764166
it,gl,0.8973811004041032,0.6723736131239684
bej,gl,0.2823194711739603,0.0878095128131399
sl,gl,0.8366610601703651,0.6697109481722736
lt,gl,0.8603225264572485,0.6164876202524239
he,gl,0.8075783883158002,0.6038132586709362
bm,gl,0.2922665123345149,0.1473460995146364
gd,gl,0.6036614136076248,0.4408027378924077
pt,gl,0.914664986347406,0.6999659740854308
orv,gl,0.690530303030303,0.4678421312991769
olo,gl,0.6075268817204301,0.336886420433525
am,gl,0.4936063936063936,0.3203370804703884
sdh,gl,0.4264705882352941,0.1768684307145845
xpg,gl,0.2258446947243627,0.1042903530279925
bn,gl,0.775,0.4800163148474568
ar,gl,0.3771793515844283,0.3615518799873206
ur,gl,0.6814804808861272,0.5911948780483354
hr,gl,0.8754740313272877,0.7187863813172046
pay,gl,0.256140350877193,0.0802127320873834
en,gl,0.827261869954557,0.6491116501052225
da,gl,0.902524194352988,0.6973783750838463
kpv,gl,0.3654485049833887,0.2052081145771419
is,gl,0.821444135295498,0.657782354602701
pl,gl,0.8654365855931414,0.6325750339081192
tr,gl,0.7713491562844977,0.5083677139419083
yrk,gl,0.3050314465408805,0.0970727813526974
ro,gl,0.8495612421838054,0.6319984667482004
koi,gl,0.4153661464585834,0.2739085328068263
naq,gl,0.2451225150254276,0.1041798133399601
hsb,gl,0.7131727411122056,0.5270143797937176
ta,gl,0.7686420293024273,0.4779044132025613
eu,gl,0.776852383687536,0.4765720118772316
gub,gl,0.299235807860262,0.1146186091418945
gl,gl,0.9604324494949495,0.8089765462123362
cy,gl,0.6564078468225067,0.5953326799220826
sd,gl,0.6912017361425083,0.5903972528355805
gwi,gl,0.4543650793650793,0.1691358817839622
fro,gl,0.7143070489844683,0.5270117566662088
gya,gl,0.1032689450222882,0.0356302488860576
ab,gl,0.4346717052432687,0.1434622638080263
es,gl,0.8799546298205816,0.7189599914507561
ky,gl,0.7860379387143844,0.4501552853544871
or,gl,0.7774538386783285,0.5797578771357477
ltg,gl,0.7,0.4941176015368226
vi,gl,0.7793814432989691,0.5575428073767812
mt,gl,0.2680393750564436,0.1890067050746077
fi,gl,0.8588460690263535,0.5936482864364391
la,gl,0.7988792270531401,0.6561653400878718
ko,gl,0.6596642130510297,0.4088866241862088
sah,gl,0.2938356164383561,0.1504057722534612
ja,gl,0.1397730351763599,0.0761456701940947
sme,gl,0.3304695304695305,0.2244608385397669
ru,gl,0.896416596912746,0.6971693185376233
say,gl,0.2678781925343811,0.0976068761297502
oc,gl,0.7440683013997816,0.5702130931874312
bor,gl,0.3592250922509225,0.169293909312022
lzh,gl,0.0681222088324945,0.1430554609843464
frm,gl,0.7910937424615236,0.6060082503437279
krl,gl,0.6628959276018099,0.4229378128619181
nmf,gl,0.3228744939271255,0.1532403335236189
sq,gl,0.7982998454404946,0.7328091559063445
ess,gl,0.242601246105919,0.108127495820578
hbo,gl,0.2994862087614927,0.1364036773088601
xcl,got,0.2567810310759835,0.1634743190915113
sab,got,0.1599705123479542,0.111366963343423
tl,got,0.4074276351720371,0.2146624547069672
ur,got,0.310414696744563,0.1107684117299535
ang,got,0.3508771929824561,0.2709918130092389
te,got,0.2940360610263522,0.1079856136312668
pt,got,0.3934677588741861,0.1575965541208674
fro,got,0.3554111907606531,0.2074005808725706
otk,got,0.0063291139240506,0.001098901098901
de,got,0.2470288624787776,0.1200998065885774
urb,got,0.2431693989071038,0.1057112445910919
eo,got,0.3453022142429683,0.1762540372428603
hi,got,0.3524696670547934,0.1146348865976574
gya,got,0.1924219910846954,0.1082276143618467
gn,got,0.1566820276497695,0.0835758646721537
azz,got,0.216990483743061,0.1286539888045959
sms,got,0.1926638176638176,0.0715340144880704
lv,got,0.3589394788082473,0.1699523746584071
sd,got,0.3116918347047653,0.1205211160904247
mdf,got,0.2317392338805615,0.0946555551711891
gv,got,0.1717406011404272,0.090784798540111
hy,got,0.3341156185641075,0.1443998727666514
am,got,0.3402597402597402,0.1504409562555893
wo,got,0.2726136691339036,0.1579676739276726
bej,got,0.1727888879591666,0.0631474590109943
arh,got,0.1337855662332768,0.0797098708252239
pcm,got,0.1995121951219512,0.1423883193081829
gub,got,0.1724890829694323,0.0779523113403668
br,got,0.2945232860283829,0.1446155113957739
bg,got,0.4048588145510048,0.194909919294308
bm,got,0.1304347826086956,0.1021186371816521
ckt,got,0.2294252122795558,0.1111317536397106
vi,got,0.3591310751104565,0.154266822002955
arr,got,0.1867184131090987,0.1010092277506997
quc,got,0.205632677519225,0.0997442903249715
abq,got,0.4677914110429448,0.1291293661134021
scn,got,0.3072117101035344,0.18441202250609
hit,got,0.2085561497326203,0.0790308935652884
bor,got,0.2001845018450184,0.0832093812674334
krl,got,0.3316095669036845,0.15045934535932
tt,got,0.3364035087719298,0.1283162228188451
hu,got,0.3235068912710566,0.1548645721620381
myu,got,0.2837573385518591,0.1018043354109295
sdh,got,0.1985294117647058,0.0847498769981607
lt,got,0.3546951117083823,0.1624217680884961
nmf,got,0.2260458839406207,0.1069818646220663
eme,got,0.2969613259668508,0.1056820141829208
gsw,got,0.1453011818528402,0.0889457346552443
got,got,0.934987252402432,0.9150840433061904
grc,got,0.3663461753961317,0.2131850691761029
mk,got,0.3022058823529411,0.1751406271009879
es,got,0.3856774592699525,0.1643142276217368
fa,got,0.4210224867395473,0.1412995129700077
lij,got,0.2940913160250671,0.1624832955363745
naq,got,0.1472954230235783,0.108000195290914
gun,got,0.0799908319963327,0.0316632383556977
pro,got,0.3756002860937979,0.2090247583496185
cy,got,0.3501703277340538,0.1610566989547736
th,got,0.2561889847732649,0.0916240365450483
ky,got,0.4195530297212195,0.137348924940597
lb,got,0.1213592233009708,0.0853276977763981
xav,got,0.1598928092898615,0.0601788919944287
mt,got,0.2314639212498871,0.1010711835717094
mpu,got,0.1516853932584269,0.059324422093709
ess,got,0.1257788161993769,0.0478388955864422
ctn,got,0.207914701660857,0.0833017445427155
ltg,got,0.3235294117647059,0.1777539664636438
uk,got,0.3543944341899758,0.1655587869444802
sa,got,0.3234017805216302,0.1042950737204204
uz,got,0.3891861761426979,0.1433017765409059
bxr,got,0.3432047063515804,0.1316927640626298
sr,got,0.4039926451273969,0.1674167804412778
sl,got,0.3188378275731105,0.1736979349016125
hr,got,0.3862737015663643,0.1651397799465116
sv,got,0.3590099126740618,0.1674093819916225
et,got,0.3535874839735787,0.1872682713718426
xnr,got,0.2684964200477327,0.1653618218004539
it,got,0.358253030774013,0.1647764265728797
sk,got,0.4109384808537351,0.1690182085202748
fr,got,0.3610356508032331,0.1732120668492369
cop,got,0.1618532170018196,0.0201459989662762
akk,got,0.5050113158745555,0.1990389951239499
ml,got,0.3233458177278402,0.1207362471370102
wuu,got,0.160183066361556,0.0549152044212935
ga,got,0.3189489708120988,0.1455868154280433
say,got,0.1446954813359528,0.1139507236111253
ta,got,0.2840586048545812,0.0966990489954323
xum,got,0.3657487091222031,0.1510542599803991
la,got,0.3589178743961352,0.1938451574766336
yrl,got,0.1746476057182845,0.0908582350623481
tn,got,0.1775700934579439,0.116423505320744
ht,got,0.2,0.1184524010867786
ka,got,0.3179691731915103,0.1012438282638176
ru,got,0.3725747847760314,0.169411245078243
zh,got,0.1358817603150616,0.0638691709678142
nap,got,0.3482587064676617,0.2766714887145609
ota,got,0.3411883097823808,0.1117815599786075
yo,got,0.1369646973189373,0.0707837953333119
apu,got,0.186,0.0922617019266944
fi,got,0.3404316903738008,0.1529751699727468
cpg,got,0.223681330706938,0.1049438121720618
pl,got,0.3839610208075402,0.1797759665624013
orv,got,0.4032467532467532,0.206099560101335
jv,got,0.3504845569267238,0.163797731332179
hsb,got,0.350855198352288,0.1571058059519246
mr,got,0.2378640776699029,0.116296352754941
jaa,got,0.1913043478260869,0.0756933542647828
pay,got,0.2374269005847953,0.1465657219946698
ceb,got,0.2999273783587509,0.2099621552818562
gwi,got,0.3055555555555556,0.0946683567407117
frm,got,0.3717855936700922,0.2165411571033184
aqz,got,0.194141689373297,0.1046900635690561
xpg,got,0.2477771191464137,0.1085515163485162
or,got,0.3352769679300291,0.1253718679261327
egy,got,0.4319272976680384,0.1698145183946783
oc,got,0.3356497567755385,0.1649250101591685
ro,got,0.3588706146112483,0.1700708744220135
kpv,got,0.2265976157905022,0.1039349017575733
af,got,0.3547649806220809,0.1527255906740571
ps,got,0.2753872633390705,0.1038702788079114
myv,got,0.218560860793544,0.1011207055425985
kk,got,0.3339662236434496,0.1251064186153507
az,got,0.3760964912280701,0.1533539761697178
sjo,got,0.0505326058716549,0.0135008022039985
yi,got,0.2680443246480982,0.13249951344698
hyw,got,0.3069453709880661,0.1463865545225224
nhi,got,0.2583236444350491,0.1575275330836182
ja,got,0.0358643736419034,0.0251406681030772
ug,got,0.3457889641819942,0.1284148568399029
yue,got,0.1218565885903147,0.0721171469759669
is,got,0.3623691238420882,0.194665304573967
ca,got,0.4096292568361013,0.1743534471144516
lzh,got,0.2233642872332884,0.101698943407656
sq,got,0.3755795981452859,0.2228755092084973
yrk,got,0.2161949685534591,0.070630257587308
fo,got,0.3725195752440202,0.2055728219144532
ajp,got,0.320659062103929,0.1297903909682399
gl,got,0.3860637626262626,0.1534338662400057
he,got,0.3882136656112757,0.1637380795006225
kmr,got,0.3925326944194868,0.1686197530659298
ar,got,0.1797014196802668,0.0850274760592005
be,got,0.4056167125344008,0.1673986548619427
koi,got,0.2496998799519807,0.1078591672384848
sme,got,0.2397602397602397,0.1548484445470035
vep,got,0.2432847275518035,0.1245663027895796
ab,got,0.2683986773736419,0.0954258266046317
nds,got,0.2806889638202861,0.1726388300303881
wbp,got,0.2761904761904762,0.1102663932852612
bho,got,0.3383345836459114,0.1182695971209088
bn,got,0.246875,0.0920756498628443
hbo,got,0.3754056246619794,0.1806812153585476
aln,got,0.2827392120075047,0.1426592198915567
ha,got,0.1611859339846519,0.1169034983115724
id,got,0.4217685425405523,0.150170375760412
olo,got,0.2970430107526882,0.1347310399150626
no,got,0.391494181479384,0.1864932141210463
sga,got,0.2313084112149532,0.0811548010167267
pad,got,0.2083333333333333,0.1010052643094718
cs,got,0.3502755548333807,0.1679151743940034
da,got,0.3619674748079417,0.1688578952561167
cu,got,0.4217575304953945,0.2330860220049288
en,got,0.3262335783062673,0.152166634135795
ko,got,0.290558502782471,0.0856817042706713
sah,got,0.2458904109589041,0.0829415119769473
eu,got,0.2976122097316813,0.1222616036769103
tr,got,0.3647098249487462,0.1432552498056825
si,got,0.2886363636363636,0.1344221155741754
gu,got,0.2753315649867374,0.1166610126519871
aii,got,0.075055187637969,0.0179447579447579
nl,got,0.3994905222147299,0.1770367722641996
bar,got,0.2113594040968342,0.1133000591557861
tpn,got,0.2282608695652173,0.0939336784047333
ckb,got,0.1557377049180328,0.0758125472411186
gd,got,0.35208077757856,0.193357050442189
el,got,0.2612100407637846,0.133967711831435
azz,gv,0.3969072164948453,0.2210843268663927
ht,gv,0.2813533834586466,0.1933184375685389
nmf,gv,0.3242240215924426,0.1495363268421204
pay,gv,0.2821052631578947,0.1223391895680101
bar,gv,0.3136472466081405,0.1919495663146495
aii,gv,0.2339955849889624,0.0925652497758759
arr,gv,0.1910306166451056,0.1214686492921626
jv,gv,0.4533221780659555,0.2461529157578115
pad,gv,0.3789682539682539,0.1552203628118167
scn,gv,0.4050339164584077,0.245097621577524
sdh,gv,0.4411764705882353,0.1880930517294153
nap,gv,0.4029850746268656,0.2786907990620998
bej,gv,0.3163751987281399,0.1035730443511981
bm,gv,0.2913260507849237,0.1701726756928461
sd,gv,0.3304096211230672,0.1938247531419904
ceb,gv,0.4836601307189542,0.2515132296552371
eme,gv,0.3318370165745856,0.1404243644521623
orv,gv,0.3596861471861471,0.2195185190539593
hu,gv,0.4734877488514548,0.2588973929536096
kk,gv,0.4274008194264015,0.1997070191090684
abq,gv,0.1993865030674846,0.0521664339711677
pcm,gv,0.4091289198606271,0.1918842926493511
vi,gv,0.4059646539027982,0.2200909636316887
ckt,gv,0.2918027433050293,0.1567245059170529
sjo,gv,0.1265913224214081,0.0495631283273128
eo,gv,0.3958707360861759,0.2327573527581604
lij,gv,0.4168904804535959,0.2666657357595317
cu,gv,0.2207617625093353,0.1057186029276344
be,gv,0.4636602451838879,0.2186040575030204
kpv,gv,0.3659370725034199,0.1801578937625684
otk,gv,0.3544303797468354,0.0961803713527851
tn,gv,0.2570093457943925,0.1762607890194097
tt,gv,0.4618421052631579,0.2212418212779575
is,gv,0.3473456024493536,0.220555866106692
mdf,gv,0.3913871044492029,0.1994660421471548
xum,gv,0.2358003442340791,0.1037812203099732
sl,gv,0.3749932179480224,0.2007397675023634
fo,gv,0.4073259680360399,0.2514760380411256
yrl,gv,0.3396980905728281,0.1771380992083435
xpg,gv,0.2412566686425607,0.092542866900981
tpn,gv,0.4511978704525288,0.1608234683939083
te,gv,0.3828016643550624,0.1733500358365238
olo,gv,0.4475806451612903,0.2374872481053231
gun,gv,0.1774008709603483,0.0419647198610863
or,gv,0.3449951409135082,0.1760751116237665
cpg,gv,0.4526154519588531,0.2257444750025129
ja,gv,0.1302550697842452,0.0450249351862593
vep,gv,0.3530314658480429,0.2324361160742619
xnr,gv,0.3587907716785998,0.2056973313513215
no,gv,0.3847713695902373,0.2238939931490782
grc,gv,0.2914901723481028,0.1831936256204238
pt,gv,0.5265238395295107,0.2643279930610903
ro,gv,0.4105406967579212,0.2287061868428118
cop,gv,0.1937666215648766,0.0871904536418609
quc,gv,0.4384300409467692,0.2167902063026306
frm,gv,0.3677811550151976,0.2354552111944906
sa,gv,0.2473940858050373,0.1095995901755073
ang,gv,0.3450292397660818,0.2026687598116169
yue,gv,0.265627245293864,0.142023345199513
gd,gv,0.4930640747381334,0.365229414209792
aln,gv,0.2646654158849281,0.1719717972880083
ur,gv,0.3086586518978792,0.2109186129295126
gn,gv,0.2488479262672811,0.1910397799918382
ab,gv,0.4250354274917335,0.1719495848299952
ru,gv,0.4395572535504355,0.2411938011367309
sq,gv,0.445904173106646,0.2970403120191394
lt,gv,0.4321350579539728,0.211787980077691
bg,gv,0.4133172220808954,0.2451130554138779
fro,gv,0.3625049780963759,0.2232890048544856
gv,gv,0.9465545568763892,0.7481147863755931
uz,gv,0.4229654403567447,0.1916246729514403
ps,gv,0.3761986722399803,0.2083752774828052
ha,gv,0.3663821000400653,0.2136692005757746
wo,gv,0.3591271748534076,0.2034458683550768
pro,gv,0.3709001736998059,0.2250347814682792
bho,gv,0.3618904726181545,0.1828714614005844
gl,gv,0.5194602272727272,0.2575760573559706
nl,gv,0.4618765765090782,0.2452469113468181
it,gv,0.4467904880323282,0.2444228739965339
br,gv,0.4608235058964621,0.297481250953354
yrk,gv,0.2995283018867924,0.0943956150797267
sr,gv,0.4164258821469223,0.2185692672412841
sah,gv,0.3006849315068493,0.1416627893694503
cy,gv,0.516621637495595,0.3094381200622161
ka,gv,0.3750430885901413,0.1565968829264071
say,gv,0.2968565815324165,0.1631241101234785
lv,gv,0.427275879544424,0.2067214079633739
gu,gv,0.3257294429708223,0.162376058251318
gya,gv,0.188335809806835,0.0996212414684298
hi,gv,0.3167957609814543,0.1901628746921861
id,gv,0.5002788351962757,0.2285168013053576
uk,gv,0.439052960386199,0.2128191644800816
sk,gv,0.4484463276836158,0.2265874219646608
mr,gv,0.3834951456310679,0.1728014636683966
bn,gv,0.3875,0.1371427546847341
hyw,gv,0.374471870135646,0.1891832326943889
hr,gv,0.4044929925803792,0.2188205770126845
got,gv,0.2123945871739556,0.1302535127474262
xcl,gv,0.3987785162565115,0.2426515230410289
lb,gv,0.1844660194174757,0.1012712777418659
aqz,gv,0.3773841961852861,0.1444483676094899
mpu,gv,0.1629213483146067,0.1250390719686822
af,gv,0.3742422736758422,0.192413489199101
myu,gv,0.3140900195694716,0.1259122821982949
fa,gv,0.3805563164579027,0.1859230799081766
sab,gv,0.3088831551787689,0.1833919100576188
az,gv,0.4144736842105263,0.1850315335188252
yi,gv,0.3647798742138364,0.1901875923216989
am,gv,0.2736263736263736,0.1353244967357176
gub,gv,0.3638646288209607,0.1782148361210739
ckb,gv,0.3688524590163934,0.1726689897886652
bxr,gv,0.4452088942068002,0.1874665175463178
nhi,gv,0.4280731423739562,0.2393699242179874
bor,gv,0.3799507995079951,0.1381277743926458
ajp,gv,0.4131812420785805,0.1835242174013893
cs,gv,0.4106105536824146,0.2264464440690711
egy,gv,0.2842935528120713,0.1981878853256263
la,gv,0.3540676328502415,0.2235528816335217
ta,gv,0.3605947955390334,0.180760195694359
sms,gv,0.3347578347578347,0.1254372999681928
hit,gv,0.1237585943468296,0.1080693854441822
ky,gv,0.4159434759235081,0.1872040142314383
de,gv,0.3299914134613508,0.1911108632787894
he,gv,0.5066898171790419,0.2506317545348502
ml,gv,0.3628797336662505,0.1671261364392184
et,gv,0.4261323985263807,0.2152596722578532
ltg,gv,0.3588235294117647,0.1846476898363691
th,gv,0.2038450004997834,0.1104451264117625
arh,gv,0.2468437912191445,0.1228225131649262
ctn,gv,0.3237646093910191,0.1260021358425244
sme,gv,0.3562437562437562,0.1958328464267706
krl,gv,0.4156431803490627,0.2230825606262144
ar,gv,0.2062563560183866,0.0999348342520575
sga,gv,0.2336448598130841,0.1185813522463877
wuu,gv,0.2768878718535469,0.1265465790156111
hy,gv,0.4353177834187461,0.1899479789592908
urb,gv,0.1857923497267759,0.1333563525744746
en,gv,0.3688420197134659,0.2073255122559691
naq,gv,0.2647249190938511,0.1478350814242886
yo,gv,0.3274293339803469,0.1665681444546862
es,gv,0.4617343782223139,0.2387642984841201
mk,gv,0.3963235294117647,0.2795104191434837
ota,gv,0.3168267013291962,0.1453006912869593
wbp,gv,0.3428571428571428,0.1459713568752306
akk,gv,0.3863562883931458,0.1609948803400128
myv,gv,0.4212700547603036,0.1699234142572082
ess,gv,0.2554517133956386,0.1053770050007317
tr,gv,0.3986555748304684,0.1785420233051866
xav,gv,0.2581509602501116,0.1392119844270975
eu,gv,0.4096578321161894,0.1953585807076308
tl,gv,0.5297651556526488,0.3102995158075755
kmr,gv,0.4409503843466107,0.2187755595028236
zh,gv,0.2671039978018958,0.1294756676016255
fi,gv,0.4046201345242033,0.1943665836772369
koi,gv,0.3769507803121248,0.1820832875708803
nds,gv,0.362799599015766,0.2416354187526057
mt,gv,0.3013636774135284,0.1671628378213727
da,gv,0.40566696597825,0.2208119554408064
jaa,gv,0.217391304347826,0.1004255319148936
apu,gv,0.421,0.1308080704535928
sv,gv,0.348064668397451,0.2046823054669512
gwi,gv,0.5218253968253969,0.1584692736448953
ko,gv,0.3411037725817314,0.1483037462300197
si,gv,0.3261363636363636,0.1618845156175418
hsb,gv,0.460284767618877,0.2712139323692937
el,gv,0.4674604877351069,0.2574609800049377
pl,gv,0.4331243260513598,0.2273999000616444
fr,gv,0.4396904450481269,0.2321899863815654
gsw,gv,0.3128097598170034,0.1896192554893793
oc,gv,0.4357192494788047,0.258958668216559
hbo,gv,0.3762168739859383,0.190419209040198
ga,gv,0.5102256932953868,0.3085176283809133
ug,gv,0.4121974830590513,0.1600531629154679
ca,gv,0.5235866465358161,0.2710922051559231
lzh,gv,0.1938399376196214,0.0843990712218138
te,hbo,0.5117891816920943,0.2554844200650448
egy,hbo,0.1562071330589849,0.0592439585301539
be,hbo,0.5292719539654741,0.3002388535023818
jv,hbo,0.4752143902949173,0.2585870516236978
pay,hbo,0.2664327485380117,0.1011397378456912
gl,hbo,0.4574021464646464,0.2679173248650606
ka,hbo,0.5028315359235731,0.2542788726452269
olo,hbo,0.4428763440860215,0.2158979882223706
sq,hbo,0.4296754250386398,0.3450443746767596
uz,hbo,0.4632107023411371,0.2590748691047095
ar,hbo,0.2489687995769434,0.1417231262505534
mt,hbo,0.2894427887654655,0.1470377513092795
af,hbo,0.4668587896253602,0.3155354836028617
aii,hbo,0.1456953642384106,0.0399910895313026
hy,hbo,0.438383064323004,0.2608435654253551
bor,hbo,0.2974169741697417,0.1091771074173055
mpu,hbo,0.1573033707865168,0.1116560794358229
ky,hbo,0.3716304431303279,0.2092475822240725
ga,hbo,0.5229333509828579,0.3049386998347643
ajp,hbo,0.4917617237008872,0.2575601394293817
kk,hbo,0.4064155091435995,0.2116691677023209
hyw,hbo,0.5345044844711289,0.3575475946676571
ang,hbo,0.3859649122807017,0.2555338979773369
myv,hbo,0.3483523873570948,0.1600122757965172
gun,hbo,0.1759492703797081,0.0450124270758679
bho,hbo,0.2723180795198799,0.150992110422575
sv,hbo,0.4047232711824404,0.2694085529459818
say,hbo,0.2049115913555992,0.096938627242039
ab,hbo,0.3145961265942371,0.1021111387352259
tn,hbo,0.2523364485981308,0.1463896991139125
sah,hbo,0.1897260273972602,0.1071791146171863
tt,hbo,0.4223684210526315,0.2052852568046997
ur,hbo,0.2717817101175199,0.2165771153740462
sms,hbo,0.412037037037037,0.1749326401019022
fa,hbo,0.3571730955997709,0.2553985209329686
lt,hbo,0.5165462791869646,0.3010504226972916
ht,hbo,0.2983458646616541,0.1581210226806182
sdh,hbo,0.2794117647058823,0.1503195770535784
ota,hbo,0.4002683550672984,0.241722751899524
hr,hbo,0.3704451772464963,0.2612375984122667
ko,hbo,0.3029880548696196,0.1772199570196894
vi,hbo,0.3715758468335788,0.2249791550260955
vep,hbo,0.40752110514198,0.2228540031877331
si,hbo,0.3420454545454545,0.2755945537561531
am,hbo,0.4076923076923077,0.2067248860995163
akk,hbo,0.4015518913676043,0.1607727496917114
gv,hbo,0.3587513288876002,0.1396286678544052
la,hbo,0.4888888888888889,0.3173165766927726
otk,hbo,0.2974683544303797,0.0352720450281425
got,hbo,0.2014120415767797,0.1155873695989943
myu,hbo,0.2563600782778865,0.1136281693146535
gsw,hbo,0.3674704536789935,0.2003249000531899
eu,hbo,0.4152785755313039,0.2403005065271727
zh,hbo,0.2424898108714567,0.1516200630828395
it,hbo,0.4690550202051601,0.2874339714877545
gwi,hbo,0.3839285714285714,0.1042852481468581
sjo,hbo,0.1124967524032216,0.0120009839143855
he,hbo,0.6352432506042964,0.3565672893773625
lv,hbo,0.5121229094982795,0.3017771294424154
ltg,hbo,0.5470588235294118,0.2846856661075395
pad,hbo,0.3035714285714285,0.1065064439244617
koi,hbo,0.375750300120048,0.2416591236780179
cu,hbo,0.4449091361712721,0.2393282669791361
sd,hbo,0.2771498327154354,0.2158334425093682
kmr,hbo,0.5373864430468204,0.3307321374429678
tl,hbo,0.4631348989623157,0.2861810214212605
apu,hbo,0.336,0.1236661781296764
ca,hbo,0.5296426774031203,0.2942813773338344
bej,hbo,0.1511170613337796,0.0699485256146201
xum,hbo,0.2194492254733218,0.158009606260013
sl,hbo,0.406950246866692,0.274462855351997
ro,hbo,0.4810747377086508,0.2905003249526072
xnr,hbo,0.322593476531424,0.2097756819938534
is,hbo,0.5533337802956656,0.3471510125259712
yrl,hbo,0.3461961411576527,0.1447530861451754
tr,hbo,0.3823036587289071,0.2272711088733959
lij,hbo,0.4897045658012534,0.316410484217846
oc,hbo,0.5622952447135908,0.3425016484880425
lzh,hbo,0.0385624158219323,0.0658521902503306
ckb,hbo,0.3442622950819672,0.1666887662362775
et,hbo,0.4175633347939692,0.2757969652717363
yo,hbo,0.267499696712362,0.1174166663374735
sk,hbo,0.447112366603892,0.2966788262638216
yue,hbo,0.2950855007903434,0.1888604047097607
gu,hbo,0.376657824933687,0.2212324754166273
hsb,hbo,0.5018357660965345,0.2654885161785408
eo,hbo,0.5499700777977259,0.3947067247388763
br,hbo,0.5392764341395163,0.3129505226592214
en,hbo,0.4232547536807885,0.2639030610845103
aqz,hbo,0.3290190735694823,0.1274756670673142
cop,hbo,0.0368123921056315,0.005072650122155
pl,hbo,0.4562216275942862,0.2745936036386209
mdf,hbo,0.3561741613133476,0.1778567786218467
quc,hbo,0.2671527014880655,0.1276882539779324
ps,hbo,0.35849520531104,0.2520077327648283
abq,hbo,0.1579754601226994,0.0650527810023146
da,hbo,0.4194352988127307,0.27432469008928
el,hbo,0.5641850818851463,0.3177243680302902
krl,hbo,0.4815772462831286,0.2572492072516807
yrk,hbo,0.2877358490566037,0.1106030333574395
de,hbo,0.4497980211931385,0.277735058255378
ru,hbo,0.4244529967687178,0.2512934497663284
sa,hbo,0.3157070639287791,0.1305694532198402
bn,hbo,0.453125,0.199018467018467
tpn,hbo,0.3129991126885537,0.1171079076383128
nds,hbo,0.4643215164494669,0.3087493237895504
xcl,hbo,0.5729297646847494,0.3355961980078894
frm,hbo,0.5365465335070199,0.3817547532792017
pro,hbo,0.5398998671707367,0.3746721255794182
gd,hbo,0.4842880060394451,0.3278411555205534
bg,hbo,0.4093106079877893,0.2881463012943714
ctn,hbo,0.2926662565784977,0.1079429608866691
gya,hbo,0.1809063893016344,0.073420444708796
scn,hbo,0.464833987861478,0.309053854374796
orv,hbo,0.554978354978355,0.3083256585242694
az,hbo,0.4561403508771929,0.2593461366188204
ug,hbo,0.4322362052274927,0.1986879926821415
urb,hbo,0.1939890710382513,0.1075959752014255
aln,hbo,0.416072545340838,0.2558302839851602
ta,hbo,0.414826153509731,0.2367085970558108
kpv,hbo,0.338968145397694,0.1570032764016981
fi,hbo,0.4231447789171904,0.2414588939578127
lb,hbo,0.3155339805825243,0.1957981653810966
ckt,hbo,0.2758001306335728,0.1193872530024878
nl,hbo,0.4957918133912739,0.3165562984804431
es,hbo,0.464013198597649,0.2700001085506813
ja,hbo,0.1444138070267714,0.0710269296754933
arr,hbo,0.1134109529969814,0.0470577627590859
wo,hbo,0.2968374507353647,0.1450829589659863
gub,hbo,0.2425764192139738,0.1097034287959277
gn,hbo,0.1059907834101382,0.0968437118437118
th,hbo,0.2700163262586212,0.153574561896859
eme,hbo,0.1736878453038674,0.1031611396465434
bxr,hbo,0.4340412802871672,0.2185947233379826
cpg,hbo,0.5740862333114467,0.2606911063142355
mr,hbo,0.4101941747572815,0.2155647433223429
cy,hbo,0.4630565018207447,0.3084798836007825
grc,hbo,0.6521661175732312,0.4026415396997055
ml,hbo,0.4169787765293383,0.2359080475032106
fro,hbo,0.5027877339705297,0.3537653771202382
xpg,hbo,0.2714878482513337,0.1350599154769613
ceb,hbo,0.4386347131445171,0.2586006333539268
arh,hbo,0.2029395138496325,0.0855309362603068
pcm,hbo,0.4209059233449477,0.2075729169526935
sga,hbo,0.219626168224299,0.1479883206941291
or,hbo,0.3634596695821185,0.2693310940415088
sr,hbo,0.3804395411960424,0.2622606294935273
hu,hbo,0.4504211332312404,0.2772367203065282
mk,hbo,0.4838235294117647,0.301856214373441
fo,hbo,0.5548106832564625,0.3473050745591707
bar,hbo,0.4289704708699122,0.2588598082755164
bm,hbo,0.2494393402300513,0.1163008989622625
xav,hbo,0.2322465386333184,0.1012588788531882
no,hbo,0.402126454630154,0.2711905932124696
yi,hbo,0.6024757911550365,0.4007925767380106
nhi,hbo,0.3078955712926752,0.1560693695461726
fr,hbo,0.4795502565650468,0.2967146706894053
cs,hbo,0.4224803997237681,0.2723535941486926
ha,hbo,0.3030480475852929,0.1516127798390072
hbo,hbo,0.9670767982693348,0.9251845241818024
id,hbo,0.411439517008947,0.2376414293401246
nmf,hbo,0.2162618083670715,0.1008631625949537
azz,hbo,0.3460547184773989,0.1576803037245316
sab,hbo,0.2720235901216365,0.1326540161069152
wbp,hbo,0.2571428571428571,0.1566852926116234
nap,hbo,0.3830845771144278,0.3650787717213523
naq,hbo,0.2352288488210818,0.0918139340465054
ess,hbo,0.2009345794392523,0.1003547549097547
sme,hbo,0.3095904095904095,0.1833772762792325
uk,hbo,0.4519735907993752,0.2742377240613902
pt,hbo,0.4756479731148918,0.2670908467134563
jaa,hbo,0.3826086956521739,0.1551641737063732
hit,hbo,0.1825821237585943,0.0927002897748828
hi,hbo,0.2692249278590594,0.2056950871228604
wuu,hbo,0.2219679633867277,0.0509091041701902
ka,he,0.8100654946570148,0.5664629005138567
gsw,he,0.4285169653069005,0.2943217536157181
ja,he,0.0941941208035149,0.1027853337347868
hit,he,0.1245225362872421,0.1142847892437215
naq,he,0.2391123439667129,0.1011031534177804
sk,he,0.8213276836158192,0.6084362233483973
sjo,he,0.1222395427383736,0.0227806183485042
de,he,0.7690611400581543,0.5833485463173192
lij,he,0.5954938824231573,0.4571025644462486
hy,he,0.8072704631447867,0.575909600189722
ess,he,0.1989875389408099,0.1097600755554095
fa,he,0.8021764574046866,0.6008001822506348
vep,he,0.488871834228703,0.3305366593666999
ru,he,0.8483962833240588,0.60572758764071
az,he,0.7576754385964912,0.573305320768342
ca,he,0.8239389364200638,0.5821373921488375
lzh,he,0.3809101864322676,0.2318005362670608
nds,he,0.5754123758315867,0.4294844574539974
bor,he,0.2965559655596556,0.1469748777695238
he,he,0.9691553467470124,0.8375947546058494
gub,he,0.2149563318777292,0.0890703889109771
yrl,he,0.3049085274417675,0.1310777513558882
otk,he,0.3987341772151899,0.080232436939754
mr,he,0.8058252427184466,0.5754648420114489
arr,he,0.0401034928848641,0.0358169486399628
mdf,he,0.3537949083987627,0.2121451238653747
lb,he,0.3349514563106796,0.2169482892624866
aqz,he,0.2990463215258855,0.097980416735437
sga,he,0.1962616822429906,0.1571859965657615
or,he,0.7725947521865889,0.613509160885956
hu,he,0.7319104134762634,0.5511582718079304
hsb,he,0.6977702158144533,0.4946135755874369
da,he,0.8543350294323057,0.6310522908698427
sme,he,0.2936063936063936,0.1985737884583169
ko,he,0.6516062714888288,0.3700096938006657
hr,he,0.8134789777411376,0.6065327283893998
ota,he,0.5636714327644765,0.4536536423314981
th,he,0.65001832539233,0.4512028787612497
ro,he,0.8084879056977212,0.5886377675465034
el,he,0.7618536794679254,0.5493412819419609
ml,he,0.7407407407407407,0.5182020610529852
eo,he,0.8850987432675045,0.7743056518713869
xpg,he,0.2382928275044457,0.1236044134926678
mt,he,0.2263162647882236,0.1693117819439473
oc,he,0.7484364141765114,0.553182154434751
ta,he,0.76186310955609,0.4637996650462576
ga,he,0.6685088357932358,0.4765936647583785
nap,he,0.4626865671641791,0.4029286138752818
la,he,0.746927536231884,0.5717302106319975
af,he,0.7958859187121137,0.6029748047997292
mk,he,0.7889705882352941,0.6330812211986614
olo,he,0.6263440860215054,0.4084396717829777
myu,he,0.1800391389432485,0.097417367206425
is,he,0.8434737912462428,0.6217666260793788
pro,he,0.6940839889649535,0.5475468464825426
eme,he,0.1246546961325966,0.0913099270089684
urb,he,0.1038251366120218,0.0964620734303852
id,he,0.8256188929030381,0.5730699506310196
tpn,he,0.2923691215616681,0.1069219933816653
br,he,0.655606636018389,0.4400504414989774
cs,he,0.7907597730565599,0.5681677842492829
xcl,he,0.6519669480869409,0.4681234282684616
ht,he,0.3188721804511278,0.2368185678846214
cu,he,0.5292008961911875,0.3208449651782695
cy,he,0.6757312345824034,0.5196718876851301
kpv,he,0.3400429939417627,0.1945788405614121
tr,he,0.7549183882668349,0.51282337103497
yo,he,0.2397185490719398,0.118116938018798
tt,he,0.4828947368421052,0.299788121900906
grc,he,0.6516506421031399,0.4879369330131485
koi,he,0.39015606242497,0.2580597830645163
ur,he,0.7037012022153181,0.5071681953806291
ckb,he,0.360655737704918,0.1610302096735138
sq,he,0.7928902627511591,0.7007735454040016
wuu,he,0.4496567505720824,0.2450978751526726
yue,he,0.5381520333381233,0.390240944723851
sa,he,0.2477072428756766,0.1656919843648648
yi,he,0.7996406109613656,0.626845951724242
es,he,0.8643947205609404,0.629785942715328
be,he,0.8381911433575181,0.5715639330626333
abq,he,0.058282208588957,0.0584283399719943
ltg,he,0.6176470588235294,0.4127187627187627
uk,he,0.8315703535425245,0.5971483076855552
bho,he,0.5567891972993249,0.3530584024572303
sv,he,0.8563694831248525,0.6396894190088721
gd,he,0.6524488062659243,0.5190100913527101
ceb,he,0.514161220043573,0.3295086877743919
am,he,0.5603396603396603,0.3833429925262962
kmr,he,0.7829689527802736,0.5598488053983374
got,he,0.1671896450284369,0.1017134446031753
sd,he,0.713717334297857,0.5611432352371349
frm,he,0.7751724803396536,0.6183162861523653
wbp,he,0.2603174603174603,0.1311637228411649
pt,he,0.8843226212980466,0.6318596151769933
lt,he,0.8493196707542415,0.5915418335159953
apu,he,0.298,0.1212351656089826
yrk,he,0.1847484276729559,0.103540143600202
sl,he,0.7989257229667408,0.5873148501613588
vi,he,0.7684830633284242,0.5390157810456871
mpu,he,0.0561797752808988,0.0896558623449379
tl,he,0.7252867285636264,0.5025756755733564
it,he,0.8545539322350015,0.6308118219239903
xav,he,0.2192943278249218,0.1132252044934728
nhi,he,0.3586301659444033,0.269286807788559
ps,he,0.7693631669535284,0.5718558681981369
sab,he,0.3254699594544784,0.1783609960061643
no,he,0.8423792908164197,0.637395341171051
fo,he,0.7525474632628982,0.5365376044910206
bej,he,0.2201489415111706,0.0764584184120729
te,he,0.826629680998613,0.4610293059799462
uz,he,0.7807134894091415,0.5474751073230083
jaa,he,0.3478260869565217,0.1437134502923976
ar,he,0.3679778708863849,0.2972538262571693
orv,he,0.7107819264069264,0.4573084180019821
hi,he,0.7472451441975059,0.5498204348713301
gu,he,0.713527851458886,0.509760597245692
bn,he,0.809375,0.5362594467240356
krl,he,0.693923723335488,0.4633057498706157
pcm,he,0.64,0.4574739832118413
egy,he,0.1430898491083676,0.0816892946274386
hbo,he,0.7151838831800974,0.4741463217406022
pad,he,0.2996031746031746,0.1093685117385604
bar,he,0.5387736100026603,0.4053368247966555
en,he,0.8051449271771288,0.6051409589609843
kk,he,0.7998401119216548,0.4938955587654521
ckt,he,0.2402024820378837,0.1160103518294927
sr,he,0.8160406269153314,0.5898834085713093
gv,he,0.3545955349376631,0.1613937451098803
sms,he,0.3611111111111111,0.184297477170563
gya,he,0.0664933135215453,0.0255083286294545
et,he,0.8432413132739341,0.6298600007267618
wo,he,0.3052004229549168,0.1824158830773021
hyw,he,0.7430138610925803,0.5176526117398195
bg,he,0.8375731366064615,0.6429830937586808
fro,he,0.6944693349263241,0.5408851631812388
ug,he,0.7543078412391094,0.4945005524210522
tn,he,0.2803738317757009,0.1739316239316239
gun,he,0.093819237527695,0.0438970044082929
ky,he,0.794025036479533,0.4215882554482754
ang,he,0.4736842105263157,0.2988249956079352
xnr,he,0.4566428003182179,0.287590054554844
bm,he,0.2699848079288143,0.1287626832962269
sdh,he,0.3308823529411764,0.177968118362207
arh,he,0.1980403241002449,0.0808593531721312
cpg,he,0.5896257386736704,0.3277753369506194
ctn,he,0.2671724420750461,0.1089550057557767
nmf,he,0.2665317139001349,0.1284226963026181
gn,he,0.1105990783410138,0.1212138464122591
quc,he,0.2488764606012184,0.1377191002547771
pl,he,0.8244072580108365,0.5654243596014871
aii,he,0.1743929359823399,0.0640106027754669
nl,he,0.8455832771409305,0.6788788860372924
jv,he,0.6811685142578261,0.4616978012000588
fi,he,0.8359934943213143,0.5711531918049958
cop,he,0.0293472682312322,0.0272118370237035
gwi,he,0.376984126984127,0.1373105209481262
lv,he,0.8336134005494652,0.6016461859708229
akk,he,0.2235289363077917,0.1462980290261859
eu,he,0.7555592024288176,0.4420804687494634
pay,he,0.2306432748538011,0.0905402799638037
ajp,he,0.7237008871989861,0.4760576511135771
myv,he,0.3465270439043135,0.1697670731481208
say,he,0.1790766208251473,0.0815275394749563
zh,he,0.5469386820533956,0.350166709780164
aln,he,0.5155096935584741,0.3967222082234624
si,he,0.6625,0.5859916765470672
azz,he,0.3572561459159397,0.2246998913806657
fr,he,0.8126488244960929,0.6203144273025892
bxr,he,0.5629673945557883,0.342809251316858
scn,he,0.6071046054980365,0.4469672985310307
gl,he,0.871417297979798,0.632883373603023
ha,he,0.2707800412981169,0.148591263573423
xum,he,0.148881239242685,0.1471874896986741
ab,he,0.3443552196504487,0.1039214572947262
sah,he,0.2089041095890411,0.1260106061148574
ar,hi,0.3554570231460766,0.2732594611164129
yi,hi,0.7699910152740341,0.6241678519410365
hsb,hi,0.6917703949135847,0.4694919575139718
or,hi,0.7978620019436345,0.6636958324981881
ceb,hi,0.4909222948438634,0.3256824246528715
ckb,hi,0.3278688524590163,0.1706793206793206
ha,hi,0.3133725768175794,0.1703080724967808
bor,hi,0.3059655596555966,0.1439988299105413
ota,hi,0.6529414231204662,0.5020051043413087
ro,hi,0.7552939940097735,0.5427214309660097
sq,hi,0.7333848531684699,0.6534356474778821
it,hi,0.7154258626049114,0.530276990589793
ky,hi,0.7672989785730743,0.4704623609463504
arh,hi,0.2232899943470887,0.0807733322499986
ht,hi,0.3418796992481203,0.2240819604099705
tpn,hi,0.305678793256433,0.1030531755561468
be,hi,0.813922942206655,0.5844553246553348
yue,hi,0.4418738324471907,0.3602350446231314
gn,hi,0.1566820276497695,0.1043386546693486
hr,hi,0.7977328936521022,0.614548373451119
ps,hi,0.832308827145316,0.6625320342520987
ab,hi,0.349456778460085,0.1055177169851262
nhi,hi,0.3584187718000211,0.2130361625634831
fr,hi,0.6886088473018748,0.507344397025476
mr,hi,0.8276699029126213,0.5959656328826287
vep,hi,0.5379892555640828,0.3663753105553412
mt,hi,0.2475390589722749,0.1486725914290609
id,hi,0.7789685522391678,0.521459559805007
bg,hi,0.8276519969473416,0.6854703000707528
azz,hi,0.349127676447264,0.1975443385666981
bej,hi,0.2146263910969793,0.0564890723520552
gub,hi,0.257532751091703,0.1037695021497389
cpg,hi,0.522433792952506,0.2690254523652322
krl,hi,0.6929541047188106,0.4740822623760548
otk,hi,0.2974683544303797,0.0352720450281425
sah,hi,0.2308219178082191,0.1407311013692133
uz,hi,0.820066889632107,0.5769642798968013
wbp,hi,0.2920634920634921,0.1562758054426024
yrl,hi,0.2998100569829051,0.133336520875774
gu,hi,0.8037135278514589,0.6133243564140282
tr,hi,0.7756170162434948,0.5242523109945588
naq,hi,0.2608414239482201,0.1249130300603577
wuu,hi,0.2848970251716247,0.1473932496102146
sa,hi,0.3501096049747237,0.1825573643605993
nl,hi,0.7409155615494118,0.5448410841002771
zh,hi,0.4077597655355589,0.284311730440094
oc,hi,0.6255336046857937,0.4593427056810524
lij,hi,0.4982094897045658,0.3761615198068861
sd,hi,0.8002531874491364,0.6924921471331927
bxr,hi,0.5989630072788912,0.3994614485553783
ckt,hi,0.2493468321358589,0.1185500966355495
got,hi,0.1855265738380074,0.1090223666439517
eu,hi,0.7983096742430459,0.5144420804448591
pad,hi,0.3055555555555556,0.1009354631915407
eme,hi,0.154696132596685,0.0987811126910624
cop,hi,0.0394718424858862,0.0089910386277881
xpg,hi,0.2133965619442797,0.0938342872836111
he,hi,0.7077247812617029,0.5013249930428275
gwi,hi,0.4047619047619047,0.0979359520470392
orv,hi,0.6713609307359307,0.4533286960486447
sl,hi,0.7747816179263198,0.582215386673206
br,hi,0.5257845292824306,0.3394855138179521
fa,hi,0.7921657494334736,0.6131598851576807
no,hi,0.7818557153035313,0.5788368373302916
sab,hi,0.3726502027276078,0.20489244424904
xav,hi,0.2447521214828048,0.1077358199950466
pay,hi,0.1960233918128655,0.0570136309448364
lzh,hi,0.24831643864748,0.1716819176838897
myu,hi,0.2690802348336595,0.1230546725524188
aqz,hi,0.3549046321525885,0.1239409940464489
es,hi,0.740534130748608,0.5385664466594773
kk,hi,0.8055361247127011,0.5173682668326646
pro,hi,0.5800551752324512,0.4789803872413059
hit,hi,0.1405653170359052,0.1044327111979725
az,hi,0.7982456140350878,0.5998871649440233
gl,hi,0.7141571969696969,0.5108371134233283
jaa,hi,0.3304347826086956,0.1629342202512934
gsw,hi,0.4157929851315288,0.2707827520916975
cs,hi,0.7716537352236259,0.564443699781309
hy,hi,0.8296853297571722,0.5977721888278749
de,hi,0.7024861932361494,0.5352510078401373
lb,hi,0.3883495145631068,0.2846522179801461
kpv,hi,0.3596834082470197,0.2162504071247799
cy,hi,0.5918007752848584,0.4892020417846444
th,hi,0.5223403191950154,0.3617855960406864
myv,hi,0.4173311557306177,0.2091108597136663
fro,hi,0.6167114695340502,0.4346419566427479
tl,hi,0.7580557072637902,0.5680519863779377
ajp,hi,0.6425855513307985,0.4103881386289989
gv,hi,0.3005702135884797,0.134720873622612
ur,hi,0.907605024989869,0.8889514624517799
ess,hi,0.2141744548286604,0.0978192860910029
nds,hi,0.560466599835961,0.4152918439304639
wo,hi,0.3349033932519465,0.1920019540770857
en,hi,0.7534676967753765,0.5741650060244998
gun,hi,0.174956069982428,0.0401111646376837
vi,hi,0.704860088365243,0.4927211644371122
is,hi,0.7516733152313588,0.551447871989972
bho,hi,0.6232558139534884,0.4413754978728587
hyw,hi,0.776888295900971,0.5836643927554037
si,hi,0.7477272727272727,0.6836150118348645
bar,hi,0.5006650704974728,0.3828079718876757
el,hi,0.6844740041478938,0.506689584075162
ta,hi,0.7994751804067352,0.5891191318771367
egy,hi,0.1530349794238683,0.0415104438697629
abq,hi,0.0797546012269938,0.0512326435770519
sk,hi,0.7864092906465788,0.5784595033859392
yo,hi,0.2661652311051801,0.1240866113270066
gya,hi,0.0557206537890044,0.0223648367127558
xnr,hi,0.5608591885441527,0.4220187773880521
tn,hi,0.3457943925233644,0.2009354158520259
ml,hi,0.7469829379941739,0.5274559784163447
sdh,hi,0.4632352941176471,0.1790599459180263
yrk,hi,0.2374213836477987,0.077837969457384
hu,hi,0.7290390505359877,0.5423833109404672
ltg,hi,0.7058823529411765,0.4933048878603656
te,hi,0.855755894590846,0.5642474246206358
xum,hi,0.1635111876075731,0.1502340622018351
urb,hi,0.1311475409836065,0.0986873495387367
bn,hi,0.846875,0.6307869619480193
grc,hi,0.5897711737152335,0.4318518320003385
mk,hi,0.8132352941176471,0.6773535121608166
scn,hi,0.5406104962513388,0.4083317285263124
uk,hi,0.8147096407780775,0.6018908478568139
jv,hi,0.6635989681377675,0.423287416634623
quc,hi,0.3056027164685908,0.1472839375165082
pl,hi,0.8135841420717015,0.602385770846958
koi,hi,0.4021608643457383,0.2868439616463426
hbo,hi,0.3856138453217955,0.2560231418659807
bm,hi,0.2784489618751356,0.1350724244827356
cu,hi,0.4190191685337316,0.2716597718982693
ru,hi,0.8455344241443649,0.6230565894285756
af,hi,0.734174699393819,0.5741771514886025
ga,hi,0.6073201403137203,0.4209452373930508
nmf,hi,0.3066801619433198,0.1473289748324091
sme,hi,0.3344655344655344,0.2098794597892681
da,hi,0.7824004788985334,0.5706050804431233
sms,hi,0.3675213675213675,0.154743660981351
sga,hi,0.2546728971962617,0.1769171448946037
olo,hi,0.6438172043010753,0.3895313806360218
sr,hi,0.7999299535942562,0.6112509550794127
sjo,hi,0.1288646401662769,0.0345726416988729
sv,hi,0.8010237196129337,0.5956352015739036
aii,hi,0.1721854304635761,0.0815500289184499
frm,hi,0.6747720364741642,0.5107621932573956
ja,hi,0.1740037083672027,0.1006429687294362
ug,hi,0.7848983543078413,0.5370009558586841
mpu,hi,0.1235955056179775,0.1232350621102429
fo,hi,0.7076584790303551,0.4973394662144233
tt,hi,0.506578947368421,0.2607498243599632
arr,hi,0.0720137990513152,0.0405148076083573
eo,hi,0.8031119090365051,0.6981403845346572
la,hi,0.7457004830917875,0.6036077317633922
say,hi,0.1981335952848723,0.0810289403451845
ang,hi,0.4561403508771929,0.3193054222465987
ko,hi,0.6183111405177405,0.3801817668036116
apu,hi,0.331,0.1157500293120822
pcm,hi,0.6733797909407665,0.4574780419396778
am,hi,0.4486513486513486,0.3076426233097198
aln,hi,0.4961225766103815,0.3592932950762376
lv,hi,0.8042996985943293,0.5911612653195829
nap,hi,0.4626865671641791,0.3791247948328932
pt,hi,0.7310186935517748,0.533103798905442
ka,hi,0.8139065346924705,0.543922271250599
xcl,hi,0.6059816777438477,0.4521634013826697
mdf,hi,0.403283369022127,0.2054955510397731
ctn,hi,0.3313512405167111,0.1452230767157435
kmr,hi,0.7502246181491464,0.5322622582933583
lt,hi,0.82773391567277,0.5982116242160299
et,hi,0.816917409156564,0.5989262124724772
akk,hi,0.2462010992563854,0.1517959678327412
gd,hi,0.5664810795508163,0.4359768995723018
hi,hi,0.9403634890902648,0.7956659131883808
ca,hi,0.7061902365374937,0.5496713225797295
fi,hi,0.8111285698533466,0.5687534599343715
ur,hr,0.6387275428880184,0.5386663206895093
xav,hr,0.2813756141134435,0.1323242541382679
kmr,hr,0.787161824897674,0.5870996458746077
otk,hr,0.2974683544303797,0.0352720450281425
cy,hr,0.6565840479267003,0.5660141248453214
eo,hr,0.8632555356074207,0.7237452171532082
eme,hr,0.2952348066298342,0.1409212769788243
no,hr,0.8480059920714664,0.6568165115510057
bxr,hr,0.5996609831488683,0.3510063504358433
pay,hr,0.2357894736842105,0.0834530249798021
yo,hr,0.2858182700473128,0.1552655119232288
frm,hr,0.7935060549042312,0.6154825304560935
lij,hr,0.5710235750522232,0.469944338599788
cu,hr,0.5122230520288773,0.3430795758687596
it,hr,0.8548803232825614,0.6548339278042212
jv,hr,0.6786585790978178,0.5381481995468801
aln,hr,0.5145090681676048,0.3827418513682331
say,hr,0.2108055009823182,0.1258743380660401
kpv,hr,0.4115692788743404,0.2433536295819942
aqz,hr,0.3623978201634877,0.1381861314747706
koi,hr,0.4933973589435774,0.2865279032329429
myv,hr,0.485829570563935,0.2356666927677942
wo,hr,0.3463424012304143,0.231251876144022
si,hr,0.6670454545454545,0.5074681259545416
got,hr,0.2303392822121984,0.1558404950267256
gun,hr,0.1781648712659485,0.0461224532156966
te,hr,0.8155339805825242,0.4999385180819245
sjo,hr,0.1319823330735255,0.0391363331853093
sq,hr,0.7797527047913446,0.6667059001105655
vi,hr,0.7426362297496318,0.5286222058153193
olo,hr,0.6612903225806451,0.4353480494911547
cop,hr,0.0369990202024914,0.0050969906544458
kk,hr,0.7868492055561107,0.4923486568502393
gya,hr,0.0527488855869242,0.0577534704049288
pro,hr,0.658628793297231,0.5475988785820323
be,hr,0.9190017513134852,0.7391528744500762
ga,hr,0.6492156992521014,0.4817361858608449
eu,hr,0.7685648641995569,0.521121144547854
apu,hr,0.391,0.1559788696041764
nap,hr,0.472636815920398,0.3927307589790259
fo,hr,0.7724981229218063,0.50833449403801
pcm,hr,0.6730313588850174,0.5053492214925082
tt,hr,0.5758771929824561,0.2576120215476098
gn,hr,0.2442396313364055,0.1392648070279649
fa,hr,0.79542794531464,0.5883533190439776
fr,hr,0.8463460442029714,0.684974691770722
sga,hr,0.2558411214953271,0.1770042477760993
oc,hr,0.7322545418445349,0.5671967952318633
ps,hr,0.8084583230882715,0.7363604508299765
lzh,hr,0.1981994754377259,0.1716392707740808
ht,hr,0.3617293233082707,0.2787050007385037
fi,hr,0.8335814312493108,0.6173111574690214
sr,hr,0.9836266526573856,0.9172755897587253
he,hr,0.7498382868620842,0.5387726326298942
ltg,hr,0.7529411764705882,0.549888058343108
bn,hr,0.76875,0.5836233175153526
bm,hr,0.2890110685090067,0.1828475661866302
en,hr,0.8055512882140432,0.6503275363240177
hi,hr,0.680200475877082,0.6051932898700482
nl,hr,0.8414874753377788,0.6482909190302213
hr,hr,0.985449299258038,0.9508308774444428
ajp,hr,0.6856780735107731,0.476027788878897
la,hr,0.7999903381642512,0.6716261582922258
gu,hr,0.7119363395225464,0.5420905445293744
pt,hr,0.8731989077924805,0.6733438936582294
mk,hr,0.8948529411764706,0.7718986569817926
wbp,hr,0.4158730158730159,0.14328165374677
ctn,hr,0.3554097464288155,0.1548955632549918
ja,hr,0.1652773571773906,0.1068500854847551
lb,hr,0.3155339805825243,0.2757044472170523
sme,hr,0.403996003996004,0.2406731635810488
uz,hr,0.7726867335562988,0.5260315939762669
gub,hr,0.3017467248908297,0.1332357260523085
ang,hr,0.4912280701754385,0.3545170709294848
bej,hr,0.2212367165927537,0.0671059069459743
bor,hr,0.368880688806888,0.1709369072423502
pad,hr,0.4047619047619047,0.1384447292133923
sl,hr,0.9109923498453693,0.7747000480541596
ha,hr,0.3442228865534564,0.225588468403322
ml,hr,0.743237619642114,0.529826761163644
arr,hr,0.0901250539025442,0.0523928124173625
xcl,hr,0.6506197233698581,0.5261868458082861
uk,hr,0.9255643901746416,0.7532971366246238
el,hr,0.8611528284345277,0.6735910737761328
gl,hr,0.8825915404040404,0.7285222106337672
ru,hr,0.9175578801666612,0.7914740187015883
lv,hr,0.8859192872956176,0.7796241672635116
wuu,hr,0.3043478260869565,0.1413161235910902
es,hr,0.8939781398226438,0.7122087354116494
hyw,hr,0.8068341857534653,0.6538873838570755
ko,hr,0.6271725132034452,0.415113956822748
tn,hr,0.3411214953271028,0.2307370274534606
xpg,hr,0.2448132780082987,0.1267788299599465
yi,hr,0.8622342018568434,0.7515728380252333
tpn,hr,0.4214729370008873,0.1540766584566865
ca,hr,0.8878040597215232,0.7147914610715685
hsb,hr,0.7940359989254052,0.6075379044173465
hu,hr,0.802354517611026,0.6010882296616122
hit,hr,0.1550802139037433,0.1294794903357634
aii,hr,0.152317880794702,0.0364199403196617
fro,hr,0.6825467941059339,0.5097664959949768
ess,hr,0.2978971962616822,0.1187197783002546
or,hr,0.7774538386783285,0.625681199227105
pl,hr,0.9231598706018612,0.7248908593609082
scn,hr,0.6070153516601214,0.4466428173340262
da,hr,0.8620173600718348,0.6616510870541578
xum,hr,0.2555938037865748,0.152161913868674
nds,hr,0.4834594003463046,0.4221083362506233
sd,hr,0.6949995478795551,0.5692486445235889
mpu,hr,0.1853932584269663,0.1164357205076793
ceb,hr,0.5039941902687001,0.3260489403592393
az,hr,0.7357456140350878,0.4815513807885733
quc,hr,0.346249875162289,0.1569661483717905
bho,hr,0.500225056264066,0.3516046323548788
mdf,hr,0.4744230311682131,0.2307921877537572
arh,hr,0.2323346523459581,0.1108498303046832
br,hr,0.6339196482110734,0.4257361553730894
cs,hr,0.9427685474807382,0.8124209365787036
urb,hr,0.1393442622950819,0.1385516481704748
vep,hr,0.5686876438986953,0.396234847497427
bar,hr,0.466413939877627,0.3849569247240711
th,hr,0.5476293606104021,0.4581562049206005
hy,hr,0.8501365007902677,0.6431775230104336
ky,hr,0.7659933952845404,0.4398307362213801
akk,hr,0.3861946330423537,0.1845304342167504
sah,hr,0.2828767123287671,0.1532611378865793
nhi,hr,0.3892823168798224,0.2570174238301029
zh,hr,0.3969524202042405,0.3114207398725049
gsw,hr,0.3651353412123522,0.3053884814146594
tl,hr,0.6810486073184052,0.4972299369419306
lt,hr,0.8604065177221569,0.6733519722056936
bg,hr,0.9283261256677692,0.7043992059751032
yue,hr,0.4246299755712027,0.3261022848956636
ckt,hr,0.2911495754408883,0.1431337422958314
ka,hr,0.7990348155808342,0.5788168910975467
yrk,hr,0.3128930817610063,0.0990566455990366
myu,hr,0.2886497064579256,0.1214954277634888
xnr,hr,0.4880668257756563,0.3317494157050781
krl,hr,0.7243051066580478,0.5279375694436104
am,hr,0.4653346653346653,0.3348771372901175
ro,hr,0.8289632704534706,0.6360688135968926
et,hr,0.8580424233571904,0.6557718050052606
sa,hr,0.3789647921979153,0.1793596996284813
yrl,hr,0.3801859442167349,0.1688388740243892
hbo,hr,0.4418604651162791,0.2372228147566847
gd,hr,0.608379730112296,0.4668981280823623
jaa,hr,0.3130434782608696,0.1349874826781936
abq,hr,0.2131901840490797,0.0711053497836013
naq,hr,0.2361534905224225,0.1331610880795607
sab,hr,0.3457427202359012,0.2320089177538943
is,hr,0.8042472595622004,0.6609592256299638
azz,hr,0.4129659000793021,0.2578405791464899
de,hr,0.8665793376656323,0.7141151084238385
ta,hr,0.7524600918434288,0.465009939997584
mr,hr,0.7451456310679612,0.5086533852874991
sms,hr,0.3881766381766381,0.1764504725746011
tr,hr,0.7711520264942439,0.5482046160314735
id,hr,0.8266857406105278,0.6657464054545427
sv,hr,0.8713712532452207,0.6706180657345784
ckb,hr,0.3688524590163934,0.1938768638768638
gwi,hr,0.4166666666666667,0.1469785919998018
sdh,hr,0.4779411764705882,0.1816176470588235
sk,hr,0.9464846202134338,0.8379346299173204
ab,hr,0.4004723665564478,0.1237641103673802
orv,hr,0.7421672077922078,0.5408145989953533
ota,hr,0.6331921673864732,0.4565563154706617
grc,hr,0.6671149062058764,0.509331830620541
af,hr,0.8403060717479877,0.6897907169843969
gv,hr,0.3056924712477046,0.1762734125830188
mt,hr,0.2699358800686354,0.1682480264911587
nmf,hr,0.3373819163292847,0.1839551171610324
egy,hr,0.0643004115226337,0.0938431768368126
ar,hr,0.3829231582801122,0.3690167448486739
ug,hr,0.7193610842207163,0.4723307850382527
cpg,hr,0.6605384110308602,0.3744836416859189
el,ht,0.5572123292569549,0.3809147522574503
sdh,ht,0.3529411764705882,0.1682666275296612
cy,ht,0.4430283096440737,0.3130073348582853
cop,ht,0.1292866140997527,0.0884941220572895
sme,ht,0.4144855144855144,0.2763441475001151
mpu,ht,0.2528089887640449,0.1582516700970451
wo,ht,0.3930596943189464,0.275443893472014
br,ht,0.466120327803318,0.3347488472596481
wbp,ht,0.4380952380952381,0.2257461435278336
sjo,ht,0.3003377500649519,0.0908412080202959
lb,ht,0.233009708737864,0.1519406849469294
sv,ht,0.6241886948312485,0.4430326915922407
hu,ht,0.7016653905053599,0.4313387184204276
eo,ht,0.7307001795332136,0.5287506097965227
bg,ht,0.6274484863902315,0.4403737947165735
egy,ht,0.2736625514403292,0.1532468286711778
nl,ht,0.596638445593267,0.398636413982061
gu,ht,0.5448275862068965,0.3432734014175902
hsb,ht,0.6122503805856542,0.3869842915271974
bm,ht,0.3715546552846704,0.223058161405202
is,ht,0.5827103795827606,0.4224902876738606
af,ht,0.5440723442313425,0.3754928218718978
la,ht,0.5688695652173913,0.4114479076583131
grc,ht,0.4176247786817275,0.2816269581567837
de,ht,0.5074595554514763,0.3514525680335049
otk,ht,0.3987341772151899,0.0932146178047817
sms,ht,0.3885327635327635,0.1272824021663774
te,ht,0.6629680998613038,0.3044199490739487
en,ht,0.6104236561590953,0.4201618370903627
pad,ht,0.369047619047619,0.1462546645674788
ckt,ht,0.319888961463096,0.1581394931902188
cpg,ht,0.4543663821405121,0.208657992461709
quc,ht,0.3432537700988715,0.196871332481714
sga,ht,0.2231308411214953,0.139519913599598
ta,ht,0.6483708725125737,0.3747179788090939
az,ht,0.6469298245614035,0.35266315889286
vep,ht,0.4504988488104374,0.3110006303107971
xpg,ht,0.2454060462359217,0.105826063989649
sa,ht,0.3136491746074352,0.1349310950327891
akk,ht,0.4460879405108309,0.2329700810032019
lv,ht,0.6745085487183591,0.385615213750336
gv,ht,0.3260848555136754,0.1780043449338819
ko,ht,0.5621891135082765,0.2747654251763425
pay,ht,0.2676023391812865,0.1291051718745384
xum,ht,0.2194492254733218,0.1265096871808018
sl,ht,0.5916662145298681,0.3803276553676336
ja,ht,0.1790216923542819,0.1050031465592374
xnr,ht,0.409307875894988,0.2513664269299017
hi,ht,0.4879765098972308,0.3369941167583855
ht,ht,0.9403007518796992,0.7770062126712108
aii,ht,0.2538631346578366,0.1003513627801483
fa,ht,0.5342530567522474,0.3590931412041125
ang,ht,0.4269005847953216,0.2980323010895766
gd,ht,0.472209115787487,0.3578375514839332
gn,ht,0.1751152073732718,0.1664856771827973
fo,ht,0.5822696556902285,0.417916013617563
sk,ht,0.6952291274325173,0.4111854326052518
abq,ht,0.2070552147239263,0.0713668036506541
id,ht,0.7129452270688359,0.4222469005019557
ug,ht,0.6749273959341723,0.3198322817552212
ur,ht,0.4434013237876537,0.3768658869196689
yo,ht,0.3188159650612641,0.1838854958095767
es,ht,0.5907712930501134,0.4129574129387813
tn,ht,0.3271028037383177,0.2346006584474592
et,ht,0.6693120405083013,0.4185764326451567
cs,ht,0.6279562903684446,0.396534376477257
mk,ht,0.6323529411764706,0.458869018875155
ess,ht,0.2266355140186916,0.1098182613343159
si,ht,0.5363636363636364,0.3230829684080268
got,ht,0.2133751716022749,0.1450138170665705
it,ht,0.5601725209822817,0.4057371040590649
hbo,ht,0.4605191995673336,0.2701789182035623
ml,ht,0.626300457761132,0.3405952832009948
urb,ht,0.2103825136612022,0.1392403214242037
uz,ht,0.6777034559643256,0.3463582970824988
arh,ht,0.2459016393442623,0.1154142802508409
mdf,ht,0.469902450630502,0.251583218936356
myu,ht,0.3072407045009784,0.1118837755871404
tt,ht,0.5535087719298246,0.284431759047199
sr,ht,0.6161456965239471,0.3657676966250215
olo,ht,0.5073924731182796,0.262867491129689
nmf,ht,0.3984480431848853,0.1983672372706463
tpn,ht,0.4243566992014197,0.1659187311220678
tr,ht,0.6259856489512695,0.3313220535283734
ckb,ht,0.3278688524590163,0.1737107921318447
th,ht,0.4041248792190051,0.2534661994307292
yue,ht,0.4037217991090674,0.2884506346211368
ceb,ht,0.3877995642701525,0.247602159840762
aln,ht,0.4208880550343965,0.2867457126092677
hr,ht,0.617848309975268,0.3739229647393837
ru,ht,0.667154554424425,0.3876468449043723
ha,ht,0.3965235615002928,0.2171521730839852
kpv,ht,0.4243697478991596,0.1918182505452394
lij,ht,0.4841838257236646,0.3761894269633453
sab,ht,0.3833394765941761,0.2179552794053414
orv,ht,0.5514475108225109,0.3231357981610525
pl,ht,0.6575741842725349,0.3939668829935284
hit,ht,0.1894576012223071,0.1247255739978914
kk,ht,0.711801738782852,0.373121112850326
lzh,ht,0.3186361380874743,0.1918706733549264
yrk,ht,0.3922955974842767,0.1070892930012293
nhi,ht,0.3609555015326075,0.2474003192777349
fr,ht,0.5826793439983902,0.4009884547981746
ca,ht,0.6128501929206509,0.4373082712068928
bn,ht,0.71875,0.4142707089118572
yi,ht,0.6209443945293002,0.4511432221800382
pt,ht,0.6199579920184836,0.4054367748952435
or,ht,0.6015549076773566,0.3828842179400501
myv,ht,0.4844845806513594,0.2206248544235699
oc,ht,0.572123498461233,0.4136252900699256
aqz,ht,0.3862397820163488,0.1789611740347006
jaa,ht,0.2782608695652174,0.1094042012409359
gun,ht,0.1771716708686683,0.0445248735997772
bej,ht,0.3622291021671827,0.1106301002627604
cu,ht,0.3646502364948967,0.2000987690218388
frm,ht,0.5670381627828436,0.4572572876647859
hyw,ht,0.6608850344674227,0.4601606418378732
xav,ht,0.3778472532380527,0.1744943899853206
azz,ht,0.3896708961141951,0.2344535610307338
sah,ht,0.3363013698630137,0.1611243088157642
gya,ht,0.1731054977711738,0.0911469448172719
no,ht,0.6148815287089644,0.4400460083149522
tl,ht,0.5319497542326598,0.3703861176806385
wuu,ht,0.2871853546910755,0.1345928343610294
ka,ht,0.6794701334515192,0.3632087376978994
say,ht,0.300098231827112,0.1539104468044108
pcm,ht,0.6067595818815331,0.3703671912452757
sq,ht,0.5795981452859351,0.4315355426633059
naq,ht,0.2763754045307443,0.1537297719129987
hy,ht,0.6811628909430528,0.3791147989726053
gub,ht,0.3382096069868995,0.1661223134609257
ky,ht,0.7121572843867598,0.3414917241555006
xcl,ht,0.5228130052092689,0.3561038169609723
gl,ht,0.5937973484848484,0.4007495511626484
nds,ht,0.4150186822199945,0.2973333348003385
uk,ht,0.6429788442425103,0.3777388425977638
fro,ht,0.5108522500995619,0.3946421628411357
apu,ht,0.371,0.1218137635037221
bor,ht,0.3964329643296433,0.1880180757305612
zh,ht,0.4024820259193112,0.2467899242096597
pro,ht,0.5404107489526924,0.4444778503473309
ota,ht,0.4974632060044446,0.2821699632756893
arr,ht,0.1569642087106511,0.1157967958594712
koi,ht,0.4501800720288115,0.2225562834843969
ar,ht,0.2863360859130293,0.1823782346889861
jv,ht,0.59834065397755,0.351870994497753
ajp,ht,0.5956907477820025,0.321907838893133
vi,ht,0.6346097201767305,0.3941022879433625
krl,ht,0.5643180349062702,0.339171320731853
nap,ht,0.3880597014925373,0.3225250187736215
mr,ht,0.6189320388349514,0.3679089384122659
ab,ht,0.4535663675011809,0.1578616658184427
ro,ht,0.6152943443154152,0.4047782616492839
bxr,ht,0.5447203110978164,0.2865262235586655
bho,ht,0.3795948987246811,0.2016122739665298
bar,ht,0.3828145783453046,0.2733984082230773
gwi,ht,0.4543650793650793,0.1684140780089953
mt,ht,0.3238508082723742,0.1993328068744903
kmr,ht,0.5384845762204252,0.3482002116709203
ps,ht,0.5104499631177772,0.3192590481539387
scn,ht,0.438414851838629,0.343668975587009
da,ht,0.6234660281352888,0.425088601892195
eme,ht,0.3000690607734806,0.1594049521819204
eu,ht,0.6581193074587676,0.358826084564216
fi,ht,0.6887060315360017,0.4097448331716608
am,ht,0.4148851148851148,0.2415285854971721
gsw,ht,0.3473122378955394,0.2372837898284308
yrl,ht,0.3650904728581425,0.1863247184813091
be,ht,0.6987740805604203,0.3887837933345275
ltg,ht,0.6176470588235294,0.3512510150838838
ctn,ht,0.377007723327182,0.1601443635716272
lt,ht,0.7227448345372082,0.4223151409278073
ga,ht,0.49675689986101,0.3445935045094704
sd,ht,0.5049281128492631,0.3593548927983773
he,ht,0.5538419637081674,0.3624347367549949
es,hu,0.7506186842647968,0.6025188269754316
bar,hu,0.4382149507847832,0.3469871305014333
ltg,hu,0.7294117647058823,0.4565688973317253
oc,hu,0.6471756179886826,0.5089127981422661
vep,hu,0.5725249424405219,0.3596455853631723
akk,hu,0.2914645974781765,0.1766060686015802
id,hu,0.749605993744393,0.53654888897001
it,hu,0.7431535592166615,0.6014544655794829
bor,hu,0.3521525215252152,0.1779540974973435
eme,hu,0.2689917127071823,0.1323804154088755
is,hu,0.7399740761847295,0.591829711066667
sms,hu,0.4440883190883191,0.2347174266194618
ug,hu,0.7197483059051307,0.4807423856350258
ka,hu,0.8283843009799576,0.5900826362730999
aii,hu,0.1677704194260485,0.0576643695287763
am,hu,0.4198801198801198,0.2935583732023871
arr,hu,0.0918499353169469,0.0474891798446293
tn,hu,0.3317757009345794,0.2145852641334569
eo,hu,0.7902453620586475,0.63910183751621
ru,hu,0.7768310988697527,0.551803971456727
eu,hu,0.7302453433987035,0.4634269791933373
fi,hu,0.8539943764472379,0.6458142929076276
hr,hu,0.7864385820280296,0.5416447542094102
kpv,hu,0.4395153410201289,0.2484298910880196
sl,hu,0.7655037708208996,0.5870290847965581
fro,hu,0.6379928315412187,0.5004044534930331
ml,hu,0.7756970453599668,0.5165892996502248
af,hu,0.7209579648216238,0.5472195565244719
he,hu,0.6617642052224832,0.5315709843008999
et,hu,0.879740980573543,0.7331676434583976
ur,hu,0.7359178711333243,0.604759172412615
aqz,hu,0.3787465940054496,0.1399338735712031
mk,hu,0.7595588235294117,0.5860554816007474
yue,hu,0.4766489438137663,0.3254440493140621
pt,hu,0.7682629699642932,0.5822424728160809
sk,hu,0.7802887633396108,0.5691343040414806
frm,hu,0.6777150576542674,0.5926644325867803
fr,hu,0.7244692625012576,0.6004456056907229
mt,hu,0.2821276980041542,0.1924101941284532
bg,hu,0.7413508013228186,0.5720165639992453
nap,hu,0.4577114427860697,0.3727129484147786
tt,hu,0.6017543859649123,0.3082555090307307
gub,hu,0.2683406113537118,0.1392371535691285
ess,hu,0.2597352024922118,0.1017331262366612
az,hu,0.7927631578947368,0.5441930385269496
myu,hu,0.2250489236790606,0.0968572105276805
fa,hu,0.7068506113504495,0.5572326269654073
ab,hu,0.4585734529995276,0.1434665831263886
lv,hu,0.7961377397242004,0.5624301436217864
hi,hu,0.7573026881992608,0.5474861127133529
zh,hu,0.4677611393506434,0.2858885762714979
cpg,hu,0.613263296126067,0.3148996075042929
bho,hu,0.515078769692423,0.3708439432934546
ckb,hu,0.3278688524590163,0.1633787371251481
lzh,hu,0.2748989863188488,0.1837493511546857
yrk,hu,0.3066037735849056,0.1052138255719151
hit,hu,0.1100076394194041,0.1066046127788535
en,hu,0.7493644414270211,0.5950383880781239
nmf,hu,0.3485155195681511,0.1798580816621771
mdf,hu,0.4856055198667618,0.2685231479830228
ha,hu,0.2865904397941258,0.1554010362986987
koi,hu,0.5150060024009604,0.3164344636846862
jv,hu,0.6510492923377257,0.4219371333016968
ang,hu,0.47953216374269,0.3151901347123126
br,hu,0.5695582650409754,0.3786929685269725
mpu,hu,0.1741573033707865,0.1155924361098312
xav,hu,0.2630638677981242,0.1095865395373995
bn,hu,0.821875,0.582831167758704
ajp,hu,0.6032953105196451,0.3837868161473131
el,hu,0.7720446256168204,0.562678024074295
ga,hu,0.5661526242636838,0.4313664221449347
sme,hu,0.4255744255744256,0.2783303559893837
yrl,hu,0.3354993501949415,0.1646391708380018
urb,hu,0.1612021857923497,0.1162812909715812
yo,hu,0.2311051801528569,0.1345671789731413
ro,hu,0.7141155658311877,0.5319148171911275
cu,hu,0.4587503111774956,0.2516674180359114
uk,hu,0.7864901320460032,0.5718685482933705
gsw,hu,0.3642775447960351,0.288031928439117
ja,hu,0.1752150374821355,0.1093118895363165
xpg,hu,0.2270302311796087,0.1012759296382972
hsb,hu,0.6882779618518851,0.4445703398867255
abq,hu,0.2085889570552147,0.0709991289376701
ta,hu,0.7612070850645091,0.5176936653506725
arh,hu,0.2208403994723949,0.1259207298041651
myv,hu,0.4821788836583726,0.2427912815925987
otk,hu,0.2974683544303797,0.0352720450281425
lb,hu,0.3495145631067961,0.2604502941345046
naq,hu,0.2123901987979657,0.1217208343108723
got,hu,0.2565208864483232,0.1351727395933912
bxr,hu,0.6128228138398644,0.368395068781561
sq,hu,0.7836166924265843,0.6304458740826546
xum,hu,0.1523235800344234,0.1063744852188775
ota,hu,0.6513899953876473,0.502641662316629
krl,hu,0.7472527472527473,0.6149959383427894
sga,hu,0.1869158878504672,0.1351346640870645
orv,hu,0.6256087662337663,0.3943739325967407
grc,hu,0.6276250028014971,0.4345035769576684
ca,hu,0.7604093272940782,0.5872676551159163
ctn,hu,0.3642266420613765,0.1610544365346966
da,hu,0.7767135588147261,0.6244444267259099
say,hu,0.2091355599214145,0.1133587108197645
sv,hu,0.7858891904649516,0.633322019468645
jaa,hu,0.3565217391304348,0.1599128540305011
tpn,hu,0.3637976929902395,0.1410438988896079
olo,hu,0.696236559139785,0.5227729364014664
bej,hu,0.2122834909212618,0.0577225087281346
cs,hu,0.7618556282243978,0.5457904764373342
ko,hu,0.6153219041317627,0.3934190282054704
th,hu,0.5137773631426382,0.3516838350578239
te,hu,0.8183079056865464,0.4948367902544103
bm,hu,0.2508862041524994,0.1591403085081304
gun,hu,0.1770188708075483,0.0444174877192432
quc,hu,0.3036053130929791,0.1755273306783892
nhi,hu,0.429975689673396,0.3023143472500626
ceb,hu,0.4684095860566449,0.3117729186873866
hy,hu,0.8426648785861391,0.6404276278766653
lt,hu,0.7921216193515874,0.5739235638136503
ps,hu,0.6953528399311532,0.5081941455723639
ht,hu,0.3290977443609023,0.2625353342073906
sab,hu,0.3228897899004792,0.167989505820714
sdh,hu,0.4779411764705882,0.2360187462010743
gl,hu,0.7182291666666667,0.5354887645129681
la,hu,0.6984444444444444,0.5360765024041271
wo,hu,0.2903008747476689,0.1986280908823354
hyw,hu,0.7717737751093321,0.6093756841380475
aln,hu,0.5140712945590994,0.3578710763002131
pcm,hu,0.6784668989547038,0.4825136473953261
kk,hu,0.8082342360347756,0.5701338642302793
wbp,hu,0.3777777777777777,0.1506975867269984
sa,hu,0.4137699637632532,0.1880857574044893
nds,hu,0.5506242595461588,0.4582416953707138
tr,hu,0.7990064658571203,0.5751734976405448
pay,hu,0.2292397660818713,0.1016075069416056
uz,hu,0.7833890746934226,0.5796088201502921
gwi,hu,0.4751984126984127,0.1484899342956671
sd,hu,0.7301745184917262,0.5579684948418816
pl,hu,0.7610128200007987,0.5337960755245978
gv,hu,0.2707064849714893,0.1574087444058916
nl,hu,0.7638420618865662,0.613765682414826
ckt,hu,0.3270738079686479,0.1444293550064304
gn,hu,0.2073732718894009,0.136868815440244
gya,hu,0.038261515601783,0.0441882691522999
gd,hu,0.5386430121732566,0.4470587461687643
lij,hu,0.4916442852879737,0.4323295267293198
ar,hu,0.3237196436561851,0.2492849646402689
egy,hu,0.1391460905349794,0.1125814355885214
hu,hu,0.9732006125574272,0.8432516799860241
hbo,hu,0.3918334234721471,0.2044704723974136
or,hu,0.7677356656948494,0.5975390614611753
cop,hu,0.0369990202024914,0.0050969906544458
fo,hu,0.6801995065965891,0.5167427377955562
mr,hu,0.8058252427184466,0.5878680227286102
ky,hu,0.744336072498272,0.4380112612448056
sr,hu,0.7987916995009193,0.5711206428715021
sjo,hu,0.1319173811379579,0.0390231634114363
xnr,hu,0.5099443118536198,0.3726276900482247
de,hu,0.7649093534726694,0.5686857849143401
si,hu,0.6488636363636363,0.4799982832024053
cy,hu,0.5370022318806531,0.3941599623072963
kmr,hu,0.6959169411999601,0.5170333772974292
pad,hu,0.369047619047619,0.1281414455770743
gu,hu,0.7363395225464191,0.5604939375673675
yi,hu,0.7474293700708795,0.6166970960396858
azz,hu,0.4129659000793021,0.2500889444485538
pro,hu,0.5761724736895882,0.4445311622002453
no,hu,0.7494839145764446,0.6019471867563541
tl,hu,0.6018569087930092,0.4594760800304146
vi,hu,0.7093519882179676,0.4703523022612575
sah,hu,0.3431506849315068,0.1815292800831064
apu,hu,0.412,0.1694534400517296
be,hu,0.7672004003002252,0.5143493924313194
xcl,hu,0.6117298365367343,0.4509977030122151
wuu,hu,0.3524027459954233,0.1645934243906382
scn,hu,0.5513209568011425,0.4173874438631488
sga,hy,0.1553738317757009,0.1418356404166428
ta,hy,0.7977257817625192,0.5115895991154197
gsw,hy,0.398732367518109,0.3418528523335072
cy,hy,0.6615764125455186,0.5434998401615146
lzh,hy,0.3415325724817467,0.2027473262751885
ro,hy,0.8240064456238068,0.6408778664656266
or,hy,0.7988338192419825,0.6003199516639303
bej,hy,0.2081834156137561,0.0671550252142877
krl,hy,0.744343891402715,0.5202959141886472
gub,hy,0.2076419213973799,0.1136817400350286
lv,hy,0.89077378570857,0.7632784896343355
hbo,hy,0.452203893996755,0.2445841663123352
mt,hy,0.2165628104398085,0.2039347520881704
nap,hy,0.4378109452736318,0.3432066533456249
cop,hy,0.0369990202024914,0.0126329045701829
aii,hy,0.1479028697571744,0.0753558002148227
sr,hy,0.8884510988529901,0.7377648295160566
be,hy,0.9122466850137604,0.6993061393200063
lij,hy,0.5028349746344375,0.4532734830601104
tr,hy,0.7936741050307522,0.5869637663515896
wo,hy,0.1999423243295203,0.1654156674362475
zh,hy,0.5287012868067958,0.4365893691737263
am,hy,0.4597402597402597,0.3679852908627218
es,hy,0.8469065786760157,0.702957732730364
ky,hy,0.8076952615006527,0.4977448551802212
yrl,hy,0.2943117064880536,0.1698746227873804
nl,hy,0.8563222696735846,0.672994601687259
tpn,hy,0.3247559893522626,0.1537854106933041
ga,hy,0.6368058772916805,0.5146265505910455
ha,hy,0.2982093876167288,0.2085766548590294
fro,hy,0.6936230585424134,0.5060327330338535
eu,hy,0.7837039468285878,0.5109681653058402
arr,hy,0.0396722725312634,0.0654516390197602
jv,hy,0.6555113992888517,0.5286186115354222
ang,hy,0.4152046783625731,0.3006148570991252
ckb,hy,0.3688524590163934,0.2068355285376562
hu,hy,0.8544218989280244,0.6525914796657972
mr,hy,0.8228155339805825,0.6449286672043207
fo,hy,0.7797382816689906,0.5488510262700379
sab,hy,0.2992996682639144,0.1848917837545506
pay,hy,0.2182456140350877,0.1216180816936968
mdf,hy,0.4715679276707114,0.270376128971431
pcm,hy,0.678815331010453,0.5113459814127723
orv,hy,0.7329680735930736,0.5265243468597085
pad,hy,0.3551587301587302,0.1479391005074629
got,hy,0.1671896450284369,0.1426913428709531
eme,hy,0.1964779005524861,0.1397225931359569
nds,hy,0.5345848901849996,0.4479020512046443
th,hy,0.6707759970679372,0.4600695453521884
wbp,hy,0.3873015873015873,0.1165116754590438
sl,hy,0.8602083446367533,0.7613045289691303
yo,hy,0.1913138420477981,0.2168527127764571
ajp,hy,0.6958174904942965,0.5059591384205293
bar,hy,0.4910215482841181,0.4196480066207841
bho,hy,0.5876969242310578,0.4169156442915813
br,hy,0.6619028582850289,0.4872773990700142
myu,hy,0.1731898238747553,0.0940693169544871
naq,hy,0.203791030975497,0.1362970947287991
tl,hy,0.6805024576734026,0.5103860714281481
ceb,hy,0.4872912127814088,0.3190999655527809
fr,hy,0.8332494885468021,0.7132776978794958
sdh,hy,0.4411764705882353,0.1671502131788121
ess,hy,0.3746105919003115,0.1291188672992099
apu,hy,0.344,0.1298731215760512
wuu,hy,0.4244851258581236,0.2512211531401931
bm,hy,0.2024162627504883,0.1352525756173744
it,hy,0.8509480882810071,0.6926582330141065
xnr,hy,0.5521081941129674,0.3847932693196014
oc,hy,0.7414871438498958,0.5566924415534135
sd,hy,0.7597431955873044,0.6239736871390524
ar,hy,0.3651303746491477,0.3404504664725978
te,hy,0.8654646324549237,0.5589706958068505
jaa,hy,0.3652173913043478,0.1605656043640539
el,hy,0.8476364156475721,0.6895306362155817
myv,hy,0.4607551157652031,0.2513191974271114
eo,hy,0.8976660682226212,0.7134488042587102
pt,hy,0.8504851921865154,0.6724608189374388
ug,hy,0.7991287512100678,0.5513722803771829
en,hy,0.8194567646723591,0.7054969383580203
urb,hy,0.0765027322404371,0.0949959252271612
xpg,hy,0.2762299940723177,0.1427219234243391
ka,hy,0.843108287782538,0.6560210729353376
mpu,hy,0.1235955056179775,0.1439832889485006
aqz,hy,0.3010899182561308,0.1226708935255166
bn,hy,0.809375,0.671068208990048
ca,hy,0.8467035732259688,0.6810895054066345
yrk,hy,0.3121069182389937,0.0917979748898849
af,hy,0.8085064096193978,0.6228365023231925
he,hy,0.7871514656317026,0.5825281075710231
sv,hy,0.8797645739910314,0.7271395680898584
yue,hy,0.4752119557407673,0.4017536642450721
arh,hy,0.2068965517241379,0.1105352792605132
pl,hy,0.843497477268794,0.6400779052081016
egy,hy,0.0296639231824417,0.0706397616338457
ltg,hy,0.7235294117647059,0.4541422365400159
hr,hy,0.8824402308326463,0.7304064984895206
is,hy,0.8254947314315086,0.7113989943514883
gl,hy,0.8663036616161616,0.6991166237355114
ko,hy,0.6629960891808547,0.4777650354458616
aln,hy,0.5222639149468418,0.4443295851195712
az,hy,0.8212719298245614,0.6629627269611362
xcl,hy,0.6763966229567092,0.5350353155139869
xum,hy,0.112736660929432,0.096290884612584
sq,hy,0.794435857805255,0.6710732362759171
id,hy,0.8173508231699925,0.7268843562698397
fi,hy,0.8770812658507002,0.703063206230883
fa,hy,0.7899494484149713,0.6171272731634525
kpv,hy,0.3960328317373461,0.236727336743849
scn,hy,0.5690824705462335,0.411234511195051
say,hy,0.193713163064833,0.1045210053719166
hyw,hy,0.8836261211177823,0.7666043199427643
sme,hy,0.3277722277722277,0.2378976550064918
yi,hy,0.8500549066586802,0.7070936248052782
pro,hy,0.6168386635332584,0.4790954822818301
hsb,hy,0.7737082475149996,0.5787311057309715
ota,hy,0.6424168728248564,0.5132314008706178
uz,hy,0.8411371237458194,0.6210815767904688
cs,hy,0.8685407103492166,0.7452830125972231
ckt,hy,0.3061724363161332,0.1828409643335644
vi,hy,0.7572164948453608,0.5619781602537732
ur,hy,0.7014723760637579,0.5644886415340319
de,hy,0.8550655699315028,0.7218890123951535
gv,hy,0.2228665313617473,0.1834780748313353
otk,hy,0.2974683544303797,0.0352720450281425
abq,hy,0.1625766871165644,0.0598748113730979
hit,hy,0.0443086325439266,0.0736955530894609
gwi,hy,0.3978174603174603,0.171343164171368
frm,hy,0.7932648236599604,0.6049943932699949
mk,hy,0.8544117647058823,0.7416975250798892
olo,hy,0.6841397849462365,0.4868466364445015
da,hy,0.8801755961289035,0.7237869627759097
ru,hy,0.9161550080197524,0.7796472465156882
sa,hy,0.3962779045318302,0.1813414979172007
cpg,hy,0.6491573648500766,0.3835182576728489
ht,hy,0.2294736842105263,0.2428632676284371
uk,hy,0.9039471815987504,0.736380224712512
no,hy,0.8558979886369864,0.7094920975306805
cu,hy,0.4845904904157331,0.2860309986642515
bor,hy,0.3138376383763838,0.1554652447023342
nhi,hy,0.3576788922946834,0.2581648482651544
bg,hy,0.9057491732383618,0.6911416805581102
kmr,hy,0.8029350104821803,0.5970964320923963
azz,hy,0.3687549563838224,0.2409556348201291
xav,hy,0.2532380527020991,0.1271100296591331
kk,hy,0.8590986309583292,0.6368871468110329
ps,hy,0.8227194492254734,0.6665940217567127
sah,hy,0.3178082191780822,0.1985450308895797
hy,hy,0.9760045979213564,0.9214608889175676
ctn,hy,0.3236279133347003,0.1585688387570655
grc,hy,0.7042515520294045,0.5177820186662274
gya,hy,0.0159732540861812,0.0205949108050151
hi,hy,0.7805227897872054,0.6309396901485705
la,hy,0.8086183574879227,0.6662517867501853
ab,hy,0.3676901275389702,0.1314814807826126
vep,hy,0.5548733691481197,0.3718435723475746
si,hy,0.7147727272727272,0.6616067336414628
ja,hy,0.195342758323903,0.1483536621648547
sms,hy,0.332977207977208,0.1641816147601811
lt,hy,0.8955148664538888,0.7078696145536651
quc,hy,0.2487765904324378,0.1402805728760361
koi,hy,0.4381752701080432,0.2878085328607302
tn,hy,0.2803738317757009,0.1904255723490293
gd,hy,0.6297065207134095,0.5002486522227501
ml,hy,0.7707032875572202,0.5121024879505884
gn,hy,0.1336405529953917,0.1377659171776818
bxr,hy,0.6307707647821318,0.4065233374522877
gun,hy,0.1696080678432271,0.0377145817613373
sk,hy,0.8849654739485248,0.6621581496463639
et,hy,0.8725189476930068,0.7164519956600215
akk,hy,0.1281522793404461,0.1190724349735809
sjo,hy,0.129254351779683,0.0454799602219613
nmf,hy,0.2948717948717949,0.1765580645004957
gu,hy,0.7824933687002652,0.6274941166318633
tt,hy,0.6092105263157894,0.3730157063200747
lb,hy,0.3834951456310679,0.2820345913679247
fi,hyw,0.8543665233212041,0.6600353246784563
azz,hyw,0.2979777954004758,0.2117254218220517
ckb,hyw,0.3032786885245901,0.1897801003057573
xav,hyw,0.2340330504689593,0.1187008070160048
scn,hyw,0.4965191003213138,0.4145502679545908
ltg,hyw,0.6823529411764706,0.4728360714343725
cs,hyw,0.8526005064250992,0.6737859664231685
ha,hyw,0.2350294326131845,0.1500907671627614
nds,hyw,0.3978857194933017,0.3954993319959679
otk,hyw,0.2974683544303797,0.0352720450281425
is,hyw,0.813683751801817,0.6775387084504327
yrl,hyw,0.2388283514945516,0.1293529073292397
aqz,hyw,0.271117166212534,0.1125326674817142
mk,hyw,0.8566176470588235,0.747771389719456
th,hyw,0.6818711891513678,0.4884537165938357
bm,hyw,0.1917818129204948,0.1125437414745978
kk,hyw,0.8509043669431398,0.6241252954680483
ctn,hyw,0.2559633654569065,0.1305326471899531
ps,hyw,0.7838701745758544,0.5714289798410219
fr,hyw,0.7606315189321528,0.6411879534494203
mr,hyw,0.8179611650485437,0.6546413840390323
pad,hyw,0.2757936507936508,0.1114721756429442
yo,hyw,0.1655950503457479,0.1323552749962855
sab,hyw,0.2753409509767784,0.1620711058961835
ru,hyw,0.8977680304142681,0.7119645883327567
sdh,hyw,0.3897058823529412,0.1509057971014492
eo,hyw,0.8635547576301615,0.7336705623050263
got,hyw,0.0626593449696018,0.0691356033530288
hy,hyw,0.9362517361942622,0.8017361077874883
ar,hyw,0.3703453606150592,0.2989160959125093
hbo,hyw,0.3975121687398594,0.2648184006993404
bxr,hyw,0.6139196330641141,0.4217080479736179
sl,hyw,0.8435244967717432,0.6824256740560108
sme,hyw,0.2230769230769231,0.2072048276026955
pay,hyw,0.2032748538011695,0.0764236734926507
eme,hyw,0.1146408839779005,0.0980211826998062
hi,hyw,0.7512276616210196,0.564520999550881
lb,hyw,0.2912621359223301,0.2175737661031778
af,hyw,0.8004571201430984,0.612750431534741
jaa,hyw,0.3304347826086956,0.1620952609094901
myv,hyw,0.3557498318762609,0.2384728815576192
oc,hyw,0.5961481187332472,0.5348015071583198
abq,hyw,0.0644171779141104,0.0652166627087943
ta,hyw,0.8053794008309644,0.5401943985828177
la,hyw,0.7893719806763285,0.6972459321190194
naq,hyw,0.170966250577901,0.1123225504459778
akk,hyw,0.0395651471063692,0.0723745445760391
lv,hyw,0.877917366834707,0.7074784027240182
tt,hyw,0.4947368421052631,0.2669389604114314
sjo,hyw,0.1328267082359054,0.0411237430044314
ug,hyw,0.7906098741529526,0.5548308590049857
hu,hyw,0.8378637059724349,0.6515431661936663
mdf,hyw,0.3718772305496074,0.2702763823448212
ml,hyw,0.7669579692051602,0.5391248377547031
sa,hyw,0.3430859392475283,0.1955128516242599
ckt,hyw,0.2694317439581972,0.1711120569094511
ko,hyw,0.6590852700355636,0.435709804997893
aii,hyw,0.1456953642384106,0.0564102564102564
arh,hyw,0.1893725268513284,0.0856235821599815
eu,hyw,0.8071305489455978,0.5549165977333892
wbp,hyw,0.3777777777777777,0.1649002111345174
bg,hyw,0.886034088018316,0.73691771639045
aln,hyw,0.5507191994996873,0.5037274304384926
bej,hyw,0.1937913145343485,0.0737262609117557
es,hyw,0.8014848422355125,0.633358878368537
cop,hyw,0.0334064293379368,0.0067745498785218
mpu,hyw,0.0449438202247191,0.1315947000269034
nl,hyw,0.8094203441472491,0.6774847700937086
si,hyw,0.7136363636363636,0.6049077796906692
sah,hyw,0.2321917808219178,0.1722454269550154
krl,hyw,0.6990950226244343,0.5332469453503559
it,hyw,0.8082996580665216,0.6573926296617166
fro,hyw,0.5961519315013939,0.4884839108977042
de,hyw,0.8347774330152411,0.6950514134262696
hyw,hyw,0.9629382551330516,0.8895809272443291
gwi,hyw,0.3462301587301587,0.1297908848859743
yi,hyw,0.8578416691624239,0.773045452110035
say,hyw,0.1784872298624754,0.087173905039481
fa,hyw,0.7603904674153946,0.6058371090139542
sv,hyw,0.8575495633703092,0.7225312833278311
gub,hyw,0.1751091703056768,0.0803835388063343
grc,hyw,0.7169815549429616,0.5382849108649206
tpn,hyw,0.25377107364685,0.1220240590233561
xpg,hyw,0.2892708950800237,0.1599702184291233
pro,hyw,0.4134055379585164,0.3896546635532519
pt,hyw,0.8225498844780508,0.6206921768598583
bn,hyw,0.809375,0.643302151924443
yrk,hyw,0.1973270440251572,0.0739535676117519
gsw,hyw,0.3168604651162791,0.2969220510035408
am,hyw,0.4957042957042957,0.3984910296598379
br,hyw,0.6507095742554467,0.4815966155711577
da,hyw,0.8555322757657388,0.6949038990888093
koi,hyw,0.3517406962785114,0.246491880832338
frm,hyw,0.7273604477251894,0.6104714775487029
sk,hyw,0.8679378531073446,0.643759982225803
ht,hyw,0.1585714285714285,0.1770468524131654
sq,hyw,0.8106646058732612,0.6837513076163667
sd,hyw,0.7613708291888959,0.6257786098598829
ess,hyw,0.3792834890965732,0.112688408561651
be,hyw,0.9152489367025268,0.7270566203406957
lzh,hyw,0.2862054299284043,0.1921182181945108
te,hyw,0.8626907073509015,0.52808457940342
quc,hyw,0.1982422850294617,0.1181085514603002
nmf,hyw,0.1939946018893387,0.1457361262748719
ab,hyw,0.3214926783183751,0.1155774513428961
mt,hyw,0.1332068996658539,0.1187406562357686
pl,hyw,0.837187321112398,0.6439699016279837
jv,hyw,0.6579516140277487,0.5139893759314242
egy,hyw,0.0278635116598079,0.0620152500064821
ro,hyw,0.8140402501182281,0.6499155032994205
orv,hyw,0.7086580086580087,0.523074923850379
cu,hyw,0.4250435648493901,0.2815779989270836
hit,hyw,0.0252100840336134,0.0606219459020475
ajp,hyw,0.7072243346007605,0.5733779851266585
cpg,hyw,0.6266141387612169,0.3862220170690275
ota,hyw,0.5515954547360477,0.5228199989776272
fo,hyw,0.7522793092352247,0.5811918774266089
gya,hyw,0.0026002971768202,0.0046769569447334
bar,hyw,0.4156690609204576,0.3871758788498826
kpv,hyw,0.3220637092046121,0.2486977324531453
sga,hyw,0.1156542056074766,0.121727654291784
hsb,hyw,0.6697412017551715,0.488157662962039
tl,hyw,0.6209721463681048,0.4850335092050151
id,hyw,0.7986809882889218,0.6511834878796109
vi,hyw,0.7427835051546392,0.5397428135496329
el,hyw,0.8478509618822856,0.7015985920083008
nhi,hyw,0.267730683860057,0.2087170200066612
tn,hyw,0.1822429906542056,0.1274609033896959
hr,hyw,0.8687139323990107,0.6646201883091365
xnr,hyw,0.5501193317422435,0.4142382654544807
zh,hyw,0.5607569721115537,0.4305678459814762
ceb,hyw,0.4458968772694263,0.2986176910748725
gun,hyw,0.1650240660096264,0.0266275141146511
ky,hyw,0.789801090546041,0.4661005673190637
gd,hyw,0.6048881758988393,0.5390400641914769
urb,hyw,0.0327868852459016,0.066634645034275
wuu,hyw,0.4313501144164759,0.226304200656272
he,hyw,0.8198004970551186,0.589280797424966
wo,hyw,0.1588003460540228,0.1260566989559321
lt,hyw,0.877624727028389,0.6878219325465693
tr,hyw,0.7759028544393629,0.5800977846054967
cy,hyw,0.6505932103841184,0.5089713066705204
kmr,hyw,0.8030348407706899,0.6146278828084831
uk,hyw,0.8888612807042453,0.7261827038349694
ga,hyw,0.6276722483288106,0.5182175895917382
gv,hyw,0.1902967043587513,0.1168029124499424
vep,hyw,0.3891020721412125,0.3019498163340082
ja,hyw,0.1924100667824867,0.1373605524684578
ur,hyw,0.7223422936647305,0.6309626502654485
et,hyw,0.8502523654186345,0.6704949644474052
bor,hyw,0.2719557195571955,0.1506781688772367
yue,hyw,0.535709153614025,0.4387525986040115
or,hyw,0.8046647230320699,0.6483074841981112
arr,hyw,0.0189736955584303,0.0323073403063558
gu,hyw,0.7681697612732096,0.6242280554023669
apu,hyw,0.267,0.1155929108177184
nap,hyw,0.2985074626865671,0.2649342570303669
ang,hyw,0.3625730994152046,0.2629783753724967
az,hyw,0.7752192982456141,0.5658650584851279
lij,hyw,0.3394509101760668,0.3797399772292422
myu,hyw,0.1477495107632093,0.0774381325596202
xum,hyw,0.0180722891566265,0.0228987424889553
ka,hyw,0.8300093563795735,0.6173905067398175
olo,hyw,0.6021505376344086,0.4342197913486629
gn,hyw,0.0599078341013824,0.1032794518016192
sms,hyw,0.2745726495726496,0.1613226636400718
en,hyw,0.7929739185593014,0.6689932668909545
uz,hyw,0.8255295429208472,0.6162383517809414
pcm,hyw,0.6456445993031359,0.519593033117217
sr,hyw,0.8703265913667805,0.6642037548559993
bho,hyw,0.5383345836459115,0.4128546271929779
ca,hyw,0.7860593860090589,0.5957663089586606
no,hyw,0.8338661648915764,0.6958104010495438
gl,hyw,0.826751893939394,0.6288372918604981
xcl,hyw,0.6971438835997844,0.5658744661009587
gun,id,0.1766368706547482,0.0364307478797891
pay,id,0.2442105263157894,0.0840446646021808
uk,id,0.8151710918642624,0.5851570271968638
ckb,id,0.3032786885245901,0.1590827932004402
cy,id,0.6505932103841184,0.5731566541293871
yrl,id,0.3545936219134259,0.1224295185127521
tl,id,0.6979792463134898,0.5174813377106259
kk,id,0.7949435395223343,0.5140045823356809
aqz,id,0.4598092643051771,0.1281468561501001
uz,id,0.796432552954292,0.5704035902074087
hy,id,0.8090904736816897,0.6149101093136096
wuu,id,0.1247139588100686,0.0923033546863156
nap,id,0.3681592039800995,0.288180727834891
tpn,id,0.4052795031055901,0.1254960286947233
el,id,0.7956804691410999,0.6249578684787598
am,id,0.4097902097902098,0.3139815778916546
otk,id,0.3417721518987341,0.0853178310668189
krl,id,0.6502908855850033,0.4174961862439005
cpg,id,0.5624863208579558,0.3054121693709251
et,id,0.8275313630978464,0.5919963428929691
yo,id,0.2610699987868494,0.2009294910329712
bg,id,0.8448232002035105,0.68374757255136
gya,id,0.0609212481426448,0.0162199077003229
sk,id,0.8126961707470182,0.6670012653559714
pt,id,0.8797899600924176,0.6382987158290288
say,id,0.1947937131630648,0.0784366406776607
lb,id,0.2961165048543689,0.264176635789539
sme,id,0.3582417582417582,0.200267539720476
ar,id,0.372590814790709,0.3594309613380264
eo,id,0.8614602034709755,0.7645283170467538
ceb,id,0.4727668845315904,0.2677704598052806
ug,id,0.7680542110358181,0.5036744428850563
de,id,0.7602038327186152,0.6652371072889095
mr,id,0.7257281553398058,0.5320009238042441
te,id,0.8307905686546463,0.5478613672906743
grc,id,0.6331831730876981,0.4613441140095274
kmr,id,0.7778776080662874,0.5509469387331937
akk,id,0.3251697381183317,0.1263515501826896
fr,id,0.7863970218331824,0.5928035977052237
tt,id,0.5416666666666666,0.2868708115239579
vi,id,0.7734904270986745,0.5413764734803399
or,id,0.7638483965014577,0.593379110508035
gv,id,0.2807577075480815,0.146965753198536
quc,id,0.3445520822930191,0.1480566968260319
zh,id,0.2593648394926043,0.2164259223841595
hu,id,0.7571784073506891,0.5618089887506359
myv,id,0.4238639638774137,0.168560052368846
az,id,0.7675438596491229,0.507706034308359
ky,id,0.8059288841102834,0.4511519901552695
bar,id,0.3474993349295025,0.3336844426327696
jv,id,0.7496339677891655,0.6305097140260432
sl,id,0.7831371059627801,0.6505432470863372
mdf,id,0.4375446109921485,0.1929361844811795
hr,id,0.8131079967023908,0.7004558393822047
wo,id,0.3150052869364606,0.1757713549551293
sdh,id,0.375,0.152720197560428
hi,id,0.7056312121365531,0.637388831122609
koi,id,0.4057623049219688,0.1953057012340049
fro,id,0.5936379928315412,0.4139471501878032
pro,id,0.4802288750383161,0.3917798713066737
scn,id,0.5124955373081043,0.3456253010896913
lzh,id,0.146983766924222,0.1189262863138653
ckt,id,0.25,0.1169584381536471
mpu,id,0.1741573033707865,0.136878968003542
ro,id,0.7986268018846443,0.596549860185762
pcm,id,0.5542857142857143,0.3950742684367821
sab,id,0.3811279026907482,0.2095426720922183
gl,id,0.8648200757575758,0.7030531144603581
mk,id,0.8272058823529411,0.6931584458638173
tr,id,0.7532723545182148,0.494426398595031
be,id,0.8032899674756067,0.6131293081847857
br,id,0.5855486707975215,0.4218024255603002
ota,id,0.6254769592016437,0.468013226194702
myu,id,0.3023483365949119,0.1115729079925548
urb,id,0.1721311475409836,0.1218996783900888
yi,id,0.8268942797244684,0.6349085772938206
it,id,0.8472956170345042,0.6078849956978554
hsb,id,0.6040118205426703,0.4698843568497909
gd,id,0.6044163442483722,0.4591369460483938
mt,id,0.2068093560913934,0.1496983819206612
ml,id,0.7544735746982938,0.5639223364901916
gwi,id,0.3849206349206349,0.1342875219994674
got,id,0.1389488134928417,0.0525185627997576
ja,id,0.1428146400811803,0.0753123789208721
th,id,0.5044147536067703,0.4219364411629702
la,id,0.7610338164251208,0.5612973799615864
olo,id,0.625,0.3806107163733097
hit,id,0.1077158135981665,0.0857051151081939
cs,id,0.7857144791539722,0.5997871794266267
jaa,id,0.2695652173913043,0.1283555088702147
frm,id,0.7238384715588363,0.5492825183247645
lv,id,0.8247312688378544,0.6343439546003945
cu,id,0.3286532237988548,0.2023526397774369
ha,id,0.2865904397941258,0.1436973622422921
pad,id,0.369047619047619,0.1254825021531272
oc,id,0.6281147622356795,0.4790726925327976
sa,id,0.3945779090055026,0.1512024565611396
aln,id,0.4902439024390244,0.3903249886433231
ajp,id,0.6666666666666666,0.4733782315255871
si,id,0.7056818181818182,0.6044068118895028
ur,id,0.6325138457382142,0.5253822142794686
wbp,id,0.4031746031746032,0.1478136328755523
abq,id,0.1334355828220859,0.0662624351472588
xpg,id,0.2857142857142857,0.1058850349780607
naq,id,0.2064724919093851,0.1090121786240033
tn,id,0.2757009345794392,0.1364141553563752
is,id,0.8097057870447968,0.6076293065112469
yue,id,0.2978157781290415,0.2577042447291416
fo,id,0.729593478494047,0.4617231475752322
lij,id,0.4068934646374216,0.3468100747974706
id,id,0.9466333680867056,0.8675668073608653
ht,id,0.2935338345864661,0.2555872972853623
sv,id,0.8617240972386122,0.6325896461035874
cop,id,0.0475901646992954,0.0643348973539422
bor,id,0.3644526445264452,0.1548790158365197
apu,id,0.44,0.1467224163889565
ab,id,0.3790269248937175,0.1201331129295576
nl,id,0.8390399840163832,0.5994690202460374
sq,id,0.7550231839258115,0.6790461598362191
sga,id,0.1950934579439252,0.1370932832136005
ga,id,0.6613607783440334,0.481205792271167
arr,id,0.1535144458818456,0.0436738227236825
fa,id,0.7755061384067535,0.6084603278823375
azz,id,0.3661776367961935,0.1950897890985137
sd,id,0.6868613798715978,0.567600515429272
no,id,0.8591132464970131,0.6315058567431877
nhi,id,0.3647605961314871,0.2165705197337528
ru,id,0.847900601832151,0.6797177160816963
xum,id,0.2409638554216867,0.1252414574733885
ctn,id,0.3582803636115098,0.1291287603514011
yrk,id,0.2743710691823899,0.0781285944329422
nds,id,0.3610680761870045,0.2949503131806237
xav,id,0.2425189816882536,0.1124660154088841
ca,id,0.8811105519208187,0.7010566178261454
gub,id,0.3270742358078602,0.1047575605188489
bxr,id,0.6032505733373218,0.3768614550782593
orv,id,0.6411255411255411,0.4879340552771752
gn,id,0.2396313364055299,0.1445380881397393
bn,id,0.81875,0.5274942757500897
ta,id,0.758801661928712,0.4893979768430686
ltg,id,0.6352941176470588,0.4395840117514102
af,id,0.805227069462387,0.6149451921689945
ess,id,0.25,0.104142756969839
kpv,id,0.367109634551495,0.200264442461318
xcl,id,0.6230465241602299,0.4921213599167507
es,id,0.8656114662817076,0.6893830289342843
ps,id,0.7900172117039587,0.7063318219326316
aii,id,0.1721854304635761,0.0815500289184499
da,id,0.8550334231268083,0.6913215550874932
eme,id,0.2990331491712707,0.1126970952183633
sms,id,0.303062678062678,0.1242713006396518
ka,id,0.755010587482149,0.5501246291934317
ko,id,0.6500466698961447,0.4221668810784102
eu,id,0.7480922294247969,0.453545935097871
pl,id,0.82211749670514,0.6014336059184728
hyw,id,0.7574679415906901,0.5823643724458257
sjo,id,0.1166536762795531,0.13410268689149
bm,id,0.2919771395500253,0.1286519752482324
nmf,id,0.3188259109311741,0.1254633686768301
hbo,id,0.1986208761492698,0.0869519834203002
en,id,0.7971762863556848,0.6185557145611855
bej,id,0.2191448414358631,0.0705484828750682
fi,id,0.8247188223618922,0.567513068715559
xnr,id,0.4411296738265712,0.2773992205310416
sr,id,0.8170913230014885,0.720727532928497
gsw,id,0.2731128478841022,0.2529200049972201
arh,id,0.2536272847182966,0.0872031413490781
bho,id,0.4742685671417854,0.3297852841879762
vep,id,0.4811972371450498,0.3249065779005723
ang,id,0.3859649122807017,0.2216260769875417
he,id,0.8027099717427569,0.5985999372287306
gu,id,0.7140583554376658,0.521160049937184
egy,id,0.1476337448559671,0.0826075871768864
sah,id,0.286986301369863,0.1425875019546365
lt,id,0.8309255837392912,0.6001403854627886
quc,is,0.4139618495955258,0.2127227442673033
frm,is,0.8108747044917257,0.6766315411351718
am,is,0.4701298701298701,0.2985686099002908
orv,is,0.7165719696969697,0.5000462028502051
es,is,0.8350072179830893,0.655997644403556
azz,is,0.4127676447264076,0.2875970694035868
ar,is,0.3671561648293536,0.2770402533834983
mr,is,0.8009708737864077,0.5919367872003742
ml,is,0.7727840199750312,0.5193088086472339
az,is,0.7828947368421053,0.5770437764902854
fo,is,0.8446851871715113,0.7042858910193877
bor,is,0.3765067650676507,0.1793963687963885
ha,is,0.3839800289703208,0.2278188501448233
sq,is,0.7843894899536321,0.6570804667821829
gd,is,0.6147966405586487,0.5203953736033765
bar,is,0.5200186219739292,0.4390386547425076
ceb,is,0.5090777051561365,0.3368728321584298
vi,is,0.7539764359351988,0.5473260321406785
th,is,0.6351247792623197,0.4231254304626878
myu,is,0.3473581213307241,0.1277112696414626
gya,is,0.1953937592867756,0.0760398576634135
gl,is,0.8418718434343434,0.6224230034238291
koi,is,0.5054021608643458,0.3237136200685789
ht,is,0.3504511278195488,0.2829508981864547
ru,is,0.8705897206881555,0.6430750987137149
ess,is,0.2990654205607476,0.1133694342370328
lb,is,0.3592233009708738,0.2313791534600053
sme,is,0.4454545454545454,0.2667014153889699
bho,is,0.60960240060015,0.3999836681938202
hr,is,0.8488870568837593,0.5952092624004154
xav,is,0.3041536400178651,0.1458439392369212
oc,is,0.7391045368807704,0.5943775683734491
ckt,is,0.3161332462442848,0.1713141698436105
ja,is,0.1744659260557955,0.1104385989913451
jv,is,0.691696297845639,0.5020163791391324
ca,is,0.8485489011910753,0.6121352308215203
he,is,0.8247370033704422,0.6028866682705172
hu,is,0.766271056661562,0.578922094553785
ur,is,0.7530730784816966,0.6323892019378587
hyw,is,0.8002371951671484,0.6309165981405656
en,is,0.8354336912944581,0.7044282306557978
da,is,0.8918487478798763,0.7515014412167719
bej,is,0.3149527236214542,0.095357867543483
hi,is,0.7853659359759699,0.5766625118443585
de,is,0.8330015807037059,0.6720572779270784
vep,is,0.570222563315426,0.3497272151419844
id,is,0.8147321969788812,0.5941876616335464
sd,is,0.7707749344425355,0.6534986772929773
te,is,0.841886269070735,0.4555084905246798
cop,is,0.0369990202024914,0.0050969906544458
kpv,is,0.4518272425249169,0.2444789547194967
otk,is,0.3544303797468354,0.0698552606314403
sah,is,0.3856164383561644,0.2100594792952103
ps,is,0.7988689451684288,0.5509411400147033
uz,is,0.8220735785953177,0.5816184743635231
cpg,is,0.6618516086671044,0.3628820781501839
cs,is,0.8254241648725136,0.6091061391616601
nds,is,0.628178255718582,0.5648337315494132
no,is,0.8915581212663731,0.7633605230288631
ang,is,0.5614035087719298,0.4026796215244142
aqz,is,0.4237057220708446,0.1479541555175771
yo,is,0.3043794734926604,0.1425491060548592
nl,is,0.8509277990060188,0.6893555253148145
hy,is,0.863738684802912,0.6538673492062095
sv,is,0.9043102430965304,0.7748723825501269
la,is,0.7793140096618357,0.648884558715824
kk,is,0.818626961127211,0.5516690454044034
et,is,0.8781180518363438,0.6820306403346501
grc,is,0.6625876868598579,0.4775226807119939
sdh,is,0.5441176470588235,0.2551596568130828
ky,is,0.7901082866139313,0.4520117148806818
mdf,is,0.4922674280275993,0.272532701695698
krl,is,0.7265675500969618,0.5811752369790574
bm,is,0.3200462996455183,0.1946901878367022
lij,is,0.5264100268576545,0.4927836890710383
ltg,is,0.7411764705882353,0.5143376783208481
pcm,is,0.7158188153310104,0.5713156777450498
gsw,is,0.4081204727411361,0.3440838304461591
fa,is,0.7623826481061833,0.6292016035951599
fi,is,0.8610100341823795,0.6370490739150275
eme,is,0.37396408839779,0.1501423873496522
arh,is,0.2630488034671189,0.1313657259350623
pay,is,0.2888888888888888,0.1212208176515581
sab,is,0.354589015849613,0.2086408095331448
egy,is,0.2741769547325103,0.1035779809796244
be,is,0.8692144108081061,0.5973166765068033
pad,is,0.3809523809523809,0.1631310643680945
hsb,is,0.7512313065281634,0.5158548555490946
eu,is,0.7779190941166817,0.4748321922079851
cu,is,0.4624346527259149,0.2867021629103179
mt,is,0.2946807549896144,0.176878963612576
si,is,0.6852272727272727,0.6121850908759687
apu,is,0.514,0.2254839931690705
got,is,0.2501470876642478,0.1544956857845374
wbp,is,0.4444444444444444,0.1509108089990443
or,is,0.7589893100097181,0.5313398370941437
ckb,is,0.4180327868852459,0.2262350457424349
cy,is,0.6377892634793845,0.4692663125275823
bg,is,0.8674001526329178,0.6723052551592504
bxr,is,0.6457273905673546,0.3752045829840899
ajp,is,0.7084917617237009,0.5238098796734894
pl,is,0.8246335716282599,0.6102509496754234
say,is,0.2931237721021611,0.1724307254311238
xcl,is,0.6171187354050656,0.4493219263683475
aln,is,0.5497811131957473,0.4344460557302091
ctn,is,0.374000410088169,0.1780732354578254
kmr,is,0.8083258460616951,0.604156863128532
sl,is,0.8395909066247084,0.6711370989333748
abq,is,0.2515337423312883,0.0554708090358704
sr,is,0.8582435863759741,0.5892253481883448
olo,is,0.6512096774193549,0.4438892435556599
wuu,is,0.3832951945080091,0.1822330051485284
ab,is,0.4644307982994804,0.1349472516784303
tl,is,0.7651556526488258,0.5414382785051228
mk,is,0.8404411764705882,0.7534899277434144
ota,is,0.6775965449285085,0.5028298961297749
sga,is,0.2605140186915888,0.1964703575806352
nmf,is,0.3873144399460189,0.2276016827179509
tt,is,0.6539473684210526,0.3239448933742096
gub,is,0.3664847161572052,0.1549409955387166
is,is,0.9502251572748708,0.8544835064625053
urb,is,0.180327868852459,0.1021738641845204
sms,is,0.3746438746438746,0.1793093016583645
naq,is,0.248173832639852,0.1691799925101845
fro,is,0.7200567502986858,0.5873023576038736
bn,is,0.853125,0.6636008803004944
lzh,is,0.3122563266463458,0.1792280251892156
zh,is,0.4784997939277373,0.3526689850364696
yue,is,0.4902284811036068,0.3777799665956031
lv,is,0.8523912405644021,0.6335248148484462
aii,is,0.1611479028697571,0.0356037135706122
fr,is,0.8272042794379045,0.6793281969740551
ta,is,0.759020336759239,0.459899200664036
el,is,0.802152613888293,0.6204658624831926
myv,is,0.5123450859832837,0.2637183457688223
lt,is,0.8651940198219386,0.6561130045261991
ko,is,0.6576201897515271,0.4057709423420369
yrk,is,0.3852201257861635,0.1068797205958374
br,is,0.6620027983210074,0.4639546589144565
pt,is,0.8707162360848562,0.6433030859912082
gwi,is,0.427579365079365,0.1342445619951665
ga,is,0.646700642001456,0.5113820975434649
sjo,is,0.1328267082359054,0.0406960836950171
hbo,is,0.3959572742022715,0.2013151874283278
yi,is,0.8513527004093042,0.7543780889147849
gun,is,0.1773244709297883,0.044748120544976
scn,is,0.5889860764012853,0.4743572092092735
gv,is,0.3918043877452402,0.1913870110579108
af,is,0.8452747689555798,0.6901390930982214
mpu,is,0.1797752808988764,0.1090207462029495
tn,is,0.3271028037383177,0.1843652738873327
xpg,is,0.3017190278601067,0.1248911214949489
nap,is,0.5024875621890548,0.4478914912214092
tr,is,0.7678895284655417,0.5443455995666185
akk,is,0.3696653734238603,0.1393168035628187
sk,is,0.8647206528562461,0.6039447952441137
sa,is,0.3809779447948821,0.1609604874766626
yrl,is,0.3498950314905528,0.174890226104537
arr,is,0.2065545493747305,0.1091894309555964
gn,is,0.2350230414746544,0.1521438019652305
gu,is,0.7405835543766578,0.5704304670459883
it,is,0.8454382965495804,0.6829963425112124
xnr,is,0.5262529832935561,0.3754055213265652
jaa,is,0.3304347826086956,0.1391630638714413
xum,is,0.1686746987951807,0.0962353939540251
hit,is,0.1405653170359052,0.0886741217987372
ka,is,0.8223272763086621,0.5819619559044921
uk,is,0.8498154195655261,0.6346529559190092
wo,is,0.3625877150821878,0.217741391324929
tpn,is,0.4463176574977817,0.1723715616255679
nhi,is,0.3916076524680266,0.3018058974637791
eo,is,0.8880909634949132,0.6736661638785142
pro,is,0.6347195259017063,0.5214508601497648
ro,is,0.8180862802795439,0.6504863137481871
ug,is,0.7794772507260407,0.5170170232318336
ta,it,0.7736715504045485,0.4512606320632541
olo,it,0.6397849462365591,0.3973583587319187
pcm,it,0.5676655052264808,0.4895050848285645
bej,it,0.2102752907706468,0.0709394983186089
gsw,it,0.4220834921845215,0.3457240195703408
ht,it,0.3851127819548872,0.3605798814503816
ml,it,0.7869330004161464,0.5582372165480968
tr,it,0.7774108973348053,0.5500165044856288
xcl,it,0.6705586491826837,0.5224317683395788
kpv,it,0.4411764705882353,0.2333851395160951
en,it,0.8622287416188036,0.7129444076626791
sk,it,0.903640929064658,0.7648711867246618
nap,it,0.6666666666666666,0.6644691441480379
bm,it,0.2751935180496274,0.1691714898970044
xum,it,0.2771084337349397,0.2142785246605367
ky,it,0.7868059288841103,0.4429132486139865
sdh,it,0.5294117647058824,0.2328461632477849
hy,it,0.8693902964701374,0.6684617298663549
xav,it,0.2795891022778026,0.1314191612157038
id,it,0.8590791164561259,0.6897021420613136
say,it,0.1886051080550098,0.1107267645310848
lij,it,0.6896448821247388,0.5748504944462997
da,it,0.922877382021351,0.7681756288726233
krl,it,0.7236586942469295,0.5174482048551201
no,it,0.8805422093936681,0.7162152864169711
grc,it,0.6994553889598601,0.4956607359710396
ang,it,0.47953216374269,0.33198911672184
ctn,it,0.3695577882578088,0.1635604841863664
si,it,0.6579545454545455,0.5603221047172472
bho,it,0.5392348087021755,0.3537277728825222
et,it,0.8786698476069916,0.7519226597380385
ab,it,0.4057628719886632,0.129681459857702
got,it,0.2506373798784075,0.1502763988179306
sd,it,0.6793561804864816,0.5127959705553347
az,it,0.7478070175438597,0.5030372228533405
frm,it,0.8783712066386838,0.7139821124796073
naq,it,0.2662968099861303,0.1789336086913382
pay,it,0.2390643274853801,0.106347721292285
otk,it,0.2974683544303797,0.0714285714285714
yi,it,0.8502545672356994,0.6680441509289932
ar,it,0.3323841679209209,0.3148263081040863
am,it,0.4871128871128871,0.3258555860061765
ckt,it,0.2973546701502286,0.1610846596936526
lzh,it,0.3869710073013397,0.2308744098606363
de,it,0.8662036765997307,0.693647876054572
fi,it,0.8682186569632815,0.6671843831941286
koi,it,0.5018007202881153,0.2989511906365153
bar,it,0.5060521415270018,0.4268291838101171
sab,it,0.3383708072244747,0.195789930237257
sme,it,0.3865134865134865,0.2360854718861126
yue,it,0.5401638166403219,0.3965069430942442
bn,it,0.778125,0.5508515019117624
gwi,it,0.4464285714285714,0.1597573194868727
eu,it,0.7842373020431608,0.4676090065457197
hi,it,0.7194012723805666,0.5787379721797303
hyw,it,0.7925283522348232,0.6296507667711799
akk,it,0.3861946330423537,0.1867072433511602
sa,it,0.3492596072115599,0.1544803268176307
aln,it,0.5829268292682926,0.4393691951133616
ja,it,0.1270673615870536,0.1384745852476071
lb,it,0.3446601941747573,0.2128824115321393
or,it,0.7803692905733722,0.5502649344847171
ro,it,0.8771127809013364,0.7131065886775381
jaa,it,0.3565217391304348,0.1398231960541991
ur,it,0.6749966229906794,0.5426226904940783
cpg,it,0.6721383234843511,0.3742659278981029
nds,it,0.6190649776724688,0.5028462446877601
gv,it,0.2879095389968106,0.1608644932782562
sga,it,0.2324766355140187,0.1816144906665375
el,it,0.8696274047057141,0.6733807114297023
ota,it,0.631389156778062,0.4422119092379245
arh,it,0.2246090069719238,0.1080461585882077
hr,it,0.898722176422094,0.7029120654926839
fr,it,0.910554381728544,0.7624485201606344
wuu,it,0.3558352402745995,0.169535169546799
eme,it,0.2154696132596685,0.1172378462599258
mt,it,0.3523886932177368,0.2710127260030573
uz,it,0.8013377926421404,0.6070088190660963
la,it,0.8137101449275362,0.6348967121934166
bg,it,0.9127448486390232,0.66948279885311
ga,it,0.6640082070289232,0.5348422547397602
af,it,0.8735963430388552,0.6692391471979517
yrk,it,0.0841194968553459,0.0453140802823827
be,it,0.8954841130848136,0.6645249520358125
gub,it,0.262117903930131,0.1202666396717813
pro,it,0.7797077756207214,0.5558819675748853
zh,it,0.542187571552869,0.3707546951575725
myu,it,0.24853228962818,0.1193266692316401
sv,it,0.9117299976398396,0.7377246266831294
mpu,it,0.1348314606741573,0.1137820512820512
vep,it,0.5318495778971604,0.3295116269800974
gd,it,0.6218741153156554,0.5030782557824951
cs,it,0.8799880841153133,0.7205071529232855
ps,it,0.8023112859601672,0.6267140495241108
wo,it,0.3307699702009036,0.2077454227979036
kmr,it,0.8081261854846761,0.6000722671311314
br,it,0.6546072356586048,0.4577466045991721
xnr,it,0.5278440731901353,0.3508180638290967
ko,it,0.6660325862211562,0.4561498453815786
pl,it,0.8704554228736504,0.6554457123904059
urb,it,0.1147540983606557,0.108290310836662
nl,it,0.8987038285757099,0.7504126946878241
abq,it,0.1641104294478527,0.0726140137983235
gya,it,0.0442050520059435,0.0372387840494508
pt,it,0.93842049989498,0.7544644772485357
hsb,it,0.77702158144533,0.5553986840212444
uk,it,0.8901746414880023,0.6654290272367945
bor,it,0.3510455104551045,0.1689400039149806
vi,it,0.7806332842415317,0.5862849157165287
ug,it,0.7652468538238142,0.4809898882525056
th,it,0.6503181954486389,0.4601715253844793
aqz,it,0.3630790190735695,0.1301233755835301
scn,it,0.7330417707961442,0.5413089782256612
pad,it,0.365079365079365,0.1606461467557953
fo,it,0.805159283492438,0.5779407205687159
te,it,0.8502080443828016,0.4378565652400191
cop,it,0.0181962394438482,0.0439560439560439
gn,it,0.1705069124423963,0.1170460282281495
ru,it,0.9048057723512604,0.7187147797671569
is,it,0.8503961203669561,0.7060891611290816
nmf,it,0.3707827260458839,0.1982817113717452
fro,it,0.7940810434090004,0.6132468717120303
he,it,0.8650801756715351,0.6633644654582121
sr,it,0.9098152526048509,0.7133157562332134
ckb,it,0.3934426229508196,0.2069005863214851
tn,it,0.2710280373831775,0.1903123525399554
eo,it,0.9057450628366248,0.7531725730570872
mr,it,0.7864077669902912,0.6360034871849519
aii,it,0.1456953642384106,0.070891514500537
sl,it,0.8682382941782866,0.7439839602765772
ajp,it,0.7072243346007605,0.5170571746662824
apu,it,0.423,0.1407159821422525
kk,it,0.8333166783251724,0.5715230214101136
fa,it,0.795602261125084,0.603773025957971
arr,it,0.0827943078913324,0.0519091887042022
ltg,it,0.7176470588235294,0.5167629852358917
ess,it,0.2690809968847352,0.1134071576315514
gu,it,0.7400530503978779,0.5735156678164766
egy,it,0.0326646090534979,0.0823034929551455
sah,it,0.3,0.1713516376279223
ca,it,0.9446066096292568,0.781164705235526
tl,it,0.6826870562534134,0.4975580106765959
es,it,0.9450814600948648,0.7914542995233758
azz,it,0.4475614591593973,0.2828643641419216
cy,it,0.6845412897920827,0.5549615349664314
wbp,it,0.3841269841269841,0.1389924401420302
ceb,it,0.5308641975308642,0.3413753819514581
jv,it,0.6984591786934393,0.5541180136151335
ka,it,0.8110503767173881,0.5706614490253693
sjo,it,0.0793712652637048,0.0682510112272643
xpg,it,0.2815649081209247,0.1717971796665287
yo,it,0.2799951473977921,0.2018116715223003
gl,it,0.9325757575757576,0.7649958724585457
it,it,0.9603901150139882,0.8364466343043343
oc,it,0.8340117144842649,0.6231521681427052
mdf,it,0.4544373066857007,0.249358450787818
myv,it,0.4676722067441637,0.2288789501367103
ha,it,0.3212315468302154,0.1981859385797036
nhi,it,0.4480498890180742,0.306270839104289
sms,it,0.3906695156695157,0.1616261292828312
tpn,it,0.3937444543034605,0.1538390651712308
tt,it,0.5907894736842105,0.3342927477821025
lt,it,0.8676297665042836,0.6580407856789219
hu,it,0.8690658499234303,0.6456974812846309
cu,it,0.5291013193925815,0.3477887784338344
hit,it,0.1054239877769289,0.100711126903015
bxr,it,0.6163126931897497,0.3831421210489287
orv,it,0.7515963203463204,0.5311829957463887
yrl,it,0.3790862741177647,0.1839641961906407
mk,it,0.8676470588235294,0.7174834106869793
gun,it,0.1263656505462602,0.0465571866106391
sq,it,0.8199381761978362,0.7421272460164342
hbo,it,0.5095321795565171,0.2775768596913764
lv,it,0.8668213704622443,0.6941818612222884
quc,it,0.3413562368920403,0.1777705473714038
gya,ja,0.2076523031203566,0.0475505742509875
sab,ja,0.3884998157021747,0.1412635524636125
eo,ja,0.447636146020347,0.2802882208332276
nap,ja,0.308457711442786,0.1795767888378725
zh,ja,0.617014699821404,0.3840065678129638
de,ja,0.4524715570907245,0.2566742799593736
ar,ja,0.357344506366188,0.1513248357793816
arh,ja,0.2815149802148106,0.1016205531322379
pl,ja,0.5455755687793709,0.2714155908024292
fa,ja,0.4529471823094355,0.2329621963145345
xcl,ja,0.4785342195078139,0.2925023895315038
lb,ja,0.3155339805825243,0.1549720074809169
ug,ja,0.6223620522749274,0.2588390914579833
hsb,ja,0.5155368496462792,0.2700320298246141
otk,ja,0.4050632911392405,0.1277222088256571
gd,ja,0.3350004718316505,0.2094792421675523
am,ja,0.3874125874125874,0.2472856221680141
ajp,ja,0.4904942965779467,0.2333686579567784
el,ja,0.450332546663806,0.2455553891182083
no,ja,0.4367270136465774,0.2566347014875441
bm,ja,0.2924835419228822,0.1023672645389904
krl,ja,0.5630252100840336,0.2343271806433463
lzh,ja,0.4291486496065783,0.2388108740958982
ess,ja,0.286993769470405,0.0969767957558877
id,ja,0.5027519821545474,0.2209198807110158
ka,ja,0.6385482838430098,0.3314527827661529
xav,ja,0.3416703885663242,0.1033677347393509
sq,ja,0.4505409582689335,0.2988962439537612
be,ja,0.5714911183387541,0.2522830302987218
hit,ja,0.3025210084033613,0.1047219234402058
lt,ja,0.6398454560725685,0.3101473313493812
naq,ja,0.2780397595931576,0.1069681337761954
jaa,ja,0.3043478260869565,0.1299043474318872
yue,ja,0.4810317574364133,0.3723640171870427
uz,ja,0.6720178372352286,0.3290660968921591
grc,ja,0.4853537730563213,0.2807861658977731
hu,ja,0.531489280245023,0.2598725621027868
bar,ja,0.3638600691673317,0.2125035748133379
vi,ja,0.4985272459499263,0.2225179130787681
aln,ja,0.3317073170731707,0.1868416340287653
gub,ja,0.4114628820960698,0.0990229550829228
xnr,ja,0.4291964996022275,0.2446097645040318
lij,ja,0.313488510892271,0.2055343592964411
hyw,ja,0.5964717218886665,0.3238137181212527
si,ja,0.5659090909090909,0.4076187899051906
mr,ja,0.6213592233009708,0.4243753981784415
egy,ja,0.280778463648834,0.0928562812797196
akk,ja,0.393954089880375,0.1181046361253905
af,ja,0.4188611746000198,0.2453754774111325
mk,ja,0.4794117647058823,0.2695186100164035
yrk,ja,0.2783018867924528,0.0504798658195211
myv,ja,0.4942837928715534,0.1653108691164148
lv,ja,0.6145474913979355,0.2852384016917608
ab,ja,0.4836088804912612,0.1509008777897363
uk,ja,0.5608405509016045,0.261914413955493
wo,ja,0.2972219552052292,0.1506081190329111
bho,ja,0.4262565641410352,0.2066807780011027
gsw,ja,0.3646111322912695,0.2125857595296281
ro,ja,0.4817578337099119,0.2566633001160272
ta,ja,0.6682702820905314,0.3741148570453968
jv,ja,0.4800250993516001,0.2338044946570681
sga,ja,0.2079439252336448,0.0554105744846979
tl,ja,0.4232659748771163,0.2382552371021832
sa,ja,0.3739095423433096,0.1068357675335051
arr,ja,0.2160413971539456,0.0629853243946137
abq,ja,0.2745398773006135,0.0694343181123369
apu,ja,0.515,0.1224835920867451
sl,ja,0.4751776897618143,0.2623712520877783
th,ja,0.4742944723952954,0.2695052166428019
la,ja,0.4669855072463768,0.2584658804733143
fr,ja,0.4007948485763155,0.2420826934424089
gu,ja,0.5055702917771884,0.2876715049082632
pcm,ja,0.3260627177700348,0.195161743806583
scn,ja,0.3916458407711531,0.2198488938253941
sjo,ja,0.3682774746687451,0.1216924693830597
hi,ja,0.4360856578747532,0.2719803301988702
oc,ja,0.4237069393427976,0.2462686887745238
tn,ja,0.2897196261682243,0.1991522821130489
sdh,ja,0.5,0.2034188034188034
pro,ja,0.3641565341779912,0.2267570346427023
or,ja,0.5694849368318756,0.340140072295304
gun,ja,0.2012376804950722,0.0865319066085345
bej,ja,0.3010626725797004,0.0831677718893283
ht,ja,0.2926315789473684,0.1846458512568351
ja,ja,0.4485955488967873,0.2861291631533211
xpg,ja,0.3283935981031416,0.1518235211515209
quc,ja,0.404274443223809,0.1203626433270533
yrl,ja,0.3691892432270319,0.1344521119797403
cs,ja,0.5169164940217464,0.2697172965471292
ltg,ja,0.5176470588235295,0.2627497520587482
gv,ja,0.3359427853484101,0.1148005586721016
bxr,ja,0.5976667663775053,0.3026678158193383
cy,ja,0.4039703982144955,0.2405330351865058
fi,ja,0.5869445363325615,0.2743206005841457
aii,ja,0.3090507726269316,0.1016701125913922
orv,ja,0.4373511904761905,0.2460467901339607
hy,ja,0.6374826380573783,0.3145135085551321
et,ja,0.5764642874531379,0.2913968882978448
koi,ja,0.4621848739495798,0.1700963968398614
nhi,ja,0.373004967762393,0.1755384014286049
ru,ja,0.5467273330932864,0.2609002453056818
ota,ja,0.5486603211874712,0.2710306348303185
ca,ja,0.3997483643683945,0.2425276257772742
mpu,ja,0.2303370786516854,0.0757791591124924
myu,ja,0.4706457925636008,0.1227446231483769
br,ja,0.4232460523685789,0.2446272677141477
da,ja,0.46642721739998,0.2572147541916862
ga,ja,0.398967502812893,0.2000462901311971
pad,ja,0.4126984126984127,0.1274480045006604
te,ja,0.6282940360610264,0.3289513449638216
aqz,ja,0.4782016348773842,0.1333696621389407
pay,ja,0.3083040935672514,0.0871465792474799
sr,ja,0.5100253918220822,0.2635411663693046
ur,ja,0.4284749425908415,0.3065268454996288
cu,ja,0.2985810306198656,0.1191602895639208
tr,ja,0.612294985018136,0.2966241603367417
ckt,ja,0.3179294578706728,0.1257705943727195
wuu,ja,0.5308924485125858,0.3168335499611626
vep,ja,0.4535686876438987,0.2372983821039653
hbo,ja,0.3711465657111952,0.1547163170382051
bg,ja,0.4907148308318494,0.2875339005257686
bor,ja,0.4166666666666667,0.1436545493403138
kk,ja,0.6678325172379335,0.3377375892185589
ps,ja,0.4091467912466191,0.2327814367909614
is,ja,0.4470517247158995,0.2791472981538475
gwi,ja,0.4781746031746032,0.1473658617961705
sms,ja,0.3935185185185185,0.1125311791747403
tpn,ja,0.5441437444543035,0.1396253245313249
nmf,ja,0.3852901484480432,0.1588011957634447
azz,ja,0.3792624900872323,0.1427152590948007
kpv,ja,0.4417627516122728,0.1556317155928701
wbp,ja,0.4412698412698412,0.165680473372781
gl,ja,0.4129419191919192,0.2382039799542077
eu,ja,0.6349798966111431,0.3126806697435229
hr,ja,0.505111294311624,0.2604322106050593
sk,ja,0.5488072818581293,0.277790396675449
es,ja,0.4179934007011755,0.2357518692775776
nds,ja,0.3665360430146723,0.2199223042912835
ckb,ja,0.360655737704918,0.1695930880713489
he,ja,0.4722704524563375,0.2561147393289476
gn,ja,0.3271889400921659,0.1502731275458548
bn,ja,0.54375,0.2603203803699159
pt,ja,0.4284310018903591,0.2354314976714469
ang,ja,0.3684210526315789,0.2006618880138367
urb,ja,0.2704918032786885,0.108521941664068
ko,ja,0.5931921027446625,0.3231700327619723
xum,ja,0.3029259896729776,0.0678985705016541
yi,ja,0.4436458021363682,0.2655858794102157
sme,ja,0.4061938061938062,0.171519657952936
ceb,ja,0.3238925199709513,0.1537042739381898
cop,ja,0.1655857789390192,0.0848284051371141
en,ja,0.4005728699496013,0.2280371856790138
it,ja,0.3958423997513211,0.2466789390225532
kmr,ja,0.4917640011979635,0.2946834081629501
yo,ja,0.3167536091228921,0.1306903804099408
az,ja,0.625,0.3494849600346403
cpg,ja,0.4456117312322171,0.1933386032270138
fo,ja,0.4779041081197039,0.2699755171414034
ctn,ja,0.4061239833230811,0.1147739566875827
eme,ja,0.3825966850828729,0.1163210460232587
nl,ja,0.431058165380485,0.2613930596056403
ky,ja,0.7035557944858306,0.3262579116845613
mdf,ja,0.4646680942184154,0.1567467793956171
olo,ja,0.5685483870967742,0.2497133482374778
frm,ja,0.3905533844743571,0.2520300664022979
ml,ja,0.6100707449022056,0.3183214989777247
sd,ja,0.4664074509449317,0.2922634207711201
mt,ja,0.3184322225232547,0.1579829123000097
sv,ja,0.4320863818739674,0.2534859403224058
tt,ja,0.593859649122807,0.2818786943909142
got,ja,0.1994508727201412,0.0684623322042994
fro,ja,0.3685284747112704,0.2072952999077389
say,ja,0.2538310412573674,0.0780344065338719
sah,ja,0.4212328767123288,0.170871664777526
ha,ja,0.3197213918081795,0.1068505336006702
is,ka,0.7859106298816667,0.5864250367635716
bho,ka,0.5770442610652663,0.3833903708447453
fi,ka,0.8510585511081707,0.6002451555377895
mpu,ka,0.1348314606741573,0.1292544735285418
sah,ka,0.2821917808219178,0.1858337347946857
ess,ka,0.2176791277258567,0.1026039752940212
got,ka,0.1270837419101784,0.0886059743035109
cpg,ka,0.5289997811337273,0.291595498986584
eme,ka,0.1391574585635359,0.0980544466479244
apu,ka,0.338,0.157443384864981
bn,ka,0.809375,0.5324060676152982
eo,ka,0.7690005984440454,0.6101663324823694
cop,ka,0.0305136938366071,0.0093745139597334
quc,ka,0.301707779886148,0.1547860247497078
jv,ka,0.6321550582165516,0.4563593600484836
cy,ka,0.5661928814753906,0.4304121406058574
xpg,ka,0.2625963248369887,0.1324131107940328
mr,ka,0.8470873786407767,0.6083393303984175
azz,ka,0.3306899286280729,0.1757363376258361
lv,ka,0.8171827905363954,0.5915745193387407
ceb,ka,0.4546114742193173,0.2599110696199258
sab,ka,0.3542204201990416,0.1946335318168097
vep,ka,0.5118956254796623,0.3706786969976802
lzh,ka,0.1780321826043808,0.1717729251256411
arh,ka,0.2174486527228189,0.1049449489152836
ga,ka,0.5286915083724932,0.3796004483284607
gv,ka,0.2816275248864405,0.1559560214646295
kpv,ka,0.3945671291772523,0.2393782977919978
mt,ka,0.2401336584484782,0.1845009535334072
wbp,ka,0.3333333333333333,0.1496081903835914
xcl,ka,0.6665169750314353,0.4939849163650813
gl,ka,0.6399621212121213,0.5291640779329461
eu,ka,0.7647493230491508,0.5063069027824129
arr,ka,0.0461405778352738,0.0435880754396612
da,ka,0.767833981841764,0.5802005937946687
he,ka,0.7371055050556634,0.5808884841515662
myv,ka,0.4506676914208857,0.22672027456777
gn,ka,0.1658986175115207,0.115519538912068
el,ka,0.6875134091396696,0.562109452519218
ky,ka,0.7755932724061132,0.4487886348869855
scn,ka,0.5314173509460907,0.3758372973669401
kk,ka,0.8155291296092735,0.5294697310231283
si,ka,0.6840909090909091,0.5566626344902366
wo,ka,0.2606940305681053,0.1999451438978514
kmr,ka,0.7711889787361486,0.5553809068526527
cs,ka,0.7840516716090506,0.5901105174873508
ka,ka,0.948195203624366,0.8253330096196092
ru,ka,0.7966770635080221,0.6132812164638115
ta,ka,0.75967636125082,0.4922247274806048
urb,ka,0.0901639344262295,0.1162517915188717
fa,ka,0.6924322036008665,0.5137141912466597
ja,ka,0.1822333083629524,0.100152551402432
yue,ka,0.3785745078315849,0.2990132012353047
et,ka,0.8581560283687943,0.6166754836793883
ckt,ka,0.2818419333768778,0.1547411257281022
ang,ka,0.4444444444444444,0.3109731121662154
xum,ka,0.1170395869191049,0.1145026619327805
bar,ka,0.4905559989358872,0.376868767261608
id,ka,0.7290691753752152,0.5373135830941015
pcm,ka,0.6317770034843205,0.4562439985518758
yi,ka,0.7462314066087651,0.6279287698373094
hbo,ka,0.2245808545159545,0.1618575142270541
ca,ka,0.5924844824693843,0.4675335509452328
bm,ka,0.277436157129422,0.1523035022128941
ltg,ka,0.6823529411764706,0.4089079952649065
hi,ka,0.7676471084560995,0.5851766951258257
be,ka,0.8373154866149612,0.5984386734268226
tt,ka,0.5513157894736842,0.2708423355927358
tn,ka,0.3037383177570093,0.2140707823600913
sl,ka,0.7612175139710271,0.56362427869445
nap,ka,0.4278606965174129,0.3536223967545505
tr,ka,0.7393057088787257,0.4884267168648815
bor,ka,0.3463099630996309,0.1727856039560606
tpn,ka,0.29924578527063,0.1257363371651116
yo,ka,0.2461482469974523,0.1445091975340063
sv,ka,0.7577295256077413,0.5613367262230482
naq,ka,0.2307905686546463,0.1245677844131551
gu,ka,0.7623342175066313,0.5448336988388985
lb,ka,0.4029126213592233,0.2736441293694182
br,ka,0.5792524485308814,0.3928321384627969
fo,ka,0.7211198112195645,0.4877496943473656
ht,ka,0.2580451127819549,0.2144548854347892
ro,ka,0.7353090571523654,0.5360388206225748
pad,ka,0.3551587301587302,0.1253073422540609
gd,ka,0.5008964801358875,0.4116340833802887
sms,ka,0.3351139601139601,0.168777652887584
egy,ka,0.1023662551440329,0.0956470503694554
sd,ka,0.7628176146125327,0.5701999166075394
fr,ka,0.6319046181708421,0.528179275949829
say,ka,0.1858546168958742,0.0821999610749564
az,ka,0.743421052631579,0.4910511661852257
pay,ka,0.2194152046783625,0.0877313631315652
ar,ka,0.3545214172395557,0.276904675996685
pro,ka,0.51129048738122,0.4521229271706542
gun,ka,0.1758728703491481,0.0419935890491298
yrk,ka,0.300314465408805,0.1134407544345941
es,ka,0.6196432254073004,0.4842801563271093
xnr,ka,0.5704057279236276,0.3711973998598787
or,ka,0.7745383867832848,0.5593822716946236
af,ka,0.6947232435655372,0.5521167759494819
nds,ka,0.5018682219994532,0.4092564411450251
te,ka,0.8502080443828016,0.4770043600634889
th,ka,0.5756172325325692,0.4329296165871263
myu,ka,0.2583170254403131,0.1316267515195635
sr,ka,0.8038700639173453,0.5965969822904131
ab,ka,0.4036844591402929,0.1395607444104493
tl,ka,0.6493719279082468,0.5006003212038685
gya,ka,0.0115156017830609,0.0115964172660629
bej,ka,0.2020751401556355,0.0728042309477879
frm,ka,0.6344864186809476,0.5269573328089845
ckb,ka,0.3360655737704918,0.1881508967223253
ps,ka,0.7435456110154905,0.5840113232256684
grc,ka,0.5841233555211905,0.4402634439418853
cu,ka,0.4201145133183968,0.2731586654742491
gwi,ka,0.431547619047619,0.1409441186789806
xav,ka,0.2652970075926753,0.126859276803938
hy,ka,0.8534412567651708,0.6249129497726444
aln,ka,0.549343339587242,0.4074366826371141
hu,ka,0.7401416539050536,0.5600996938923113
orv,ka,0.6646374458874459,0.4732275213484991
nl,ka,0.6438150895332284,0.4964693226007863
nmf,ka,0.2739541160593792,0.1633501274613188
ug,ka,0.7683446272991288,0.501920517649061
hsb,ka,0.6307871406823677,0.4783203794107478
fro,ka,0.6033701712465154,0.4593089818260015
ctn,ka,0.3039436812247966,0.1481837382500302
krl,ka,0.7104072398190046,0.5025094779911966
koi,ka,0.4633853541416566,0.3046277432246471
wuu,ka,0.2894736842105263,0.1283829789609443
lij,ka,0.4440465532676813,0.3843366313122482
ota,ka,0.5410289739611723,0.4440889292401802
otk,ka,0.3987341772151899,0.0819634572426828
sga,ka,0.1822429906542056,0.1557694566042387
en,ka,0.6990747852976594,0.5322844147073384
zh,ka,0.3449993130924577,0.2836582173835547
jaa,ka,0.2956521739130435,0.1511056511056511
no,ka,0.7302837099691262,0.5398581671109367
lt,ka,0.8360490508987065,0.5939146646562471
pl,ka,0.7631295179519949,0.5358049835728762
sq,ka,0.7217928902627512,0.5775045909417239
sjo,ka,0.086840737853988,0.0599517478183612
sa,ka,0.2762045363038518,0.1758223766031773
hr,ka,0.7943528441879637,0.5985217348077396
am,ka,0.4825174825174825,0.3398504540305733
hit,ka,0.1153552330022918,0.0986066143464726
sk,ka,0.7861738857501569,0.5921331007642412
bxr,ka,0.6078372719114568,0.3733637321113257
aii,ka,0.1479028697571744,0.0711537082626257
hyw,ka,0.794826180416574,0.6339768511509342
olo,ka,0.6586021505376344,0.4415836191832851
ml,ka,0.7532251352476071,0.5024235860898412
bg,ka,0.7670440091579751,0.5673330203792383
aqz,ka,0.3262942779291553,0.1212503668361102
ha,ka,0.2681603846272383,0.1485185872251954
abq,ka,0.1150306748466257,0.0679033239915126
uk,ka,0.8214894221212552,0.6189763883332124
ko,ka,0.6346042510958564,0.3830804280444423
sme,ka,0.3072927072927073,0.2264218678317703
nhi,ka,0.3406616636719163,0.2430206446075636
vi,ka,0.7122238586156112,0.4741046483060632
gsw,ka,0.4003526496378193,0.3006877530833873
pt,ka,0.6615710985087166,0.5052058096690666
yrl,ka,0.3075077476756973,0.1446435782132486
de,ka,0.6409338836524013,0.5461002930222447
la,ka,0.740512077294686,0.5961369182933646
ajp,ka,0.6527249683143219,0.4376630964037051
mk,ka,0.7801470588235294,0.5959267504575974
ur,ka,0.7547615831419695,0.6124116147776193
sdh,ka,0.4338235294117647,0.1504779411764706
uz,ka,0.8054626532887402,0.5608368098714568
mdf,ka,0.45610278372591,0.2360569870764914
gub,ka,0.2804585152838428,0.1510397609149446
it,ka,0.6466350637239664,0.5078437993952959
oc,ka,0.5934676858929813,0.4780979385377664
akk,ka,0.264508567733592,0.1757271086189463
fo,ko,0.5439772605384533,0.309684930288103
sms,ko,0.4405270655270655,0.1459054209400352
gun,ko,0.1802276720910688,0.0512366192524615
te,ko,0.7836338418862691,0.4265847602947742
fa,ko,0.6379709639664317,0.4603083892419659
say,ko,0.2882121807465619,0.0885413851083951
bor,ko,0.3971094710947109,0.168298079944782
or,ko,0.6491739552964043,0.5124849754492168
yrk,ko,0.3977987421383648,0.1112192342846205
tt,ko,0.537719298245614,0.3046461680861911
myu,ko,0.4412915851272015,0.1324000821822317
krl,ko,0.5669036845507434,0.2955768697792763
mpu,ko,0.2696629213483146,0.1481204407471688
es,ko,0.5158898742008662,0.3370239059502584
pro,ko,0.4709308266067232,0.3197003722074165
sa,ko,0.3869726658614056,0.1482910386499407
grc,ko,0.4839194065308501,0.3017536161522515
ajp,ko,0.5741444866920152,0.3277290393082628
nl,ko,0.5512100097400164,0.3880477109657785
sq,ko,0.5533230293663061,0.4026611898130724
akk,ko,0.364815712900097,0.1332390507332047
gsw,ko,0.425324056423942,0.229575528970608
sjo,ko,0.1316575733956872,0.036826210484752
wo,ko,0.310295107180621,0.1563906170970102
ca,ko,0.4720684448917966,0.3492401174607636
wbp,ko,0.4857142857142857,0.1948300640901145
scn,ko,0.4709032488397001,0.2888489348697053
yi,ko,0.5965858041329739,0.3624964847856934
cu,ko,0.3905402041324371,0.1890877683517692
bxr,ko,0.5582809851430851,0.3296403678308369
fr,ko,0.5560670087533958,0.3626098618880253
ar,ko,0.2903958019769759,0.1764882269027519
sah,ko,0.4136986301369863,0.1580161021702067
ja,ko,0.2573357134887872,0.1590330411198184
gd,ko,0.46126262149665,0.3257959306551905
eu,ko,0.629112989250841,0.332104269349057
fi,ko,0.6816903738008601,0.395201004901427
sl,ko,0.5712658021811079,0.3482317978614839
de,ko,0.580581737993482,0.3765286052437731
frm,ko,0.5756259950788826,0.4119566742819571
lt,ko,0.7350075592138418,0.4100706806733892
id,ko,0.6029629270421647,0.3472357981373828
urb,ko,0.2841530054644808,0.1047805177074824
xnr,ko,0.5091487669053302,0.316348797434232
sdh,ko,0.5882352941176471,0.2123687454210693
af,ko,0.599026135347312,0.4027086428587076
sv,ko,0.6436895208874204,0.4055729625267278
gn,ko,0.2534562211981567,0.1384402787791396
pad,ko,0.3869047619047619,0.1291769668799879
ka,ko,0.76013197419609,0.4501096346711653
xav,ko,0.3184457347029924,0.1205057939464378
ug,ko,0.6424007744433688,0.3450267601631049
gu,ko,0.6557029177718833,0.4617141666315406
si,ko,0.6420454545454546,0.5320153628714207
ga,ko,0.4795155205506651,0.3156653185489259
bar,ko,0.4640861931364725,0.2822392246269554
la,ko,0.5804927536231884,0.3607531079745192
gya,ko,0.1760772659732541,0.0256240839571433
oc,ko,0.5422416360567854,0.3337148614135609
ess,ko,0.2554517133956386,0.1037383801595406
hi,ko,0.6737879478222717,0.501086338471254
mr,ko,0.7961165048543689,0.5635609030516844
ota,ko,0.5398968510210072,0.360071143410374
nhi,ko,0.4149667054222598,0.2067479767328853
quc,ko,0.3733146909018276,0.1400429762428945
apu,ko,0.475,0.1232734375049365
lij,ko,0.4243509400179051,0.2715425023224211
hyw,ko,0.6321992439404047,0.4066091680089138
yrl,ko,0.3467959612116365,0.1372905495051116
he,ko,0.6266298982058353,0.3920756623965472
mdf,ko,0.496550083273852,0.2059351416279687
da,ko,0.6392297715254913,0.3963117949461176
ctn,ko,0.4048937188162121,0.1504080065597446
bn,ko,0.778125,0.3605121718860849
kk,ko,0.693714399920056,0.4320345300088235
sab,ko,0.3896056026538886,0.196391657242923
gwi,ko,0.5545634920634921,0.1691839573987125
sga,ko,0.241822429906542,0.117535639302909
no,ko,0.5938544730448126,0.3867896707335042
vep,ko,0.4996162701458173,0.3023780321397836
hit,ko,0.3147440794499618,0.1197137839637142
nap,ko,0.3482587064676617,0.2384856233912837
az,ko,0.6600877192982456,0.4442479441808578
uk,ko,0.6554735198069005,0.3704756440938987
yo,ko,0.2940676938008006,0.1105890045119713
vi,ko,0.6544918998527246,0.3694908237149325
fro,ko,0.5457984866587017,0.3476375464428323
naq,ko,0.2990291262135922,0.1183269910120899
tl,ko,0.5357728017476788,0.3695263032460384
abq,ko,0.2730061349693251,0.0678325450461662
otk,ko,0.2974683544303797,0.0352720450281425
hsb,ko,0.5531476672338139,0.3331726669189876
gv,ko,0.3259882091427467,0.1211661757156308
mk,ko,0.6691176470588235,0.4418769103953483
aln,ko,0.4489055659787367,0.2696969992334515
got,ko,0.2332810354971563,0.0951866926485773
wuu,ko,0.44279176201373,0.2211383610012096
am,ko,0.3863136863136863,0.2322458963430084
lb,ko,0.4320388349514563,0.24300095770684
uz,ko,0.6830546265328874,0.4327178317901705
azz,ko,0.4073156225218081,0.175623956009042
ml,ko,0.5884311277569705,0.3680419341625455
hu,ko,0.5566615620214395,0.3918894260740956
ha,ko,0.3641014577618886,0.1435322134339335
koi,ko,0.5474189675870348,0.2491398075078991
bg,ko,0.6011829051132027,0.3957230652379538
pt,ko,0.5775173282923756,0.3677175064332078
aqz,ko,0.4189373297002725,0.1335955826456152
jaa,ko,0.417391304347826,0.198101898101898
hbo,ko,0.3795970795024337,0.1556051382419656
arr,ko,0.2005174644243208,0.0598546515906502
sk,ko,0.6098556183301946,0.3703371980521799
tr,ko,0.6527361614887242,0.412569527380842
ky,ko,0.6810536825128638,0.4177092485968822
ro,ko,0.6035415900373076,0.3605411703824951
hr,ko,0.5698268755152515,0.3528686663871859
be,ko,0.6316612459344508,0.3649771417053924
orv,ko,0.5429247835497836,0.3062710532210713
zh,ko,0.5975752163758759,0.3630795315028967
cpg,ko,0.5103961479536003,0.2394373873488436
ckt,ko,0.3473220117570215,0.1447978784979132
pay,ko,0.3127485380116959,0.0916612938991805
tn,ko,0.2570093457943925,0.1470352497558636
sme,ko,0.4327672327672328,0.2203311629892246
ta,ko,0.6448720752241417,0.454730918340514
aii,ko,0.1721854304635761,0.0352507788647807
yue,ko,0.5569765770944101,0.3424181719070563
ru,ko,0.6680898025223642,0.4081741232307313
eme,ko,0.3701657458563536,0.1296266969728825
ltg,ko,0.5941176470588235,0.3223773876166729
th,ko,0.5434644987172226,0.3648085105159721
ps,ko,0.5935579050897467,0.48688942976881
el,ko,0.5728026889794751,0.3382375677058321
ko,ko,0.8519560003308245,0.6234094751594843
jv,ko,0.5395663389806874,0.2921466784957913
is,ko,0.6223280033075212,0.4064921228404855
it,ko,0.5626437674852347,0.3630508847206269
xum,ko,0.2977624784853701,0.1146298258905644
cs,ko,0.5993256692529553,0.3515428232753661
bho,ko,0.5543885971492873,0.2888347450815089
pcm,ko,0.6583275261324042,0.3670586176224094
cop,ko,0.0369990202024914,0.0050969906544458
egy,ko,0.2204218106995884,0.0950415442793568
ang,ko,0.4210526315789473,0.2875394099193336
mt,ko,0.3095818657996929,0.1238828302715682
bej,ko,0.3340306250522968,0.077247884157
kmr,ko,0.6290306478985724,0.4126327085299365
nmf,ko,0.3502024291497975,0.1277220035472426
xpg,ko,0.2797866034380557,0.100884941352801
ab,ko,0.4804912612187057,0.1370224497192427
ht,ko,0.3015037593984962,0.1829619987009463
eo,ko,0.6897067624177139,0.5033520494677528
en,ko,0.6269556124901507,0.3893247140927103
lv,ko,0.6961670800992238,0.3958881159426693
gl,ko,0.6030934343434343,0.3963339310726337
sd,ko,0.6841486572022787,0.4936909452709271
tpn,ko,0.5084294587400178,0.146774233156873
pl,ko,0.616025666626729,0.3635886130615146
cy,ko,0.4870785856924703,0.3724865514261599
ceb,ko,0.3834422657952069,0.2214885684687782
lzh,ko,0.4079180548663784,0.2302937753161452
ckb,ko,0.2950819672131147,0.1292670303868851
kpv,ko,0.4863201094391244,0.2059920514026759
et,ko,0.6811756495772271,0.4453407923010105
olo,ko,0.5739247311827957,0.2890106851628136
gub,ko,0.384825327510917,0.1107051177696251
hy,ko,0.6893050433449878,0.4123853218833821
nds,ko,0.4822746742003098,0.2791092243843607
bm,ko,0.2875642045865586,0.1187846992211464
arh,ko,0.2719050310910119,0.0950726533382076
br,ko,0.5237857285628623,0.3145808736635571
myv,ko,0.4932270150831012,0.1997313060300294
xcl,ko,0.5569426980420334,0.3449013534627762
ur,ko,0.6096852627313252,0.5191221376094298
sr,ko,0.5587952018212066,0.349382848132908
mdf,ky,0.4758505829169641,0.1982889209710807
az,ky,0.7763157894736842,0.4383025016070637
bar,ky,0.3625299281723863,0.235328456415891
fr,ky,0.5099942985545158,0.34047867894024
ca,ky,0.4882402281496393,0.3118510560962195
la,ky,0.5932753623188406,0.3608474961676343
akk,ky,0.4914322664080181,0.1836425902826082
mpu,ky,0.2696629213483146,0.0843308971098017
krl,ky,0.6231415643180349,0.344731654024088
ka,ky,0.7141379819766583,0.3845182947338288
ta,ky,0.7450251476055106,0.4409257717187504
otk,ky,0.430379746835443,0.1013986013986013
oc,ky,0.4866474734438598,0.2902786984922822
ug,ky,0.782187802516941,0.3613479466624792
hit,ky,0.1917494270435447,0.0871385594473272
lt,ky,0.752225768520074,0.3950214698809116
gwi,ky,0.625,0.1862671268519221
say,ky,0.2887033398821218,0.1014413108782144
wuu,ky,0.3478260869565217,0.1273789659685403
xpg,ky,0.2957913455838767,0.1098486839900437
yi,ky,0.5521613257462314,0.3315326682087996
tl,ky,0.5390496996176952,0.3390041660964883
gub,ky,0.420414847161572,0.1272123928250294
scn,ky,0.4565333809353802,0.2882186886105169
ang,ky,0.5087719298245614,0.3156917688498062
ga,ky,0.4685948772254947,0.2814032530933077
be,ky,0.6702526895171379,0.344111514586454
hy,ky,0.7137315005507927,0.3558176046535636
eu,ky,0.6956593090998605,0.3434053519669332
aqz,ky,0.5224795640326976,0.1718434106536959
ru,ky,0.6786206961051593,0.3871558391330656
gd,ky,0.450316127205813,0.3201511350570426
sa,ky,0.4188252136178589,0.1257614179714867
lv,ky,0.7286015310341148,0.3800948303743283
ajp,ky,0.5310519645120405,0.2700111285868691
gl,ky,0.5020044191919192,0.3005171536798365
fa,ky,0.5872201608685907,0.3508056253673056
sr,ky,0.6117677961649592,0.3478304854800813
ar,ky,0.2838221535207257,0.1395191974459209
hyw,ky,0.642798902972352,0.3671051798387832
nl,ky,0.5678429609650109,0.3906603461133308
tn,ky,0.3504672897196261,0.2484439762258704
th,ky,0.5273048345716856,0.3047944642976788
bej,ky,0.3275876495690737,0.0793058710895217
en,ky,0.5655950959160716,0.362487909898715
tpn,ky,0.5403726708074534,0.1713092085399554
nmf,ky,0.4261133603238866,0.1635142073971437
xum,ky,0.3356282271944922,0.1190133948546528
it,ky,0.5150917003419335,0.3418563729192744
lb,ky,0.3009708737864077,0.1649453653690941
wo,ky,0.3499951936941267,0.1806736481533662
gya,ky,0.213595839524517,0.0598922255861273
xnr,ky,0.4630071599045346,0.2393680920557446
ltg,ky,0.6882352941176471,0.3698806623542699
ceb,ky,0.3965141612200435,0.2373017850409073
br,ky,0.4369378372976214,0.2454263716011195
te,ky,0.768377253814147,0.3947225358346567
ur,ky,0.5189787923814669,0.414385706922383
cop,ky,0.0345261979190967,0.0643486927915437
ml,ky,0.6612567623803579,0.330226208715316
sd,ky,0.5872140338186093,0.401998304695533
pt,ky,0.5386053350136526,0.3416249852359077
yue,ky,0.4891507400488576,0.2880666513202252
sme,ky,0.4433566433566434,0.2667760847060497
sjo,ky,0.2003117692907248,0.0580835045567064
cs,ky,0.6082355012118996,0.3507098762846877
ota,ky,0.6371336324374187,0.3132099719821
uz,ky,0.7868450390189521,0.3863057555368866
orv,ky,0.5448593073593073,0.2911615129475237
gun,ky,0.1818320727328291,0.0449731540741139
or,ky,0.6899902818270165,0.4220312132060547
no,ky,0.5794223496958293,0.3583945696905858
bn,ky,0.76875,0.3836173786161808
ht,ky,0.3139097744360902,0.2522323996543091
bho,ky,0.4570142535633908,0.2106981825717829
eme,ky,0.4347375690607735,0.135427057814171
sga,ky,0.2114485981308411,0.1017171017983055
gsw,ky,0.3263438810522303,0.1806470808000383
hu,ky,0.6425153139356815,0.3779107491525261
nds,ky,0.4325161760685319,0.2566755672841365
gu,ky,0.6026525198938992,0.3559117204534316
eo,ky,0.6068222621184919,0.4191221574978475
tr,ky,0.7198194291121274,0.3702123512719292
tt,ky,0.6640350877192982,0.3151159161135338
sms,ky,0.4248575498575498,0.1299188447417343
yrl,ky,0.3789863041087674,0.1598229254639314
uk,ky,0.6659094136021582,0.3623739906167841
ro,ky,0.5804039024048482,0.338477511140289
arr,ky,0.2557136696852091,0.0736973490935038
he,ky,0.542470976747353,0.3356383762184259
hsb,ky,0.5634458672875436,0.3159257396946475
sk,ky,0.6496390458254865,0.3658453074944477
azz,ky,0.3971054718477398,0.1826962907221142
fro,ky,0.481979291119076,0.311927188980608
ps,ky,0.5571674452913695,0.3531104540662164
ckt,ky,0.3383409536250816,0.1546589066638016
arh,ky,0.2948935368381383,0.1015345679123455
kpv,ky,0.4571037717412546,0.1908531978456641
ess,ky,0.2807632398753894,0.1165974001156339
grc,ky,0.4513996279611824,0.2734002793230158
sl,ky,0.5655960067277955,0.3367038241651472
kk,ky,0.786049765164385,0.4008887199736127
aln,ky,0.4232020012507817,0.2347082761711791
sab,ky,0.4286767416144489,0.1952885523944355
ky,ky,0.9128331157361186,0.5435733081899103
ha,ky,0.3650568619595032,0.138179082411705
lzh,ky,0.3809456298291628,0.1799916044898696
sv,ky,0.5942736606089214,0.3721681270544516
yo,ky,0.3041368433822637,0.1295200030806459
pl,ky,0.6402678488225035,0.3510878248657759
af,ky,0.4986584517539501,0.3156335578933845
ckb,ky,0.3114754098360656,0.0969494057247865
zh,ky,0.5208132985300179,0.2536178463761097
fi,ky,0.7427362443488807,0.4017938429503712
vep,ky,0.5211051419800461,0.329841242969956
frm,ky,0.5066821054663,0.3556362992007068
da,ky,0.614885762745685,0.371978124645445
de,ky,0.5486212751009895,0.3471441603255567
abq,ky,0.3404907975460122,0.0860748174709048
ab,ky,0.5623051487954652,0.1888104387400617
nhi,ky,0.4107388225346158,0.2076151042117697
xcl,ky,0.5106879827555236,0.3009299744130292
myv,ky,0.4946680757037179,0.198554967025124
hbo,ky,0.3206462952947539,0.1411522177343371
olo,ky,0.6189516129032258,0.3245980807471117
ja,ky,0.2047890002815809,0.1085352774479268
gv,ky,0.3114912535034309,0.1422180354461846
cy,ky,0.4470809350405262,0.3570819396227853
et,ky,0.7386597854488209,0.4285689160132332
kmr,ky,0.5898971748028352,0.3432645679377279
urb,ky,0.360655737704918,0.1609606892681535
si,ky,0.6329545454545454,0.4640821157092769
pay,ky,0.3293567251461988,0.1000352425105792
myu,ky,0.461839530332681,0.123496141474315
jaa,ky,0.3478260869565217,0.1749432404540763
nap,ky,0.3930348258706467,0.2870835670177775
apu,ky,0.472,0.1353841186076679
got,ky,0.2380858991959207,0.1136090115799463
is,ky,0.5982199725118166,0.3632657516746966
hr,ky,0.6159934047815334,0.3621240786083838
bxr,ky,0.6477216073387178,0.3131480471039716
cpg,ky,0.4720945502298095,0.1968070797425808
pro,ky,0.4722591192398079,0.331568058758197
hi,ky,0.5363067213419058,0.4057407666639142
pcm,ky,0.5667595818815331,0.335705115390616
naq,ky,0.2875635691169672,0.1282291104786944
cu,ky,0.3865571321882001,0.1909635708817036
egy,ky,0.3161865569272977,0.0931815340025864
aii,ky,0.1743929359823399,0.07540081799591
fo,ky,0.56505416711359,0.3290784552862648
sq,ky,0.5718701700154559,0.4143073288258715
pad,ky,0.4107142857142857,0.1616322896454781
jv,ky,0.5824443979641637,0.3206011485109287
gn,ky,0.3732718894009216,0.2064171122994652
xav,ky,0.335417597141581,0.1039764639214207
id,ky,0.6553596974031957,0.3671124274283457
bm,ky,0.3296679447297981,0.1559130083475186
ko,ky,0.6427567139667049,0.3123237389192783
koi,ky,0.4801920768307323,0.2030939565036915
bor,ky,0.4260147601476015,0.168488729666069
mr,ky,0.720873786407767,0.4397568667275445
el,ky,0.5397983265393692,0.3336287884206256
quc,ky,0.342654549086188,0.1466044074964782
ctn,ky,0.4316861458546921,0.1509779812848823
am,ky,0.3822177822177822,0.2199231934039922
yrk,ky,0.3946540880503145,0.1310752081909815
wbp,ky,0.473015873015873,0.2133264211603551
bg,ky,0.6135843296871025,0.3840750764615385
sah,ky,0.4506849315068493,0.1863295551143185
mk,ky,0.6588235294117647,0.4215030835883004
vi,ky,0.6810014727540501,0.3701775568293201
es,ky,0.5306558053206847,0.3296934089944189
lij,ky,0.3916741271262309,0.2609504854045339
sdh,ky,0.5735294117647058,0.190888620894582
mt,ky,0.3088593876998103,0.1227322352347043
bg,la,0.8825998473670822,0.755723444871138
ug,la,0.7565343659244917,0.4348061299493581
sa,la,0.4519751263812464,0.2156611165394795
naq,la,0.2678687008784096,0.1447145581610388
sjo,la,0.1319173811379579,0.0369951100790984
ta,la,0.7649245571834682,0.5063044851555603
ky,la,0.8076184624836802,0.4841231553715277
yrl,la,0.3671898430470858,0.1731172919065157
jaa,la,0.3739130434782609,0.1554477780284232
akk,la,0.4686792757840284,0.2212686439549521
sd,la,0.6758296410163668,0.5849565656943179
ctn,la,0.4139840065614107,0.1693853878700001
tl,la,0.6728563626433642,0.5004048212156468
arr,la,0.1927554980595084,0.1350309260099456
ca,la,0.8026673376950176,0.600084888598754
lzh,la,0.4025306585383143,0.2333823746731358
en,la,0.7830478068893063,0.6066364697583447
zh,la,0.4122246645601502,0.2867064865493203
it,la,0.8169179359651849,0.6201448497392255
gun,la,0.1778592711437084,0.0409421018183034
tt,la,0.6451754385964912,0.3652865504884465
mr,la,0.7961165048543689,0.6146090618551359
bm,la,0.2717933878318744,0.1670250195236349
gn,la,0.2488479262672811,0.1786957950006472
gv,la,0.3400019329274186,0.1811094491675403
kpv,la,0.4532929450850107,0.2419472502509017
wuu,la,0.3306636155606407,0.1544959495122458
la,la,0.9371111111111112,0.8269442260395471
sme,la,0.4163836163836164,0.2560450761498287
lb,la,0.3592233009708738,0.252591761654669
xcl,la,0.6516076881623855,0.4991965214935561
scn,la,0.6317386647625848,0.4958484379310815
bxr,la,0.646624788114468,0.3891840170866198
ja,la,0.1689565037216493,0.1018639126229497
ru,la,0.8998302524702241,0.6874893418231721
ml,la,0.77819392426134,0.5849854648532078
de,la,0.8135306285736589,0.6287377542830865
apu,la,0.443,0.1424849412081359
aqz,la,0.38283378746594,0.1505720508488738
id,la,0.8186601362655481,0.6288100109857955
mpu,la,0.2134831460674157,0.1431960819225904
pcm,la,0.6997909407665506,0.4917516382305519
grc,la,0.7239740917546337,0.5452342052912997
uk,la,0.8778219508732075,0.6751640720850951
mt,la,0.3186128420482254,0.1904681903052681
ota,la,0.6681202566145331,0.4722895284728595
lt,la,0.8846799932806988,0.6601852757989846
ltg,la,0.711764705882353,0.4889176528599606
ps,la,0.7855913449717237,0.6139084703101223
gu,la,0.7405835543766578,0.5620543754893687
quc,la,0.3369619494656946,0.1706668067592887
sah,la,0.4287671232876712,0.2003668662929105
xpg,la,0.3058684054534677,0.1890707299318799
be,la,0.8882286715036277,0.6918318971212467
hsb,la,0.7547237395898629,0.5367223632050477
ar,la,0.372802343082618,0.3046695460060472
pro,la,0.7402677020537448,0.6421648245151196
xav,la,0.2670835194283162,0.122600166439165
gl,la,0.8331281565656565,0.6368742759200297
te,la,0.8335644937586685,0.5413261458728912
cu,la,0.5660443116753796,0.3867199955542602
xnr,la,0.5079554494828958,0.3416879694164668
ur,la,0.5902336890449817,0.5655940215985816
cop,la,0.0325199458778519,0.004627355171086
oc,la,0.7778219001290578,0.5930701046474041
da,la,0.8598224084605408,0.6442692985816487
el,la,0.7772652506615175,0.625305069572858
ess,la,0.2363707165109034,0.1104211284848391
fa,la,0.7368080284881838,0.5726411126811449
et,la,0.8397195579142119,0.614552256612885
cy,la,0.6276283331375543,0.5273481057937895
kk,la,0.8362146497451783,0.5527499780290137
am,la,0.4811188811188811,0.3212073644127284
nds,la,0.584616786658161,0.4563275750577912
cpg,la,0.6126066973079448,0.3294885408975612
hbo,la,0.4076527852893455,0.2644125225308602
gub,la,0.345414847161572,0.1338562347305638
sv,la,0.8617683502478168,0.6703001381694617
urb,la,0.2950819672131147,0.1944051263819226
jv,la,0.6707801715122359,0.4627450060680532
yo,la,0.2795098871769986,0.1499422995764485
ajp,la,0.6679340937896071,0.425470381033367
ckt,la,0.3136838667537557,0.1333546276480004
ga,la,0.6063273545568866,0.4365871641995971
fi,la,0.8350424523100672,0.5887911540447464
br,la,0.659504297421547,0.4416472729456011
say,la,0.2713163064833006,0.12841177309014
tr,la,0.7458997003627188,0.4882646715828942
bar,la,0.5008645916467146,0.3842703233026519
yue,la,0.4532978876275327,0.3564905267394069
azz,la,0.3987906423473434,0.2353028020994508
abq,la,0.2377300613496932,0.0758026939377395
bn,la,0.8,0.5528629724103303
nap,la,0.5373134328358209,0.4791667263740842
vi,la,0.7199558173784978,0.4986085382673442
ang,la,0.5087719298245614,0.3773892246957262
is,la,0.8320427295989631,0.6212574828995345
hyw,la,0.8150618931139278,0.6240925070841565
sr,la,0.8811837842570703,0.7268031916509559
eme,la,0.4198895027624309,0.1716124383849383
es,la,0.8258300680552692,0.6192418802849308
pad,la,0.3829365079365079,0.1463126516656836
af,la,0.7631918910861573,0.5981778978503558
orv,la,0.7778544372294373,0.5733719703108928
th,la,0.5901775897111252,0.4299531067396626
got,la,0.3489899980388311,0.2425700970255799
wbp,la,0.4095238095238095,0.1582944300460747
yi,la,0.8463611859838275,0.6961126883628528
gya,la,0.1913075780089153,0.087693243193865
bho,la,0.504576144036009,0.3651364002593659
kmr,la,0.7736847359488869,0.5608923111613531
krl,la,0.7175177763413058,0.5110930283762204
az,la,0.7828947368421053,0.5714974935784186
no,la,0.8337930908493031,0.6488148747247636
mk,la,0.8610294117647059,0.7293538542611965
sl,la,0.854213010688514,0.6603040533789551
bor,la,0.3854858548585486,0.1746446645049421
wo,la,0.361914832259925,0.2247442000402823
he,la,0.7821809144452389,0.5464588950041451
vep,la,0.5755947812739831,0.4151237408879709
xum,la,0.4018932874354561,0.2685446789318063
ro,la,0.8332194839997898,0.6149975256083647
aln,la,0.5078173858661663,0.384780480244258
cs,la,0.863852892987231,0.6536938826846861
otk,la,0.4113924050632911,0.0838879430428726
ckb,la,0.3524590163934426,0.1915992916152999
sga,la,0.2488317757009346,0.1710720251614291
sdh,la,0.3970588235294117,0.1875598032640286
myv,la,0.4844845806513594,0.2378051954144882
or,la,0.7220602526724975,0.59094555145624
gsw,la,0.4054041174227983,0.2868122286441518
ab,la,0.5122342938119981,0.1615700904227523
hi,la,0.64140468114548,0.5404278096178348
olo,la,0.6686827956989247,0.421874646304623
mdf,la,0.4715679276707114,0.2331890468602424
yrk,la,0.240566037735849,0.0719226486049563
fro,la,0.7430057745917961,0.5583891879464953
nmf,la,0.3788798920377867,0.1855864402739256
koi,la,0.4885954381752701,0.2863857135822955
tn,la,0.2757009345794392,0.2091504509982771
nl,la,0.8088459329187583,0.5999286472017914
si,la,0.6818181818181818,0.6227177352276503
eu,la,0.8042176089275458,0.551078756565884
hy,la,0.8698213515972987,0.6405226399744739
fr,la,0.8101418653788107,0.6150861801719097
hr,la,0.8748145094806266,0.7138958363616011
ka,la,0.8030235879253459,0.5424182167447119
fo,la,0.7737852622546391,0.5689483912293852
ceb,la,0.5163398692810458,0.3140378888192869
bej,la,0.32976319973224,0.1013816909397019
lij,la,0.5899731423455685,0.4536219261863462
nhi,la,0.421519923898108,0.2702326537885517
tpn,la,0.4733806566104703,0.1614597861160255
hu,la,0.7183192955589587,0.5505219037844383
frm,la,0.8132387706855791,0.6343072242168463
ko,la,0.6340134929168094,0.3588788405425193
egy,la,0.1750685871056241,0.0947257260569193
pl,la,0.87447581772435,0.6618569672638991
sab,la,0.3464799115370439,0.2296416440201846
pt,la,0.8318504515858013,0.6129540811863139
sms,la,0.433048433048433,0.1899854341199082
gd,la,0.5446824572992356,0.4569585353237949
lv,la,0.8844255954762477,0.6654575455092808
sk,la,0.8622096672944131,0.672673520542249
myu,la,0.3003913894324853,0.1293448927449557
gwi,la,0.4613095238095238,0.1766203378157075
eo,la,0.8632555356074207,0.7724972699460098
ht,la,0.3893233082706767,0.2926508169918538
arh,la,0.2696438665912945,0.1232844392408104
hit,la,0.1841100076394194,0.13287068417228
sq,la,0.7689335394126738,0.7080513974772445
uz,la,0.8018952062430323,0.5122605796347227
ha,la,0.3780626868431596,0.2067337575273768
pay,la,0.3017543859649123,0.1052241760777412
aii,la,0.1766004415011037,0.0658881305086896
ko,lt,0.6577383413873366,0.3857119966382503
lt,lt,0.9608600705526624,0.8490883154168548
ota,lt,0.6579311501530463,0.4665612772655239
sjo,lt,0.132501948558067,0.0394240514145153
xcl,lt,0.6216992994431472,0.4628005618406926
bxr,lt,0.6500149566257852,0.3752364078783451
lzh,lt,0.1069327284326929,0.1222649589722967
el,lt,0.8017592791246514,0.6105087031248225
egy,lt,0.0277777777777777,0.0499719913448064
say,lt,0.2453831041257367,0.1200428908231654
krl,lt,0.7100840336134454,0.479587039660821
myv,lt,0.4879431261408397,0.238968500306163
or,lt,0.7521865889212828,0.5781172303939563
xnr,lt,0.541368337311058,0.3681862614729846
hbo,lt,0.4889129259058951,0.2523355249412791
sr,lt,0.8686629892303651,0.6814772866591072
hr,lt,0.8672712283594394,0.6981079967238281
ka,lt,0.7987393509627222,0.5332804463610914
otk,lt,0.2974683544303797,0.0352720450281425
sl,lt,0.8480277792849005,0.6694274437031102
da,lt,0.8004589444278161,0.5978172718947288
ro,lt,0.7826353493423012,0.5759292035080534
urb,lt,0.2185792349726776,0.139941574230134
yo,lt,0.265073395608395,0.161384473885026
bg,lt,0.8572246247774103,0.6207155526888888
en,lt,0.770728129599437,0.6119141004690049
oc,lt,0.7134915119626725,0.5724618195355786
wo,lt,0.2843410554647698,0.1871162583512829
akk,lt,0.4296395085677336,0.201874820819181
ar,lt,0.3384371313509335,0.2618414062791667
kk,lt,0.8216248625961827,0.5186417290905915
gun,lt,0.1786232714493086,0.0441263348305605
sah,lt,0.3890410958904109,0.1772616066867505
jaa,lt,0.3565217391304348,0.1539907460960092
ky,lt,0.7890331003763151,0.44158067871872
fo,lt,0.7721763380885981,0.5263481734565497
ha,lt,0.3796036613554411,0.2213596092150938
aii,lt,0.1479028697571744,0.0294190483694856
ajp,lt,0.641318124207858,0.4247079579669335
nhi,lt,0.4153894937110242,0.2845729320501886
scn,lt,0.5761335237415209,0.4501030828982635
cpg,lt,0.6460932370321734,0.3608863392783555
sk,lt,0.8828468298807282,0.7343439564781885
bor,lt,0.3716482164821648,0.1604726740814892
quc,lt,0.3248776590432438,0.1685582770781398
ckb,lt,0.3278688524590163,0.1119035773919805
eu,lt,0.756831049478953,0.4635950665063394
aqz,lt,0.3814713896457766,0.1398405396830158
sga,lt,0.2535046728971962,0.1902200387003733
pt,lt,0.8072757823986557,0.5951131982814921
sms,lt,0.4173789173789173,0.19642265969782
zh,lt,0.3494184182808993,0.2998204350440988
it,lt,0.776701896176562,0.5943203208041294
frm,lt,0.7657162155642399,0.576058060668503
cs,lt,0.8656511083126837,0.6934218860494409
koi,lt,0.5294117647058824,0.3083037164262899
mpu,lt,0.1797752808988764,0.1042140463223412
be,lt,0.8966725043782837,0.681477262751558
azz,lt,0.4119746233148295,0.2440533723819792
tt,lt,0.6385964912280702,0.3002977418939472
abq,lt,0.2315950920245398,0.0809420261841302
bej,lt,0.2452514433938582,0.0756749033792764
gu,lt,0.7129973474801061,0.559120791769455
vep,lt,0.5909439754412893,0.3877852323000219
hi,lt,0.6282421235592905,0.5564235194317378
fr,lt,0.7639685414360935,0.5979161393077861
myu,lt,0.3287671232876712,0.1489405391569496
hsb,lt,0.7612608578848392,0.5622225296998338
id,lt,0.7634992604805664,0.5580185008570382
az,lt,0.7598684210526315,0.5221715799061821
pro,lt,0.6502503320731583,0.5461825645835369
ta,lt,0.7500546687076317,0.4697225037549835
cop,lt,0.0369990202024914,0.0051286031185528
sdh,lt,0.5661764705882353,0.1975748056707577
et,lt,0.8199522858951264,0.5923467946885412
pad,lt,0.4206349206349206,0.1458337587955107
gsw,lt,0.3848646587876477,0.2974676518215494
arr,lt,0.1565329883570504,0.0892679381722818
fro,lt,0.6692552767821585,0.4929044953408933
apu,lt,0.495,0.1648796057235852
af,lt,0.7429196064791812,0.5881808093358769
ltg,lt,0.7411764705882353,0.5254101468829465
eo,lt,0.8749251944943148,0.718993883261832
cy,lt,0.6004346293903442,0.4562326932340267
lb,lt,0.3495145631067961,0.2671574410254798
ru,lt,0.89758565703517,0.6998555789040797
mt,lt,0.2609952135825882,0.1750605751846069
tpn,lt,0.479148181011535,0.177487089064175
hu,lt,0.7937404287901991,0.5921033628832306
ml,lt,0.731585518102372,0.5441808162130919
ug,lt,0.7772507260406583,0.4799529232436743
nmf,lt,0.3556005398110661,0.1744419116968549
wbp,lt,0.4634920634920635,0.1862154153355227
gl,lt,0.7901199494949495,0.5818585649628008
wuu,lt,0.3009153318077803,0.1677076447642591
br,lt,0.5658604837097742,0.4031684716538452
ang,lt,0.4736842105263157,0.3517669405424507
arh,lt,0.2575843225928019,0.1084467721163499
sd,lt,0.666063839406818,0.5118774669347814
ess,lt,0.4435358255451713,0.1451434618974104
lv,lt,0.9026699741271238,0.7131545315988094
la,lt,0.8010724637681159,0.632268251932377
olo,lt,0.6713709677419355,0.3975025556739678
hyw,lt,0.7712549106811949,0.5503203397398536
xav,lt,0.3032603841000447,0.1369947058020006
nds,lt,0.5573680853002825,0.4600229074063168
grc,lt,0.6739057352249042,0.4896094759995674
lij,lt,0.5444643390032826,0.4709965525210812
pay,lt,0.2652631578947368,0.0954730827265501
kmr,lt,0.7848657282619547,0.6030997957219713
tn,lt,0.322429906542056,0.2068029704550442
gub,lt,0.3443231441048034,0.1625293265232107
ca,lt,0.7793658782083543,0.5642360634242671
is,lt,0.8208686712927268,0.6150469248953655
fi,lt,0.8322031094938802,0.583479589721269
bn,lt,0.81875,0.5214864362690449
he,lt,0.6926429033466108,0.4950492198804389
sv,lt,0.8243893084729762,0.641723917026205
yi,lt,0.8017370470200659,0.6343202294063952
aln,lt,0.4603502188868043,0.3705871273480454
sab,lt,0.3251013638039071,0.2190038969173787
ceb,lt,0.4909222948438634,0.3022117314872616
got,lt,0.2550500098058443,0.1382289497109073
ps,lt,0.7383820998278829,0.5614992116533781
naq,lt,0.2305131761442441,0.1240148526370696
sq,lt,0.732612055641422,0.6137745939706796
cu,lt,0.5025641025641026,0.3266658837101919
xpg,lt,0.2916419679905157,0.1507034902490477
mr,lt,0.7524271844660194,0.528431179435894
eme,lt,0.355317679558011,0.1352040335275141
no,lt,0.7933648769615813,0.6075571558172335
jv,lt,0.6511190127588371,0.459162266442162
uz,lt,0.8134894091415831,0.5487616029205279
sme,lt,0.44005994005994,0.2669140367239078
ht,lt,0.2857894736842105,0.2432736560069409
sa,lt,0.4716145483827674,0.2107410928490871
gd,lt,0.5554402189298858,0.4272419293056235
ctn,lt,0.4031850181122274,0.1747080565954364
pcm,lt,0.6705226480836237,0.4907109793160722
yue,lt,0.3892082195717775,0.303609215781439
yrl,lt,0.370888733379986,0.1795319697494044
es,lt,0.8097648999793772,0.5969321296998027
pl,lt,0.8436172903603711,0.631370662682055
gn,lt,0.2580645161290322,0.1278795721187025
de,lt,0.7767817067697051,0.6056799220759305
bm,lt,0.2584822397453519,0.1486673825624338
ckt,lt,0.3468321358589157,0.1734295047160973
tl,lt,0.6766794101583834,0.472694150917673
vi,lt,0.7022827687776141,0.4902239141765896
nap,lt,0.417910447761194,0.3451348779609649
th,lt,0.4237830273548129,0.3919346224858824
bar,lt,0.4753258845437616,0.4011846468577826
mk,lt,0.799264705882353,0.6198607491555382
uk,lt,0.8772895073122249,0.6860365150436368
hit,lt,0.1008403361344537,0.1053247415437893
yrk,lt,0.375,0.1047407511828388
am,lt,0.4492507492507492,0.3303086390324615
gya,lt,0.0687221396731055,0.0528803362796363
si,lt,0.6863636363636364,0.5407938464560365
gwi,lt,0.4880952380952381,0.1770628603482783
kpv,lt,0.4589603283173734,0.2598388510139061
ab,lt,0.5014643363249882,0.1552516672757666
orv,lt,0.7195481601731601,0.508086687993891
te,lt,0.8529819694868238,0.490393509472839
fa,lt,0.7278930198969047,0.5358343198194856
bho,lt,0.4951237809452363,0.3497767407008869
ja,lt,0.1584636309058935,0.1009833750664748
nl,lt,0.7937364201693264,0.6056330396838785
tr,lt,0.7392071439835988,0.4810602490397093
xum,lt,0.2771084337349397,0.1835424567850301
gv,lt,0.3016333236686962,0.211939164811607
hy,lt,0.8411322381340103,0.605965865950757
ur,lt,0.5943536404160475,0.5375894288205094
mdf,lt,0.4839400428265524,0.2566486019409757
ga,lt,0.5799854391422331,0.4274327942148778
wuu,lv,0.4187643020594965,0.2032202796916144
ky,lv,0.8036249136011059,0.4625251354656423
eu,lv,0.7873553786822024,0.5009546833018833
eme,lv,0.3953729281767956,0.1482466681005468
hr,lv,0.902555647155812,0.7872236683182166
jaa,lv,0.3391304347826087,0.1428623386070194
yi,lv,0.8427672955974843,0.7051384999209606
ko,lv,0.67136122499616,0.4410448952932327
gwi,lv,0.4742063492063492,0.1528841078311327
grc,lv,0.6574105201819852,0.4523807486488687
ess,lv,0.2737538940809969,0.1109553161351728
ga,lv,0.6367065987159971,0.4844553753392159
gub,lv,0.4131004366812227,0.163146578250478
gsw,lv,0.3904879908501715,0.3020953748791665
myv,lv,0.5222403689115189,0.240692480131724
te,lv,0.8682385575589459,0.5345379283055325
eo,lv,0.8608617594254937,0.6703866459927612
vi,lv,0.7332106038291605,0.5335423136143559
quc,lv,0.3654249475681614,0.1873834800109639
aii,lv,0.1743929359823399,0.0745801641574265
is,lv,0.8062697641156291,0.6272267100357564
yrk,lv,0.2672955974842767,0.0691953853166979
sd,lv,0.6809838140880731,0.534450148212466
he,lv,0.7898069655806352,0.608279113614393
ceb,lv,0.560639070442992,0.3598026890945004
ml,lv,0.7565543071161048,0.558403452854144
tpn,lv,0.4926796805678793,0.1513310673796041
cpg,lv,0.6727949223024732,0.3664390930865709
cs,lv,0.8891010277450543,0.7798840737686571
mr,lv,0.7645631067961165,0.5840324846438997
no,lv,0.8155245802809697,0.6406660145861003
sms,lv,0.4127492877492877,0.1488864799503218
arr,lv,0.1858559724018973,0.0971160298902663
scn,lv,0.6224562656194217,0.4388612527433115
orv,lv,0.7516098484848485,0.5339017519490554
oc,lv,0.7541943810185645,0.5512705876061293
kmr,lv,0.7641010282519717,0.5627832817319319
en,lv,0.7843015793568593,0.6247020921368512
bej,lv,0.3085097481382311,0.096212934727244
lv,lv,0.976687738390547,0.8798104831952591
otk,lv,0.3924050632911392,0.0934541397817041
bar,lv,0.5042564511838254,0.4206414568517703
krl,lv,0.7259211376858435,0.5137900823073939
tn,lv,0.3364485981308411,0.2123137201452749
da,lv,0.8391699092088197,0.6567453249338691
hy,lv,0.8637865798170411,0.6811161316733002
tl,lv,0.760786455488804,0.5568434215759033
tt,lv,0.6447368421052632,0.3614260936282452
pt,lv,0.8829237555135476,0.673472201339826
hsb,lv,0.760634010925047,0.5908371220306482
ang,lv,0.47953216374269,0.333976377356408
ctn,lv,0.412275305857426,0.1647255275836177
nl,lv,0.852201493469194,0.6504985287102265
fa,lv,0.7539158801703314,0.5442401046716507
frm,lv,0.7928788536691272,0.5776836985513367
abq,lv,0.2668711656441718,0.0622792278966922
xnr,lv,0.5051710421638823,0.3810481330017409
sv,lv,0.8409399339155063,0.6539277334693626
sa,lv,0.4366304299199212,0.1880948896780375
br,lv,0.5857485508694783,0.4080815350729623
si,lv,0.7022727272727273,0.5991703706326252
ca,lv,0.8513839959738299,0.6601968230370533
it,lv,0.8446844886540255,0.6548844898924985
pl,lv,0.8697498568899183,0.6673156887358895
xav,lv,0.341223760607414,0.15246797521581
ckt,lv,0.3424232527759634,0.1551138673632506
cy,lv,0.6396100082227182,0.5586669765592231
fo,lv,0.7617183310093317,0.532343294809043
bor,lv,0.3800123001230012,0.1617816901020078
lij,lv,0.5831095195464041,0.4545289074725799
bxr,lv,0.6394456077375611,0.3706326699985497
ab,lv,0.5550307038261691,0.1764891431447313
fr,lv,0.8180819666633129,0.6460906024489778
sga,lv,0.2698598130841121,0.182371962796828
mt,lv,0.3038923507631175,0.1766591524065632
ta,lv,0.7791384211677236,0.4755177569588428
nmf,lv,0.3626855600539811,0.1839452194203012
uz,lv,0.8146042363433668,0.5873144498388714
hu,lv,0.7887633996937213,0.5971295700996573
gun,lv,0.1114676445870578,0.0582193823582212
lb,lv,0.3592233009708738,0.2363429127714842
th,lv,0.6398893812681171,0.4692947867473812
gya,lv,0.1768202080237741,0.0609820843054251
egy,lv,0.2647462277091906,0.0973070417260257
af,lv,0.7863460200735367,0.6107596502971331
zh,lv,0.5395658744333013,0.3898774358472906
bm,lv,0.2877088909788034,0.1676673529154106
sk,lv,0.8903797865662273,0.7650988979228155
bg,lv,0.8789112185194607,0.6401200163427629
ota,lv,0.6661495240890604,0.4385871290232421
got,lv,0.2681898411453226,0.1551518526571751
ru,lv,0.9226736872623884,0.7950395043093945
ps,lv,0.7681337595279075,0.6777081560047584
ug,lv,0.778025169409487,0.4892665107428092
ur,lv,0.6455491017155207,0.5427464075761936
hbo,lv,0.5006084369929692,0.2743979771618516
cop,lv,0.0268744459478374,0.0506441852520618
ajp,lv,0.679340937896071,0.453144318583134
kk,lv,0.8223243729389428,0.5162622052307531
naq,lv,0.2515025427646787,0.126498904912003
say,lv,0.2857563850687623,0.1358512839623657
sdh,lv,0.4044117647058823,0.1392722473604826
akk,lv,0.4394600711283543,0.198496598936559
ha,lv,0.3982802724442937,0.2245690062647645
be,lv,0.9149987490617963,0.721125792042933
ja,lv,0.1182639741158094,0.127623565816788
myu,lv,0.337573385518591,0.123793072662484
nds,lv,0.5576414836416659,0.4513183386921223
aln,lv,0.5292682926829269,0.3708739653490069
fro,lv,0.7026583034647551,0.4917599095799856
pad,lv,0.3968253968253968,0.1432130112620115
la,lv,0.8302125603864734,0.6770847289436945
ro,lv,0.8160720228399279,0.64247479204503
tr,lv,0.7609209903800662,0.523227033548075
ltg,lv,0.8,0.6210330645052141
aqz,lv,0.4168937329700272,0.1450915774648358
yrl,lv,0.3920823752874138,0.1688693150062764
bho,lv,0.50847711927982,0.3351214559195434
arh,lv,0.2736009044657999,0.124382457071431
hit,lv,0.1787624140565317,0.1282405273932678
yue,lv,0.5219859175168846,0.3633429217645236
ka,lv,0.7933717437336879,0.5730831792647899
pro,lv,0.6337999386941862,0.5057524891116794
sr,lv,0.9125295508274232,0.8193747660828421
sab,lv,0.3719130114264651,0.2182449501872537
mpu,lv,0.2134831460674157,0.1244761904761904
es,lv,0.8655392864508146,0.6608928511754542
olo,lv,0.6901881720430108,0.4058750572226048
hi,lv,0.6483065863413152,0.6035768455328498
cu,lv,0.5160069703759024,0.3111610591342569
pcm,lv,0.6289198606271778,0.4723621777948577
gl,lv,0.8792613636363636,0.6869546263632993
mk,lv,0.8036764705882353,0.6393965051585098
de,lv,0.8262469995901879,0.6900399614671795
xum,lv,0.2633390705679862,0.162930449997637
gv,lv,0.3187397313230888,0.2071012298097023
lt,lv,0.9129850495548464,0.7146355625794236
am,lv,0.4953046953046953,0.3265638027463329
sjo,lv,0.0971031436736814,0.0389069986166589
jv,lv,0.6830509656278324,0.5167421347777587
ckb,lv,0.3442622950819672,0.1357887674908951
urb,lv,0.2158469945355191,0.1363263883407627
gn,lv,0.2811059907834101,0.1757764900900246
el,lv,0.8531073446327684,0.6637421999802531
koi,lv,0.5126050420168067,0.2866578424119627
azz,lv,0.4195083267248216,0.2348463264738977
gd,lv,0.6060205718599604,0.4577007413588387
et,lv,0.8374149991073891,0.6449288904001618
hyw,lv,0.7986806018827366,0.6006200747898077
nap,lv,0.4577114427860697,0.3413644813356421
wo,lv,0.3632605979044506,0.2319712746521391
apu,lv,0.456,0.1267359600863291
kpv,lv,0.4620871604455736,0.2431405911161628
xcl,lv,0.6333752469911982,0.4649582823450469
az,lv,0.7554824561403509,0.4914776283584969
sl,lv,0.8676414736042537,0.7006150038394159
sme,lv,0.4429570429570429,0.274387180673999
bn,lv,0.8375,0.6087469028870139
or,lv,0.7842565597667639,0.6019226459876007
sah,lv,0.421917808219178,0.1857813182527688
vep,lv,0.5587106676899463,0.3693913180020606
yo,lv,0.3003760766711149,0.1565802702350347
id,lv,0.8141017869699101,0.6861954985584864
pay,lv,0.2886549707602339,0.1003516109588992
xpg,lv,0.2963841138114997,0.1690139690125912
gu,lv,0.709814323607427,0.5615618435884334
mdf,lv,0.4977397097311444,0.219957170831516
nhi,lv,0.408941972307367,0.264559737672041
sq,lv,0.7642967542503863,0.6605195250735555
uk,lv,0.9067158881158596,0.7550259566699353
lzh,lv,0.3640391295101722,0.2193459339982448
wbp,lv,0.4412698412698412,0.1738021802111916
ht,lv,0.3642857142857142,0.2727322425250503
fi,lv,0.8359521446686514,0.6169002725089691
ar,lv,0.30938453402758,0.3110722590749718
grc,lzh,0.3990004258275622,0.2177505638297077
gd,lzh,0.3085778994054921,0.1832321440235575
scn,lzh,0.1949303820064263,0.1107884959272351
br,lzh,0.2764341395162902,0.1476788944365246
sah,lzh,0.1458904109589041,0.0512048115964163
tl,lzh,0.3418896777717094,0.1641413458306375
lt,lzh,0.4429699311271627,0.183210111137514
ug,lzh,0.4898354307841239,0.1868277794451884
es,lzh,0.3034027634563828,0.1631621624142319
ckb,lzh,0.0737704918032786,0.0324504237105863
frm,lzh,0.2996092053842814,0.1626053264182327
el,lzh,0.291854394622041,0.1428970822981758
or,lzh,0.4655004859086492,0.2255989651811329
azz,lzh,0.0989294210943695,0.0486073358430143
si,lzh,0.4056818181818182,0.2574885846085778
bej,lzh,0.1066019579951468,0.0295336168734596
mpu,lzh,0.196629213483146,0.0480160405234276
yrl,lzh,0.1294611616515045,0.041343281754761
tr,lzh,0.4515849235136414,0.2029307987664109
vi,lzh,0.4525036818851252,0.2116607219173134
la,lzh,0.3708019323671497,0.1897733559826267
naq,lzh,0.0853444290337494,0.0355744179766501
gv,lzh,0.1585966946941142,0.0476240543729035
bho,lzh,0.2804201050262566,0.0970572655801981
tn,lzh,0.1728971962616822,0.0893326118326118
ka,lzh,0.4134042448416802,0.1908262408678943
ab,lzh,0.0694378837978271,0.0395483095209538
urb,lzh,0.1830601092896175,0.0614223994501151
wbp,lzh,0.1238095238095238,0.0580764010083381
kk,lzh,0.4861596882182472,0.2225939124364335
de,lzh,0.3059003180922272,0.1704526939806713
sl,lzh,0.2860940806250339,0.1505966945961692
sme,lzh,0.1158841158841158,0.0566481506658288
xnr,lzh,0.2370723945902943,0.105203436902817
lij,lzh,0.2105341689048045,0.1029899804621863
ajp,lzh,0.3067173637515842,0.1575895620026774
it,lzh,0.2956014920733603,0.1685081847578511
koi,lzh,0.1404561824729892,0.0459145769013392
aii,lzh,0.1346578366445916,0.0247779336138382
ckt,lzh,0.0630306988896146,0.0217691751197354
nhi,lzh,0.1008350068703096,0.0806313066052495
ha,lzh,0.1428175177982556,0.0484503715084924
sjo,lzh,0.3019615484541439,0.0372268505242295
eu,lzh,0.4367358660868138,0.1879893051167948
akk,lzh,0.3346265761396702,0.1178957546787718
ps,lzh,0.2790754856159331,0.1605564781358392
ltg,lzh,0.3588235294117647,0.1642000452841161
sd,lzh,0.3531964915453476,0.1689645592611982
xcl,lzh,0.2861505299083887,0.1632547154249656
zh,lzh,0.5918280899390942,0.3212817240828995
wo,lzh,0.1782178217821782,0.0704767845986205
ko,lzh,0.4658364545057126,0.2076560454613834
hsb,lzh,0.249126891734575,0.1232512867529801
ru,lzh,0.366799627771257,0.1741341766022026
mr,lzh,0.3834951456310679,0.2389552552492598
th,lzh,0.5288708226435211,0.2646085324624376
ky,lzh,0.5822133476691498,0.2253786745208053
mdf,lzh,0.1563169164882226,0.0380541630584643
lb,lzh,0.1650485436893204,0.0536467212089698
be,lzh,0.3817863397548161,0.1571022422462897
pay,lzh,0.0938011695906432,0.0329822814912266
sv,lzh,0.3484481944772244,0.1911813629923617
gn,lzh,0.1474654377880184,0.0558505433421728
ceb,lzh,0.1938997821350762,0.1198641672232801
aln,lzh,0.2970606629143214,0.123627322469863
gya,lzh,0.1619613670133729,0.0526837003263698
hi,lzh,0.3623922104659208,0.1998338110983446
jv,lzh,0.3465104929233772,0.1619850589966406
no,lzh,0.3485083761120955,0.2085057605713415
sga,lzh,0.1728971962616822,0.0809968472848777
cy,lzh,0.2652413955127452,0.1661247764924092
eme,lzh,0.142610497237569,0.0472178034638361
nl,lzh,0.3301366099747758,0.1797580213208495
ro,lzh,0.3319846566128947,0.1522686642896885
fa,lzh,0.349777124785218,0.1757351471297666
ota,lzh,0.4030776971780787,0.1607238201200211
fro,lzh,0.2928116288331342,0.1481528950692848
te,lzh,0.5353675450762829,0.2581895787146663
he,lzh,0.3494025125114901,0.1644651608878542
xum,lzh,0.1721170395869191,0.0573014134097415
bm,lzh,0.1509079071113361,0.050164883472756
yo,lzh,0.1304136843382263,0.0448479393893575
en,lzh,0.3147860905590438,0.1818069437112147
say,lzh,0.1214145383104125,0.0326391689552935
aqz,lzh,0.1662125340599455,0.054620836732074
xpg,lzh,0.1274451689389448,0.0646868983698219
ml,lzh,0.4719101123595505,0.228859480685021
pl,lzh,0.3572560139515688,0.1635167497401596
cs,lzh,0.334465342378573,0.156986654520385
arh,lzh,0.1004333898624458,0.0334526813244792
et,lzh,0.4029407468718048,0.2023621599089355
xav,lzh,0.0915587315765966,0.0273951810151686
pro,lzh,0.2722999897823643,0.1426835548643917
sa,lzh,0.2610835234644119,0.0715454566395431
ga,lzh,0.2830432192732808,0.1557586878351138
olo,lzh,0.3333333333333333,0.1401632903152663
myv,lzh,0.1524642136612546,0.0434555913609779
bxr,lzh,0.3133911656197028,0.1508337239362332
yi,lzh,0.3252470799640611,0.2211612894722201
id,lzh,0.4102756831462308,0.1841911230497193
sq,lzh,0.3183925811437403,0.1844526393032686
eo,lzh,0.3348294434470377,0.1924997802359966
gub,lzh,0.1077510917030567,0.028201227403671
ang,lzh,0.1871345029239766,0.092838035663259
yrk,lzh,0.1234276729559748,0.0399483867140282
hr,lzh,0.3435696619950535,0.157873581748152
nds,lzh,0.2147999635468878,0.1187558967983664
hyw,lzh,0.3933733600177896,0.2032138146828162
sab,lzh,0.1728713601179506,0.0704652263359649
apu,lzh,0.122,0.0315152955227874
orv,lzh,0.3282467532467532,0.1373848441487855
am,lzh,0.3120879120879121,0.1727468397274252
mt,lzh,0.1414250880520184,0.052828692363856
gwi,lzh,0.1626984126984127,0.049913261608852
nap,lzh,0.1940298507462686,0.1046458013531184
ess,lzh,0.1429127725856697,0.040054094357373
cu,lzh,0.260891212347523,0.1080921914521759
bar,lzh,0.1945996275605214,0.1210204679988676
kmr,lzh,0.3637815713287411,0.1929079308267295
fo,lzh,0.3155636597661697,0.1671641462398487
wuu,lzh,0.3867276887871853,0.2337239338611171
hit,lzh,0.2383498854087089,0.074279118808988
got,lzh,0.1666993528142773,0.0582997856099401
myu,lzh,0.1272015655577299,0.0280418324259343
ctn,lzh,0.1019752580138063,0.0314778607747054
krl,lzh,0.3377504848093083,0.1390484420178691
gsw,lzh,0.1500667174990469,0.0905895723386126
ta,lzh,0.5184780231795321,0.2751850081163508
quc,lzh,0.1111554978527913,0.0463108064382703
kpv,lzh,0.1229235880398671,0.0552203335614585
af,lzh,0.333101460796979,0.1925136533471485
ja,lzh,0.1570504136051385,0.0832919571415654
yue,lzh,0.5579824687455094,0.3580137247621244
gu,lzh,0.3777188328912467,0.2053295334508591
jaa,lzh,0.2,0.0878394741394222
mk,lzh,0.3727941176470588,0.2188510318512554
lzh,lzh,0.8775430637272276,0.6600703539508888
tt,lzh,0.331578947368421,0.1271524085561045
abq,lzh,0.1380368098159509,0.0515979193003055
ur,lzh,0.3542482777252465,0.2227987248126826
tpn,lzh,0.1002661934338953,0.0588094409330301
is,lzh,0.3667493546981328,0.2111825674385486
bn,lzh,0.440625,0.2550821875234539
pad,lzh,0.1071428571428571,0.0426660428447206
ca,lzh,0.2926186881395739,0.1514477282226057
sr,lzh,0.3442780842308029,0.1585319719324827
oc,lzh,0.2841258810682021,0.1345364977006015
nmf,lzh,0.1791497975708502,0.0515461771941665
hy,lzh,0.4304324919775851,0.2089121459133868
sms,lzh,0.0605413105413105,0.019182252854621
pcm,lzh,0.253588850174216,0.154947557713937
ht,lzh,0.2128571428571428,0.0970784612609521
lv,lzh,0.4430396628524179,0.2038753852894626
otk,lzh,0.0949367088607595,0.0184615384615384
egy,lzh,0.2842078189300411,0.08264660686383
gl,lzh,0.2949021464646464,0.1473964403475648
hu,lzh,0.3847626339969372,0.1855782748417442
az,lzh,0.4276315789473684,0.2489366254405074
gun,lzh,0.1922224768889907,0.0257809196040156
uk,lzh,0.3531165696436177,0.1645131837830857
sk,lzh,0.3757062146892655,0.1682760480500906
uz,lzh,0.5171683389074694,0.2154412521239548
cop,lzh,0.1494424485606308,0.0186072721146528
cpg,lzh,0.2127380170715692,0.0775963435521549
pt,lzh,0.3070951480781348,0.1568641984301621
fi,lzh,0.4469483956334766,0.1968189080553591
arr,lzh,0.1039241052177662,0.0279687345836251
bg,lzh,0.3473034851182905,0.1705318660689706
fr,lzh,0.2880655330851527,0.1714253798525813
ar,lzh,0.1787902208843509,0.0805156749648996
bor,lzh,0.1412669126691267,0.0882219384316443
da,lzh,0.3485982240846054,0.2028382972469787
vep,lzh,0.2755180353031465,0.1542530994373363
hbo,lzh,0.2605462412114656,0.1068688683822562
sdh,lzh,0.1691176470588235,0.0446428571428571
gwi,mr,0.4712301587301587,0.1356095611854599
am,mr,0.4551448551448551,0.3238172864562194
ab,mr,0.446008502598016,0.1493277577148435
fo,mr,0.6609996782151668,0.4854225472943709
vi,mr,0.6653902798232695,0.433842382099259
yi,mr,0.7692922032544675,0.575020471553233
en,mr,0.7371240540955741,0.5508763461163589
tn,mr,0.3130841121495327,0.2064684576365303
xum,mr,0.2030981067125645,0.1187549038939608
sr,mr,0.714035548550915,0.4964091918126538
xcl,mr,0.6482845338602479,0.4812552487469802
sk,mr,0.6736503452605147,0.4567933496024821
kk,mr,0.7741580893374638,0.5019886629604701
nmf,mr,0.332995951417004,0.1727594013103817
si,mr,0.7261363636363637,0.5778967167608011
pay,mr,0.2923976608187134,0.1078382117804586
de,mr,0.7509123197314755,0.540756855020125
ajp,mr,0.6286438529784537,0.4467367923014534
ota,mr,0.667994465176737,0.4992049415586791
wbp,mr,0.4095238095238095,0.1468463282058819
gsw,mr,0.4936618375905451,0.3242543020063353
ps,mr,0.6884681583476764,0.466414612048752
lt,mr,0.7864102133378129,0.5155751821917909
fi,mr,0.8163110596537656,0.5677243036808596
or,mr,0.7376093294460642,0.5996531432907319
cs,mr,0.7032213510988341,0.4916016247588695
eme,mr,0.235842541436464,0.1183885571945444
ml,mr,0.714107365792759,0.4854204005891548
gun,mr,0.1796164718465887,0.0461220455671755
hu,mr,0.788093415007657,0.6030463321040374
olo,mr,0.6848118279569892,0.4295843196356227
el,mr,0.7592433669455768,0.5269452061800439
cu,mr,0.4513816280806572,0.2718424221651798
te,mr,0.811373092926491,0.4432802865158369
nl,mr,0.7140431058165381,0.5283659240618168
bej,mr,0.2720274454020584,0.086720641303779
hr,mr,0.7101401483924155,0.4896188865305824
wuu,mr,0.425629290617849,0.235039760592996
hi,mr,0.7800165375723519,0.5810216252581163
sab,mr,0.3755989679321784,0.1836180805211544
abq,mr,0.2269938650306748,0.0849479387616035
gd,mr,0.5367556855713881,0.4330617552477149
got,mr,0.2276917042557364,0.1172888673844055
la,mr,0.694376811594203,0.5212018629208033
kpv,mr,0.4625757279656048,0.2536618179894256
uk,mr,0.7373988357234134,0.5076809902368901
sq,mr,0.6823802163833076,0.5317300197527797
fr,mr,0.7365009893684811,0.5646463752912697
scn,mr,0.6014816137093895,0.4681451727329494
ug,mr,0.7678606001936108,0.4607470360932455
cpg,mr,0.639527248850952,0.3395707945921926
yrl,mr,0.34629611116665,0.157660173265602
wo,mr,0.3224069979813515,0.1982119741791128
naq,mr,0.2817383263985206,0.1571872991739289
ro,mr,0.6924141313295851,0.4861151706058249
ky,mr,0.7392673373780816,0.4281761613034006
no,mr,0.7152121887502512,0.5409582049694215
cy,mr,0.5267825678374252,0.4008011479764172
mr,mr,0.912621359223301,0.7474177376264648
ru,mr,0.7400571436587841,0.5051034617683503
ltg,mr,0.6176470588235294,0.3835614649730732
aln,mr,0.5480925578486554,0.4311096258881564
azz,mr,0.4307097541633624,0.2417210178858844
ckt,mr,0.3079686479425212,0.1585050915649907
gl,mr,0.7573863636363637,0.5209160157375523
xav,mr,0.2849486377847253,0.1269708925605816
xpg,mr,0.2454060462359217,0.111236503206247
jv,mr,0.5525343373073973,0.3586691387889816
pad,mr,0.3452380952380952,0.1401966462924509
eo,mr,0.7896469180131658,0.6436764150589102
ko,mr,0.6485343289577844,0.4063491689240215
ca,mr,0.6918470055359839,0.4956929809567298
frm,mr,0.7189173541757128,0.5464003283445502
gu,mr,0.7671087533156499,0.6130084888333482
hit,mr,0.174942704354469,0.1147172055367625
egy,mr,0.078875171467764,0.0587128309773516
gya,mr,0.0731797919762258,0.0455978482451067
myu,mr,0.2778864970645792,0.1238242422540572
otk,mr,0.2974683544303797,0.0364906832298136
pl,mr,0.6975118814649147,0.4751957619459422
hyw,mr,0.7625083388925951,0.5627029674604993
ha,mr,0.3620365519154313,0.2049664006034638
ceb,mr,0.4364560639070443,0.2764811079315455
tpn,mr,0.4081632653061224,0.16288113724819
mpu,mr,0.1797752808988764,0.1363673978230031
sme,mr,0.3965034965034965,0.2425519502862367
es,mr,0.7352237574757682,0.5482477783529986
bxr,mr,0.6055439226243893,0.3997588737931438
hsb,mr,0.5989970448643324,0.376157149106224
lzh,mr,0.306939817112072,0.1961921465295042
pt,mr,0.760932577189666,0.5377443460002728
urb,mr,0.1912568306010929,0.1359757672733856
da,mr,0.7599521101466626,0.5693867864789884
yrk,mr,0.3286163522012578,0.1176729061285015
nds,mr,0.5864394422673835,0.4472849308519767
lij,mr,0.5795284989555357,0.4444762115612605
grc,mr,0.66866133261615,0.4478217334950721
akk,mr,0.2959505334626576,0.1590503424733619
eu,mr,0.7390662181012554,0.4356062459685046
gub,mr,0.281004366812227,0.1226353238581344
tr,mr,0.7194645954896703,0.500618251667407
vep,mr,0.5326170376055257,0.3458884401247614
krl,mr,0.6748545572074984,0.4530913009718781
sv,mr,0.759189874911494,0.5717663594655998
az,mr,0.7379385964912281,0.5731560663179913
gn,mr,0.1889400921658986,0.1390980478275206
mdf,mr,0.4718058529621698,0.24571826011426
myv,mr,0.4650782976270535,0.2401996129501426
aii,mr,0.152317880794702,0.0321225264299268
nap,mr,0.4079601990049751,0.312278926484561
say,mr,0.2680746561886051,0.1273910238166488
nhi,mr,0.3964697177888172,0.2410421328414767
quc,mr,0.2863277738939379,0.1373110473034108
yue,mr,0.4867078603247593,0.3946905200804036
bar,mr,0.5547353019420058,0.3877205333572133
xnr,mr,0.5767700875099443,0.4312360857984874
br,mr,0.5640615630621627,0.362924330110734
ja,mr,0.2212641388140662,0.1387638084133244
ht,mr,0.3616541353383458,0.2688684724930607
tt,mr,0.5627192982456141,0.2961274135345164
hy,mr,0.7969251400929164,0.5873406793364921
sjo,mr,0.1271109379059496,0.0276069247947264
af,mr,0.7401371360429295,0.5382372503745771
is,mr,0.7140446738851083,0.5258039817975433
bho,mr,0.5831957989497374,0.3776654547270173
jaa,mr,0.3826086956521739,0.1526767018292442
fa,mr,0.6968897078965062,0.5431243781943973
ctn,mr,0.3623812453010731,0.1507829244120041
sd,mr,0.7936522289537933,0.6121856545566324
ckb,mr,0.360655737704918,0.1802218152218152
fro,mr,0.6762495021903624,0.4828920083934361
pcm,mr,0.701184668989547,0.4679176485194278
et,mr,0.8245451742214,0.6126091212480501
mt,mr,0.315181071073783,0.1835489296250144
id,mr,0.6518439492762408,0.4477029776825535
bg,mr,0.7167387433223098,0.5704816174271008
ka,mr,0.8107549120992761,0.5259939466711041
ess,mr,0.2297507788161993,0.1042855507051755
bor,mr,0.3362238622386224,0.1437686438808039
sl,mr,0.7115186370788346,0.5373710976906028
ga,mr,0.5244556224766695,0.38910710153269
cop,mr,0.0369523631782764,0.0049088880624767
sa,mr,0.4043752516440746,0.185973212845958
sdh,mr,0.5808823529411765,0.2465471650139842
be,mr,0.7174130597948462,0.4798797709715938
apu,mr,0.402,0.1328582070830453
pro,mr,0.6119341984264841,0.4721937463158759
uz,mr,0.7875139353400223,0.5328993690398857
ang,mr,0.3976608187134502,0.2818736410896253
he,mr,0.7075886017771422,0.5085446702950495
koi,mr,0.5162064825930373,0.3067146796068727
sms,mr,0.4622507122507122,0.2173076962695053
ar,mr,0.3308953341740227,0.2377788472388428
yo,mr,0.271988353754701,0.1508592167229296
orv,mr,0.6107548701298702,0.4094352817147553
lv,mr,0.7759729001627057,0.5285859261275355
sah,mr,0.4082191780821917,0.2148060067357751
arh,mr,0.2430751837196156,0.1008961558382588
mk,mr,0.7433823529411765,0.5769669755788454
ur,mr,0.7509117925165474,0.6431285150371541
zh,mr,0.474172276411595,0.3105030451437864
it,mr,0.7500310848616724,0.5745445740931535
oc,mr,0.6987987689863993,0.5193869496760734
bm,mr,0.2812703465239094,0.1598642815277427
lb,mr,0.470873786407767,0.2778344671201814
tl,mr,0.5756417258328782,0.4127684231556423
hbo,mr,0.4410492157923201,0.2845714242634933
bn,mr,0.834375,0.5208683867836629
arr,mr,0.1185855972401897,0.0589456572396831
sga,mr,0.2219626168224299,0.1528554734800879
ta,mr,0.7087251257380276,0.478814576190594
gv,mr,0.28481685512709,0.1568653767061661
th,mr,0.509879052410622,0.3398452453875232
kmr,mr,0.6728561445542578,0.4871291512619882
aqz,mr,0.3303814713896458,0.1203258638763499
mt,mt,0.9416598934344804,0.881647973820105
abq,mt,0.3542944785276073,0.0950695707755353
vi,mt,0.569440353460972,0.3232175023024628
yo,mt,0.3029236928302802,0.1592723018750736
bej,mt,0.3985440548908041,0.1522131163667109
fr,mt,0.5247174430693899,0.3600878929881745
gya,mt,0.1920505200594353,0.1091529902290825
bm,mt,0.2646314114157563,0.1619905225871991
sah,mt,0.2979452054794521,0.1837246034048214
frm,mt,0.5361123172673324,0.3407693593369495
pl,mt,0.6449272468282812,0.3549762473511593
myu,mt,0.286692759295499,0.1449020942370455
gl,mt,0.586126893939394,0.3871232798407057
nds,mt,0.4598560102068714,0.3051043135616691
arr,mt,0.1423027166882277,0.0805351958130905
uz,mt,0.664659977703456,0.385157551598771
ky,mt,0.6679978496275247,0.3176424384400547
hr,mt,0.6298021434460016,0.3639281300138712
pad,mt,0.4166666666666667,0.1559980565216865
quc,mt,0.3089983022071307,0.1493070830385131
arh,mt,0.276615790465423,0.1350696752713503
ro,mt,0.6093916942532359,0.3734551824454508
koi,mt,0.4657863145258103,0.2214854445679052
tn,mt,0.3317757009345794,0.2121624303934268
azz,mt,0.4202022204599524,0.2346682767293393
id,mt,0.5876633610552093,0.3373864595996638
lt,mt,0.702166974634638,0.4077063966971975
gsw,mt,0.4171273351124666,0.2807219244438012
ang,mt,0.4502923976608187,0.2511885366329519
et,mt,0.6313841959199572,0.3726965806613689
pro,mt,0.5061816695616634,0.3200622811852142
ta,mt,0.6057292805598076,0.2842685980789757
yrl,mt,0.3667899630110967,0.1820179124606947
cs,mt,0.6307159009356678,0.3911076818691611
ug,mt,0.6381413359148113,0.2789681455256811
gd,mt,0.4487118995942248,0.3463238010073083
ar,mt,0.2269779929219379,0.1945696889240106
ga,mt,0.4645906413395989,0.3282198039469662
ota,mt,0.4568745020755587,0.2555634871820442
sab,mt,0.3564319941024696,0.1941474681924625
hi,mt,0.4214887190131456,0.2683191330681811
es,mt,0.5118374922664467,0.3480853784045033
ckb,mt,0.3934426229508196,0.173197923507521
fi,mt,0.6399961406990848,0.3751404175283755
sq,mt,0.5672333848531684,0.3715118199780497
tr,mt,0.614621116543132,0.3266345840093314
mr,mt,0.558252427184466,0.2880363849822917
xum,mt,0.2512908777969019,0.1633162645969454
mpu,mt,0.2134831460674157,0.1353485859834395
ceb,mt,0.5199709513435004,0.2731429366148981
he,mt,0.6210465393388486,0.3739177031984171
nhi,mt,0.4565056547933622,0.2587832011720783
gu,mt,0.5177718832891247,0.3325988877229475
ab,mt,0.556353330184223,0.1648752038210845
aln,mt,0.4208255159474671,0.2964130494907682
lij,mt,0.4468815279021187,0.3171369741211373
ctn,mt,0.4061239833230811,0.1653110580347372
hu,mt,0.5931278713629403,0.337223255188911
lv,mt,0.6780027206529567,0.4079837287514644
en,mt,0.3560565139178655,0.2933928539709933
jv,mt,0.5578330893118595,0.3422370880607333
la,mt,0.5882898550724638,0.3748846681157598
is,mt,0.5712122735856435,0.3790421180087379
or,mt,0.5510204081632653,0.2960282368968999
af,mt,0.5282718871111994,0.3524358802452152
gun,mt,0.0515700206280082,0.0490924594954855
te,mt,0.6685159500693482,0.3144843536133122
wo,mt,0.3524944727482457,0.2133731251819918
eo,mt,0.6912028725314183,0.4307374398107592
xnr,mt,0.3918058870326173,0.2193856028971299
gwi,mt,0.5416666666666666,0.1663498044844245
pcm,mt,0.3949825783972125,0.2484783294422503
ess,mt,0.2476635514018691,0.1001185523736649
ca,mt,0.6531118939775206,0.4216691179659489
lb,mt,0.3932038834951456,0.198954186937933
ja,mt,0.0762738878883027,0.0778992645352976
scn,mt,0.4945555158871831,0.3169764247386896
da,mt,0.5730819116033123,0.3734417996266919
el,mt,0.5709432882786241,0.3831993979317316
yrk,mt,0.2900943396226415,0.1092697403749683
myv,mt,0.4559515803631472,0.2302768598445776
akk,mt,0.315470417070805,0.209990580364239
sdh,mt,0.3014705882352941,0.1333665172132379
ur,mt,0.4417128191273808,0.2614637028521774
sga,mt,0.1717289719626168,0.0872200072472207
uk,mt,0.6568223768280562,0.3739421998196317
orv,mt,0.5779761904761904,0.3472360809092811
xav,mt,0.2934345690040196,0.128573492873069
aii,mt,0.2008830022075055,0.1030861939340111
yi,mt,0.5926924228811021,0.3788986962262196
bor,mt,0.3651291512915129,0.1558588617264885
ml,mt,0.5880149812734082,0.3158103916850209
cop,mt,0.0253814211729575,0.0180971390552228
otk,mt,0.2974683544303797,0.0337401292175161
cpg,mt,0.5664259137666886,0.3199538568531569
ha,mt,0.3471199186365457,0.1729922297136857
nap,mt,0.472636815920398,0.318685466597092
naq,mt,0.2725843735552473,0.1457692878352893
de,mt,0.4883740218176141,0.3269476562075122
wbp,mt,0.4285714285714285,0.2154540470422744
az,mt,0.6557017543859649,0.3545837619187589
ltg,mt,0.6411764705882353,0.3677529286489844
it,mt,0.6319940938762822,0.429639035717534
bho,mt,0.4084021005251312,0.2168780703288016
kk,mt,0.6762266413510543,0.3701248855911088
sk,mt,0.6887162586315129,0.3789476244189801
olo,mt,0.5497311827956989,0.2737904922342801
sa,mt,0.2906544982776361,0.1420995500153435
gn,mt,0.2488479262672811,0.1836796024276509
tl,mt,0.571818678317859,0.3628400174731818
ka,mt,0.6555374993844487,0.3395585221708431
apu,mt,0.394,0.1419231588714319
hy,mt,0.6804923607452464,0.4072335224526002
mk,mt,0.6529411764705882,0.4116536055820524
nl,mt,0.5416697884668215,0.3511769645114733
no,mt,0.5675112808052759,0.3776107095421602
bxr,mt,0.534051251371024,0.2891455469942613
bg,mt,0.6416306283388451,0.3781600553340883
xpg,mt,0.2625963248369887,0.1428956351062466
yue,mt,0.3932317861761747,0.2160235382713882
kpv,mt,0.4322845417236662,0.2135808781007794
krl,mt,0.5843568196509373,0.2848272661103289
ckt,mt,0.3866753755715219,0.1871558904788511
sl,mt,0.6269057566057187,0.3986332143270144
wuu,mt,0.4096109839816934,0.1733178513747619
kmr,mt,0.5459718478586403,0.3550597379024947
si,mt,0.4920454545454545,0.3135114831602057
say,mt,0.2817288801571709,0.1428457904836377
bn,mt,0.65,0.3299187421424893
hit,mt,0.2314744079449961,0.1277900146387262
oc,mt,0.5678546609748834,0.353724437506242
hbo,mt,0.4761357490535424,0.2834190820660641
tt,mt,0.5271929824561403,0.3650636144169899
fro,mt,0.4909398645957786,0.3090076768516882
tpn,mt,0.4066104702750665,0.1548505964345119
grc,mt,0.5211008763082992,0.3149602928869373
bar,mt,0.4301010907156158,0.2892267599321589
vep,mt,0.4627782041442824,0.2865909691871974
sr,mt,0.6290167235793713,0.3501551544845652
th,mt,0.3238929797087929,0.1850499217830103
pt,mt,0.5582314639781558,0.3558039088377284
cy,mt,0.46675672500881,0.3197028802299146
lzh,mt,0.2881193733607429,0.1465418497007858
sjo,mt,0.0958690568978955,0.0550801930847815
sd,mt,0.4811465774482322,0.2934071749329398
hyw,mt,0.6705210881328293,0.4203032614645643
zh,mt,0.3587832577735036,0.2010278027543535
gv,mt,0.3912245095196675,0.209634184365532
br,mt,0.5521686987807316,0.3875996823032852
ru,mt,0.6454147123878287,0.3682120660952707
pay,mt,0.3249122807017544,0.1602096005123195
egy,mt,0.2069615912208504,0.1104240293068255
mdf,mt,0.4365929098263145,0.2211371116754908
xcl,mt,0.531974133285432,0.3235341351345846
got,mt,0.2753481074720533,0.1639697864719864
gub,mt,0.3180131004366812,0.1746409857937481
eme,mt,0.3107734806629834,0.1482327601428263
sv,mt,0.5746695775312721,0.3804316314582261
am,mt,0.5086913086913087,0.2894251685148299
urb,mt,0.2021857923497267,0.1382806778887829
sme,mt,0.3931068931068931,0.2470224359601709
ps,mt,0.5470863044012786,0.3755230224588503
ajp,mt,0.6159695817490495,0.3708956184895632
ht,mt,0.3601503759398496,0.282830762204269
fo,mt,0.5759412206371339,0.3445282037846545
cu,mt,0.409260642270351,0.1923932535507583
aqz,mt,0.3869209809264305,0.1512901594905738
eu,mt,0.6118404857635185,0.340857038170444
sms,mt,0.4102564102564102,0.1373533218425995
be,mt,0.7139104328246184,0.3910505765548422
ko,mt,0.506775996313669,0.2985584483878328
hsb,mt,0.6488761529506581,0.3876322374057704
nmf,mt,0.3714574898785425,0.1883328376079151
fa,mt,0.4486141893069701,0.2637024792380948
jaa,mt,0.3652173913043478,0.1184798728813559
ckb,myv,0.3442622950819672,0.1982877173492231
wuu,myv,0.3306636155606407,0.1550902534261082
hi,myv,0.3244232943519128,0.174705079625666
th,myv,0.1555326025388998,0.1115958694949485
no,myv,0.4296571000566324,0.285848117051415
yi,myv,0.4593191574323649,0.2914915596588673
he,myv,0.3661185442413101,0.1827020273197759
ro,myv,0.4522445833990156,0.2686430376154557
bxr,myv,0.5024429155449197,0.2594898357419593
fi,myv,0.5607564229793803,0.3080468742306003
urb,myv,0.2131147540983606,0.1429346546858914
sms,myv,0.5548433048433048,0.2839610291936384
say,myv,0.3390962671905697,0.1588908909303462
ca,myv,0.3903371917463513,0.2606960695734218
akk,myv,0.3246847720659553,0.1156740446152275
apu,myv,0.457,0.2024610247249181
ko,myv,0.4524735044956697,0.1660568376525392
is,myv,0.4270780954935023,0.2887313345705606
bm,myv,0.2882152933516603,0.1735783943541015
cy,myv,0.3667919652296488,0.1939709470636899
azz,myv,0.4751189532117367,0.2593821388092424
lt,myv,0.5986897362674282,0.2899545466094549
otk,myv,0.3037974683544304,0.0728429985855728
bn,myv,0.5,0.2042571843529043
gl,myv,0.3803030303030303,0.2508850187568562
eu,myv,0.5336834331664889,0.2432867901025512
pl,myv,0.5221055153959823,0.2948620389793682
lb,myv,0.3252427184466019,0.1920927120102053
fro,myv,0.3962564715252887,0.287549668041492
sdh,myv,0.3970588235294117,0.1906734006734007
ta,myv,0.4574677454624972,0.2078766602982794
frm,myv,0.3909393544651903,0.2882169987842059
sa,myv,0.3717174428488346,0.1289922476775069
krl,myv,0.552682611506141,0.3114247075041708
uk,myv,0.5215817123384922,0.2715139102266035
pay,myv,0.3419883040935672,0.1792447714058408
id,myv,0.4408990616589482,0.2228522313098452
ja,myv,0.1432370114173081,0.0336936837931775
myu,myv,0.3512720156555773,0.1244333056674962
hu,myv,0.4862174578866768,0.2466691389818727
cu,myv,0.2871794871794871,0.1051644388851062
wbp,myv,0.4666666666666667,0.2036842105263157
mr,myv,0.5024271844660194,0.2252358442387173
sr,myv,0.4926889064004903,0.2756102485853797
arh,myv,0.2954588279630676,0.1530736975234526
ka,myv,0.5569015610380657,0.2511171816053673
mdf,myv,0.6647632643349988,0.454229881270535
uz,myv,0.5751393534002229,0.2853964121755421
gwi,myv,0.6388888888888888,0.1754532308803289
myv,myv,0.8706888269766548,0.7605580250183894
kmr,myv,0.4113007886592792,0.2313725979106433
koi,myv,0.5366146458583433,0.2990887310432565
et,myv,0.5664021292825032,0.3132290031131103
bar,myv,0.37902367650971,0.2249224194465477
quc,myv,0.3820033955857385,0.1843307628105454
fo,myv,0.4777432157030998,0.3107557457400967
bho,myv,0.3414853713428357,0.154969175642171
orv,myv,0.4259334415584415,0.2418969084673263
ug,myv,0.5587608906098741,0.2199935087932746
eo,myv,0.4706762417713944,0.3273023621648988
vep,myv,0.5249424405218726,0.3203124649124241
ang,myv,0.4912280701754385,0.3308293534270882
af,myv,0.3811984497664712,0.2476299243563804
egy,myv,0.228395061728395,0.0705397454243735
sah,myv,0.3513698630136986,0.2435958556432216
sme,myv,0.4068931068931068,0.279020471207097
cs,myv,0.4900949208541523,0.2746083510262571
tl,myv,0.4358274167121791,0.2841400081773576
yue,myv,0.2869665181778991,0.1397459197577925
tn,myv,0.2897196261682243,0.2092198453740778
gsw,myv,0.3719500571864277,0.2125680417348146
sjo,myv,0.1224993504806443,0.045546421063486
en,myv,0.3868507515201371,0.2388463910325889
nap,myv,0.3532338308457711,0.2434228851601016
aln,myv,0.3244527829893683,0.2068121136380888
ctn,myv,0.4012712733237646,0.1712104934306691
el,myv,0.4245154830866051,0.2551303320486939
br,myv,0.4526284229462322,0.2693750721600605
lij,myv,0.360787824529991,0.2719571630410554
scn,myv,0.4247590146376294,0.2892091628113159
de,myv,0.4033868040512851,0.2368171886058953
gn,myv,0.2580645161290322,0.2038899353140839
aqz,myv,0.438692098092643,0.1887891125983412
ar,myv,0.2012854411585241,0.0882673492859979
tt,myv,0.5100877192982456,0.199532756722002
fa,myv,0.4166645914784471,0.2151761328459501
ab,myv,0.5604156825696741,0.2044577555727489
la,myv,0.4464444444444444,0.3073098035057516
pt,myv,0.3889729048519219,0.2407928844036908
hbo,myv,0.3537047052460789,0.1442448874333607
gd,myv,0.313013116919883,0.2379692104011604
it,myv,0.3905890581286913,0.2757353373560908
az,myv,0.5394736842105263,0.253637393746025
ur,myv,0.2902201810076996,0.1791618304250597
nmf,myv,0.3508771929824561,0.1826478755744253
hyw,myv,0.5418427099547847,0.3065277618518487
bej,myv,0.4015563551167266,0.1202938551080516
oc,myv,0.4280750521195274,0.3184964545198078
si,myv,0.3954545454545454,0.2338644000872224
hit,myv,0.2582123758594347,0.0766368204388542
fr,myv,0.3924187544018513,0.2980190179967826
cop,myv,0.0481033919656604,0.0402045305527732
bor,myv,0.3782287822878228,0.1414487112024476
grc,myv,0.4199556242856182,0.2426608235328865
naq,myv,0.3030050855293574,0.1775849641270229
kk,myv,0.551414010192865,0.2820716633810743
sga,myv,0.2266355140186916,0.1372330584681029
ltg,myv,0.5588235294117647,0.328021824095239
nl,myv,0.445218650882845,0.2822026604706243
te,myv,0.5006934812760055,0.1580039942785544
mpu,myv,0.1853932584269663,0.2031184712399134
pad,myv,0.490079365079365,0.1916304128960823
ky,myv,0.5654711619691268,0.2497050502526005
tr,myv,0.5144693266046365,0.2445890304450095
got,myv,0.2424004706805256,0.1222215323384348
hy,myv,0.5873365582642847,0.2941415131754353
kpv,myv,0.5013679890560876,0.2566944725833278
xcl,myv,0.4605712232800431,0.3132023093137667
mt,myv,0.2982931454890273,0.159995161464705
ru,myv,0.5240241855158128,0.2646800563781512
vi,myv,0.4345360824742268,0.2409000506174823
ota,myv,0.4558262400939242,0.231510470727901
ckt,myv,0.3830829523187459,0.2023831386000282
ha,myv,0.3550097081394274,0.1697407177328942
tpn,myv,0.5070984915705412,0.1934693254652153
es,myv,0.4018869870076304,0.2653685603458827
or,myv,0.4577259475218659,0.2300478180027756
jaa,myv,0.4,0.1877434938444756
xav,myv,0.286288521661456,0.1114519625335329
xum,myv,0.2693631669535284,0.1405798685583837
ajp,myv,0.4169835234474017,0.1915470062742594
yrk,myv,0.3946540880503145,0.146927446468081
bg,myv,0.5053421521241415,0.3235833765347902
ps,myv,0.3575116793705434,0.1819225818531184
jv,myv,0.4782123684027051,0.2801777853522593
yrl,myv,0.3919824052784165,0.201682230033912
cpg,myv,0.4219741737798205,0.2062853813417081
yo,myv,0.2860609001577096,0.1343723829821582
gv,myv,0.2883927708514545,0.1534601948336297
sl,myv,0.4877923064402366,0.3081002960862806
be,myv,0.5307105328996747,0.2476419854345186
sq,myv,0.4064914992272024,0.2725241372908322
xpg,myv,0.2637818612922347,0.0957485997183341
gya,myv,0.188335809806835,0.0560850119939164
abq,myv,0.25920245398773,0.0589605795916883
ga,myv,0.3609107154676021,0.2141585352843765
ceb,myv,0.3863471314451707,0.2405620315250633
gu,myv,0.389920424403183,0.21570472592252
wo,myv,0.3294242045563779,0.1833064714950401
sab,myv,0.3166236638407667,0.1711028518604656
gun,myv,0.1796928718771487,0.0422866462224976
sk,myv,0.5232266164469555,0.2668110615865383
aii,myv,0.2516556291390728,0.1015084371105484
hsb,myv,0.4649413450344766,0.2276756124769997
lzh,myv,0.1889133054511944,0.1018798493359673
zh,myv,0.2085565782845629,0.0754988746251384
sd,myv,0.4053711908852518,0.2549063145571353
olo,myv,0.5685483870967742,0.3105918043753711
da,myv,0.4613389204828894,0.2762562613753441
pro,myv,0.3891897414938183,0.2798341667241198
sv,myv,0.4280593580363465,0.2800811718238662
gub,myv,0.3670305676855895,0.181741836588923
xnr,myv,0.3456642800318218,0.1916683704838798
hr,myv,0.5004946413849959,0.2782567001982475
nds,myv,0.3943315410553176,0.2882880806982796
am,myv,0.3007992007992008,0.1278932336701128
arr,myv,0.2380336351875808,0.1272049194961082
nhi,myv,0.4500581333897051,0.2326252537021476
mk,myv,0.5375,0.332026411304635
ess,myv,0.2464953271028037,0.1064683711936651
ht,myv,0.3081954887218045,0.1921636510650128
pcm,myv,0.4593728222996516,0.2427247528584216
lv,myv,0.5875276733082606,0.3072771909267138
ml,myv,0.4544319600499376,0.1670309112017782
eme,myv,0.4040055248618784,0.1516235896519972
mt,naq,0.2983834552515126,0.1504977173707621
hu,naq,0.4703292496171516,0.2459669609353258
ko,naq,0.4557935654619138,0.1833668925458959
xum,naq,0.2745266781411359,0.1271398806790719
ug,naq,0.5123910939012585,0.1936150396463408
cs,naq,0.3963060757471124,0.1890322679990725
xav,naq,0.296114336757481,0.1294513568200514
pad,naq,0.3908730158730158,0.2085029047696829
azz,naq,0.429817605075337,0.2248758123952895
it,naq,0.3647575380789555,0.2273736559094399
uk,naq,0.4238250745420985,0.1915758889918598
el,naq,0.3797825931488235,0.214461461649082
fi,naq,0.4682021171022163,0.232688063616245
sl,naq,0.4166078888828604,0.238841262280963
akk,naq,0.3085596508244423,0.1112926261824185
gya,naq,0.1924219910846954,0.100634183658325
fr,naq,0.389257805949626,0.2329358085079251
sah,naq,0.3931506849315068,0.2141871781287702
pt,naq,0.4099474900231044,0.2168661362948948
am,naq,0.3515484515484515,0.1957778742647712
sk,naq,0.4452291274325172,0.1991057421443244
is,naq,0.3960868447811561,0.2437455053592414
lt,naq,0.4631278347051906,0.188018898685791
no,naq,0.3881327755348106,0.2218383884392626
ha,naq,0.4045058094739113,0.1945594270229214
ru,naq,0.4307331877463794,0.1824969736344535
kpv,naq,0.3999413718975962,0.1647945573168918
hi,naq,0.4229062252147353,0.2101944915700842
tpn,naq,0.4645075421472937,0.1734490633078022
ga,naq,0.3347011714871931,0.1659720059531003
lzh,naq,0.2667470050329623,0.0661508820779496
pl,naq,0.4183074403929869,0.1897162486772659
ajp,naq,0.4233206590621039,0.1763160054691069
aln,naq,0.3655409631019387,0.2228857512547638
hbo,naq,0.3196322336398053,0.1395412191329233
orv,naq,0.3499323593073593,0.1839808283493113
mr,naq,0.5728155339805825,0.2850857982638106
si,naq,0.4113636363636364,0.2308949411560849
wo,naq,0.3507642026338556,0.1888355854129609
cpg,naq,0.4108119938717444,0.1858688368994624
tn,naq,0.308411214953271,0.2566227837369657
nmf,naq,0.5077597840755735,0.298856163497853
gwi,naq,0.5208333333333334,0.1554620905319793
otk,naq,0.2974683544303797,0.0355253212396069
cy,naq,0.347938447080935,0.1912267343558236
pro,naq,0.4203535301931133,0.2736033467372251
gv,naq,0.3519860829225862,0.1665962780339736
bg,naq,0.4128084456881201,0.232219641941308
bm,naq,0.3480431165448889,0.1893210121347524
hy,naq,0.5506968724555774,0.2524801490899437
ps,naq,0.3737398573887386,0.194061125373471
myv,naq,0.4635411662983956,0.2349815333607161
gsw,naq,0.3288696149447198,0.183437324840514
ur,naq,0.3718087261920842,0.2224634015652501
sa,naq,0.3017044691987652,0.1501866614420449
ota,naq,0.4016939913623212,0.2038197857925251
sga,naq,0.2161214953271028,0.1174343398719438
be,naq,0.4475231423567676,0.1803537240350687
sms,naq,0.4426638176638177,0.1741808691642792
tt,naq,0.5043859649122807,0.2145734189928038
vi,naq,0.4319587628865979,0.2123331906657592
ka,naq,0.4815088393164918,0.1984336101207577
or,naq,0.4586977648202138,0.2153993778993772
sv,naq,0.3813576823223979,0.2256810109760393
eu,naq,0.5146877820628538,0.2250705905412151
sdh,naq,0.4632352941176471,0.2485842588783765
xcl,naq,0.3506376863660859,0.1753048909963893
nds,naq,0.4004374373462134,0.2671943061829038
ctn,naq,0.3698995283986057,0.1783612221906427
arr,naq,0.2056921086675291,0.1187054587856464
tr,naq,0.4851167008358303,0.2175205568227941
ml,naq,0.4931335830212234,0.2155946476401216
hr,naq,0.418755152514427,0.2003639858853522
fa,naq,0.3909903628259083,0.1930581148881161
la,naq,0.3846280193236715,0.2258626380939974
vep,naq,0.4121258633921719,0.196608467187889
yue,naq,0.3966087081477223,0.1749643271439357
pay,naq,0.2893567251461988,0.1755372363813898
ang,naq,0.3976608187134502,0.2400327742433005
fro,naq,0.3840103544404619,0.2417694571068466
ca,naq,0.4227814125146787,0.2493607384300618
id,naq,0.4827485876391145,0.206188226241081
mdf,naq,0.4337378063288127,0.1816795581680878
oc,naq,0.4374069294152685,0.2569889778061134
wbp,naq,0.4571428571428571,0.2244482959168547
mpu,naq,0.2696629213483146,0.182878228309387
ar,naq,0.1973884391652768,0.0791506580775888
ht,naq,0.3328571428571428,0.2019978570701456
krl,naq,0.4841628959276018,0.2493652780828658
bn,naq,0.53125,0.277198014914044
nap,naq,0.3432835820895522,0.2658138897303131
de,naq,0.3603419003571219,0.2034253688105421
ltg,naq,0.4411764705882353,0.2229138321995464
bho,naq,0.4192048012003,0.2078310447687835
olo,naq,0.5154569892473119,0.2205093759824084
frm,naq,0.382882230906547,0.2449185973296792
urb,naq,0.2459016393442623,0.1540445926982034
sjo,naq,0.1239932449987009,0.0146963183072068
quc,naq,0.3141915509837211,0.156986771211338
cop,naq,0.0369990202024914,0.0047614758773904
sme,naq,0.42997002997003,0.216421093484771
az,naq,0.5493421052631579,0.2320017263566075
yo,naq,0.3493873589712483,0.1735359370543931
gn,naq,0.3271889400921659,0.2351226155911788
ckb,naq,0.319672131147541,0.1352287284537382
he,naq,0.3940353385762435,0.1926513269873536
da,naq,0.4221291030629552,0.2257522004260226
te,naq,0.5242718446601942,0.2007123311624383
xnr,naq,0.3874303898170246,0.2310191768905141
eo,naq,0.3976660682226212,0.2190582655164951
xpg,naq,0.2477771191464137,0.0886916723507049
yi,naq,0.4204851752021563,0.2176852779313989
koi,naq,0.4441776710684273,0.1953143180795782
nhi,naq,0.4087305781629848,0.2192911522800635
sd,naq,0.4420833710100371,0.2524376237778706
got,naq,0.2379878407530888,0.1510659599849071
uz,naq,0.5230769230769231,0.2284194778241527
ja,naq,0.190768397060933,0.0696529226576837
gd,naq,0.3079173350948381,0.203504796692437
gun,naq,0.1761020704408281,0.043625141992264
aii,naq,0.304635761589404,0.1269836335846415
yrk,naq,0.404874213836478,0.1529217951372169
hsb,naq,0.4719262111578758,0.2132894530705527
ckt,naq,0.3185826257348138,0.1645433634899227
naq,naq,0.9193712436430884,0.8071719611102091
arh,naq,0.2526851328434144,0.1377765905928649
nl,naq,0.4418720811168552,0.231939680366022
et,naq,0.4812957463037798,0.2381770522322241
fo,naq,0.5115306231899603,0.2876150604630261
ceb,naq,0.3275236020334059,0.1907046987811023
gub,naq,0.3497816593886463,0.1865584401463254
hyw,naq,0.4940330590764213,0.2353389721649362
bor,naq,0.3559040590405904,0.1406702207465038
jaa,naq,0.3739130434782609,0.1566635362417826
en,naq,0.3883969057093726,0.2215054275946659
ab,naq,0.443646669815777,0.1614147012962478
abq,naq,0.2024539877300613,0.0531929650559479
egy,naq,0.1574931412894376,0.0716922122601156
ess,naq,0.2675233644859813,0.1127891118105578
jv,naq,0.4334518580492226,0.2022567429950105
th,naq,0.297904241495352,0.1261393188861316
wuu,naq,0.3318077803203661,0.135221114493998
eme,naq,0.3922651933701657,0.1942896529672184
lb,naq,0.2912621359223301,0.2076007642256059
apu,naq,0.422,0.1405916035784973
hit,naq,0.1894576012223071,0.0533694377165615
af,naq,0.3634105137632912,0.2120466360939976
zh,naq,0.3455144937491413,0.1264669354227796
es,naq,0.3810888843060425,0.2105056768231384
kmr,naq,0.428471598282919,0.2230268580034931
aqz,naq,0.414850136239782,0.1754727245131857
tl,naq,0.3577280174767886,0.2190660870389562
mk,naq,0.3867647058823529,0.2430047581741034
ky,naq,0.5176253743952077,0.1982222231668637
scn,naq,0.394323455908604,0.2492506439318785
sq,naq,0.3987635239567233,0.2675552892826466
lij,naq,0.3476574156968069,0.2396979580149153
bar,naq,0.334463953179037,0.1817628837706996
br,naq,0.413851688986608,0.2092602177422957
gu,naq,0.4244031830238727,0.2168687322922517
sr,naq,0.4266701689869538,0.1999533061808798
lv,naq,0.4871035715238324,0.2207960304369434
bej,naq,0.3041586478118986,0.1146759668900074
kk,naq,0.5115419206555412,0.2139324346684807
grc,naq,0.3370537215087743,0.1807277104573305
cu,naq,0.2289768483943241,0.0947476989816471
ro,naq,0.3766135953619533,0.1910023737245034
sab,naq,0.4249907851087357,0.2351981203632449
bxr,naq,0.5265729384784126,0.2344032765181291
gl,naq,0.3397727272727273,0.1864424692029306
say,naq,0.3451866404715127,0.1633948518144304
yrl,naq,0.3715885234429671,0.2043808731046412
ta,naq,0.5324732123332604,0.2191875937424896
pcm,naq,0.4880836236933797,0.2374899308145415
myu,naq,0.4021526418786693,0.1829568766397045
wbp,nds,0.3555555555555555,0.156945298000691
oc,nds,0.7620371289586022,0.6032894178595819
fa,nds,0.7196503722887666,0.5580404907608174
grc,nds,0.6761245209439924,0.5130677576392961
aqz,nds,0.3453678474114441,0.1660418739802273
be,nds,0.845634225669252,0.6403239014190223
sr,nds,0.8342526924087208,0.6073165320377095
pl,nds,0.8085919299226539,0.5931812306975646
xav,nds,0.251004912907548,0.1463248727087632
gv,nds,0.3819464579105054,0.2081366147206192
am,nds,0.5402597402597402,0.3708733963874051
sme,nds,0.4013986013986014,0.2734543475455814
ca,nds,0.8375272605267573,0.6264494911609026
sah,nds,0.3136986301369863,0.2377518767115779
kpv,nds,0.4330662497557162,0.2613530658924116
ur,nds,0.6337971092800216,0.5485184245546094
br,nds,0.6241255246851889,0.436490800333322
ajp,nds,0.6945500633713562,0.524887024001691
got,nds,0.3252598548735046,0.2273498160990343
vi,nds,0.7172312223858616,0.5087583449539175
te,nds,0.8002773925104022,0.4420226512090491
hit,nds,0.1673032849503437,0.1270638510589141
ga,nds,0.6288635912370111,0.4807190305591348
ab,nds,0.4943788379782711,0.1920717373582283
quc,nds,0.3357635074403275,0.1968165761421302
kmr,nds,0.7378456623739642,0.5343357651553298
cop,nds,0.0369990202024914,0.0047576193904487
pt,nds,0.8360932577189666,0.609364243751475
abq,nds,0.210122699386503,0.0836812982165758
mpu,nds,0.1292134831460674,0.1419799498746867
azz,nds,0.4815622521808089,0.3131128507545193
et,nds,0.8410828180534593,0.6343452647161828
gn,nds,0.184331797235023,0.155523267380117
ug,nds,0.7310745401742498,0.4599897821113095
gu,nds,0.7230769230769231,0.5599058957890669
bar,nds,0.6614126097366321,0.5214330739781374
yi,nds,0.8575421782968953,0.7084783645885616
sms,nds,0.4116809116809117,0.1824374898079721
gl,nds,0.8335069444444444,0.6032636578719778
nmf,nds,0.3812415654520917,0.2437389962047036
si,nds,0.6386363636363637,0.560528068260403
tr,nds,0.7333721021920833,0.5190284461628063
aii,nds,0.1456953642384106,0.0205415499533146
ang,nds,0.5847953216374269,0.4018971528318171
frm,nds,0.8059053408597482,0.6450953410490401
mt,nds,0.3208705861103585,0.2137157959455743
th,nds,0.5206077366474527,0.3883461786874973
yue,nds,0.5112803563730421,0.4001797209954566
akk,nds,0.3811024894924022,0.2136383367079454
egy,nds,0.1676097393689986,0.1054316047821191
mr,nds,0.7669902912621359,0.5621196521177864
urb,nds,0.2021857923497267,0.1425148632789938
ro,nds,0.8033033822009703,0.6280438498962982
ru,nds,0.8500142625334935,0.6256349215788375
koi,nds,0.4993997599039615,0.3364711897713191
mdf,nds,0.4696645253390435,0.2844944653737041
cs,nds,0.8170803374361891,0.6021748675957043
af,nds,0.8606777302991155,0.6538750740049035
xpg,nds,0.2845287492590397,0.1533123836902988
bxr,nds,0.5917838269019843,0.3984554052548875
fr,nds,0.8237582587114733,0.6432915037719572
sq,nds,0.8353941267387944,0.7073052473426015
xcl,nds,0.6591521465780492,0.5219011158905196
ctn,nds,0.3379809992481717,0.1812895304147276
uk,nds,0.8302569927587675,0.6109560407429029
hsb,nds,0.7591116683084087,0.4970631418873703
mk,nds,0.8433823529411765,0.7617930068416064
ml,nds,0.7515605493133583,0.5280950462246774
cy,nds,0.6551744390931517,0.5068993402343346
no,nds,0.8711156579404081,0.7189199631128877
arh,nds,0.2654983983418127,0.1492165182397904
hi,nds,0.6896842673686697,0.5110866968607835
myu,nds,0.273972602739726,0.1458562730444438
say,nds,0.2967583497053045,0.1850686053393856
otk,nds,0.2974683544303797,0.0352720450281425
bej,nds,0.3159568236967617,0.1066684947907633
ps,nds,0.7464961888369805,0.5243667493822767
it,nds,0.8497513211066211,0.6604539613437301
sa,nds,0.324341251733548,0.1982922322320055
sl,nds,0.8125712115457653,0.6356676359143535
ckt,nds,0.3438928804702809,0.2006903709049664
sjo,nds,0.1279553130683294,0.0296421071024681
ja,nds,0.1791306057176859,0.1086093736327511
vep,nds,0.4927091327705295,0.3611838697058476
zh,nds,0.443776617667262,0.3053404995351987
yrl,nds,0.3616914925522343,0.2176231238801186
pcm,nds,0.7275261324041812,0.5528976221133424
ht,nds,0.3556390977443609,0.2827374924801707
es,nds,0.8475458857496391,0.646592710717163
lt,nds,0.814631278347052,0.5897116335231328
nds,nds,0.9171603025608313,0.8430655111774932
wuu,nds,0.3604118993135011,0.1948541402681542
fo,nds,0.8109514104901856,0.6676768113093052
hu,nds,0.8258996937212864,0.6164326907864072
fro,nds,0.7200816407805655,0.5520285821874031
olo,nds,0.616263440860215,0.4182896158028308
arr,nds,0.1285036653730056,0.109359222245129
lb,nds,0.5679611650485437,0.4214197434459678
gwi,nds,0.4265873015873015,0.1355658497731386
hr,nds,0.837881286067601,0.6250441755600514
wo,nds,0.3571085263866192,0.2446784275767405
ckb,nds,0.4098360655737705,0.2614865993969495
gya,nds,0.137444279346211,0.1020712246115502
scn,nds,0.6446804712602642,0.5155233943866402
yo,nds,0.3070484047070241,0.1817695188804244
jv,nds,0.6417764763299171,0.4616075411443584
bho,nds,0.5392348087021755,0.406612462388295
orv,nds,0.7306547619047619,0.5155385997981793
hyw,nds,0.8060188273663924,0.6301471440450186
de,nds,0.8870406689694202,0.7142705411368657
is,nds,0.8347021554758473,0.6989437506157933
naq,nds,0.3006010171058714,0.1987466690011427
nap,nds,0.5621890547263682,0.4322054032785951
pay,nds,0.2968421052631579,0.1356702853928923
fi,nds,0.8189987870768553,0.6012034547918593
hy,nds,0.8265721538387854,0.6227514673524053
sv,nds,0.879174533868303,0.7286925780110562
ta,nds,0.759239011589766,0.4983377789026359
ka,nds,0.7962279017087703,0.5328154719711096
tl,nds,0.6581103222282906,0.546099470638923
ko,nds,0.6183347708449023,0.3795500260145718
lzh,nds,0.3148791380165875,0.1844509484770211
eo,nds,0.8432076600837821,0.6486874187949283
myv,nds,0.4626765299260255,0.2790281430688097
ha,nds,0.3935032514562209,0.2589882499596811
tn,nds,0.2710280373831775,0.1830900459141072
tpn,nds,0.4168145519077196,0.1870681291015311
bm,nds,0.2905302756275772,0.2020081903380791
or,nds,0.7123420796890184,0.542087579151238
hbo,nds,0.6185100054083288,0.3620103897635175
sga,nds,0.2359813084112149,0.1574396454691756
aln,nds,0.5775484677923702,0.4493204916422235
eme,nds,0.2727900552486187,0.1544347915157353
ar,nds,0.3578163771712159,0.2669400083158595
xnr,nds,0.5218774860779634,0.4056639187958628
lij,nds,0.653088630259624,0.5226639850928689
sk,nds,0.8367074701820465,0.5816152471443988
id,nds,0.7680576097762044,0.5400585230595425
pro,nds,0.656278737100235,0.5214803571011075
nhi,nds,0.5028009724130642,0.3389934458845922
eu,nds,0.7581849511774842,0.4589711240473593
sdh,nds,0.4264705882352941,0.2927679826982992
nl,nds,0.861192277915137,0.6492595580434474
gun,nds,0.1763312705325082,0.049462726186938
sd,nds,0.6751966723935257,0.5907325949606281
gsw,nds,0.6034121235226839,0.4811768063370076
he,nds,0.8136724202498894,0.5705172482224433
ky,nds,0.7216035634743875,0.399444213711857
apu,nds,0.429,0.1821936866628818
tt,nds,0.5684210526315789,0.3057885118639871
la,nds,0.7439613526570048,0.6028759034531607
sab,nds,0.3604865462587541,0.2438470718742041
gd,nds,0.6097952250636973,0.5019520097175034
ess,nds,0.2379283489096573,0.1089516456508605
kk,nds,0.792545218347157,0.5376912304929949
xum,nds,0.2693631669535284,0.2116246562923573
yrk,nds,0.324685534591195,0.1113729725293961
el,nds,0.8246799685332189,0.6220245846869173
uz,nds,0.7653288740245262,0.5469877715404493
az,nds,0.7357456140350878,0.5645852919423078
cu,nds,0.5279561862086134,0.3136463832352965
da,nds,0.8866606804349995,0.7399859643268165
ltg,nds,0.6882352941176471,0.4823442228444324
bor,nds,0.3421279212792127,0.1645851700470302
ceb,nds,0.5308641975308642,0.3830100394957227
pad,nds,0.3373015873015873,0.1589721698551607
bn,nds,0.815625,0.6331362869187661
gub,nds,0.316703056768559,0.194080809194369
ota,nds,0.5839238542496541,0.4496364589330356
lv,nds,0.8194233282654504,0.6114552878111015
krl,nds,0.6890756302521008,0.511067880147849
bg,nds,0.8479394556092598,0.7122212908655813
en,nds,0.8435410895431412,0.7000146400658803
jaa,nds,0.3565217391304348,0.1439166550328074
cpg,nds,0.6745458524841322,0.3809013854168597
pad,nl,0.3194444444444444,0.1105830973017807
vep,nl,0.5095932463545664,0.3276758274408438
apu,nl,0.324,0.1111966937295639
kmr,nl,0.7877608066287312,0.5721717322544302
yue,nl,0.447118838913637,0.298977199301621
ru,nl,0.880685723905409,0.6680482338280076
fro,nl,0.6029719235364397,0.4979484435529686
sme,nl,0.4163836163836164,0.2323950601423808
el,nl,0.837624258027605,0.6133903133319846
da,nl,0.891449665768732,0.71883527823785
koi,nl,0.4189675870348139,0.2669674768042083
ky,nl,0.785193149527686,0.4756780159304554
de,nl,0.8842305290478699,0.6812669602266254
azz,nl,0.3606264869151467,0.2014650590755457
tl,nl,0.6979792463134898,0.4780434384452108
lij,nl,0.3643688451208594,0.3490333768014887
hy,nl,0.8562191675846544,0.636873089962069
cop,nl,0.0196426071945131,0.045748437924477
ceb,nl,0.4989106753812636,0.302440432478233
ca,nl,0.905619862439188,0.7186893358630821
ckt,nl,0.269268451992162,0.1202081328009537
th,nl,0.6408556292273349,0.4676297166359108
ckb,nl,0.2540983606557377,0.1059889676910953
tt,nl,0.6114035087719298,0.3734879384719027
tpn,nl,0.3429458740017746,0.1121447437719022
urb,nl,0.1448087431693989,0.1414613422111351
xcl,nl,0.6215196694808695,0.4370946227829375
fr,nl,0.8359325217157997,0.6732350628133046
grc,nl,0.6737712633631413,0.4827947449959692
eme,nl,0.2279005524861878,0.1047566058838326
bn,nl,0.828125,0.5940686823982019
jv,nl,0.7094750052290316,0.4908261303228987
ajp,nl,0.6375158428390367,0.4092455623627936
bej,nl,0.0485315036398627,0.0274250093095774
gub,nl,0.2336244541484716,0.1020153864692346
mpu,nl,0.1348314606741573,0.1046076146076146
ht,nl,0.235187969924812,0.2109208872366104
naq,nl,0.191123439667129,0.1069180840529551
wuu,nl,0.3009153318077803,0.1300016037883685
lb,nl,0.3883495145631068,0.2878896497870403
arr,nl,0.0689952565761103,0.0534138679577484
pay,nl,0.2070175438596491,0.0786592330870645
wo,nl,0.2339709699125252,0.171593802738615
pro,nl,0.3883723306426893,0.3801633414209085
gsw,nl,0.372903164315669,0.2972424190026287
am,nl,0.4398601398601399,0.3204274828468218
nmf,nl,0.298582995951417,0.1317084742810241
lzh,nl,0.2327213440136102,0.1613294813412435
sab,nl,0.3324732768153335,0.2257945093696891
sq,nl,0.776661514683153,0.6451808543967148
ro,nl,0.8265286462438478,0.6239685410192701
it,nl,0.8933167547404414,0.7130922446369976
sms,nl,0.3051994301994302,0.1091947977787071
be,nl,0.8730923192394295,0.6305979663114855
lv,nl,0.8546851244298632,0.6384188211590477
kk,nl,0.83781353052863,0.5587126226964282
hyw,nl,0.797716996516196,0.5684847141754944
ltg,nl,0.7176470588235294,0.5157814775194748
ml,nl,0.7719517270079068,0.5822301749856942
sk,nl,0.881120527306968,0.7166428679596796
jaa,nl,0.3130434782608696,0.169169750425703
xav,nl,0.2268870031263957,0.1043638151443174
uk,nl,0.8526196223200341,0.6259343728141831
yo,nl,0.1818512677423268,0.1123274902046027
af,nl,0.8799562754645732,0.7022739933145365
myu,nl,0.2191780821917808,0.0945876208766506
yi,nl,0.8326844364580214,0.6409748399750684
zh,nl,0.441315198974218,0.301563927637149
cpg,nl,0.6018822499452834,0.3367830603620061
gd,nl,0.6188543927526658,0.4735125742832561
ab,nl,0.3624940954180444,0.0999456610269884
gl,nl,0.8899936868686869,0.7004629845393562
ja,nl,0.107994240873857,0.1174022697967484
nl,nl,0.9726030818411128,0.8475409205610296
ko,nl,0.6516180866524097,0.4345213936705638
yrl,nl,0.282815155453364,0.1188051038731427
hu,nl,0.866864471669219,0.6308895457483298
pl,nl,0.846466179426761,0.6084806480043716
fi,nl,0.8647177197044879,0.6449735178874773
bg,nl,0.8846349529381836,0.6340238037311459
id,nl,0.8546419998545207,0.6382779066161605
ar,nl,0.3028841069031444,0.2893214065914322
cu,nl,0.346925566343042,0.2472760159365367
gv,nl,0.2531168454624529,0.1625703869400164
mt,nl,0.2112345344531744,0.1498562904307471
yrk,nl,0.1124213836477987,0.0572523964373636
gya,nl,0.0367756315007429,0.0268467030523535
bho,nl,0.4858214553638409,0.3079187255466065
oc,nl,0.6328799761739303,0.5046044789707045
nap,nl,0.4228855721393035,0.4134400592169924
kpv,nl,0.3657416454954074,0.1983772836262313
mr,nl,0.7912621359223301,0.5473985521424362
si,nl,0.6579545454545455,0.5384552993004126
sr,nl,0.8824095963575869,0.7104290458544487
tr,nl,0.7840048888187983,0.5467446543199403
egy,nl,0.1311728395061728,0.1019915050267733
hi,nl,0.7289694392412966,0.5949562645342454
sga,nl,0.1728971962616822,0.1500626520281081
xnr,nl,0.454653937947494,0.2874969153880664
uz,nl,0.8313266443701226,0.5892803761545536
sv,nl,0.900238966249705,0.6980300848033859
ang,nl,0.4853801169590643,0.3292688792688792
xpg,nl,0.2525192649673977,0.1511859726510613
vi,nl,0.7891752577319587,0.5578427302565574
gun,nl,0.1071128428451371,0.0397733065035412
ctn,nl,0.2801585674253298,0.1150319085496155
xum,nl,0.1884681583476764,0.1353188724582275
otk,nl,0.2974683544303797,0.0706766917293233
eo,nl,0.8997606223818073,0.6885545685217422
mdf,nl,0.4258862717106828,0.1906649041861444
aii,nl,0.1456953642384106,0.0673443293696458
hsb,nl,0.7094116593534522,0.5401570059596825
aln,nl,0.4964978111319574,0.377123918880005
wbp,nl,0.3523809523809524,0.1382883012222318
gu,nl,0.7395225464190981,0.5489039918352304
sd,nl,0.7031377158875124,0.5130162574124083
gwi,nl,0.3789682539682539,0.1479106792958635
myv,nl,0.4104140647516572,0.1818715842560861
is,nl,0.8488987965539204,0.6602213346934905
ota,nl,0.6080338798272464,0.4379603744526389
sah,nl,0.2602739726027397,0.1306158901621434
got,nl,0.216022749558737,0.1440025925575361
ha,nl,0.1802940179369433,0.1415564244243397
pt,nl,0.9097038437303088,0.7070348385985987
hr,nl,0.8717642209398186,0.689946455435358
quc,nl,0.2447817836812144,0.1268878537406799
arh,nl,0.1882419446014697,0.0795087728714419
bm,nl,0.2403240975186283,0.1491818733947914
ess,nl,0.4162772585669781,0.1423893654688303
et,nl,0.8728110748657026,0.7060484388467441
no,nl,0.8870823361771315,0.7017661534042975
sa,nl,0.284033463069834,0.1316952480349493
sdh,nl,0.3602941176470588,0.1552305665349143
bxr,nl,0.6267823312394057,0.3911376346808808
te,nl,0.8613037447988904,0.4188182983234471
az,nl,0.7828947368421053,0.5146589809678024
ur,nl,0.6822909631230583,0.5319132584524942
lt,nl,0.86023853519234,0.6204899139240959
tn,nl,0.2523364485981308,0.1511888834148877
abq,nl,0.1441717791411043,0.0559997566424301
say,nl,0.1107072691552062,0.0632664818546634
sjo,nl,0.0573525591062613,0.0399494767960887
ta,nl,0.7832932429477367,0.4900133578942484
la,nl,0.7777584541062802,0.5930638710393529
ps,nl,0.8441111384312762,0.6699600305567305
eu,nl,0.7933043406909002,0.4660227296691174
fa,nl,0.7690066489030555,0.5650289808196126
ug,nl,0.7789932236205227,0.4850515578438373
pcm,nl,0.3614634146341463,0.3525887483330365
nds,nl,0.5447006288161852,0.4550667313431265
akk,nl,0.2527481409634659,0.1516728470414932
ka,nl,0.8095730536268282,0.5472727347764565
hit,nl,0.0855614973262032,0.0836335861516815
or,nl,0.7599611273080661,0.5546502168226299
frm,nl,0.7740628166160081,0.6177984367195912
orv,nl,0.6461174242424242,0.4694512301721369
aqz,nl,0.3474114441416894,0.1381515053145881
es,nl,0.9035677459269952,0.7001025755600592
cs,nl,0.8469106714871837,0.6495151083401102
he,nl,0.7439144792836959,0.5813701645636283
gn,nl,0.2073732718894009,0.2116367697763046
br,nl,0.6409154507295622,0.4439014451819228
ga,nl,0.646965384869945,0.4962426722825399
cy,nl,0.6853635616116528,0.5753473973883461
mk,nl,0.8485294117647059,0.6373088893248001
nhi,nl,0.3341084451960681,0.2228351507988196
scn,nl,0.4714387718671903,0.3722053068870038
olo,nl,0.6424731182795699,0.4165248777510665
fo,nl,0.7756623404483536,0.524853479688077
krl,nl,0.7388493859082095,0.523264626750398
bar,nl,0.4906890130353817,0.4072311156310184
en,nl,0.8151552844279477,0.6517592712387686
sl,nl,0.8326732136075091,0.6358907271222107
hbo,nl,0.1506219578150351,0.0819811670806732
bor,nl,0.3302583025830258,0.1499790355856151
am,no,0.4657342657342657,0.3238021125142903
bxr,no,0.6360554392262439,0.3905399593386052
bg,no,0.8988806919358941,0.757835564215833
sme,no,0.4682317682317682,0.2952622527499423
hu,no,0.871937212863706,0.6517798813810192
fa,no,0.7978185621435864,0.6383149150081574
ht,no,0.3646616541353383,0.2882486299510001
pl,no,0.8592861802255148,0.6436012177421796
sq,no,0.8137557959814529,0.7761009919846809
gv,no,0.3371991881704842,0.1678676185733121
en,no,0.8781065557928748,0.7426277399807719
lij,no,0.6054908982393316,0.5149248181436303
myv,no,0.5192621769622442,0.2755739783894566
fro,no,0.6803813221823974,0.5232003096520697
hbo,no,0.4835722011898323,0.2448544858308136
id,no,0.8444584535557549,0.6559861245609193
ckt,no,0.3406270411495754,0.1861224995660138
gd,no,0.634519203548174,0.5239688283937827
grc,no,0.6385844595351756,0.4604287212739916
ka,no,0.8048948638400552,0.546388647948797
eme,no,0.3674033149171271,0.1490922508960905
yrl,no,0.3759872038388483,0.1958081938363297
pro,no,0.6863185858792276,0.5070444616151931
hy,no,0.8656544853680732,0.662889115456843
ta,no,0.7644872075224142,0.4579325501484605
kmr,no,0.7769791354697015,0.5833037621303637
akk,no,0.4190510830908503,0.1732307195201801
frm,no,0.7953876586095431,0.6348917587844229
jv,no,0.6975528132189919,0.5273564965851315
arr,no,0.1746442432082794,0.077015807100794
wbp,no,0.4634920634920635,0.1907002937924977
br,no,0.6262242654407355,0.4391449428564275
ltg,no,0.7294117647058823,0.5017185941977406
uk,no,0.8798097401675422,0.6756838393083893
ro,no,0.8354614401064929,0.6519141849694742
ceb,no,0.4894698620188816,0.3286857722519161
aln,no,0.5286429018136335,0.440434803383338
ota,no,0.6681621870937985,0.493348878114039
ps,no,0.7836242930907302,0.5773481905559373
wo,no,0.3823896952802076,0.2399664916034961
gl,no,0.8808238636363637,0.6472053745860363
pad,no,0.375,0.1606708588454956
got,no,0.2636791527750539,0.1536542063369259
ja,no,0.1817392135923877,0.1056406687874859
eo,no,0.8764213046080191,0.7113532863303916
lv,no,0.8414286095329546,0.6312649353985679
abq,no,0.2530674846625766,0.0705689537967919
th,no,0.5913770699363609,0.4579190092966345
nap,no,0.4577114427860697,0.373651171418648
be,no,0.8802852139104328,0.6453041361054264
ajp,no,0.6907477820025348,0.5149219806446038
hit,no,0.1573720397249809,0.1010603183472978
sga,no,0.2897196261682243,0.19337747733028
es,no,0.8930088678077954,0.6853999384291332
uz,no,0.816164994425864,0.5856203638844569
ctn,no,0.371198140933634,0.175836539882609
gun,no,0.1790816716326686,0.0521860298063078
yrk,no,0.3844339622641509,0.1035392865686579
egy,no,0.3539094650205761,0.162770974422489
sr,no,0.8851238945801594,0.6666770687997207
tn,no,0.2897196261682243,0.1811397699416132
sd,no,0.6917442806763722,0.5964955590124179
nmf,no,0.3711201079622132,0.206021352187658
mk,no,0.8764705882352941,0.7573858868512355
aqz,no,0.412125340599455,0.155871820610401
gn,no,0.2488479262672811,0.1514684705678494
lt,no,0.8380648412565094,0.648483963023223
pt,no,0.8994791010291956,0.657551019534193
aii,no,0.1633554083885209,0.0342433347465698
ga,no,0.6984909656496128,0.5529281034688858
azz,no,0.4617367168913561,0.2747481215583977
si,no,0.6761363636363636,0.6035260756370538
no,no,0.9779864447651584,0.8581608958073287
ess,no,0.2476635514018691,0.1052315654264809
af,no,0.8819437543476101,0.7028614843294135
ab,no,0.476334435521965,0.1499970292254166
gsw,no,0.3863419748379718,0.3175904704824387
hyw,no,0.7859313616485064,0.6203289858948353
et,no,0.8805686742295146,0.6788427183362655
gya,no,0.1872213967310549,0.0799136120942186
fi,no,0.8559653765575036,0.6333803168113225
nhi,no,0.4556600782158334,0.302314262785612
orv,no,0.7260010822510823,0.5105096894944908
mpu,no,0.2078651685393258,0.1225361455661122
yo,no,0.3129928424117433,0.1528290675177598
pay,no,0.3071345029239766,0.1167401932950953
hr,no,0.8783182192910141,0.6782812632188279
te,no,0.8529819694868238,0.459845616354136
urb,no,0.2240437158469945,0.1299889443466113
lb,no,0.3203883495145631,0.2514367898851264
xum,no,0.2306368330464716,0.1750902534511861
kk,no,0.8270210852403318,0.5565670437364922
apu,no,0.516,0.172884990882832
fr,no,0.8407368279840359,0.6754004154476237
xnr,no,0.5019888623707239,0.3422420399957649
myu,no,0.3170254403131115,0.1086053053359048
xav,no,0.3193389906208129,0.1512786495803437
wuu,no,0.3215102974828375,0.1574660533984202
cu,no,0.4809559372666169,0.285524142604067
hsb,no,0.7882152771559058,0.5166876488025572
sa,no,0.3848700398156847,0.1603764699195931
bn,no,0.86875,0.6487479087300242
or,no,0.7793974732750243,0.5934641442418916
xcl,no,0.6244835638584516,0.4945195353824103
sah,no,0.4116438356164383,0.2159594276233241
naq,no,0.3188164586222838,0.1954581617080406
vep,no,0.5878741366078281,0.3807310340498638
ha,no,0.4220729189139212,0.249179901237902
el,no,0.8216763212472288,0.656736765868342
is,no,0.8602460527639033,0.7348518314042057
ang,no,0.543859649122807,0.3595681955506597
olo,no,0.6915322580645161,0.4210961430273224
xpg,no,0.2424422050978067,0.1074635663903563
gub,no,0.3640829694323144,0.1450490559425993
ky,no,0.7771292527455649,0.4738009021401703
eu,no,0.7469844916714532,0.4841342664554419
hi,no,0.713916873386321,0.5501254735201416
fo,no,0.8057492223533197,0.6681359782340583
koi,no,0.524609843937575,0.356486068043032
az,no,0.7510964912280702,0.5237706167265099
tl,no,0.7105406881485528,0.5977068131732503
sv,no,0.9255811895208874,0.7999621282864927
sab,no,0.3674898636196093,0.227828719569418
pcm,no,0.7410452961672473,0.5534620946386711
cpg,no,0.6432479754869774,0.3624751569125178
sms,no,0.4277065527065527,0.1775634315172563
tpn,no,0.511756876663709,0.1797585241440251
gwi,no,0.4305555555555556,0.1631757590215147
arh,no,0.2717166007160354,0.1574766323288405
ur,no,0.6637849520464677,0.5793728547235265
de,no,0.8746267782916691,0.733235450410059
ru,no,0.8872792229958802,0.6705760013796026
nl,no,0.8867910391848356,0.7236331380615924
it,no,0.8724354989120299,0.6873591238201466
jaa,no,0.3391304347826087,0.1425049309664694
ml,no,0.7815230961298377,0.5004556209997273
mt,no,0.3341461211957012,0.1862646359271279
yue,no,0.4467595918953873,0.3763386564655499
tt,no,0.625438596491228,0.2876840311667038
tr,no,0.7737935656836461,0.534423708946422
mr,no,0.7766990291262136,0.5417512077294686
bm,no,0.2972581928669608,0.1957635296918666
sdh,no,0.4632352941176471,0.2305830024317419
zh,no,0.4647959884599533,0.3064843481230273
lzh,no,0.2931877791167505,0.2049579025537489
ug,no,0.7784123910939013,0.5221832363236186
yi,no,0.859538784067086,0.7660962923410639
gu,no,0.729973474801061,0.5742013076312664
cop,no,0.0369990202024914,0.005113786588079
mdf,no,0.4920295027361409,0.264524654035867
kpv,no,0.4558334961891733,0.2549454403452981
sjo,no,0.1329566121070408,0.0411082181752588
ar,no,0.3834519790098848,0.3040329657872029
scn,no,0.6076401285255266,0.4953849162701347
vi,no,0.7753313696612666,0.5621785614771345
quc,no,0.3755118346150005,0.1945324322512576
say,no,0.3158153241650294,0.1722046387107514
krl,no,0.7323852617970265,0.528630303183351
he,no,0.8361079903312566,0.610678160895416
nds,no,0.604028068896382,0.5093034541936378
da,no,0.9047191459642822,0.7647643449454152
bho,no,0.5005251312828207,0.3480541196597769
ckb,no,0.3524590163934426,0.1948525007487271
la,no,0.7673429951690821,0.6599473675620311
otk,no,0.2974683544303797,0.0352720450281425
ko,no,0.6552571570353392,0.4038015186149546
bej,no,0.3281733746130031,0.0858165838568508
ca,no,0.9039758429793658,0.6595845047177344
bar,no,0.4824421388667199,0.3968254414470882
sk,no,0.8692718141870684,0.6164312141066778
cy,no,0.6702690003524022,0.5420982220696504
oc,no,0.731857440683014,0.5899961857567957
bor,no,0.364760147601476,0.1828224543902727
cs,no,0.8447251899094121,0.6170548837015516
sl,no,0.8583907547067441,0.6926259525004936
ab,oc,0.4503542749173359,0.1734041281137471
jv,oc,0.6272746287387576,0.4374079314122608
si,oc,0.6306818181818182,0.4806928110770428
mpu,oc,0.1910112359550561,0.1718226771225799
cpg,oc,0.6629459400306412,0.3689659319726842
quc,oc,0.3642265055427943,0.215790859860004
da,oc,0.880674448767834,0.6833361909401279
am,oc,0.5140859140859141,0.3999668960453599
th,oc,0.4751607636690767,0.3576553107250782
ca,oc,0.9061063579936252,0.7337999796131789
ltg,oc,0.7470588235294118,0.5600410861939864
ht,oc,0.446015037593985,0.3444241378548338
gun,oc,0.1737336694934678,0.0460825341463621
la,oc,0.7734492753623189,0.6349452301963918
jaa,oc,0.3826086956521739,0.1526806526806526
no,oc,0.8417764299676648,0.665720202139389
sab,oc,0.328418724659049,0.204671969316595
naq,oc,0.2897827092001849,0.2059603023683403
sdh,oc,0.3970588235294117,0.2700593132920719
yi,oc,0.8280922431865828,0.673203241989974
bn,oc,0.76875,0.5308487643821661
wo,oc,0.3333653753724887,0.2305195182873957
myv,oc,0.4732443078105485,0.2817098013528435
xpg,oc,0.2738589211618257,0.1300504712077279
myu,oc,0.2191780821917808,0.131986070672964
sk,oc,0.8810420590081607,0.6507947731659008
lij,oc,0.7126230975828111,0.609420259479976
ctn,oc,0.3364089946005058,0.1634661872208562
azz,oc,0.4580689928628073,0.2914383636741244
bho,oc,0.5339834958739685,0.3629596937523657
egy,oc,0.0781035665294924,0.0970483653685473
sms,oc,0.4034900284900284,0.1856703095108559
lb,oc,0.4514563106796116,0.3019066660085523
got,oc,0.3181996469896058,0.233739573651598
bg,oc,0.8838717883490206,0.7125091651898044
xum,oc,0.2753872633390705,0.1984003146672812
hsb,oc,0.7563356317721859,0.5173493763620854
frm,oc,0.8789501616249337,0.714479680360201
abq,oc,0.1595092024539877,0.0721564634089072
arr,oc,0.1138421733505821,0.080649764357776
bm,oc,0.2830789264269695,0.1935670110561077
kmr,oc,0.7579115503643805,0.5676505528709721
vi,oc,0.7371134020618557,0.533207639535826
xav,oc,0.2697632871817775,0.1408334019180674
sa,oc,0.2958439583053728,0.1720234834258322
hit,oc,0.1443850267379679,0.1069705475839959
bej,oc,0.2655007949125596,0.0995174227351944
sd,oc,0.6780902432407994,0.536249876127734
ajp,oc,0.6907477820025348,0.4949149132928135
el,oc,0.8455267110062218,0.6223371091980783
tpn,oc,0.3873114463176575,0.1751850204345129
ru,oc,0.8776274626251479,0.6535071878928659
gwi,oc,0.4305555555555556,0.1666081128725192
fa,oc,0.7284159673282367,0.5742191084779326
hy,oc,0.840796973035107,0.6219347750920112
koi,oc,0.5186074429771909,0.3697692951224108
gv,oc,0.3181598530975162,0.1975818112994787
sga,oc,0.2663551401869158,0.1829412493289382
nl,oc,0.8686096750830399,0.6582354420463552
lt,oc,0.8575508147152696,0.6401428619022869
et,oc,0.8344612688056867,0.6255595619061606
cs,oc,0.8547751553804281,0.6408261642701385
az,oc,0.7697368421052632,0.558057363280795
krl,oc,0.6903684550743374,0.5187688582457392
mdf,oc,0.4727575541280038,0.2635036315551967
sr,oc,0.8801330881709132,0.6297902548279775
bor,oc,0.3436654366543665,0.1868415534683115
mr,oc,0.7694174757281553,0.5970198814094269
wbp,oc,0.2984126984126984,0.1430631097297764
cop,oc,0.0369990202024914,0.0049610959429082
say,oc,0.3052062868369352,0.1913233271441723
gu,oc,0.7034482758620689,0.5454734558270091
yrl,oc,0.3636908927321803,0.2375361500469425
sme,oc,0.398001998001998,0.3103624769819644
fro,oc,0.7987604540023895,0.6259427975342039
aln,oc,0.5588492808005003,0.4462032177120918
sq,oc,0.7720247295208655,0.7028664410314752
uk,oc,0.8583345165412466,0.6256659760328058
br,oc,0.6634019588247052,0.4546686947590208
it,oc,0.9075613926018028,0.7044757468682303
gn,oc,0.1981566820276497,0.1543154205801506
kk,oc,0.8052363345658039,0.5363902222757548
vep,oc,0.5188027628549501,0.3614505851411272
ja,oc,0.1660424071447166,0.0935340953507897
kpv,oc,0.4382450654680477,0.2596277141927126
gl,oc,0.9151830808080808,0.6692208046721179
eu,oc,0.7381225896447033,0.4256443162184385
tr,oc,0.7382510645008674,0.5080902858202563
uz,oc,0.7644370122630992,0.5132638500724324
pl,oc,0.8508193884207303,0.6145941888870872
ur,oc,0.6713494529244901,0.5627984753293429
pro,oc,0.8276284867681618,0.6958888638664401
cu,oc,0.5082897684839432,0.3256320798756532
yo,oc,0.2829067087225524,0.1788025158181451
fo,oc,0.7935213986914084,0.5914253864727367
id,oc,0.8094464515190457,0.5781675059088385
akk,oc,0.3438813449725186,0.2055976460778477
mk,oc,0.850735294117647,0.7267276444030947
ky,oc,0.7696797480992243,0.4127784903372016
nap,oc,0.6616915422885572,0.6376191568245232
nds,oc,0.5966463136790303,0.4883352535842274
nmf,oc,0.3815789473684211,0.2318680375372876
sjo,oc,0.1327617563003377,0.0410109750891851
pt,oc,0.9202814534761604,0.7025598055665758
te,oc,0.8030513176144244,0.3940605055127169
ota,oc,0.5831691056228773,0.4427845574841578
pcm,oc,0.7177003484320558,0.5363307643412427
hbo,oc,0.5836938885884262,0.3926819991719412
ta,oc,0.7404329761644435,0.4379518944197437
eme,oc,0.3080110497237569,0.1609727623683387
tn,oc,0.3037383177570093,0.2036799336289598
hr,oc,0.8690849134377576,0.6249798987934729
af,oc,0.8539203020967903,0.6577782991095736
ceb,oc,0.5025417574437182,0.3501120838047888
or,oc,0.7327502429543246,0.5111376396992462
hi,oc,0.7119256146745642,0.5231518585436042
en,oc,0.8288228910109965,0.6469581149988498
mt,oc,0.3833649417502032,0.2674123570047303
oc,oc,0.9409312022237664,0.8376026263066216
aii,oc,0.1456953642384106,0.0223956565999321
ar,oc,0.3693690761908636,0.2782824398890091
ckb,oc,0.3770491803278688,0.2138441473113376
ro,oc,0.847424377769604,0.6271575669803069
cy,oc,0.6648067661224011,0.4969990982806985
scn,oc,0.7507140307033202,0.6036902994946167
tt,oc,0.5412280701754386,0.3225976185988854
fi,oc,0.8346978718712096,0.6013032201443944
grc,oc,0.6744660346489164,0.4984139049939593
es,oc,0.9230666116725098,0.7111780667253518
yue,oc,0.4675959189538727,0.3501815744178601
ckt,oc,0.3342586544741999,0.1751471756891728
sv,oc,0.8733626386594289,0.680236986998218
ml,oc,0.7594673325010404,0.5406881650272849
be,oc,0.8771578684013009,0.6326348865436313
bar,oc,0.5600558659217877,0.4357253594102708
ko,oc,0.6255183903021138,0.3635577096906933
xcl,oc,0.6530447278606072,0.5018158221589422
sah,oc,0.3520547945205479,0.2179295709369453
is,oc,0.8271820142357503,0.6286715621831739
ug,oc,0.7451113262342691,0.4975460085264153
arh,oc,0.2506123987186734,0.1375712000923122
bxr,oc,0.5767274902781933,0.3553137780394855
zh,oc,0.3668544213948802,0.2501954983327529
orv,oc,0.7190882034632035,0.4927015277741532
ess,oc,0.2235202492211838,0.1010326557296045
apu,oc,0.427,0.1755469401558907
pay,oc,0.2500584795321637,0.1157878267956597
nhi,oc,0.4500581333897051,0.3372042149329205
ang,oc,0.52046783625731,0.4121427982093086
ha,oc,0.3736863192282799,0.2392403899814812
lv,oc,0.8411618788509242,0.6343464732736672
aqz,oc,0.3344686648501362,0.1486888224570481
gsw,oc,0.4477697293175753,0.3324302354542722
eo,oc,0.8892878515858768,0.7285633782178377
gya,oc,0.138187221396731,0.0907286697036323
hyw,oc,0.7721443925580016,0.5926451922567073
olo,oc,0.5920698924731183,0.4238764230409524
sl,oc,0.8360371113884216,0.6339919619205627
ga,oc,0.6185055265073797,0.4592177223931007
de,oc,0.8558534824268681,0.6402383651175317
hu,oc,0.835375191424196,0.6439099993633399
ps,oc,0.7782149004179986,0.5431870721093627
gd,oc,0.5931867509672549,0.4905168331235241
ka,oc,0.7821933323484512,0.522208407053606
xnr,oc,0.5159108989657916,0.3698470998925041
tl,oc,0.6919716002184598,0.5046849738026549
wuu,oc,0.3638443935926773,0.1737632086572224
otk,oc,0.2974683544303797,0.0352720450281425
urb,oc,0.1775956284153005,0.1498560581745207
fr,oc,0.9133464131200322,0.7079460913117044
he,oc,0.8429510094304293,0.5993397482433876
yrk,oc,0.2877358490566037,0.1053517578973893
pad,oc,0.3472222222222222,0.1629457184572491
lzh,oc,0.2588076841284468,0.2022650386383999
gub,oc,0.2908296943231441,0.1552084224841069
kpv,orv,0.4515341020128982,0.2453347515226289
mk,orv,0.8713235294117647,0.747483780777269
wo,orv,0.3739305969431895,0.2141362819700331
cy,orv,0.656701515329496,0.5093630228791053
cs,orv,0.882013784512058,0.6767248315506286
myv,orv,0.4768949947161111,0.2271263427384218
sq,orv,0.7782071097372488,0.6914610809572588
ja,orv,0.1902557073258847,0.1292066089187683
he,orv,0.7725121710414327,0.5325886503558521
cop,orv,0.0370923342509214,0.021904172035985
fi,orv,0.8338846620355056,0.5884602792270762
ess,orv,0.2675233644859813,0.1156719219394253
lv,orv,0.8828252113840656,0.6763237166005024
am,orv,0.5286713286713287,0.3449464908333521
mpu,orv,0.1853932584269663,0.1255360457498252
pcm,orv,0.7117770034843206,0.4983531388339207
te,orv,0.8446601941747572,0.5111383441564785
sab,orv,0.3586435680058975,0.2241748207010578
ota,orv,0.6544928508532852,0.455355065614499
kmr,orv,0.7779774383547968,0.5545224865352146
quc,orv,0.3376610406471587,0.1480342775280463
ru,orv,0.9351171632054692,0.7356157226414438
got,orv,0.3153559521474799,0.1723619965002392
xnr,orv,0.5568814638027049,0.3741228999990549
frm,orv,0.8003570222415207,0.6144092786017128
sga,orv,0.2838785046728972,0.198526842148439
yo,orv,0.3159044037365037,0.16087233427098
sk,orv,0.8920276208411801,0.7128788757603739
el,orv,0.8218193520703712,0.6243466573243489
cpg,orv,0.6609761435762749,0.3664505708701586
tr,orv,0.7487679388109131,0.4875972967886131
ha,orv,0.3633617899959934,0.1853341947289972
bej,orv,0.3027361727052129,0.1127565615652106
ka,orv,0.8201605357758408,0.5474968317515957
xum,orv,0.2641996557659208,0.2082052047362427
sjo,orv,0.1358794492075863,0.0400168069438934
be,orv,0.9227545659244434,0.733785770226719
cu,orv,0.7852128454070202,0.5344846263859562
fo,orv,0.7854767778612035,0.557219697719637
otk,orv,0.2974683544303797,0.0352720450281425
olo,orv,0.6948924731182796,0.4408319723342606
yrl,orv,0.3756872938118564,0.1617403677579255
lzh,orv,0.4063939887998866,0.2105093463217287
gwi,orv,0.4791666666666667,0.1310578963604795
aqz,orv,0.3814713896457766,0.1327605271898686
et,orv,0.8384861320739406,0.61631459030898
gun,orv,0.1794636717854687,0.0469962158150837
apu,orv,0.471,0.1783367985769676
ab,orv,0.5336797354747284,0.1628178077261507
sdh,orv,0.5,0.2024224664224664
vi,orv,0.73100147275405,0.4978965209096802
hit,orv,0.2100840336134453,0.1149410892627461
yue,orv,0.5144417301336399,0.38219232862008
orv,orv,0.913460497835498,0.7428244098895307
nds,orv,0.6149640025517179,0.4785956778345786
oc,orv,0.7422813461729375,0.5573704983055814
aii,orv,0.1810154525386313,0.0780953693314172
uk,orv,0.9166193383501348,0.7166678484906813
da,orv,0.8425621071535468,0.6221964743974072
hr,orv,0.9086974443528442,0.7461103465895289
eo,orv,0.8479952124476361,0.6986485454444282
vep,orv,0.5786646201074443,0.4180175661568217
az,orv,0.7675438596491229,0.5648883560923729
bxr,orv,0.6089340911357064,0.3645266733381072
it,orv,0.8016863537457258,0.5875677885750992
ckt,orv,0.306662312214239,0.1439049341881626
ta,orv,0.7830745681172097,0.5435274696669153
bho,orv,0.5515378844711177,0.4013747546569104
krl,orv,0.7265675500969618,0.5138470128607557
bar,orv,0.5380420324554402,0.4070006819127188
sah,orv,0.3328767123287671,0.1546780443936865
ltg,orv,0.7705882352941177,0.5991455133493806
eme,orv,0.3145718232044199,0.1282212574124953
en,orv,0.7915516549301009,0.6047571606676885
hbo,orv,0.6156030286641427,0.3787969041942384
gn,orv,0.1797235023041474,0.1130653477046821
jaa,orv,0.3652173913043478,0.1375589875589875
ar,orv,0.3939795793841272,0.3238880363962063
id,orv,0.7914070266469462,0.571692619003947
nhi,orv,0.4426593383363281,0.2662309902826203
xav,orv,0.3144260830728003,0.142351834843888
la,orv,0.8366280193236715,0.698698757520861
wbp,orv,0.4476190476190476,0.1706488292249104
urb,orv,0.2295081967213114,0.1457212605614302
grc,orv,0.6984244380196777,0.5309395904557265
ca,orv,0.7720348934742493,0.5980251421641358
or,orv,0.7803692905733722,0.6513752594274838
ko,orv,0.6555525361248626,0.3862763393022402
hu,orv,0.740907350689127,0.5729236894956367
pay,orv,0.3080701754385965,0.1345324872455487
mt,orv,0.3369457238327463,0.1790048762841375
no,orv,0.8302124627779097,0.6240493520041418
sl,orv,0.8643860886549835,0.6645602811771661
sd,orv,0.7288181571570667,0.5752039587608266
tt,orv,0.6065789473684211,0.2978176094492246
hyw,orv,0.8094285078941517,0.6219290043425889
bm,orv,0.2817767488967662,0.1511663106572338
ml,orv,0.7540574282147315,0.5535653354792296
sr,orv,0.9120042027843446,0.7536771980034059
gu,orv,0.7427055702917772,0.5711111002698956
gd,orv,0.5919599886760404,0.4588865461229077
pl,orv,0.8981056218965081,0.6873114333565072
ceb,orv,0.5468409586056645,0.3235928717033713
tpn,orv,0.4321206743566992,0.1348295423686883
fr,orv,0.7842757487339437,0.5817808110317435
th,orv,0.6637790290873955,0.4557999982411357
sa,orv,0.4430725182302152,0.2328856505328703
hi,orv,0.719300021937596,0.5848054792447441
af,orv,0.7829673059723741,0.6179966302940932
naq,orv,0.2720295885344429,0.1476732311004901
scn,orv,0.6149589432345591,0.4419842947221485
es,orv,0.8018044957723242,0.5828728377559809
gl,orv,0.8078440656565656,0.587451984292378
ro,orv,0.8341477939502215,0.6084351962322001
myu,orv,0.334637964774951,0.1537198222949331
sms,orv,0.4412393162393162,0.189469708546336
de,orv,0.8110351657787405,0.6147346374810988
pt,orv,0.7986221382062592,0.5887428860624992
sme,orv,0.4092907092907092,0.242994562852515
zh,orv,0.5167147501946238,0.3323286112951688
hsb,orv,0.7946628458851974,0.5761659190377542
azz,orv,0.4166336241078509,0.2444135011485699
aln,orv,0.534208880550344,0.3924467487999233
arr,orv,0.1897369555843036,0.1342081112071776
arh,orv,0.2752967778405879,0.132805562070881
lij,orv,0.5801253357206804,0.4433517298761926
nmf,orv,0.3809041835357625,0.1923490078603916
tl,orv,0.7061714909885308,0.4625882033649948
xcl,orv,0.7287587569606611,0.5590918905895614
uz,orv,0.8103678929765886,0.5337948600543081
si,orv,0.7113636363636363,0.6516299425659065
fa,orv,0.7770998829593844,0.5924700598226555
hy,orv,0.8573207529096221,0.6365026786270312
xpg,orv,0.3621813870776526,0.2172671376334531
ug,orv,0.7816069699903194,0.4684747598630509
ckb,orv,0.4426229508196721,0.2002762862137862
gya,orv,0.1337295690936107,0.0590052230802285
ctn,orv,0.3975804798031577,0.1714470610426788
ajp,orv,0.714828897338403,0.4805182012816525
sv,orv,0.8551599008732593,0.6416138128883194
gsw,orv,0.4538219595882577,0.3255465602446948
ht,orv,0.3776691729323308,0.2539591199127656
mdf,orv,0.4689507494646681,0.2457590815101081
eu,orv,0.7759497825551818,0.5218094782306508
pro,orv,0.7332175334627568,0.5816013136959796
ga,orv,0.6325699913958568,0.4569042486387691
egy,orv,0.1935871056241426,0.0790225594166589
ps,orv,0.786083107941972,0.626959140689392
fro,orv,0.7124402628434886,0.5296764005884815
gv,orv,0.3615540736445346,0.1859640546434338
nap,orv,0.4875621890547263,0.4062825813641256
bn,orv,0.821875,0.588248610872516
lt,orv,0.8850999496052411,0.6659219656076689
yrk,orv,0.2806603773584906,0.1048642117285331
wuu,orv,0.4874141876430206,0.2446033069278577
akk,orv,0.4674668606530876,0.2139835602555173
lb,orv,0.4126213592233009,0.3104117860696808
yi,orv,0.7902565638414695,0.6264700598855847
ur,orv,0.6826286640551128,0.6003164121656452
br,orv,0.5871477113731761,0.3822759360159877
ky,orv,0.7580830965363643,0.4353556427535332
ang,orv,0.5555555555555556,0.4228274175165895
bor,orv,0.3710947109471095,0.1572016911465806
abq,orv,0.2315950920245398,0.0816693471413349
mr,orv,0.7839805825242718,0.5652981992523004
say,orv,0.2760314341846758,0.1317191035929497
jv,orv,0.6578818936066374,0.4459888137886926
kk,orv,0.8058359148595983,0.4966288669389823
gub,orv,0.4116812227074236,0.1998666598796524
nl,orv,0.7762793137034539,0.562551074270291
is,orv,0.821349155799895,0.6026788330773759
tn,orv,0.2850467289719626,0.1858853421870059
pad,orv,0.3789682539682539,0.1268018504129615
koi,orv,0.5114045618247299,0.303261538263522
bg,orv,0.9036504706181632,0.7138949601778257
be,ota,0.7568176132099075,0.4764803315309271
gun,ota,0.1811444724577889,0.0479865966092937
wo,ota,0.4119004133423051,0.2129383060730543
apu,ota,0.481,0.1801490783302702
ctn,ota,0.4206137652928713,0.1870019151604365
nap,ota,0.4278606965174129,0.2975131467326037
hi,ota,0.7090399770498996,0.5152960692041368
eo,ota,0.7785757031717534,0.5715912635553518
gn,ota,0.3133640552995391,0.186396332547998
cu,ota,0.4503858600945979,0.2093561005677595
otk,ota,0.2974683544303797,0.0444654683065279
sga,ota,0.2348130841121495,0.1145055179169984
tt,ota,0.6614035087719298,0.3669549593288744
gya,ota,0.1092124814264487,0.0672704994166929
olo,ota,0.678763440860215,0.3897966174068262
bej,ota,0.2999748974981173,0.0908467241565626
tl,ota,0.5707263790278536,0.4251400839704635
tpn,ota,0.488243123336291,0.1753090821004776
mr,ota,0.7961165048543689,0.5429618580394625
aii,ota,0.2097130242825607,0.0838736972621561
ckb,ota,0.3852459016393442,0.1891737891737892
bg,ota,0.7236708216738743,0.5319159756228059
nl,ota,0.7534277365700157,0.5332541329131929
pad,ota,0.4126984126984127,0.1545112495333941
hsb,ota,0.6529954329721501,0.3808652346052434
ru,ota,0.7664264637801793,0.5152207028021991
ajp,ota,0.5678073510773131,0.3247079435028158
pay,ota,0.3069005847953216,0.1151896802395689
gl,ota,0.677761994949495,0.4666997366091733
ro,ota,0.688841013784527,0.4594113944940275
bho,ota,0.5377344336084021,0.3719661103811399
it,ota,0.705952751010258,0.4962569168991359
lb,ota,0.4126213592233009,0.3038230644721517
ky,ota,0.8229782658781968,0.4666348328023489
eme,ota,0.3463397790055249,0.1356922931618485
oc,ota,0.6437009828253748,0.4475821637105457
yue,ota,0.409972697226613,0.3010280683557673
gu,ota,0.7320954907161804,0.5420047954598926
nhi,ota,0.4145439171334954,0.246514483770616
no,ota,0.7307586912439029,0.5370936366497546
tn,ota,0.3785046728971962,0.2532969623155299
orv,ota,0.6201298701298701,0.3828095760348006
myu,ota,0.363013698630137,0.1243722775415316
fr,ota,0.7010094912298354,0.5240627582265939
id,ota,0.7240258953034454,0.4446604374318993
say,ota,0.2641453831041257,0.1120911977162368
bor,ota,0.3738622386223862,0.1395922428046211
cpg,ota,0.5948785292186474,0.300145594747961
az,ota,0.7927631578947368,0.6261394987500501
bn,ota,0.828125,0.5159421486994499
arr,ota,0.2039672272531263,0.0956668302056703
sms,ota,0.4654558404558404,0.1897746881315743
zh,ota,0.3596418922013097,0.2450310885896709
bxr,ota,0.6458271014059228,0.3905714289386817
gsw,ota,0.3992089210827297,0.271416568117325
pcm,ota,0.6829268292682927,0.4447594491310919
hu,ota,0.817572741194487,0.6234197303094922
nmf,ota,0.4453441295546558,0.234277291594786
sd,ota,0.6979835428158061,0.5406077655933318
ml,ota,0.7744486059092801,0.5303927659442788
ht,ota,0.3239097744360902,0.2415925664640621
ab,ota,0.4990080302314596,0.2050849243327872
yrk,ota,0.3671383647798742,0.1209322641293078
sme,ota,0.4588411588411588,0.2588265577160946
grc,ota,0.6448822250610726,0.4302819801276638
mpu,ota,0.2078651685393258,0.1496870244350647
wuu,ota,0.3615560640732265,0.1771937188255184
hyw,ota,0.7730338744348084,0.5527678858562886
yrl,ota,0.4133759872038388,0.1949722807718255
sjo,ota,0.1002208365809301,0.0409076882951474
vi,ota,0.7005154639175257,0.4509186731718927
sab,ota,0.3516402506450424,0.1787369606202445
gd,ota,0.5346796263093329,0.4041154755014411
akk,ota,0.4426123504688005,0.2027258563582412
kmr,ota,0.6751522411899771,0.4678335325110819
te,ota,0.8446601941747572,0.4412730622145683
fa,ota,0.674452772866499,0.4899384931110516
tr,ota,0.826111812017032,0.6154907177546156
ps,ota,0.6537988689451685,0.4708017523074029
la,ota,0.7077971014492753,0.5408556452133555
ja,ota,0.1805146023599666,0.1158968699747434
lzh,ota,0.2780180052456227,0.1629671870761077
lij,ota,0.4955237242614145,0.3717928347010995
sl,ota,0.7239162280939722,0.5297791275741542
br,ota,0.5710573655806516,0.3563129487070068
wbp,ota,0.4888888888888889,0.2180041378364901
ota,ota,0.7738689253218164,0.6222619890943594
pt,ota,0.7172778827977315,0.5035282223224542
uk,ota,0.7545790146244498,0.4983545743917281
uz,ota,0.8343366778149387,0.5408172545299071
lt,ota,0.8097597849823618,0.5429506053456088
th,ota,0.4107886582480925,0.2468087626120418
lv,ota,0.7894427996052386,0.526079021646976
ang,ota,0.4853801169590643,0.293109394178101
am,ota,0.4504495504495504,0.3028076038343416
urb,ota,0.3333333333333333,0.181701813077458
ess,ota,0.2585669781931464,0.1106973845557576
is,ota,0.7214865967170617,0.5455129804770136
el,ota,0.7345347922477294,0.5033435277328365
pro,ota,0.5693266578113825,0.378462903748511
pl,ota,0.7282905334345088,0.4907070760211199
myv,ota,0.5083101162455568,0.246647159311651
frm,ota,0.6738553577459353,0.51044920115345
ar,ota,0.3015742586340154,0.2000846042964005
cs,ota,0.720152739976439,0.4862938941801323
jv,ota,0.6218364358920728,0.3522575134661003
krl,ota,0.7133160956690369,0.4778120296779294
jaa,ota,0.3739130434782609,0.1940177504693633
scn,ota,0.5232059978579079,0.3413744450720057
si,ota,0.7329545454545454,0.6205867078883128
cy,ota,0.5323035357688242,0.3657004933115277
sdh,ota,0.5588235294117647,0.2343253968253968
nds,ota,0.5407819192563565,0.4121672724193511
ltg,ota,0.6823529411764706,0.4122495246368522
kk,ota,0.8237233936244629,0.5337402749113203
abq,ota,0.2331288343558282,0.0927588960134506
yo,ota,0.2856969549921145,0.1462427723598091
es,ota,0.7192513920395958,0.5216578042511165
sah,ota,0.4897260273972603,0.2795692641753786
koi,ota,0.5342136854741897,0.2952478442014487
hr,ota,0.7473619126133553,0.5002064284323642
et,ota,0.8001363260139247,0.544769028577606
mt,ota,0.3461573196062494,0.1817710965963271
gwi,ota,0.5238095238095238,0.1720745187115456
naq,ota,0.3552473416551086,0.1872870661705253
ta,ota,0.7524600918434288,0.5324502681215277
aqz,ota,0.4346049046321525,0.1726386518568345
kpv,ota,0.4771350400625366,0.2587694516301135
or,ota,0.7774538386783285,0.6189600455420807
yi,ota,0.7273634820804632,0.5078680543363632
fro,ota,0.6086718438868977,0.4314883048514495
egy,ota,0.1643518518518518,0.0547927508073992
en,ota,0.7338731658002586,0.5114078314021823
azz,ota,0.4439928628072958,0.24303245360662
xum,ota,0.261617900172117,0.146630562009454
ceb,ota,0.4473493100944081,0.2614989164200583
mk,ota,0.7610294117647058,0.5565941595780668
ko,ota,0.6500112244054019,0.4132896552291227
ur,ota,0.6830339051735783,0.5637369581981084
de,ota,0.7546103858087934,0.5420714105277316
hit,ota,0.1886936592818945,0.1277247129813656
ca,ota,0.708438181513169,0.5231521478035707
gv,ota,0.3421281530878515,0.1634113298023087
sk,ota,0.7373666038920276,0.4893756117987733
sv,ota,0.7561659192825112,0.5738167240593849
hy,ota,0.8296853297571722,0.5700365434424464
quc,ota,0.3401577948666733,0.1612324908032678
da,ota,0.755961289035219,0.5519024750247044
xnr,ota,0.60381861575179,0.4065826992539705
fi,ota,0.8169864373139266,0.5554720791617761
ha,ota,0.3771997411162819,0.1917990372182526
bm,ota,0.3394342762063227,0.1727610366587774
sr,ota,0.750722353559233,0.5056578285934527
he,ota,0.6155653150852824,0.4169939479972164
aln,ota,0.4890556597873671,0.3515336762584677
vep,ota,0.5947812739831159,0.3747277861543184
arh,ota,0.297719992462785,0.1447234704080488
ug,ota,0.7964181994191675,0.4579093697278751
fo,ota,0.6665772819907755,0.4712296686080142
xcl,ota,0.5890964612897431,0.3990760677724071
mdf,ota,0.4860813704496788,0.2447086584153048
xav,ota,0.3135328271549799,0.1376558591199702
cop,ota,0.0396584705827462,0.0086583142343541
got,ota,0.2990782506373798,0.1325126154268401
xpg,ota,0.2821576763485477,0.1447554659857025
ka,ota,0.7703747476239721,0.4838972698535585
ckt,ota,0.3306662312214239,0.1505070046791917
ga,ota,0.57723873188166,0.3836983027375396
bar,ota,0.4550412343708433,0.322390511928104
gub,ota,0.3760917030567685,0.1883528866584909
sq,ota,0.7264296754250387,0.548715472167319
af,ota,0.7200635993242572,0.5079345391529723
eu,ota,0.7464101091326824,0.4313087713491192
sa,ota,0.4328278083478727,0.1759456683518744
hbo,ota,0.4313142239048134,0.2215260604565685
cop,pcm,0.0369523631782764,0.0230600546501766
ha,pcm,0.2538909606435109,0.196150602950438
jaa,pcm,0.3565217391304348,0.205398625327007
ru,pcm,0.8717587808105796,0.6251855362537624
th,pcm,0.6104687968546963,0.4178877351218988
cu,pcm,0.2521284540702016,0.1867376226947773
af,pcm,0.8340455132664215,0.6238778998039426
tr,pcm,0.7517544551332598,0.505389124631201
gl,pcm,0.8303819444444445,0.5798584332801909
naq,pcm,0.2240406842348589,0.1509492157258055
be,pcm,0.8555166374781086,0.5835927819678371
br,pcm,0.5698580851489107,0.3951996461764422
ota,pcm,0.5201895257662795,0.42041979704306
koi,pcm,0.4021608643457383,0.2624510710292064
xum,pcm,0.2951807228915662,0.1045441412147017
tpn,pcm,0.3864241348713398,0.138203083232341
hbo,pcm,0.2333017847485127,0.1555379822148507
cpg,pcm,0.5872182096738893,0.331999665349857
gub,pcm,0.2994541484716157,0.1295156945110642
pcm,pcm,0.9781881533101046,0.9531822447599704
lzh,pcm,0.2737293542213085,0.2079468459487016
ml,pcm,0.7303370786516854,0.4949250526522803
abq,pcm,0.1226993865030674,0.057248216216587
sme,pcm,0.4025974025974026,0.2145570273266595
yrk,pcm,0.2735849056603773,0.0818974032777071
apu,pcm,0.38,0.1009667098254918
bxr,pcm,0.5630671053943563,0.305783789490854
ur,pcm,0.7110630825341078,0.5615764811278903
la,pcm,0.7245893719806763,0.5836501026780346
en,pcm,0.8819967193779703,0.7348528564493104
tn,pcm,0.3598130841121495,0.2146327356853672
sr,pcm,0.8517642938446721,0.6082433937963136
gd,pcm,0.5764839105407191,0.4828070032125632
es,pcm,0.8360074242111776,0.6467420564382721
is,pcm,0.811225458974445,0.6165524363528253
da,pcm,0.8703980844058665,0.6784003622774524
kmr,pcm,0.6955176200459219,0.4664758754481646
lt,pcm,0.8450361162439106,0.6026546977974229
bho,pcm,0.5021755438859715,0.3301945709432605
nap,pcm,0.3532338308457711,0.2698425139327395
ang,pcm,0.4093567251461988,0.2940229443758855
arh,pcm,0.2421330318447333,0.1125097107691505
no,pcm,0.8576152286304097,0.6792810764831313
wuu,pcm,0.3569794050343249,0.1630721875885142
tt,pcm,0.5478070175438596,0.2271289257959283
nhi,pcm,0.3665574463587359,0.2435037937437658
lb,pcm,0.3640776699029126,0.2702143515258269
otk,pcm,0.2974683544303797,0.0397295012679628
wbp,pcm,0.3809523809523809,0.1380882032668254
yi,pcm,0.8034341619247279,0.6931180812476625
fr,pcm,0.8040463493979945,0.6394592227352521
ckb,pcm,0.2786885245901639,0.147065792858787
hit,pcm,0.0702826585179526,0.0756426565077384
xav,pcm,0.2541313086199196,0.1214111833231255
pro,pcm,0.611116787575355,0.4499501424813687
uk,pcm,0.8538974868663921,0.6059506803736644
sjo,pcm,0.1231488698363211,0.0246425803462338
fro,pcm,0.6411041417761848,0.4738754538572461
pt,pcm,0.8444360428481411,0.6096516629347044
xpg,pcm,0.2418494368701837,0.1072062693095086
hi,pcm,0.7685246122951788,0.5486383972745368
bn,pcm,0.859375,0.5924820019082314
myu,pcm,0.2504892367906066,0.1115308783271942
gya,pcm,0.0549777117384844,0.0756424335195882
gu,pcm,0.6976127320954907,0.523168288792134
ja,pcm,0.1864968680766962,0.1173920746588537
yue,pcm,0.5127173444460411,0.3839154038657083
ar,pcm,0.3562624577960379,0.2617520776194037
nds,pcm,0.5571858197393602,0.4419054261392617
vi,pcm,0.7767304860088365,0.5670495289214521
sab,pcm,0.3590121636564689,0.2298626399768024
xcl,pcm,0.5950242500449074,0.4755475179994757
eo,pcm,0.8943746259724715,0.6721934570030308
bor,pcm,0.3663591635916359,0.1216322678503274
cy,pcm,0.6438975684247621,0.4813631353094127
sl,pcm,0.808854647062015,0.6369876887303187
aln,pcm,0.4951219512195122,0.475033399881773
egy,pcm,0.0301783264746227,0.0404153942274767
pl,pcm,0.8155810269313205,0.5783098704353593
sa,pcm,0.3613385227933611,0.1579125607415107
gsw,pcm,0.3627525733892489,0.2793757789333592
urb,pcm,0.1420765027322404,0.1459134600267687
ab,pcm,0.3505904581955597,0.1069045984957187
ceb,pcm,0.4074074074074074,0.2401968999067133
hy,pcm,0.8163226208151731,0.5999548645238929
sah,pcm,0.2493150684931507,0.1213712637814277
sd,pcm,0.7132652138529705,0.5584793358976757
si,pcm,0.6863636363636364,0.551170925017514
zh,pcm,0.5010189128543298,0.3005283817841737
ess,pcm,0.3870716510903427,0.1169112249108532
bg,pcm,0.8801831595013991,0.6926713392061494
hr,pcm,0.8368095630667766,0.5855426847803215
pay,pcm,0.2348538011695906,0.1307685000059781
lv,pcm,0.8406284174868636,0.6230426794978395
bar,pcm,0.4652168129821761,0.3966449590785126
ltg,pcm,0.6352941176470588,0.3638349244786537
uz,pcm,0.7915273132664437,0.5125078681979796
myv,pcm,0.4375060044192526,0.16817884178241
mr,pcm,0.7160194174757282,0.4818161456336032
ro,pcm,0.7891335189953235,0.5767828305192575
pad,pcm,0.3809523809523809,0.1110706698036918
bm,pcm,0.3090501338349128,0.1926366510616271
ca,pcm,0.8088575742325114,0.5945147810187128
ajp,pcm,0.6185044359949303,0.4852107843061182
eu,pcm,0.7189218019200788,0.4098697070201803
cs,pcm,0.8099389310909805,0.5938869850156566
olo,pcm,0.6028225806451613,0.342284512553261
lij,pcm,0.4847806624888093,0.4130455434808786
nl,pcm,0.8669114157988063,0.6837973251443058
yrl,pcm,0.3547935619314206,0.1323605212463131
frm,pcm,0.7650407680802818,0.5896234596240402
orv,pcm,0.6270833333333333,0.4405060608230147
scn,pcm,0.4463584434130667,0.3443141681544351
it,pcm,0.8343332297171278,0.6688154720397179
ckt,pcm,0.2619203135205747,0.150180398596093
gn,pcm,0.271889400921659,0.1729312354312354
mk,pcm,0.7867647058823529,0.5957945986517468
de,pcm,0.7988310598520774,0.6331677401736855
el,pcm,0.7796252592433669,0.5982840215892562
akk,pcm,0.3712010992563854,0.1506155422569917
sdh,pcm,0.5073529411764706,0.1636904761904762
ug,pcm,0.7483059051306873,0.498105256258964
ko,pcm,0.6581164266219266,0.4112292675939713
ga,pcm,0.5840558607452512,0.4293863321525258
mdf,pcm,0.4318344039971449,0.2181400215696365
hu,pcm,0.759666921898928,0.5511657924079407
ctn,pcm,0.3049689016471875,0.1428893733035695
aii,pcm,0.1456953642384106,0.0362637362637362
gv,pcm,0.2514738571566637,0.1252213071375452
kpv,pcm,0.3623216728551885,0.2085591669343864
krl,pcm,0.6486748545572075,0.4190242727420484
he,pcm,0.8192217342457359,0.570072131058433
mpu,pcm,0.1741573033707865,0.1498207374483783
sv,pcm,0.8715777672881756,0.6964431407608607
say,pcm,0.2098231827111984,0.1563979550129205
fo,pcm,0.7503486002359755,0.542832476027725
kk,pcm,0.8056360547616669,0.537950780307929
tl,pcm,0.6537411250682688,0.4813130369389075
te,pcm,0.8321775312066574,0.4702949705935635
gwi,pcm,0.3611111111111111,0.0872344667120954
sk,pcm,0.8269774011299436,0.5580103308411367
oc,pcm,0.6584930010920282,0.4876948481379731
jv,pcm,0.6471449487554904,0.4554850297999763
fa,pcm,0.7417635779565207,0.60223062645321
az,pcm,0.7653508771929824,0.5181993097722779
hsb,pcm,0.6769947165756246,0.4427748816073283
azz,pcm,0.3556701030927835,0.1885799744947135
gun,pcm,0.174879669951868,0.0421066318370337
yo,pcm,0.1928909377653767,0.1267116584482675
or,pcm,0.7949465500485908,0.5568546497000181
ka,pcm,0.7908110503767174,0.5125093808573302
mt,pcm,0.2404948974984195,0.164460450175758
et,pcm,0.8429167275264943,0.6255825010339774
sga,pcm,0.2348130841121495,0.1643609078776276
wo,pcm,0.2698260117273863,0.1794055249302696
vep,pcm,0.4842670759785111,0.2712347269638099
hyw,pcm,0.771180787191461,0.5772629117453665
quc,pcm,0.2364925596724258,0.1288562738593993
aqz,pcm,0.3719346049046321,0.165495735732206
eme,pcm,0.2327348066298342,0.1465884794838559
bej,pcm,0.2186427913982093,0.0657419928211322
id,pcm,0.8134471304221322,0.5834109353936958
ky,pcm,0.7992473696336687,0.4659115840445868
xnr,pcm,0.403739061256961,0.2733536328893631
sq,pcm,0.7449768160741885,0.6273373360821279
ps,pcm,0.7850995820014753,0.5540335503659638
arr,pcm,0.0896938335489435,0.1026054998414523
nmf,pcm,0.349527665317139,0.1732019886250774
am,pcm,0.4340659340659341,0.3564204747772821
sms,pcm,0.2849002849002849,0.1197043975136238
fi,pcm,0.8380747601720145,0.6080524598725443
ht,pcm,0.2608270676691729,0.2143076019104285
grc,pcm,0.5413164795266591,0.3916970460991859
ta,pcm,0.7139733216706757,0.4635987805874674
got,pcm,0.2137674053736026,0.1395346931824136
pad,pl,0.4027777777777778,0.1477330233031509
wo,pl,0.3774872632894357,0.2152871165066719
grc,pl,0.6730989040543266,0.5040036063088086
lij,pl,0.5699791107132199,0.4427713203824669
nmf,pl,0.3984480431848853,0.2096836121446461
ang,pl,0.4619883040935672,0.3480581428497252
got,pl,0.2850558933124142,0.1792317639197292
arr,pl,0.2009486847779215,0.093687589626669
da,pl,0.8412650902923277,0.623100167984656
ht,pl,0.363984962406015,0.258437660649589
hy,pl,0.8452991043632357,0.6039008629160743
ca,pl,0.8609964771011576,0.6204257575487633
yrk,pl,0.3773584905660377,0.0994680453886921
kmr,pl,0.7856643705700309,0.5702674517899187
ota,pl,0.66832990901086,0.4746470129413999
gub,pl,0.4423580786026201,0.1909095448466665
ab,pl,0.5200755786490316,0.1654944071584691
cy,pl,0.6689768589216493,0.5141280955338845
et,pl,0.8363438661408378,0.6008197242418828
ug,pl,0.7409486931268151,0.4797930690960116
fo,pl,0.760431191676499,0.5383800137560224
pl,pl,0.976556571748073,0.8189714018489751
sdh,pl,0.4632352941176471,0.1984226025092898
ur,pl,0.6845197892746184,0.6237572884974194
eme,pl,0.400207182320442,0.170677460774735
sme,pl,0.4313686313686313,0.237637805892326
akk,pl,0.4466941480763013,0.2394974600239645
af,pl,0.79191096094604,0.6210493124624152
el,pl,0.8423800328970893,0.6412314334848438
sa,pl,0.3903726569140607,0.1795941727415123
mk,pl,0.8860294117647058,0.7606232182630973
sq,pl,0.8060278207109737,0.7386810634798212
fro,pl,0.6986758263639984,0.5199079295733477
orv,pl,0.7521645021645021,0.5352185747649978
olo,pl,0.6693548387096774,0.3917185660512392
he,pl,0.8135021958941886,0.5691050813664105
be,pl,0.907305479109332,0.6851264023015742
ja,pl,0.1837926289560787,0.1155086423838308
az,pl,0.7752192982456141,0.5630653437650311
bxr,pl,0.6243892711137701,0.3496485029385103
vep,pl,0.5970836531082118,0.4154943506755387
gsw,pl,0.3979222264582539,0.2822197858387901
say,pl,0.3038310412573674,0.1323489391984618
jaa,pl,0.3217391304347826,0.1374934589220303
ru,pl,0.9221172146441148,0.7193999772541897
arh,pl,0.2773695119653288,0.1034443416643377
eu,pl,0.7780421760892755,0.4898687476982042
no,pl,0.834176729571238,0.6301109616771227
cop,pl,0.0369990202024914,0.0050969906544458
fr,pl,0.825804071502834,0.6150664650669371
bej,pl,0.3312693498452012,0.0776583529656094
bor,pl,0.366420664206642,0.154513345025123
lzh,pl,0.3841000921528319,0.2268772401188674
sr,pl,0.9429121793187988,0.7623423844429034
azz,pl,0.4449841395717684,0.2601399278966536
hi,pl,0.7326650804097268,0.6134030053648938
wbp,pl,0.4412698412698412,0.161098583470001
br,pl,0.6476114331401159,0.4226622069801156
yo,pl,0.3093533907557927,0.1519058946828755
hyw,pl,0.8098732488325551,0.6020097248076902
ko,pl,0.6264872337157508,0.3698783344075415
mr,pl,0.75,0.5373037592028262
bg,pl,0.9212032561689136,0.7317087811538346
yi,pl,0.8456623739642608,0.6908841658415781
bar,pl,0.487097632349029,0.3729053518398831
nds,pl,0.5616513259819557,0.4468026498520015
hit,pl,0.1810542398777692,0.1268864850093786
ky,pl,0.7612318562322402,0.4283998473639452
ga,pl,0.6673505857435965,0.4739768761181056
sd,pl,0.6977122705488742,0.5725409394334391
sms,pl,0.4494301994301994,0.1861761153926239
gu,pl,0.7183023872679045,0.5306010855174336
bn,pl,0.796875,0.5747656698324317
nl,pl,0.824055343273145,0.6058259820717078
si,pl,0.7090909090909091,0.598932745152091
sv,pl,0.8659871371253245,0.6591550357876579
xav,pl,0.3336310853059401,0.1463913117885069
xnr,pl,0.5369928400954654,0.3543497811173043
ps,pl,0.7924760265552004,0.6128785047387444
cs,pl,0.9130167499424516,0.7102744892373305
tr,pl,0.7758535719917994,0.5193676007354514
myv,pl,0.5118647324430781,0.2628793120654045
cu,pl,0.505999502116007,0.349584786490823
xcl,pl,0.6282557930662834,0.4876148883286491
mpu,pl,0.2303370786516854,0.1457085959383753
hr,pl,0.9402308326463314,0.7715927811446028
xum,pl,0.3003442340791738,0.1761086104667414
tl,pl,0.6908793009284544,0.496920040121979
egy,pl,0.3112997256515775,0.0907964767273625
gv,pl,0.3471537643761477,0.191674755794854
urb,pl,0.273224043715847,0.1733670547197026
myu,pl,0.3463796477495107,0.1249709817684231
en,pl,0.806725770723174,0.6297685769514393
ckt,pl,0.3260940561724363,0.1387821330620878
bm,pl,0.3107140273457281,0.183615931465662
ckb,pl,0.3852459016393442,0.1898125486932863
apu,pl,0.486,0.1407169683110262
aii,pl,0.1854304635761589,0.0413752913752913
koi,pl,0.4957983193277311,0.2931125791794985
sl,pl,0.9012804514133796,0.7024174410226542
ctn,pl,0.4112500854350352,0.1727549383555036
de,pl,0.8155333411392776,0.6173669335544918
ceb,pl,0.4989106753812636,0.3251757736555347
la,pl,0.7781835748792271,0.6472052201160254
lt,pl,0.876112884260037,0.6788926909055037
uz,pl,0.7909698996655519,0.5350271661340033
ro,pl,0.8158268088907572,0.5906778886907841
aln,pl,0.5113195747342089,0.4041417756384923
vi,pl,0.725920471281296,0.510508279001993
kk,pl,0.7864494853602478,0.4971848795190492
sjo,pl,0.1260717069368667,0.0239753339625289
xpg,pl,0.2738589211618257,0.1413629643528982
yue,pl,0.5045983618335967,0.3820030389459218
tt,pl,0.618859649122807,0.2941175162278513
cpg,pl,0.6506894287590282,0.346690645373523
sab,pl,0.3708072244747512,0.2357751702687586
gya,pl,0.200965824665676,0.063312515279403
pt,pl,0.8673724007561436,0.619363142799571
is,pl,0.8123652129216811,0.6024048715541567
ajp,pl,0.6945500633713562,0.4622271072143845
eo,pl,0.8518850987432675,0.6538339720071489
pay,pl,0.3066666666666666,0.0903256458496106
sga,pl,0.2780373831775701,0.1737834393501522
hbo,pl,0.5210924824229313,0.3062758732611629
sk,pl,0.9177652228499686,0.7543389198970869
ha,pl,0.4163404937282337,0.2505117485252609
kpv,pl,0.4646277115497362,0.2508737672084657
mdf,pl,0.5032119914346895,0.2500695802024755
es,pl,0.8784182305630027,0.6475519150597158
gn,pl,0.2442396313364055,0.1472284397630019
ar,pl,0.3930195663670016,0.3178966850354753
nhi,pl,0.4386428495930662,0.287213481161834
lb,pl,0.3446601941747573,0.2815400482362004
oc,pl,0.7550878586319865,0.5745621510693679
frm,pl,0.7905147874752738,0.6150925818363651
lv,pl,0.8896801899122456,0.6950411754306507
nap,pl,0.4527363184079602,0.3937673378530156
quc,pl,0.3880954758813542,0.1712372881105334
ess,pl,0.2597352024922118,0.1141508817606123
gwi,pl,0.5198412698412699,0.1315594902718247
fi,pl,0.8169588708788179,0.5608737705667178
it,pl,0.8308361827789866,0.6115716826810504
fa,pl,0.7981173892472048,0.608583204255546
mt,pl,0.3380294409825702,0.1823471120318082
te,pl,0.8377253814147018,0.562949191782335
wuu,pl,0.4382151029748283,0.2516838262017922
sah,pl,0.3993150684931507,0.1739457589458992
gd,pl,0.6214966499952816,0.4888076873107395
tn,pl,0.3551401869158878,0.2624575134204407
gl,pl,0.866729797979798,0.6215415587785941
ka,pl,0.8038607376766632,0.5173650028562612
jv,pl,0.6457505403332636,0.417988797714881
scn,pl,0.5898786147804356,0.4700744402438871
am,pl,0.4929070929070929,0.3448724927215958
id,pl,0.8094222049802391,0.5797215453545551
or,pl,0.7803692905733722,0.653125836053545
zh,pl,0.4986376333745478,0.32104375237018
hu,pl,0.7791921898928025,0.6024940073795189
pro,pl,0.7016450393378972,0.5515258916652154
abq,pl,0.2607361963190184,0.0874728720827226
naq,pl,0.3321312991215904,0.1598569015947624
bho,pl,0.5273818454613654,0.3744799522370281
th,pl,0.6479858727884583,0.4818940210513045
tpn,pl,0.5290594498669032,0.1704021113506067
uk,pl,0.9347934118983388,0.7244377730930118
otk,pl,0.2974683544303797,0.0352720450281425
gun,pl,0.1802276720910688,0.0452262125186016
ltg,pl,0.7764705882352941,0.6006322968076699
yrl,pl,0.3979806058182545,0.1815834188704805
krl,pl,0.7110536522301228,0.4724514656025204
ml,pl,0.7902621722846442,0.5820016820164913
aqz,pl,0.4237057220708446,0.1629658223502557
pcm,pl,0.7002787456445994,0.5258338774388749
ta,pl,0.7533347911655368,0.4748288377133631
hsb,pl,0.7821259066893526,0.5571767599551061
hit,pro,0.1917494270435447,0.1190497794887948
ug,pro,0.7292352371732818,0.4499686087055297
sah,pro,0.3575342465753424,0.2221494031024975
gl,pro,0.8895359848484848,0.635472585496564
xav,pro,0.2711031710585083,0.1186966456218052
ht,pro,0.4351127819548872,0.3142674697282263
bn,pro,0.74375,0.4243952905284637
ckt,pro,0.30421293272371,0.1669498572922857
mt,pro,0.3867064029621602,0.2359600944338947
sr,pro,0.8583311443831538,0.6588777325960913
kmr,pro,0.7599081561345712,0.5368144652053752
mk,pro,0.8338235294117647,0.6721509372060785
gv,pro,0.4016623175799749,0.2118938979390687
sdh,pro,0.5294117647058824,0.2298370961287741
sa,pro,0.3426385720037578,0.188959373376758
frm,pro,0.8939064987697206,0.7436441149861576
ab,pro,0.4714218233349079,0.1776642930261841
hsb,pro,0.7558878839437628,0.5419161125520353
bm,pro,0.3188164653114375,0.1834292765810801
ota,pro,0.5976770514486981,0.4339180078295793
et,pro,0.8317185192398202,0.6301750473045111
arr,pro,0.1746442432082794,0.1214163819411489
es,pro,0.9153021241493092,0.67444540174806
cpg,pro,0.6636025388487634,0.3459062453288316
fo,pro,0.7735171082269656,0.5663486932489988
yue,pro,0.4611294726253772,0.35321168025104
ang,pro,0.5263157894736842,0.3765537343464031
cy,pro,0.653764830259603,0.5384808987386103
ru,pro,0.863954135433277,0.6260749383956176
jv,pro,0.6528620232866207,0.4147381811486383
eme,pro,0.2952348066298342,0.1551353089818875
abq,pro,0.2024539877300613,0.0766514710686463
de,pro,0.8310696095076401,0.6218052949573701
orv,pro,0.7289637445887446,0.4895878507632348
pay,pro,0.3644444444444444,0.1536442616156884
nhi,pro,0.4896945354613677,0.344007421932031
sms,pro,0.4116809116809117,0.1821866252884065
bho,pro,0.5245311327831959,0.3557822749986596
koi,pro,0.4825930372148859,0.2761484004067145
eu,pro,0.7465331911052762,0.4261057754563871
ceb,pro,0.5570079883805374,0.3459488287451128
pcm,pro,0.6498954703832752,0.4548000872741886
uz,pro,0.762876254180602,0.5113430818912557
ha,pro,0.3549788886491817,0.2215775256008247
fi,pro,0.8181580108060426,0.5574885167244645
id,pro,0.8027301602696215,0.5535314259755528
wo,pro,0.3649908680188407,0.2279939125656614
aii,pro,0.2075055187637969,0.0581663506380361
hyw,pro,0.7630272033207324,0.566295334894074
gsw,pro,0.3975886389630194,0.2732845263863755
urb,pro,0.2349726775956284,0.1805675093935348
ps,pro,0.752889107450209,0.551005487444812
jaa,pro,0.3478260869565217,0.1416510318949343
tt,pro,0.5767543859649122,0.3254561633629042
af,pro,0.8381198449766472,0.6402797132995092
tn,pro,0.3364485981308411,0.2267873323867285
bg,pro,0.8736962604935131,0.6983561494729689
gn,pro,0.1935483870967742,0.1423300491299202
ess,pro,0.2336448598130841,0.1103075552381742
ka,pro,0.7817008913182646,0.5103658367172587
nl,pro,0.8552483704203192,0.6624740309423073
lb,pro,0.3058252427184466,0.2078445705767687
ml,pro,0.7249271743653766,0.485478984342873
vep,pro,0.5464313123561013,0.3826861841155223
vi,pro,0.7424889543446245,0.5093105931943951
xcl,pro,0.652505837973774,0.4865711346924909
yrk,pro,0.1635220125786163,0.0652473333706058
hr,pro,0.8523907666941467,0.6550839662034025
pro,pro,0.9676100950240114,0.9385678813418056
el,pro,0.8423442751913037,0.6085003394586017
gd,pro,0.5726148910068888,0.4423820380072965
mdf,pro,0.4682369735902926,0.2720982741416522
lv,pro,0.8295857672508069,0.6012569767815248
ro,pro,0.8401029898586517,0.5992961013105496
fro,pro,0.8110812425328554,0.622405352400383
ca,pro,0.9015769166247274,0.7018521459798901
ja,pro,0.1556239141868953,0.0892532856250575
tpn,pro,0.4274622892635315,0.1748696817429322
ckb,pro,0.4016393442622951,0.1907449384868739
sd,pro,0.6708563161226151,0.5437112234696062
myv,pro,0.473628590642713,0.2534326303637401
wbp,pro,0.3746031746031746,0.1583433034230641
uk,pro,0.8478631265085901,0.6139259129150364
sga,pro,0.2558411214953271,0.1702877162987755
si,pro,0.6284090909090909,0.5773025690847648
gub,pro,0.3068777292576419,0.156972786314427
yi,pro,0.8135170210641909,0.6221681097707452
mpu,pro,0.1910112359550561,0.1559234333567531
no,pro,0.8344324887191947,0.6172973354925918
ga,pro,0.6243298696141373,0.4413585677824626
aln,pro,0.5743589743589743,0.442501362271845
lt,pro,0.8410885267932136,0.6095110483490224
apu,pro,0.417,0.2171874321404148
xpg,pro,0.2922347362181387,0.148881681465608
azz,pro,0.4810666137985726,0.300172296790618
sv,pro,0.8647775548737314,0.6419643487357668
en,pro,0.8100361264873062,0.604545899856586
he,pro,0.8532666053858986,0.6372391181868999
gya,pro,0.1485884101040119,0.1009380055944705
say,pro,0.2628683693516699,0.1678351595261478
grc,pro,0.680517268428248,0.5003910698410275
am,pro,0.5656343656343656,0.3843312347627782
da,pro,0.8747879876284546,0.6502280357626098
tl,pro,0.6799563080283998,0.4804667537948308
ko,pro,0.623899712891525,0.3591475290029922
ur,pro,0.6447386194785898,0.6000282209693388
arh,pro,0.2619182212172602,0.1368648009907908
be,pro,0.8495746810107581,0.6102924562411315
sme,pro,0.3964035964035964,0.2757282764621914
xum,pro,0.2822719449225473,0.2155588676459235
xnr,pro,0.5063643595863166,0.3429256807026412
br,pro,0.643513891665001,0.4363329526939278
oc,pro,0.8649856050828949,0.6651129952052964
hi,pro,0.688300511314737,0.546498168322531
sjo,pro,0.1304884385554689,0.0364492603142181
it,pro,0.8943192415293751,0.664763913127226
te,pro,0.826629680998613,0.4551325059632223
hu,pro,0.8168070444104135,0.6098661205080629
otk,pro,0.3417721518987341,0.0662806273666002
pl,pro,0.8455742375227978,0.6028091468710117
quc,pro,0.3600319584540098,0.2106819701135449
lzh,pro,0.2248883532997802,0.1662624717640055
or,pro,0.7278911564625851,0.5866842744488607
fa,pro,0.752596060462684,0.5790023054859715
yrl,pro,0.3804858542437269,0.2027821801004953
tr,pro,0.7393352783472639,0.5025330672114477
sab,pro,0.3438997419830446,0.2273582478686645
scn,pro,0.7398250624776865,0.5922369293239453
lij,pro,0.6886004177857356,0.5378296321256946
cs,pro,0.8315337639300754,0.6067650582966904
zh,pro,0.3849887805101433,0.2572055544849989
is,pro,0.8221257528521784,0.602827204468046
gun,pro,0.1774772709909084,0.0476581332092443
ar,pro,0.364870032136029,0.2692046061973859
ajp,pro,0.679340937896071,0.4438425336775325
bxr,pro,0.5987635856017549,0.3877242790903116
gwi,pro,0.4474206349206349,0.1366336435834392
bor,pro,0.3575030750307503,0.1535418096795686
la,pro,0.7698454106280194,0.6227473198086647
bej,pro,0.3650740523805539,0.1500561583345594
ky,pro,0.7500191997542431,0.4406177029727456
pad,pro,0.3551587301587302,0.1399809602380331
ltg,pro,0.7294117647058823,0.5212362934684364
naq,pro,0.2972723069810448,0.1788475512901523
az,pro,0.7247807017543859,0.54440984731483
cop,pro,0.0357392805486866,0.008438987532351
kk,pro,0.7857499750174878,0.495676444175588
krl,pro,0.6929541047188106,0.5016459673280995
egy,pro,0.1917866941015089,0.0937341989918379
wuu,pro,0.4347826086956521,0.2195737304225418
olo,pro,0.6451612903225806,0.4296144828704195
fr,pro,0.9032179629070664,0.6701408207872553
hy,pro,0.8155084055749796,0.5848641308278535
myu,pro,0.24853228962818,0.123996032917454
bar,pro,0.4682096302208034,0.3569549433351935
nds,pro,0.5620158571038002,0.4332665204278635
aqz,pro,0.364441416893733,0.1571390605640407
cu,pro,0.5345780433159074,0.3292552395543118
hbo,pro,0.6238507301243915,0.4007395707095307
kpv,pro,0.4383427789720539,0.2388393341361149
nmf,pro,0.3626855600539811,0.191376906365474
sq,pro,0.7843894899536321,0.7172105379098336
th,pro,0.49142038450005,0.3870384046159004
gu,pro,0.6992042440318302,0.50901887664247
ctn,pro,0.3755724147358348,0.1689349385458501
nap,pro,0.6666666666666666,0.670278640141209
ta,pro,0.7270938115022961,0.4751759805284277
sl,pro,0.8176984428408659,0.6059099814812994
pt,pro,0.9053560176433524,0.6589249027879243
got,pro,0.3076093351637576,0.2209268589191117
sk,pro,0.8564814814814815,0.6686325461307316
eo,pro,0.881508078994614,0.7630030401440958
yo,pro,0.3023171175542885,0.1699533909336801
mr,pro,0.7864077669902912,0.570640703441024
akk,pro,0.4101600387972842,0.2227330092261401
gwi,pt,0.4285714285714285,0.143203081245738
is,pt,0.8474294078866503,0.6713284760363808
tpn,pt,0.4489795918367347,0.1413361609288326
ltg,pt,0.7705882352941177,0.5898176562825296
ar,pt,0.3647642679900744,0.2941453295365046
pcm,pt,0.7009059233449477,0.4716699571394786
fi,pt,0.8651174330135627,0.6370024239222907
xav,pt,0.2956677087985708,0.1308825324190961
es,pt,0.9401113631676634,0.7475310252901688
eme,pt,0.3232044198895027,0.1285380000220219
vep,pt,0.580199539524175,0.3904261899527403
urb,pt,0.221311475409836,0.1164731991894596
cu,pt,0.5590739357729649,0.3620010774722244
lzh,pt,0.240270787552279,0.1958149907102801
cop,pt,0.0361125367424065,0.0046476018914658
mpu,pt,0.2752808988764045,0.1154925800107277
uz,pt,0.8115942028985508,0.5446535791370584
ky,pt,0.7838875662391521,0.5008359672335401
ess,pt,0.2597352024922118,0.1074243184636023
ctn,pt,0.3737270179755314,0.1400776839808347
gya,pt,0.1552748885586924,0.0445936279797175
nap,pt,0.5522388059701493,0.5531406912854203
yrl,pt,0.3948815355393382,0.1814438764849413
el,pt,0.8656940570692985,0.6395990107068861
yo,pt,0.2740507096930729,0.2123883145811432
tl,pt,0.7121791370835608,0.5441514871259691
ang,pt,0.4970760233918128,0.3942544990475306
ps,pt,0.7912466191295795,0.661206178303784
ht,pt,0.4231578947368421,0.3728613095609505
nds,pt,0.5870773717306115,0.4471868490786197
pt,pt,0.9656416719176644,0.8062445963570585
ca,pt,0.9476933400436168,0.8101292597066396
da,pt,0.9033223585752768,0.706145041655043
pay,pt,0.2683040935672515,0.0993724718425826
gn,pt,0.271889400921659,0.1501677660125599
tr,pt,0.7757057246491089,0.5205519743665409
grc,pt,0.6302696160828347,0.4200483400175357
sa,pt,0.3849595132644388,0.1582650032864964
wbp,pt,0.3904761904761905,0.1814957660125871
bm,pt,0.294075092237575,0.1667702709999375
bho,pt,0.5201800450112528,0.3324498305336681
pro,pt,0.7704097271891285,0.6166956223773926
wuu,pt,0.3318077803203661,0.1516939407245842
am,pt,0.4744255744255744,0.3352086624900859
gsw,pt,0.3780499428135722,0.2929339050041706
sk,pt,0.8881826741996234,0.7409848504627925
scn,pt,0.6863620135665833,0.5205675338382326
gd,pt,0.6090402944229499,0.4511554356816588
frm,pt,0.8626429295122304,0.6632104816563997
nhi,pt,0.4443504914913856,0.2833606662295161
aii,pt,0.1611479028697571,0.033768315018315
th,pt,0.5084796588145137,0.4187313904844281
no,pt,0.8649774383894481,0.6482489060404012
arh,pt,0.2494818164688147,0.093137105426219
yi,pt,0.837675950883498,0.6130760127848677
azz,pt,0.4586637589214908,0.2756260118602517
la,pt,0.7977391304347826,0.6078646877123622
hy,pt,0.8612002490540734,0.6355634567056917
it,pt,0.9209745104134288,0.718893542500085
kpv,pt,0.4502638264608168,0.2240642519190639
sms,pt,0.4091880341880342,0.1471580453423557
bor,pt,0.3862238622386224,0.1633361693405732
pad,pt,0.4007936507936508,0.1709091277562058
cs,pt,0.8747505111643715,0.6968350043756301
hr,pt,0.883924154987634,0.6950288405860543
mdf,pt,0.4722817035450868,0.212693752313883
ga,pt,0.7145079091931961,0.5642321416516182
myu,pt,0.3160469667318982,0.128078143230324
sd,pt,0.6804412695542092,0.563742133283526
aqz,pt,0.4332425068119891,0.1391687036103675
ab,pt,0.4678318375059045,0.1302232657473829
lt,pt,0.8730891987233328,0.6415436936794727
jaa,pt,0.3652173913043478,0.1484031739786215
ta,pt,0.7612070850645091,0.4550008242037479
ckt,pt,0.314500326583932,0.132548639341947
sr,pt,0.8929165572191577,0.7090531049725496
say,pt,0.2766208251473477,0.1040236671998859
sjo,pt,0.13269680436477,0.0706071532069015
abq,pt,0.2331288343558282,0.0596574789750438
fo,pt,0.7795237584468518,0.5399607142138083
ur,pt,0.6870187761718223,0.5847382765716305
otk,pt,0.2974683544303797,0.0352720450281425
ru,pt,0.8945180432739295,0.7020031010316847
gv,pt,0.3531458393737315,0.1999682570189025
gub,pt,0.3471615720524017,0.1278822058022573
bar,pt,0.5032588454376163,0.4085709844622143
id,pt,0.8633707538248915,0.6341577377155152
fa,pt,0.7790422591329034,0.5792291989723855
sah,pt,0.3493150684931507,0.1632840911607322
eo,pt,0.9045481747456612,0.800836296497903
yue,pt,0.4424486276763902,0.3446408575184785
ro,pt,0.8583539137897815,0.6221224620166753
kk,pt,0.8220245827920456,0.5096979203013429
fro,pt,0.7565461967343687,0.55447651225129
tt,pt,0.6157894736842106,0.3442593383876216
ja,pt,0.1625279588573128,0.1047406000089382
koi,pt,0.5342136854741897,0.3071786519849013
fr,pt,0.9043666364825436,0.7183708980926501
ha,pt,0.3821308595555829,0.1773301690669336
apu,pt,0.457,0.1507436051352167
krl,pt,0.726890756302521,0.4899519221459353
myv,pt,0.4930348736670189,0.2081782693406039
oc,pt,0.8246798371885238,0.5921328647710234
vi,pt,0.7857142857142857,0.5336842561149538
sab,pt,0.4095097677847401,0.2633925563217484
bg,pt,0.9097557873314678,0.6918639211050939
te,pt,0.8321775312066574,0.4764115099983749
eu,pt,0.766103224747682,0.439087965509702
arr,pt,0.166882276843467,0.0466385877787563
egy,pt,0.2199074074074074,0.1102113772179042
hbo,pt,0.5292725797728501,0.2674905561885999
ka,pt,0.8015955089378047,0.5332395017660249
naq,pt,0.2634304207119741,0.1223010341951668
zh,pt,0.3676558135274992,0.2714647449099858
orv,pt,0.7414772727272727,0.5193339003120376
he,pt,0.8068294011507167,0.6169855400647373
ceb,pt,0.5286855482933914,0.3119404898955687
tn,pt,0.2990654205607476,0.2147508203205501
xnr,pt,0.4984089101034208,0.3197729136782171
ckb,pt,0.4016393442622951,0.1929879902519221
xpg,pt,0.2637818612922347,0.111295963680929
olo,pt,0.6303763440860215,0.4069909839299142
ota,pt,0.6709715292045788,0.4647713582907427
got,pt,0.3095705040203961,0.1836569406256133
hi,pt,0.7203125263673028,0.6223909869150048
gu,pt,0.7241379310344828,0.5239303184921498
hit,pt,0.1512605042016806,0.108847016824979
si,pt,0.6579545454545455,0.5989894452157334
az,pt,0.793859649122807,0.5367251273782974
nl,pt,0.8893883769136635,0.7038645863113473
et,pt,0.872275508382427,0.6898088052773748
lv,pt,0.8661812168253714,0.6596364337202199
wo,pt,0.3789291550514275,0.2074427618900638
gun,pt,0.1800748720299488,0.0432754891547411
de,pt,0.8065687020666238,0.6270613876418851
bej,pt,0.2480127186009539,0.0791128536936545
jv,pt,0.7041762532245694,0.5121965035137108
kmr,pt,0.7986423080762703,0.5732714318167982
af,pt,0.8259962237901223,0.6258551627407549
xcl,pt,0.6428058200107778,0.4754041031233506
uk,pt,0.8624165838421127,0.637100238781772
bn,pt,0.78125,0.4976425746313327
sme,pt,0.436063936063936,0.2545026619667925
sdh,pt,0.4411764705882353,0.202561372375037
gl,pt,0.9237689393939394,0.7341822743507231
be,pt,0.8795346509882411,0.6624445312377083
bxr,pt,0.6206002592481803,0.3420478359480898
en,pt,0.828466086198096,0.6542542641907975
ml,pt,0.7511444028297961,0.5538501488120098
nmf,pt,0.351889338731444,0.163218961284332
yrk,pt,0.3034591194968553,0.1023900920077812
br,pt,0.6646012392564461,0.4772211375447467
hyw,pt,0.7847453858127641,0.5694091908575964
sv,pt,0.8894264810007081,0.6686663349222736
ug,pt,0.7633107454017425,0.4746576735812497
ajp,pt,0.6844106463878327,0.4525159851443426
sga,pt,0.2955607476635514,0.1823091014317491
or,pt,0.7288629737609329,0.5910317677263751
akk,pt,0.4519075331393469,0.2018600462118462
mt,pt,0.3532917908425901,0.2079219512067116
mr,pt,0.7645631067961165,0.5676636689644139
aln,pt,0.5660412757973734,0.394317529459645
ko,pt,0.6501175608776304,0.4159645926172074
hu,pt,0.8576761102603369,0.592459553149476
hsb,pt,0.763589146592639,0.550669957160465
lb,pt,0.3300970873786408,0.2515360343960749
pl,pt,0.8628938855385598,0.6214125366310375
quc,pt,0.4065714571057625,0.1970240529786126
cy,pt,0.6398449430283096,0.6039699338316838
cpg,pt,0.6646968702123003,0.3483356286723751
sq,pt,0.8160741885625966,0.7346478612651498
xum,pt,0.3192771084337349,0.1897828338924579
lij,pt,0.7108325872873769,0.5563071556004664
mk,pt,0.8727941176470588,0.722909657655124
sl,pt,0.850740600075959,0.6674971695359885
or,ro,0.760932944606414,0.5636366966930532
ps,ro,0.7791984263584952,0.5607198046685048
ca,ro,0.907817480288542,0.673759641121034
otk,ro,0.2974683544303797,0.0352720450281425
azz,ro,0.4839413164155432,0.30841107786734
sab,ro,0.3685956505713232,0.2158337526275422
bar,ro,0.5378425113061984,0.4124797546959324
uk,ro,0.8980548061905438,0.6946737317536427
hr,ro,0.894641384995878,0.7187674908812975
mt,ro,0.3906800325115145,0.2393738731705407
fo,ro,0.8163681218491902,0.6486107269543524
nds,ro,0.615055135332179,0.5043800876884228
ha,ro,0.4329830184608746,0.2574421386537147
pt,ro,0.9097878596933416,0.6814649295667008
ga,ro,0.6753921503739493,0.5235287641582533
say,ro,0.3223968565815324,0.18110216116167
ko,ro,0.6569939860817373,0.3830612180724777
xnr,ro,0.5513126491646778,0.3730893248321842
myv,ro,0.524738207320588,0.2917329687397913
tn,ro,0.3411214953271028,0.2356477681645904
lij,ro,0.7014324082363473,0.5657783984193052
vi,ro,0.7558910162002945,0.5332648614853378
no,ro,0.8671696596576481,0.7049248617965282
olo,ro,0.6854838709677419,0.3921476752220976
sv,ro,0.9022008496577768,0.7263174600512498
mr,ro,0.7766990291262136,0.5379795900816933
hbo,ro,0.6322336398053001,0.3725734234564781
th,ro,0.6171992136740746,0.4245613182406283
cop,ro,0.0369990202024914,0.0050969906544458
vep,ro,0.6055257099002302,0.3991142327861419
sme,ro,0.463036963036963,0.2905018606309024
fi,ro,0.8610513838350424,0.614959454912392
sms,ro,0.4622507122507122,0.1870641460479523
mk,ro,0.901470588235294,0.7744500932418764
si,ro,0.6636363636363637,0.5780429563068762
gsw,ro,0.4430995043842928,0.322813389731172
ka,ro,0.8142019993105826,0.5671989566268112
akk,ro,0.486986744261235,0.2234320093185367
frm,ro,0.8752834467120182,0.7150565322047379
et,ro,0.8713342097148514,0.6356329420875433
krl,ro,0.7617970265029088,0.5162132876186737
sah,ro,0.4157534246575342,0.2133788687666895
nl,ro,0.8658624909467796,0.7019077411129091
lb,ro,0.3495145631067961,0.2790357228687399
urb,ro,0.2486338797814207,0.1338457907038977
ky,ro,0.8186007219107595,0.4518441284788844
pay,ro,0.3181286549707602,0.2034360193630064
nhi,ro,0.4798647077475954,0.3126644772519812
gub,ro,0.3696506550218341,0.1665000450506693
arr,ro,0.1750754635618801,0.0925182402884014
gd,ro,0.6643389638576955,0.5717852997610673
quc,ro,0.3859982023369619,0.2008323345015174
ota,ro,0.6913916726068179,0.4807606983114622
cu,ro,0.5982076176250933,0.3778969320885971
tr,ro,0.7829206749724018,0.5598865529970346
arh,ro,0.2656868287167891,0.1303077010170821
sjo,ro,0.1328916601714731,0.0410819176206338
ceb,ro,0.523602033405955,0.3600503077132099
ess,ro,0.2659657320872274,0.1113128016009926
jaa,ro,0.3304347826086956,0.1328248376548913
eu,ro,0.8097562976942644,0.5067359213596191
gya,ro,0.1957652303120356,0.0833163888398655
pl,ro,0.884779743599984,0.675631141533567
sk,ro,0.9008160703075956,0.7130686657718801
tt,ro,0.6491228070175439,0.313858335949185
koi,ro,0.5618247298919568,0.4026200620800837
xum,ro,0.3330464716006884,0.2015345256070421
fro,ro,0.7779271206690561,0.6142877462252226
abq,ro,0.2806748466257668,0.0724224085734037
bn,ro,0.778125,0.49481646970365
de,ro,0.8786687937864684,0.7479346052954402
bej,ro,0.3484227261317044,0.1017976082375956
sr,ro,0.8862621486734962,0.6832126573889126
te,ro,0.840499306518724,0.4592852707828397
be,ro,0.9051163372529396,0.6751470129549059
en,ro,0.8533532218979043,0.6965777749610125
mdf,ro,0.5072567213894837,0.2740021077473841
gwi,ro,0.4851190476190476,0.1499730122378738
tl,ro,0.6919716002184598,0.4758388238605812
el,ro,0.8575413001501824,0.6585480703801857
cpg,ro,0.6846137010286715,0.3919826205264106
az,ro,0.7850877192982456,0.5536643860414412
xcl,ro,0.6813364469193461,0.4996792392720494
ru,ro,0.9004194587719258,0.7109868415367263
scn,ro,0.670564084255623,0.5519118308978741
sq,ro,0.8964451313755796,0.7740132146105945
la,ro,0.8033429951690821,0.6450844543441917
gl,ro,0.9260574494949496,0.7210712306094045
sga,ro,0.2850467289719626,0.1770023507449536
wo,ro,0.4279534749591464,0.3046889540307533
ckt,ro,0.3525473546701502,0.1984224893395766
bg,ro,0.912935639786314,0.7269214552803007
pro,ro,0.7765403085725963,0.6331045033101543
oc,ro,0.8193189715079917,0.6384159096765888
ug,ro,0.7815101645692158,0.5092541623599625
br,ro,0.7059764141515091,0.4984756988314329
ta,ro,0.7649245571834682,0.4768833625813526
pcm,ro,0.7315679442508711,0.5407705249168524
fr,ro,0.8967870677801254,0.7101636820394442
sl,ro,0.8601812164288427,0.6758005425359312
he,ro,0.8553433425254485,0.6215135930782208
bxr,ro,0.6468242097916044,0.3946559930481413
fa,ro,0.7913688771571582,0.6302948113512038
eme,ro,0.4046961325966851,0.1665842547777933
bm,ro,0.3204803588222528,0.199482064020002
wuu,ro,0.4336384439359267,0.2196413493466166
cy,ro,0.6896511218136967,0.5192675858123497
am,ro,0.5764235764235764,0.4175347972343049
yrk,ro,0.3883647798742138,0.1186130237980343
sdh,ro,0.625,0.2521985779936647
ajp,ro,0.7008871989860583,0.507564121462217
yue,ro,0.5091248742635436,0.4062818041861079
uz,ro,0.8164994425863991,0.5513246212855889
xpg,ro,0.3574392412566686,0.1668208105192514
hi,ro,0.6825629862130647,0.5327246334790786
cs,ro,0.883273076870997,0.6948368313519061
ckb,ro,0.4754098360655737,0.2635987972722667
da,ro,0.9083108849645816,0.7515499477215238
lt,ro,0.8735091550478751,0.6462047473668787
kpv,ro,0.4835841313269494,0.2765958102606847
is,ro,0.8537650989462863,0.6973457981284594
mpu,ro,0.196629213483146,0.1564826699304081
pad,ro,0.4305555555555556,0.1896583563535815
es,ro,0.9164982470612496,0.6907413567293466
gn,ro,0.216589861751152,0.1217463942429686
aii,ro,0.1876379690949227,0.0437016278040105
orv,ro,0.7679112554112554,0.5261297961219846
tpn,ro,0.5215173025732032,0.1834493072366074
af,ro,0.8866143297227467,0.7229368811480809
yo,ro,0.3422297707145457,0.1823615119438527
ro,ro,0.9605205541835252,0.849467615822618
jv,ro,0.6828418043644984,0.486096880531448
grc,ro,0.7280978955153634,0.5346964888117385
hy,ro,0.8677618659897505,0.6311379291296232
bor,ro,0.3750307503075031,0.1709095762630819
kk,ro,0.8410112920955332,0.5412063624330521
xav,ro,0.3197856185797231,0.144785889023206
naq,ro,0.3237170596393897,0.1985117305214061
ml,ro,0.7490636704119851,0.4917257138127611
hu,ro,0.8438935681470138,0.6364061724548531
apu,ro,0.474,0.1534888167759009
got,ro,0.3449696018827221,0.2319224616090916
hyw,ro,0.812022830034838,0.6365412965610349
lzh,ro,0.3155171191607003,0.2210890686214263
nmf,ro,0.383940620782726,0.2111465918707098
gun,ro,0.1807624723049889,0.0543675697031306
lv,ro,0.8770905017204129,0.6792155052609903
aln,ro,0.6174484052532833,0.5193238912702663
egy,ro,0.2792352537722908,0.0885180182481117
hsb,ro,0.7877675293274827,0.5330647657138231
myu,ro,0.337573385518591,0.1275815041027305
nap,ro,0.582089552238806,0.4997038182976721
ab,ro,0.501275389702409,0.1769500140899004
sd,ro,0.6759200651053441,0.5641896413005747
eo,ro,0.9000598444045482,0.7932943248774104
it,ro,0.9005595275101026,0.6941546167052592
wbp,ro,0.4984126984126984,0.1995768103402646
zh,ro,0.4798049182580025,0.3300278758868272
ja,ro,0.1905532267576226,0.1293235513490046
yrl,ro,0.3858842347295811,0.204930038959775
yi,ro,0.8401717080962364,0.6481129289442717
ur,ro,0.6236660813183844,0.5205372724108648
ltg,ro,0.7823529411764706,0.5913468944675061
gv,ro,0.362230598241036,0.1903525098802424
gu,ro,0.7156498673740053,0.5162898253105586
ht,ro,0.4014285714285714,0.2878973004890097
kmr,ro,0.7947489268243986,0.5602393012989599
aqz,ro,0.3848773841961853,0.1588884236539673
id,ro,0.8362388769003225,0.6550517344207851
hit,ro,0.2490450725744843,0.1410460126545278
ar,ro,0.3916364967660578,0.3099241059897621
ctn,ro,0.3966236074089262,0.1755714773048481
ang,ro,0.5087719298245614,0.3676052526852708
bho,ro,0.5308327081770443,0.3594218054338446
sa,ro,0.430948865924037,0.2009758526054327
ajp,ru,0.6958174904942965,0.4927927940186444
aii,ru,0.1501103752759381,0.0237142972568981
fo,ru,0.7441274267939505,0.5624093154603886
mdf,ru,0.4910778015703069,0.2727332912844253
egy,ru,0.025034293552812,0.0608035291028732
uk,ru,0.9504117563538264,0.8386419121749998
tr,ru,0.757175524365242,0.5236204106434246
tt,ru,0.6030701754385965,0.2600452021688836
jaa,ru,0.3217391304347826,0.1356324691024424
ps,ru,0.7767396115072535,0.5878478258378972
cop,ru,0.0369990202024914,0.0050972199903583
hit,ru,0.053475935828877,0.081986441465195
fa,ru,0.7979928779540304,0.6467561380154403
got,ru,0.0581486565993332,0.0631788785467376
naq,ru,0.1804900601017106,0.115013080808429
ckt,ru,0.3037230568256042,0.171770151743579
de,ru,0.8405050445914564,0.6922162545801714
otk,ru,0.2974683544303797,0.0352720450281425
grc,ru,0.6748246262802842,0.4873280004555945
say,ru,0.1832023575638507,0.0823512240374917
sr,ru,0.8934419052622362,0.7349938323104721
akk,ru,0.0845457484642741,0.1113936628320401
zh,ru,0.405435728350964,0.3636946292851662
ml,ru,0.7519766957969205,0.5358606377708102
am,ru,0.4742257742257742,0.3517875140470914
lzh,ru,0.2911675054937265,0.2116678474447698
wo,ru,0.1452465634913005,0.121217743288223
hi,ru,0.6724716920636528,0.5238544645162593
aqz,ru,0.273841961852861,0.1013044122678475
hyw,ru,0.7891927951967979,0.6129047388636251
xav,ru,0.2246538633318445,0.1245716766188208
hbo,ru,0.3800027041644132,0.2577504153812658
sme,ru,0.2454545454545454,0.2201790023440699
cs,ru,0.8823495958077752,0.7365000976380316
kpv,ru,0.4225131913230408,0.2868395439171701
ckb,ru,0.2540983606557377,0.1174292374292374
arh,ru,0.2006783493499152,0.1012483131342938
lv,ru,0.8964284761676136,0.7534636956301907
orv,ru,0.7561147186147186,0.5663097548150473
sms,ru,0.2877492877492877,0.1691873694278815
ug,ru,0.7830590513068731,0.5349957966363681
lij,ru,0.4168904804535959,0.4267089665209271
arr,ru,0.0181112548512289,0.0183800149506581
vep,ru,0.385264773599386,0.3029620365159406
tl,ru,0.7056253413435282,0.553970570881192
or,ru,0.7793974732750243,0.597927616054456
xpg,ru,0.2703023117960877,0.1284162594355946
pay,ru,0.2028070175438596,0.1227119257443868
bho,ru,0.5095273818454613,0.3568756552560169
eu,ru,0.77775498481989,0.5074065961378497
bm,ru,0.1856326412500904,0.1166272355454344
cpg,ru,0.6178594878529219,0.3662290736826029
hr,ru,0.8877164056059357,0.7309324522268315
ja,ru,0.1585034772583584,0.0987274284090213
ko,ru,0.6410198849203067,0.3950716222255525
ka,ru,0.7862313487959817,0.5310981880971772
abq,ru,0.200920245398773,0.0723282488437405
id,ru,0.8019785175666173,0.6238253993320164
urb,ru,0.0491803278688524,0.0731551657814932
ta,ru,0.759895036081347,0.4912990139249433
en,ru,0.8055512882140432,0.6792877167595391
tn,ru,0.2242990654205607,0.1512635534084809
gya,ru,0.0074294205052005,0.0078040709958596
sd,ru,0.6823401754227326,0.5621113487972453
gun,ru,0.1703720681488272,0.0342461910598357
myv,ru,0.5002401767701028,0.2830248640085874
es,ru,0.8752216951948856,0.6662481233536423
he,ru,0.7409525754945018,0.5398159763436963
bg,ru,0.9074662935639788,0.6807055853545579
yrl,ru,0.243626911926422,0.1329125188679988
bar,ru,0.4246475126363394,0.4023384472448575
ang,ru,0.3099415204678362,0.2146028173675798
wbp,ru,0.3904761904761905,0.1177018633540372
myu,ru,0.1702544031311154,0.0904317063110038
sga,ru,0.1039719626168224,0.1058550146378322
ht,ru,0.1612781954887218,0.1917404600900482
sl,ru,0.8603982420921273,0.7192451357781345
ga,ru,0.6144351049043616,0.5049960823343157
si,ru,0.6988636363636364,0.5777883876309569
sq,ru,0.8083462132921174,0.6810775727528339
bn,ru,0.809375,0.5770311745789012
hsb,ru,0.7223963463777201,0.5240472722603158
ca,ru,0.844875020969636,0.6402355162073724
nmf,ru,0.2250337381916329,0.1702719176266193
gv,ru,0.1956122547598337,0.1164457468372521
it,ru,0.843106931924153,0.6570602853565523
scn,ru,0.4814352017136737,0.425797848946011
eo,ru,0.8393177737881508,0.698141335145539
pad,ru,0.3313492063492063,0.1343298667072796
krl,ru,0.6971557853910795,0.4974152309700242
olo,ru,0.5981182795698925,0.4116740040583184
pro,ru,0.4935118013691631,0.4514645599531222
th,ru,0.5543930963249258,0.3703892363023861
be,ru,0.9555916937703276,0.8032533477680454
te,ru,0.8377253814147018,0.4837750971867642
xum,ru,0.0335628227194492,0.0316118805528875
sah,ru,0.284931506849315,0.1709107844059644
sdh,ru,0.4191176470588235,0.2285630905115787
aln,ru,0.4771106941838649,0.4487837467089279
jv,ru,0.6387087778010179,0.476916844214466
az,ru,0.7423245614035088,0.5023833120524039
yo,ru,0.1841562537910955,0.1332084317069146
fro,ru,0.6303016726403823,0.5294581227188613
kmr,ru,0.7673954277727862,0.566963522500544
gu,ru,0.7172413793103448,0.5547904926865374
ur,ru,0.6225854383358098,0.5693104842931793
ess,ru,0.434190031152648,0.1245199899290536
tpn,ru,0.2712954747116238,0.141057871806847
quc,ru,0.2207130730050933,0.1387886806281174
cy,ru,0.6335017032773406,0.4713933078480807
gub,ru,0.1960698689956332,0.1095685945898611
sab,ru,0.2646516771102101,0.178208724675775
koi,ru,0.4705882352941176,0.3117474550456129
ar,ru,0.3748932188911036,0.3094944485845573
hu,ru,0.7571784073506891,0.5704808351488964
frm,ru,0.7801418439716312,0.6647034207969592
hy,ru,0.8448680492360745,0.6605697982278761
yi,ru,0.8493560946391135,0.7463541361400029
af,ru,0.7885322468448773,0.6466735508345727
ceb,ru,0.4749455337690632,0.3892578663724145
mpu,ru,0.0505617977528089,0.1045840922890103
gl,ru,0.8731218434343434,0.6369490216115037
sv,ru,0.8700879159782865,0.6960310548066768
br,ru,0.5633619828103138,0.4248661900100137
apu,ru,0.28,0.1342942478869309
sjo,ru,0.1308131982333073,0.0370083725375867
pcm,ru,0.642787456445993,0.5243684626758971
azz,ru,0.3032315622521808,0.2279545392384541
la,ru,0.8081835748792271,0.7052406598557497
mk,ru,0.8669117647058824,0.7138445732377547
wuu,ru,0.3615560640732265,0.1897281004487228
ky,ru,0.783733968205207,0.4910087453202283
gn,ru,0.1013824884792626,0.0863204295873194
pt,ru,0.8664146187775678,0.6480424365055937
gwi,ru,0.367063492063492,0.0936609082573376
yrk,ru,0.3553459119496855,0.107247714129157
nl,ru,0.8307984316076023,0.6889889106622333
sk,ru,0.8993251726302574,0.6926622116743069
sa,ru,0.3135149644343041,0.186051664353649
yue,ru,0.4473343871245868,0.3806001557864098
ha,ru,0.2376799087743088,0.155793803038902
nhi,ru,0.295106225557552,0.2569210995411027
is,ru,0.8333724425374052,0.6723648465354546
oc,ru,0.665938647870545,0.5707187768784778
ru,ru,0.977301528663016,0.8960140759203084
bor,ru,0.2822878228782288,0.1511489496164718
bxr,ru,0.6254860903380197,0.3812413643231187
eme,ru,0.1353591160220994,0.1007297067482044
mt,ru,0.1387157951774587,0.1300885457723719
pl,ru,0.8924078437637286,0.7179685054115914
ro,ru,0.8349359816439844,0.658597855221878
cu,ru,0.4972367438386856,0.3253920397572486
da,ru,0.870896937044797,0.7068523296712893
ltg,ru,0.6941176470588235,0.457751865816382
xcl,ru,0.635261361595114,0.5172544614070496
xnr,ru,0.5246618933969769,0.3873716774858152
lb,ru,0.3106796116504854,0.229300318968311
no,ru,0.8496136210014797,0.6828389703963222
uz,ru,0.8003344481605351,0.5518478545002099
ab,ru,0.4217288615965989,0.1490972246594068
el,ru,0.8545376528641923,0.6877832234019805
gsw,ru,0.3302992756385818,0.2990731815252737
ota,ru,0.5559981550589124,0.464963914183149
fr,ru,0.8237666431901265,0.6775197627261677
fi,ru,0.8329198368067041,0.6157512560152454
gd,ru,0.58809096914221,0.5209635129695697
vi,ru,0.7418262150220913,0.5338413345091606
nap,ru,0.4129353233830846,0.3908770589575543
et,ru,0.8299819854910171,0.6411900890028468
mr,ru,0.7475728155339806,0.5138127319992419
ctn,ru,0.2788599548903014,0.1572492130417434
bej,ru,0.205087440381558,0.0620045264115744
kk,ru,0.8151294094134106,0.5233542611144651
nds,ru,0.423676296363802,0.4273728588351728
lt,ru,0.9036620191500084,0.7289174038645394
th,sa,0.4004931196481525,0.1214868315787789
xcl,sa,0.2838153403987785,0.1215392319047532
bar,sa,0.2298483639265762,0.0904075550990649
ug,sa,0.5054211035818006,0.1407599509257821
ceb,sa,0.2469135802469135,0.1104552911085347
cy,sa,0.246564078468225,0.0893370418648624
sme,sa,0.2643356643356643,0.0888900888056025
sk,sa,0.3330194601381042,0.1249089409886229
arr,sa,0.2958171625700733,0.0934919589180427
ctn,sa,0.2485134303875333,0.0879767522454635
eo,sa,0.3114901256732496,0.132293268877017
nhi,sa,0.2008244371630906,0.0752728259241597
hi,sa,0.3079025970738622,0.1148248419715632
koi,sa,0.304921968787515,0.1221735235336216
nmf,sa,0.2260458839406207,0.0616159615596817
he,sa,0.2941817315221461,0.1029319064204077
jaa,sa,0.1913043478260869,0.0961064425770308
aii,sa,0.1611479028697571,0.0324051514096763
am,sa,0.3133866133866134,0.1154765739949949
sga,sa,0.2313084112149532,0.0986853744002981
sms,sa,0.2122507122507122,0.0801203219583787
kk,sa,0.4452882981912661,0.1395163507806134
xav,sa,0.19606967396159,0.0687012186939329
pt,sa,0.2505440033606385,0.0867453019376815
hit,sa,0.3422459893048128,0.102863967227691
quc,sa,0.2335963247777888,0.0909589423282037
hr,sa,0.3259686727122836,0.1213274814050731
sq,sa,0.357032457496136,0.149140810795863
bg,sa,0.3349020605443907,0.1359206789731521
ajp,sa,0.3092522179974651,0.0938454170356677
lzh,sa,0.3537959878074714,0.1071975954418905
xpg,sa,0.2442205097806757,0.0784812974667845
pl,sa,0.356537135402106,0.1326394876915823
gya,sa,0.2028231797919762,0.070236197090502
bxr,sa,0.3609532356167115,0.1065245987822749
myv,sa,0.2334518205399174,0.0752951316831633
pay,sa,0.1698245614035087,0.0623328589710525
yi,sa,0.2962962962962963,0.1317142559984657
ht,sa,0.1821052631578947,0.0634938445484972
tr,sa,0.4045103296010093,0.1234862113071759
gub,sa,0.2786026200873362,0.0845343093462918
tn,sa,0.2850467289719626,0.1387321012321012
orv,sa,0.3402056277056277,0.1227633752363067
tt,sa,0.4017543859649123,0.1171748887226138
sab,sa,0.156284555842241,0.0606374881999999
lt,sa,0.4305392239207122,0.1500752296110527
mdf,sa,0.2524387342374494,0.0760168604505537
ab,sa,0.3024090694378838,0.1096718247905811
mt,sa,0.2039194436918631,0.0653103657353424
ka,sa,0.3981385729058945,0.1297702424928849
yue,sa,0.334243425779566,0.1577087087172612
wbp,sa,0.3396825396825397,0.0781258269844143
vi,sa,0.3591310751104565,0.1104916144669094
br,sa,0.2613431940835499,0.0960424787113908
id,sa,0.3241519773052397,0.1042224413547465
jv,sa,0.2698877501220107,0.0986388098310777
wuu,sa,0.2219679633867277,0.0762018687970517
ga,sa,0.2196373022701701,0.0808178286261923
yrk,sa,0.2452830188679245,0.0549523978747026
sah,sa,0.3089041095890411,0.0923873426622725
ko,sa,0.4140505925304535,0.1074587399253592
aln,sa,0.292245153220763,0.1564980293418023
hbo,sa,0.2463493780421849,0.0876816983227379
ckt,sa,0.1931743958197256,0.0690055904066193
nds,sa,0.2515264740727239,0.1022370602280215
lij,sa,0.2045658012533572,0.0866031647562059
lv,sa,0.4043103678216105,0.1401221726925585
naq,sa,0.1348127600554785,0.0470069167983646
uz,sa,0.4806020066889632,0.1404003846760114
ckb,sa,0.2377049180327868,0.0923422000379099
en,sa,0.3074963700065909,0.1147312365760488
eu,sa,0.370353655534586,0.1199134089738293
ur,sa,0.2859651492638119,0.1211075808173559
ml,sa,0.4161464835622139,0.1413014547226375
cop,sa,0.1495357626090608,0.018929102979045
sr,sa,0.3108309254881359,0.118937655841832
ky,sa,0.5045695415098687,0.1379171174684318
ca,sa,0.2387351115584633,0.0928555860342013
is,sa,0.3244834791547942,0.1244555609493579
wo,sa,0.1704316062674228,0.065076311267803
ota,sa,0.4599773575411967,0.1213216944535413
pro,sa,0.2348012669868192,0.0990113052075127
bm,sa,0.1334008536497142,0.0471871443594891
xnr,sa,0.3305489260143198,0.1379132238580927
sl,sa,0.2919809017416309,0.1146508030819333
gv,sa,0.1520247414709577,0.0468332185479346
aqz,sa,0.2247956403269754,0.0760599857223396
say,sa,0.124852652259332,0.0313721983758351
vep,sa,0.3046815042210284,0.1335459180322146
abq,sa,0.3190184049079754,0.0790015411415491
tpn,sa,0.3061224489795918,0.0878629163008166
bho,sa,0.2907726931732933,0.0801599035157633
sdh,sa,0.4338235294117647,0.1485576906987406
yo,sa,0.1694771321120951,0.047232158854155
fi,sa,0.4057090087109934,0.1313183215621141
yrl,sa,0.2315305408377486,0.0974579780392774
de,sa,0.2839046308764124,0.0990534281637451
sd,sa,0.3720951261416041,0.1314456148255073
la,sa,0.394743961352657,0.1707201348000941
gsw,sa,0.2200724361418223,0.0871624674477391
myu,sa,0.1819960861056751,0.0586688761905731
gwi,sa,0.2162698412698412,0.0643466008279714
gun,sa,0.1178852471540988,0.0230135539219941
bor,sa,0.2126076260762607,0.0640865996457431
zh,sa,0.385366579658378,0.143667362867824
sv,sa,0.3505870899221147,0.1212075723086239
ess,sa,0.1510903426791277,0.0637251216173802
scn,sa,0.2004641199571581,0.0942883737907773
sjo,sa,0.2981943361912185,0.0290071258475198
apu,sa,0.228,0.0603539026326371
hsb,sa,0.2663204083460195,0.0964495389000162
it,sa,0.2673608952440162,0.1037830508773322
grc,sa,0.3341177525269504,0.1138680800777736
be,sa,0.3560795596697523,0.120776228668344
urb,sa,0.2868852459016393,0.0836925012288353
te,sa,0.5145631067961165,0.1691654954791503
no,sa,0.3020880907579605,0.1098867017853418
ro,sa,0.3250310896256984,0.1085365655679496
ha,sa,0.1746848707122384,0.0648250681425029
fro,sa,0.294305057745918,0.1060918224848539
pcm,sa,0.2291289198606271,0.0956860907696301
gu,sa,0.3570291777188329,0.1288705218152077
azz,sa,0.1950832672482157,0.0766671032909769
pad,sa,0.2301587301587301,0.0599968919968919
eme,sa,0.2904005524861878,0.0595036208084687
tl,sa,0.3129437465865647,0.1258552599318144
da,sa,0.3078918487478799,0.1077774973544391
ja,sa,0.259843377270578,0.0466309802636516
ltg,sa,0.3588235294117647,0.1734767492394611
frm,sa,0.2994162203888648,0.1167088040016704
hy,sa,0.380909047368169,0.1252076520464811
hyw,sa,0.3430435104884738,0.1139852898560109
got,sa,0.2965287311237498,0.1129307120513238
af,sa,0.3412501242174302,0.1284965888641489
ar,sa,0.3095553838018142,0.0717241977656674
gd,sa,0.2235538359913182,0.0918615490719921
mr,sa,0.3980582524271844,0.1542672861084835
gn,sa,0.271889400921659,0.0705732984083499
lb,sa,0.3106796116504854,0.1440705404016692
fr,sa,0.268932152798739,0.0974833375945655
fa,sa,0.3534377568045421,0.1071705365423369
bej,sa,0.1687724876579365,0.0505373496440518
kmr,sa,0.365079365079365,0.1352100886308933
el,sa,0.2970392619609526,0.110922103922589
krl,sa,0.3668390433096315,0.1228188907518786
oc,sa,0.2881961679737913,0.1120181161210111
nap,sa,0.2537313432835821,0.1335807378360649
es,sa,0.2661579707156115,0.0926571534354548
ps,sa,0.2670272928448488,0.1004990878833635
egy,sa,0.205332647462277,0.0364724283228912
sa,sa,0.806245246723035,0.5422922776107271
akk,sa,0.2751374070481733,0.0714172714438878
ru,sa,0.3583870711302941,0.1261161527461637
arh,sa,0.127567363859054,0.0470199511918131
cpg,sa,0.2628583935215583,0.0919857038551523
cu,sa,0.3526014438635798,0.1275626231394286
gl,sa,0.2861584595959596,0.0998540549855655
si,sa,0.4897727272727272,0.2157129022901064
or,sa,0.3838678328474247,0.1337880600958989
az,sa,0.4309210526315789,0.1530526414169287
hu,sa,0.3010145482388974,0.1066391107071099
fo,sa,0.2574278665665558,0.1016438633786327
olo,sa,0.3239247311827957,0.1336770859274612
otk,sa,0.1012658227848101,0.0141467727674624
mk,sa,0.3779411764705882,0.1631147221092542
nl,sa,0.2673010164581304,0.096728842024946
mpu,sa,0.1797752808988764,0.0755704175997533
ta,sa,0.4036737371528537,0.150339917522718
xum,sa,0.3554216867469879,0.1345355663673811
ang,sa,0.2573099415204678,0.0926632676788216
bn,sa,0.40625,0.1392097113836244
uk,sa,0.3453073974158739,0.116050030992344
cs,sa,0.3176666531258886,0.1131444527724792
kpv,sa,0.2727183896814539,0.087794426918382
et,sa,0.3617670448090624,0.1224978177105428
sjo,say,0.113016367887763,0.0533228877518921
no,say,0.3331993642558322,0.1727026916865896
sdh,say,0.3088235294117647,0.1732385862462737
xpg,say,0.2252519264967397,0.0948648112736001
grc,say,0.2892713866290145,0.168896536988028
gv,say,0.2637479462646178,0.1220834868072107
fa,say,0.2840351619891924,0.1365541285780243
sme,say,0.3255744255744255,0.152847314299744
xcl,say,0.301329261720855,0.1658750719032747
arh,say,0.2839645750895044,0.1513036588371928
koi,say,0.382953181272509,0.1332671450830956
uz,say,0.3269788182831661,0.1369326580332954
ru,say,0.3755021113225811,0.1500711941216166
pro,say,0.3621130070501686,0.2029362164444607
sl,say,0.3465357278498182,0.1973659127677675
ota,say,0.2708708960543419,0.1346530804086178
pay,say,0.2823391812865497,0.1183529710474501
sq,say,0.3238021638330757,0.1724035403750568
si,say,0.2056818181818182,0.1073415935842097
cop,say,0.1053982177016749,0.0657937773598592
scn,say,0.3425562299178865,0.1825292720380987
ro,say,0.3713940413010351,0.1644892248362981
xnr,say,0.2251392203659507,0.1309893979034899
en,say,0.2581928827351071,0.1399099465027865
ess,say,0.4209501557632398,0.1433615285620628
sk,say,0.3838669177652228,0.1616312183759707
kk,say,0.318976716298591,0.1231947658398769
ar,say,0.1766912093723304,0.0692293052387095
te,say,0.2690707350901525,0.0932670949177838
mdf,say,0.3882940756602427,0.1442324783515046
sr,say,0.3722090885211452,0.1649439136667682
yrk,say,0.3238993710691824,0.1223054078012814
gsw,say,0.2352268394967594,0.1182871671314523
ko,say,0.2255869182508831,0.1034461183395281
vi,say,0.2610456553755523,0.1415929883298691
cu,say,0.233059497137167,0.0983894404726944
wbp,say,0.4222222222222222,0.1927882763686587
hbo,say,0.351473769605192,0.1614577546003708
frm,say,0.3308245283929174,0.1744181009183128
eu,say,0.3219824403052433,0.1372827504436358
de,say,0.2442065257693733,0.0961005495836142
bg,say,0.3691808700076316,0.1806603928197328
yi,say,0.3634820804632125,0.1919640741194501
myv,say,0.4133922567009319,0.1530008948425593
xav,say,0.2836087539079946,0.1512754157100713
lb,say,0.174757281553398,0.0910519949037368
myu,say,0.2377690802348336,0.1046320726814305
bm,say,0.2891557549012515,0.1950306286014665
jaa,say,0.2521739130434782,0.1151691445809093
bxr,say,0.3836873068102502,0.1603769984899831
ca,say,0.371279986579433,0.1854563290645389
cy,say,0.3162809820274874,0.1711849520573961
af,say,0.319785352280632,0.1458905283106504
eo,say,0.3470975463794135,0.1629732533422189
pcm,say,0.3622299651567944,0.1870548594547306
tt,say,0.3995614035087719,0.1449294866455683
cs,say,0.3477975924496622,0.1490051210007224
ja,say,0.149139584429108,0.0373815807100696
gl,say,0.3354640151515151,0.1502506704855105
ka,say,0.306889250012311,0.1439421951429711
sah,say,0.2171232876712328,0.1114571962487293
it,say,0.2765464718682002,0.1617025504458377
sd,say,0.2185550230581427,0.1384137896209795
ckt,say,0.3260940561724363,0.1638342876957807
gwi,say,0.4196428571428571,0.1119210428004156
ckb,say,0.2868852459016393,0.1271075415812257
yo,say,0.3418658255489506,0.1831139153100343
abq,say,0.2361963190184049,0.0945327849283238
uk,say,0.3614581854323441,0.1444077990584185
azz,say,0.3280134813639968,0.1568985925300803
mpu,say,0.1516853932584269,0.1122947403517546
ur,say,0.1343374307713089,0.0917564772677734
es,say,0.3660032996494122,0.1676586468891188
lij,say,0.3307967770814682,0.2045010238167476
bho,say,0.2151537884471117,0.1308066926069144
fo,say,0.4214845006972004,0.2042350198104744
ajp,say,0.3688212927756654,0.2271344171807376
pt,say,0.3607015332913253,0.1558379915943581
ang,say,0.3391812865497076,0.1927950944263705
th,say,0.1320761003565121,0.0806197868957642
apu,say,0.388,0.132396186863775
tl,say,0.3036592026215183,0.1551233079473209
ht,say,0.2696992481203007,0.1667034456132483
cpg,say,0.3615670825125848,0.1537475966431462
nhi,say,0.3378078427227566,0.1671963976225908
tpn,say,0.428793256433008,0.138479397486252
gun,say,0.1731224692489877,0.0343600137944316
et,say,0.3407825762370774,0.1534188298161559
jv,say,0.4006832601268911,0.1885907764523684
az,say,0.3706140350877193,0.1431244120019456
yue,say,0.1717200747233798,0.0963338474062985
gya,say,0.2355126300148588,0.1343052102010952
he,say,0.2820958022673884,0.1499304166008652
egy,say,0.2832647462277092,0.1362567449722997
fr,say,0.3445182278565918,0.1738544574806701
nl,say,0.3526135710896331,0.1572860962115962
gd,say,0.2948947815419458,0.202908384696321
vep,say,0.3706830391404451,0.1665968188921718
am,say,0.308991008991009,0.1709578358027022
br,say,0.3575854487307615,0.1919286648324814
ml,say,0.2605076987099459,0.1122897936097661
id,say,0.3588730208762699,0.1658719156421462
lt,say,0.3696455568620863,0.1497414773661362
aii,say,0.2207505518763796,0.1139491532132715
sga,say,0.1658878504672897,0.1293665552036045
orv,say,0.3513933982683982,0.1834595893357685
la,say,0.2943381642512077,0.1777475809676472
ltg,say,0.4235294117647059,0.1804626830406959
ta,say,0.2468838836649901,0.1116125056410237
olo,say,0.4334677419354839,0.1714178319910985
gub,say,0.3276200873362445,0.1462743515611583
xum,say,0.2048192771084337,0.0662132624117065
pl,say,0.3717001477694796,0.1582959676191591
kmr,say,0.3382250174703005,0.1598496903099144
ctn,say,0.311051876153373,0.1369327294453531
kpv,say,0.3460035176861442,0.1480094228795769
fro,say,0.3056551174830744,0.1675542932547191
hi,say,0.1881064479657098,0.1018077369100342
tr,say,0.3032250433685539,0.1236116540677557
got,say,0.1865071582663267,0.1459396759144403
aln,say,0.3071294559099437,0.2096658287130026
ab,say,0.4348606518658479,0.123399601323197
gn,say,0.1658986175115207,0.1548619700405414
da,say,0.3500947820013967,0.1618489659956046
aqz,say,0.3671662125340599,0.1629775085962571
hy,say,0.3535130992863642,0.146924619622136
bej,say,0.2916073968705547,0.0887329383037229
hit,say,0.108479755538579,0.0494253250811863
hu,say,0.3130742725880551,0.1439578825225101
hsb,say,0.4278678248410495,0.1830718814771148
wo,say,0.3163510525809863,0.1707765273690231
ha,say,0.5051314451258976,0.3308386446621672
nmf,say,0.2918353576248313,0.1545457548282567
lv,say,0.3751033581392867,0.1611289869764803
is,say,0.3404959047076307,0.1797794511412579
ky,say,0.2965978035481146,0.1202769775134913
zh,say,0.1681778632596052,0.0776327271982971
akk,say,0.3361623019721952,0.1290854522036545
bor,say,0.3038130381303813,0.1222691460544938
ug,say,0.3299128751210067,0.1170866239942902
nap,say,0.3034825870646766,0.1603106355051555
el,say,0.3247872416505757,0.1676612360845296
arr,say,0.1336783096162138,0.1264596014543733
hyw,say,0.4104958861463197,0.2064678415651814
bar,say,0.2377627028465017,0.1188064755489183
mk,say,0.2933823529411765,0.1652772516991196
tn,say,0.3130841121495327,0.195754716981132
quc,say,0.2828323179866174,0.1318098542557827
nds,say,0.2967283331814453,0.1747815999804821
sab,say,0.2945079248064873,0.1681360114202649
gu,say,0.2254641909814323,0.109706481230325
say,say,0.8894891944990176,0.7849922137709313
otk,say,0.430379746835443,0.0890065913370998
yrl,say,0.3081075677296811,0.1384198604889706
mt,say,0.2922423914025106,0.1546420175227855
wuu,say,0.1762013729977116,0.0996085832708199
pad,say,0.3035714285714285,0.119044844044844
or,say,0.227405247813411,0.1146638113163654
ga,say,0.3351975643656099,0.1613739841409076
krl,say,0.4023917259211377,0.1736054422348256
hr,say,0.3488870568837592,0.1603926940961798
lzh,say,0.1596725030126887,0.0748901551542237
sa,say,0.2140652261441417,0.1043354651118671
ceb,say,0.3021060275962237,0.1498775184067856
fi,say,0.3052982688278752,0.1357888690340653
oc,say,0.3657301697607465,0.1874073112246476
eme,say,0.3055939226519337,0.1611126910806652
sms,say,0.3735754985754986,0.1453342971688198
urb,say,0.1939890710382513,0.1609076428061469
mr,say,0.2888349514563106,0.0989707827856742
ps,say,0.2997295303663634,0.1405044376323063
naq,say,0.256957928802589,0.1681041842345226
bn,say,0.259375,0.1436288951512832
sv,say,0.2920993627566675,0.1520334927209232
be,say,0.4268201150863147,0.1683561562363432
cy,sd,0.5867496769646423,0.4664185999484861
xum,sd,0.3046471600688468,0.1562843771994822
otk,sd,0.3544303797468354,0.0683815542608867
gya,sd,0.1786775631500743,0.0467550879128555
fi,sd,0.7886343588047193,0.5699543272173881
naq,sd,0.3184466019417475,0.1644430585135243
myv,sd,0.4981266211931981,0.2635682475347163
urb,sd,0.2868852459016393,0.1448036665427969
la,sd,0.7160772946859904,0.590714387995382
af,sd,0.7482857994633807,0.6007181240560913
ess,sd,0.2776479750778816,0.1028137853903305
de,sd,0.7386203969322639,0.5729147880789881
ml,sd,0.7561381606325427,0.5429152009064594
sab,sd,0.4305197198673056,0.214251259307811
yo,sd,0.3313114157466941,0.1610749472074424
nds,sd,0.5532671101795316,0.4561534858380729
lt,sd,0.7943893835041156,0.5798381382099239
gun,sd,0.1801512720605088,0.0437005407000457
lv,sd,0.8120882345096156,0.6053940534855033
lb,sd,0.4611650485436893,0.3272367460153406
ta,sd,0.7640498578613601,0.5394543407813647
akk,sd,0.4749434206272228,0.2084716040237343
say,sd,0.2839882121807465,0.1089183230543493
frm,sd,0.6458725334105273,0.5338034780043408
eme,sd,0.3142265193370165,0.126181996960231
mt,sd,0.3355910773954664,0.2059897072448505
hi,sd,0.8308273848698088,0.6179372354132616
cu,sd,0.4266367936270849,0.2590558220783699
jaa,sd,0.3304347826086956,0.1245429004131862
fro,sd,0.5769115890083633,0.442569382775033
quc,sd,0.3490462398881454,0.151805891512165
ht,sd,0.3366165413533835,0.2343737078562611
or,sd,0.7871720116618076,0.6634504063285626
lzh,sd,0.3270362231516268,0.2092415078637628
ab,sd,0.5229097779877184,0.1567122739915555
tt,sd,0.6359649122807017,0.2825414866935205
ky,sd,0.7964058060056831,0.44400017654303
ha,sd,0.3744876259746664,0.1793560669657546
no,sd,0.7261915636018196,0.585517950672061
bej,sd,0.3196385239728893,0.0825203330629452
ckt,sd,0.3291966035271064,0.1715730612608156
mk,sd,0.7580882352941176,0.6348035685838354
zh,sd,0.4574002839217841,0.3228889934898548
got,sd,0.2547558344773485,0.1335060062954979
sjo,sd,0.1453624318004676,0.0460265852692759
az,sd,0.7905701754385965,0.537123071612399
da,sd,0.7298214107552629,0.5742879440369926
hr,sd,0.8059356966199506,0.5866808404343078
oc,sd,0.6281147622356795,0.4739780855276427
pay,sd,0.3242105263157894,0.1106668627671944
es,sd,0.7246339451433286,0.5657564304703091
hy,sd,0.8338521959863978,0.6071722748059848
bor,sd,0.3959409594095941,0.1729634756689924
sme,sd,0.4237762237762237,0.2780378632253301
wuu,sd,0.3329519450800915,0.2183609173105516
scn,sd,0.5349875044626919,0.4052880793256777
pcm,sd,0.673588850174216,0.4946274779115167
fo,sd,0.6543494583288642,0.4819886676861143
bar,sd,0.5220803405160948,0.3969049289097584
ru,sd,0.7787904436349352,0.5736468880792202
wo,sd,0.3751802364702489,0.2278849781396309
sga,sd,0.2780373831775701,0.1741861400905878
ota,sd,0.7007421694829972,0.5150638666423091
aii,sd,0.2626931567328918,0.0922175512316277
ro,sd,0.7198430630725308,0.5372981386747512
cop,sd,0.0376988755657164,0.0058218946363335
bg,sd,0.787458661918087,0.6702050592412775
vi,sd,0.6730486008836525,0.5095105064889459
hu,sd,0.7282733537519143,0.5298771964617639
hit,sd,0.2536287242169595,0.1268510396620319
sr,sd,0.8112249365204448,0.6226316453695641
cs,sd,0.7600926189218833,0.5719010989509916
ur,sd,0.7725921923544509,0.6865735161531018
ceb,sd,0.4183006535947712,0.2877471009550832
kk,sd,0.8240231837713601,0.5605421738675542
bn,sd,0.859375,0.6875289095195402
koi,sd,0.4777911164465786,0.2781058913574798
orv,sd,0.6070481601731602,0.4050044187164914
hsb,sd,0.6838004835676547,0.4346618263868853
br,sd,0.5592644413351989,0.3918060512426083
ja,sd,0.1838484138495295,0.1173462063326967
gl,sd,0.742834595959596,0.5355408105893842
yue,sd,0.4600517315706279,0.3676717480990542
hbo,sd,0.3701325040562466,0.1898906273639551
eu,sd,0.769508492656109,0.5232029681001162
sdh,sd,0.6617647058823529,0.2730952380952381
myu,sd,0.3972602739726027,0.1412342200364718
gu,sd,0.7755968169761274,0.6159662124166462
ang,sd,0.4678362573099415,0.3456086359312165
krl,sd,0.6877828054298643,0.4413639507233945
cpg,sd,0.6053841103086014,0.3324800556457503
gv,sd,0.3469604716342901,0.1580016831019178
gd,sd,0.5465697839011041,0.4773529109039202
nap,sd,0.4228855721393035,0.3137722334612898
ar,sd,0.3303746491477851,0.2479754977146464
sv,sd,0.7389810007080482,0.6061908599871667
pro,sd,0.5895575763768264,0.4675453029738875
grc,sd,0.6704318787960286,0.4887964325309427
ltg,sd,0.6647058823529411,0.4053147288488271
ka,sd,0.8112965972324814,0.5711603337901332
be,sd,0.8147360520390293,0.5690012484121197
sd,sd,0.9381499231395244,0.8683066080200866
gn,sd,0.2258064516129032,0.1247604603014107
vep,sd,0.5349194167306216,0.339089015337957
sah,sd,0.4424657534246575,0.2357569682397261
uk,sd,0.7969615220786597,0.5899802080343437
pl,sd,0.7621976383508393,0.5722662136690019
jv,sd,0.6425434009621418,0.474631459277113
id,sd,0.7203646679436511,0.5214705271061616
mr,sd,0.8276699029126213,0.660447588864906
azz,sd,0.3896708961141951,0.1935503739442859
arr,sd,0.2324277705907718,0.0740176751372394
aln,sd,0.5115697310819262,0.4005103340142503
xnr,sd,0.6483691328560064,0.5015960778393064
lij,sd,0.4962697702178454,0.3990878585050605
sl,sd,0.7633606423959634,0.6162079254100762
arh,sd,0.2899943470887507,0.1080432950325099
en,sd,0.7273664335872264,0.596932892673518
nmf,sd,0.4186909581646423,0.2009629820988558
bho,sd,0.6390097524381095,0.4290505240454076
ug,sd,0.7894482090997096,0.4927359279991513
si,sd,0.7056818181818182,0.5720658641288361
ca,sd,0.7148129508471733,0.5545550270916836
yrl,sd,0.3729881035689293,0.1671947065998138
ps,sd,0.7809195967543644,0.5841271856300604
aqz,sd,0.4557220708446866,0.1567863575144295
tn,sd,0.3037383177570093,0.1799117170379123
kpv,sd,0.4647254250537424,0.2489464340957904
ctn,sd,0.4391360809240653,0.1937175972787834
el,sd,0.7524136451405278,0.5977016116210718
th,sd,0.5753840002665511,0.3820478664922976
tpn,sd,0.4893522626441881,0.1548394183822403
hyw,sd,0.7731079979245423,0.5890213626989385
gwi,sd,0.5357142857142857,0.1797055572666628
am,sd,0.4617382617382617,0.3420193234874681
sa,sd,0.4615040486735561,0.1943253148832521
wbp,sd,0.4476190476190476,0.1686134067952249
yrk,sd,0.4221698113207547,0.1214271696829973
fr,sd,0.6858922762182648,0.561547999750239
pad,sd,0.4007936507936508,0.1477461683646658
tl,sd,0.6663025669033316,0.4826340896601017
tr,sd,0.7654155495978552,0.5287866154411152
xpg,sd,0.3064611736810907,0.1311055068189478
et,sd,0.7994546959443011,0.6026855931116778
sms,sd,0.4779202279202279,0.2222979923853068
xcl,sd,0.590353871025687,0.4599438284678847
bm,sd,0.327135932865514,0.1699075862810234
ko,sd,0.6245968075428004,0.3904020458821757
it,sd,0.7199331675474044,0.559523845623179
fa,sd,0.7521976243245262,0.6199646682236444
gub,sd,0.3787117903930131,0.119008556474805
sk,sd,0.775345260514752,0.5496657165018639
mdf,sd,0.4746609564596716,0.2442924817671588
kmr,sd,0.7431366676649696,0.56610338891052
olo,sd,0.6586021505376344,0.4017021579227711
apu,sd,0.495,0.1746735625700856
gsw,sd,0.4600171559283263,0.3292738568828238
mpu,sd,0.2696629213483146,0.1775304707501583
yi,sd,0.7676949186383148,0.6477555651665181
ajp,sd,0.605830164765526,0.4129667077113681
nhi,sd,0.3880139520135292,0.2266450166516974
he,sd,0.6747012562557451,0.490503580180907
xav,sd,0.337204108977222,0.1347603321971634
sq,sd,0.6553323029366306,0.5879647131595711
abq,sd,0.2653374233128834,0.0739498966559619
uz,sd,0.8267558528428094,0.5673928189681934
eo,sd,0.7854578096947935,0.7069321726928441
nl,sd,0.7394670462775655,0.598874798822456
pt,sd,0.7471077504725898,0.545392520019557
bxr,sd,0.6681623292451889,0.4209856403347315
is,sd,0.7132624898036718,0.5826911845131569
ga,sd,0.6015950757826461,0.4613345846530429
egy,sd,0.3048696844993141,0.1374700575282436
ckb,sd,0.4262295081967213,0.2407838451987724
te,sd,0.8085991678224688,0.5307497405978685
kmr,sdh,0.3356294299690526,0.1514788586096515
it,sdh,0.2929825924774635,0.1535732880739423
fo,sdh,0.3841038292395152,0.189880287324354
bar,sdh,0.3505586592178771,0.1559208916820048
ro,sdh,0.3364160229800501,0.1418134445408403
en,sdh,0.3061583519582141,0.1521738206070781
ur,sdh,0.199040929352965,0.1327147959255386
olo,sdh,0.4529569892473118,0.1727230345998511
tr,sdh,0.3940920201860905,0.1491899102727779
ltg,sdh,0.4,0.1598548357871524
yrl,sdh,0.3564930520843747,0.1580790991794685
gd,sdh,0.2441256959516844,0.1457709555603788
ht,sdh,0.3006015037593985,0.1576687998606802
aln,sdh,0.3468417761100688,0.2184855009648738
ug,sdh,0.4820909970958373,0.152619541606128
mdf,sdh,0.4011420413990007,0.1584492555538322
hr,sdh,0.3039983511953833,0.1371463360310353
ps,sdh,0.270223752151463,0.1199049690638142
lij,sdh,0.3024470307370934,0.1751988317876378
nds,sdh,0.3521370637018135,0.1858465351856285
orv,sdh,0.317288961038961,0.1615484283873152
xpg,sdh,0.2809721398933017,0.1373899561121113
ar,sdh,0.178123093194484,0.0702607114788254
da,sdh,0.338421630250424,0.1510883251227263
th,sdh,0.1855529270649385,0.0945220536177119
sk,sdh,0.3377275580665411,0.1720661202503441
bn,sdh,0.496875,0.2048256746072121
hsb,sdh,0.3783469150174621,0.1489609596880954
is,sdh,0.332322081056619,0.1737449232747331
grc,sdh,0.2827719133104731,0.1331470527330836
gu,sdh,0.3474801061007957,0.1808785315386356
pl,sdh,0.3784229934635302,0.1674759258751674
azz,sdh,0.3486320380650277,0.1320125761332614
ckt,sdh,0.3123775310254735,0.126548607641215
no,sdh,0.3084272639251721,0.1512052512207741
sq,sdh,0.3098918083462132,0.1720142572506647
hbo,sdh,0.2687939426717144,0.1464447060116453
yo,sdh,0.2774475312386267,0.1160437503096395
apu,sdh,0.463,0.1982638053065969
br,sdh,0.3000199880071957,0.1491512216443371
nmf,sdh,0.2948717948717949,0.1412721059335663
hu,sdh,0.3312595712098009,0.1471206005766438
aqz,sdh,0.4243869209809264,0.1506674970417658
sms,sdh,0.3867521367521367,0.1151671384563212
mk,sdh,0.4426470588235294,0.2044396416040852
ga,sdh,0.2897279767026275,0.1410052051744556
ky,sdh,0.422778588434068,0.1370849707468303
fro,sdh,0.3315909996017523,0.169094066917217
vi,sdh,0.3125920471281296,0.1464222524483534
hyw,sdh,0.3932251130383218,0.1777924401622149
ctn,sdh,0.3523340851616431,0.1308152978120782
xcl,sdh,0.3341117298365367,0.1508574004585901
koi,sdh,0.3985594237695078,0.1590053695894884
or,sdh,0.3566569484936832,0.1717945031037976
eu,sdh,0.4146631656683351,0.149065779097237
nl,sdh,0.3008416373217452,0.144298367976631
aii,sdh,0.2472406181015452,0.1050343321096673
bm,sdh,0.3750994718946683,0.1803941206125782
vep,sdh,0.3315425940138142,0.1304369187578049
pay,sdh,0.3256140350877193,0.1517239912069567
bho,sdh,0.2972243060765191,0.1497003549303756
bxr,sdh,0.3906670655100209,0.1536224523214575
cu,sdh,0.2358974358974359,0.100889643201576
ajp,sdh,0.4106463878326996,0.1861724482932649
gub,sdh,0.3275109170305676,0.1265507250068714
myu,sdh,0.3454011741682974,0.1209237767399273
pro,sdh,0.2979462552365383,0.1524875364054477
yi,sdh,0.3233503044823799,0.1580207014860586
uz,sdh,0.4460423634336677,0.1718527578060905
say,sdh,0.2778978388998035,0.1124339819516451
sah,sdh,0.373972602739726,0.1763733985208483
eme,sdh,0.3466850828729281,0.1205838979424613
ja,sdh,0.1541974147686521,0.0530457684223817
mt,sdh,0.2340829043619615,0.1009353470945823
uk,sdh,0.3635879596762743,0.1598300150683494
sv,sdh,0.3049474864290771,0.1568808861970318
gn,sdh,0.2396313364055299,0.1558471092019674
quc,sdh,0.301707779886148,0.1275457910270135
urb,sdh,0.226775956284153,0.1402447308193371
gun,sdh,0.1808388723355489,0.0374566570545725
af,sdh,0.2997118155619596,0.1442337271188389
ml,sdh,0.3549729504785684,0.1436198344512436
gl,sdh,0.2902935606060606,0.1430979431301809
sjo,sdh,0.1254871395167576,0.049949233353469
sme,sdh,0.3355644355644355,0.164889990684867
ca,sdh,0.2530112397248784,0.1354240027475297
nhi,sdh,0.3234330409047669,0.1442834356196557
sa,sdh,0.2828255715116539,0.1142569673487891
sab,sdh,0.3542204201990416,0.1365983889749735
tpn,sdh,0.4793700088731145,0.1570820875227112
ota,sdh,0.3463457587320223,0.1745598072304289
xum,sdh,0.3227194492254733,0.1537177160335378
ka,sdh,0.3958241000640173,0.1390631638191981
la,sdh,0.3462705314009662,0.1784353430846826
ko,sdh,0.4242943393551284,0.1629989698490437
jv,sdh,0.3277556996444258,0.1450289789932761
yue,sdh,0.2717344446041098,0.1017629546039824
hy,sdh,0.3922122707026199,0.1499812303799263
pt,sdh,0.3069103129594623,0.141804995835241
ru,sdh,0.3803420202294164,0.1671879864786537
lb,sdh,0.3398058252427184,0.1753029022259791
tn,sdh,0.2523364485981308,0.1309897166752005
hit,sdh,0.1573720397249809,0.0498035045436758
et,sdh,0.3895028969277959,0.1567331533275987
xav,sdh,0.3309513175524788,0.1536624930594918
arr,sdh,0.241914618369987,0.091204298541885
fi,sdh,0.37698478332782,0.1457254140654347
kpv,sdh,0.3637873754152824,0.1422376453170391
am,sdh,0.3768231768231768,0.1895325435954104
ess,sdh,0.2698598130841121,0.1332754592952463
te,sdh,0.5298196948682385,0.2004528459834578
oc,sdh,0.3567953936265263,0.1899701204808353
hi,sdh,0.254071111561113,0.1231194851149964
cpg,sdh,0.4204421098708689,0.1678244297469099
ta,sdh,0.4283839930024054,0.1915232407813137
arh,sdh,0.2879216129640098,0.1704299171279469
bej,sdh,0.3723537779265333,0.1259290084384095
bg,sdh,0.3641567031289748,0.1882446647128741
ha,sdh,0.3518661201343729,0.1249064247883115
lzh,sdh,0.1718650315446232,0.0505154707156791
wuu,sdh,0.2757437070938215,0.1066228886193522
he,sdh,0.3611820379259864,0.1625289911271373
kk,sdh,0.423603477565704,0.1502885313778435
scn,sdh,0.3637093895037486,0.1588492715745436
tt,sdh,0.3451754385964912,0.1345646566614857
be,sdh,0.3490117588191143,0.1505082082302325
de,sdh,0.3218195655992037,0.1573510117872946
mpu,sdh,0.2752808988764045,0.1860071351000233
bor,sdh,0.3779827798277982,0.1345355158248714
sdh,sdh,0.8308823529411765,0.5162058792815372
es,sdh,0.2793050113425449,0.1379902569366755
wo,sdh,0.2623281745650293,0.1333724437251929
egy,sdh,0.1954732510288065,0.0863189506444222
sga,sdh,0.1565420560747663,0.0726489849495758
ceb,sdh,0.2716049382716049,0.1603258417835286
pad,sdh,0.3511904761904761,0.1888152916205241
gsw,sdh,0.3418318719024018,0.1773021813985424
pcm,sdh,0.38,0.1443253553651757
lt,sdh,0.4292793549470855,0.1679185712477179
myv,sdh,0.4330867518493611,0.1722695519599385
mr,sdh,0.5121359223300971,0.1950309885606813
yrk,sdh,0.3702830188679245,0.153043974850176
cy,sdh,0.2315869846117702,0.1177039414026907
gv,sdh,0.26278148255533,0.1045366230774162
cop,sdh,0.0807633089161573,0.0603492274070491
sd,sdh,0.3340265846821593,0.1797873307145572
sr,sdh,0.2965589703178355,0.1353671814271453
ab,sdh,0.4453471894189891,0.1337707255920794
frm,sdh,0.3226709123365658,0.1587334571960703
krl,sdh,0.3972204266321913,0.1634452924801568
got,sdh,0.1947440674642086,0.0965570609179237
jaa,sdh,0.3130434782608696,0.1533313803990496
lv,sdh,0.4177002480595342,0.1642801899228817
az,sdh,0.4594298245614035,0.1646801933192666
akk,sdh,0.2240947300355641,0.0766611183826806
otk,sdh,0.310126582278481,0.0763460362583444
zh,sdh,0.2537894399413838,0.1003936465383454
gwi,sdh,0.5376984126984127,0.1375639836867132
id,sdh,0.3121014475183667,0.1548699371313089
si,sdh,0.3397727272727273,0.1910602863684968
el,sdh,0.354644925981549,0.1701620538160443
xnr,sdh,0.3468575974542561,0.2271630967016887
fr,sdh,0.2944880437334407,0.1483177364279065
tl,sdh,0.2747132714363736,0.141578697631648
cs,sdh,0.3504488767924605,0.1631202457100826
fa,sdh,0.2830390716437981,0.1460174903936744
gya,sdh,0.1797919762258543,0.0800771552760124
naq,sdh,0.2472491909385113,0.1327597182514964
wbp,sdh,0.5015873015873016,0.2401685842819563
nap,sdh,0.2388059701492537,0.1235225414886431
abq,sdh,0.2315950920245398,0.0958045238642253
ang,sdh,0.2982456140350877,0.1620670995670995
sl,sdh,0.3457218816125006,0.1568149309052098
eo,sdh,0.3070017953321364,0.150842100449782
ckb,sdh,0.5163934426229508,0.2854682964573075
gya,sk,0.1326151560178306,0.0702426075075662
yi,sk,0.8469601677148847,0.7555777434478623
hit,sk,0.1054239877769289,0.1022095504547238
ug,sk,0.7230396902226525,0.4993553997907136
fi,sk,0.7981723453522991,0.5818650217392188
ess,sk,0.3317757009345794,0.12483265100644
ja,sk,0.1537325406565616,0.110194699843008
sme,sk,0.4173826173826174,0.2202727438923397
sdh,sk,0.4632352941176471,0.1794761392699372
bxr,sk,0.5989630072788912,0.3488523208442921
gd,sk,0.6170614324808908,0.4957940247440459
gsw,sk,0.3409740754860846,0.2753591186900634
ps,sk,0.7799360708138677,0.6230513187910579
nhi,sk,0.4209914385371525,0.2712949810908457
yrk,sk,0.3073899371069182,0.0896728356969943
sga,sk,0.2920560747663551,0.1972822290122597
te,sk,0.7905686546463245,0.4624927386647601
fa,sk,0.7690066489030555,0.5975185564632299
aii,sk,0.1456953642384106,0.0254139391605698
gl,sk,0.8752367424242424,0.6522079082794079
cu,sk,0.4353497635051033,0.2892703249827325
da,sk,0.8292926269579967,0.6385761948486107
eme,sk,0.3812154696132597,0.15906854435212
ckb,sk,0.3688524590163934,0.2091633377523183
id,sk,0.821181776301433,0.6196264719135223
pro,sk,0.6743639521814652,0.5096041897333365
ga,sk,0.6616255212125224,0.5111881915455656
ca,sk,0.8827042442543197,0.6620377085375826
ht,sk,0.3993984962406015,0.2965063447872471
tt,sk,0.5951754385964912,0.2550335305741064
lij,sk,0.5378991345866906,0.4600747295635402
wo,sk,0.3849851004517927,0.2493493444943519
mk,sk,0.8742647058823529,0.7995466649552708
wbp,sk,0.3841269841269841,0.1276543209876543
ru,sk,0.912362576982609,0.750934105303157
tpn,sk,0.5031055900621118,0.1680693768543032
is,sk,0.7898830076095337,0.6085234545798501
ajp,sk,0.6628643852978454,0.4571345475161558
ro,sk,0.8111677438565148,0.6106545892160692
jv,sk,0.6663877849822213,0.4746547170001194
grc,sk,0.625226921266725,0.4793013338797831
lzh,sk,0.3547175161267455,0.2339995296768325
koi,sk,0.4969987995198079,0.2737108610465043
xnr,sk,0.4992044550517104,0.4092896745644334
af,sk,0.8016496074729206,0.6246077153029064
gwi,sk,0.4781746031746032,0.1644726272142452
zh,sk,0.4660209735769565,0.3419012045278984
gv,sk,0.3459940079250024,0.1595318001266539
sab,sk,0.3556948028013269,0.2082174707842201
gn,sk,0.2995391705069124,0.1450727266261246
ltg,sk,0.7470588235294118,0.5827732850863462
apu,sk,0.5,0.1437700935894053
uk,sk,0.9176132329973022,0.735230141017652
tn,sk,0.3177570093457944,0.1893823737386075
de,sk,0.8187118240540171,0.680070802506632
el,sk,0.8421297289565901,0.6511582045730911
br,sk,0.602138716769938,0.3960985707220872
eo,sk,0.843506882106523,0.7006592522363662
hy,sk,0.8380669572297523,0.6263275952147869
sk,sk,0.9770087884494664,0.8762310697137825
yrl,sk,0.3912826152154354,0.1648558699001851
pay,sk,0.2898245614035087,0.1141235386977135
sl,sk,0.921084043188107,0.7726898167191886
hbo,sk,0.3053677663601947,0.1747565096596371
orv,sk,0.7270021645021645,0.530398866749452
jaa,sk,0.3217391304347826,0.1655193655193655
nap,sk,0.417910447761194,0.2994723324324841
lv,sk,0.8775172708116614,0.7328663851082893
az,sk,0.75,0.4939027841360546
myv,sk,0.5171486213853396,0.2777264406246124
bm,sk,0.2955219561600231,0.179850462584142
nl,sk,0.8388152144052347,0.6346162170006033
vep,sk,0.5686876438986953,0.3680810503510518
ta,sk,0.7310299584517822,0.4783027051290994
xum,sk,0.3175559380378657,0.1682162862815178
vi,sk,0.7197349042709867,0.5096453471554777
pcm,sk,0.6719860627177701,0.5103121940524582
es,sk,0.8892348937925345,0.672686566421589
aqz,sk,0.4393732970027248,0.1751205846264143
cpg,sk,0.6301159991245349,0.3372890556525703
bg,sk,0.9068939201221063,0.7109124092934191
sq,sk,0.7797527047913446,0.6719074052492321
th,sk,0.5990737347149568,0.4419964901345279
azz,sk,0.4277359238699444,0.2692907088285838
sv,sk,0.8463092990323342,0.6505233188597426
eu,sk,0.7377533437269221,0.4825643595890054
bor,sk,0.3831488314883148,0.1699130367120897
cs,sk,0.9420969248893042,0.8010160050666539
mdf,sk,0.5003568879371877,0.2425947700449728
urb,sk,0.2349726775956284,0.1223800636473909
cy,sk,0.6425466932926113,0.4714457066462894
hi,sk,0.6681347980897416,0.5254062239305651
hu,sk,0.8097243491577335,0.6051433848933265
kpv,sk,0.4677545436779363,0.2672045154281103
sr,sk,0.944575781455214,0.7699696257884097
ha,sk,0.3707892871451906,0.227499061112912
it,sk,0.8429204227541187,0.6485545896511782
ckt,sk,0.3086218158066623,0.1445493710106617
ang,sk,0.4970760233918128,0.3522672761870439
say,sk,0.2694499017681729,0.1484856583185667
sa,sk,0.3896568693240281,0.1776889557920131
sd,sk,0.6777285468848901,0.5735071342939166
pad,sk,0.3849206349206349,0.1894845411044085
ko,sk,0.6051844937793164,0.3723501544221546
sah,sk,0.3828767123287671,0.1934542207345633
hsb,sk,0.7943941971881436,0.595262272031746
hr,sk,0.9405193734542456,0.7935600365903326
olo,sk,0.6350806451612904,0.4138065336150169
xcl,sk,0.6053529728758757,0.465183519850635
kmr,sk,0.7702905061395627,0.5751620178695849
scn,sk,0.5755980007140307,0.4254559404425285
et,sk,0.8161059447879644,0.61813501517126
bho,sk,0.4813203300825206,0.3513552089091708
got,sk,0.2790743282996666,0.1685579669018316
xav,sk,0.3376507369361322,0.2017936168399566
aln,sk,0.4604127579737336,0.371036150719045
yo,sk,0.3036515831614703,0.1436138860970099
he,sk,0.773431382562217,0.5614078917915585
lt,sk,0.8651940198219386,0.6851286776204699
or,sk,0.7687074829931972,0.6016060977711343
ur,sk,0.6332567877887343,0.5774817575039506
fr,sk,0.8269778985142704,0.6666972375428505
mr,sk,0.7184466019417476,0.5072491392277334
ab,sk,0.4815304676428908,0.1527926728036106
gu,sk,0.7007957559681698,0.5534117134773101
mt,sk,0.2905265059152894,0.1662890413183295
fro,sk,0.6885205097570689,0.5259876993733168
sjo,sk,0.1305533904910366,0.0379834973097878
ka,sk,0.7775643866646968,0.5269997574271276
uz,sk,0.7713489409141583,0.5508627867485052
xpg,sk,0.2726733847065797,0.104918384952749
fo,sk,0.7547999570953555,0.5551738924999817
si,sk,0.6511363636363636,0.5105703670723086
frm,sk,0.7847252376127756,0.6447573638225299
egy,sk,0.1209705075445816,0.1162131234407378
pt,sk,0.869006511237135,0.6362756258748397
be,sk,0.9058043532649488,0.7116519584834397
la,sk,0.7811207729468599,0.6727803674532569
en,sk,0.7904713292465967,0.6307937892901407
ceb,sk,0.4647785039941903,0.3090661002354756
pl,sk,0.9187001610820452,0.7147051675931138
no,sk,0.8265952976853798,0.6400306412680038
nds,sk,0.5435159026701905,0.4433894936563385
bar,sk,0.4324288374567704,0.3655094988230893
cop,sk,0.0317734334904119,0.0060924895644696
gub,sk,0.3818777292576419,0.1534046883689088
oc,sk,0.7281842549389457,0.5673835070132389
sms,sk,0.4063390313390313,0.1904757232519235
tr,sk,0.749773300741208,0.5150959427566482
ml,sk,0.7553058676654182,0.5397032618746453
am,sk,0.4663336663336663,0.3459118655050945
naq,sk,0.2547387887193712,0.1609508284354929
wuu,sk,0.3970251716247139,0.2077896165149982
bej,sk,0.2597272194795414,0.0881041441746194
ky,sk,0.7414945088702865,0.4151360254288216
krl,sk,0.6771170006464124,0.4920130769337081
hyw,sk,0.7751093321473574,0.5967506226070776
ota,sk,0.6191035263533062,0.4375676250202153
quc,sk,0.3444522121242385,0.1681104876928007
abq,sk,0.2131901840490797,0.0584551739127067
bn,sk,0.778125,0.5409358827621482
otk,sk,0.2974683544303797,0.0352720450281425
yue,sk,0.4610576232217273,0.3598196457428565
gun,sk,0.1783940713576285,0.0461793455401955
kk,sk,0.7849505346257619,0.5209567630317915
nmf,sk,0.405195681511471,0.2259694063695626
arh,sk,0.2423214622197098,0.1254467327796548
mpu,sk,0.2303370786516854,0.1310495965552481
ar,sk,0.353585811333035,0.3067901757826498
myu,sk,0.3454011741682974,0.1235987693840517
arr,sk,0.1867184131090987,0.0835084282652531
akk,sk,0.4698916909149693,0.2130870224441456
ctn,sk,0.3521290410771649,0.1531219074607913
lb,sk,0.3009708737864077,0.2046447818644614
tl,sk,0.6723102129983616,0.4794879411064394
mk,sl,0.8742647058823529,0.7543123495753419
cpg,sl,0.5950973954913548,0.3547110507589746
pay,sl,0.2285380116959064,0.1140503144482201
lt,sl,0.8731731899882412,0.7141152350259584
la,sl,0.7664347826086957,0.6249885701556473
no,sl,0.8308153236266648,0.6777899906826627
or,sl,0.7551020408163265,0.5614450528731131
pl,sl,0.9199249171292784,0.7476493623709947
urb,sl,0.1065573770491803,0.1221663327738372
vep,sl,0.4911742133537989,0.3149387379083547
hu,sl,0.8038859111791731,0.5892255487631901
lb,sl,0.2475728155339805,0.1919753636004708
ru,sl,0.914008613634982,0.8177745749612725
kmr,sl,0.7492263152640511,0.5725772944416742
oc,sl,0.5855256626625633,0.5131354001325238
ka,sl,0.7916482001280347,0.5585422566373648
fr,sl,0.7766626421169132,0.6989438513416124
nmf,sl,0.298582995951417,0.2012516000494829
otk,sl,0.2974683544303797,0.0352720450281425
yo,sl,0.1799102268591532,0.1880889828938433
ps,sl,0.7686255224981559,0.6326765025421505
am,sl,0.4127872127872128,0.3500527488186561
gun,sl,0.1699900679960272,0.0357149681304109
ar,sl,0.3378432249928813,0.2596229703871876
nl,sl,0.8182363077845208,0.676262732440093
wo,sl,0.2492550225896376,0.1882148154749843
ab,sl,0.3362305148795465,0.1122561977212962
kk,sl,0.7786549415409214,0.5039267732462814
mr,sl,0.7427184466019418,0.5213534900525152
xum,sl,0.1652323580034423,0.095134710549149
lv,sl,0.88093142354165,0.7753143110509982
azz,sl,0.3996827914353688,0.2519387944262108
gn,sl,0.1474654377880184,0.1467532467532467
sms,sl,0.2802706552706552,0.1309350845516517
grc,sl,0.6098971290257513,0.4605018228373251
yrl,sl,0.3081075677296811,0.1529669182004019
ceb,sl,0.4466230936819172,0.3057684499059239
it,sl,0.8336959900528442,0.6702502946734993
kpv,sl,0.3179597420363494,0.2323345028505815
apu,sl,0.366,0.1429092358878901
cu,sl,0.294050286283296,0.2476408384109635
hyw,sl,0.7694018234378475,0.5802245363992029
cs,sl,0.9404422418112144,0.868917702116531
ltg,sl,0.7470588235294118,0.5660884724973708
mpu,sl,0.1516853932584269,0.1587283270185892
say,sl,0.1724950884086444,0.1100904247044536
ckb,sl,0.2540983606557377,0.1202343211363703
eu,sl,0.7402970378271929,0.5021490378326324
scn,sl,0.5041949303820065,0.4218790265641883
pt,sl,0.800071413568578,0.6481107154328756
koi,sl,0.3577430972388956,0.2653784621503416
ctn,sl,0.3056523819287813,0.1591404892713303
krl,sl,0.6619263089851325,0.4548672372859786
bar,sl,0.3580074487895717,0.3371427886659954
gv,sl,0.2383299507103508,0.1617037560424025
mt,sl,0.1859478009572834,0.1935407353998695
pcm,sl,0.5241114982578398,0.4298970887299779
sl,sl,0.9863273832130648,0.9540472960858476
wuu,sl,0.3146453089244851,0.1532358028467029
arh,sl,0.1944601469756924,0.1068695362561708
de,sl,0.8280399274047187,0.7114257592947152
xcl,sl,0.6154122507634273,0.5172360125399197
ur,sl,0.5984060516007024,0.557046214962721
xnr,sl,0.4459029435163086,0.3535980222495953
uk,sl,0.9209853755501916,0.7623354713590453
bn,sl,0.796875,0.5424219502520073
yue,sl,0.4433826699238396,0.3558501971863236
ckt,sl,0.2470607446113651,0.128360688701782
abq,sl,0.0828220858895705,0.0582448607858443
aln,sl,0.4392745465916197,0.3895867440617698
en,sl,0.7390716136993226,0.6452809255276181
arr,sl,0.0470030185424752,0.0698027266232987
ga,sl,0.661526242636839,0.5274417072739016
gwi,sl,0.3660714285714285,0.1349222260581328
sdh,sl,0.3382352941176471,0.1224911757546251
cy,sl,0.6436626336191706,0.5388391077247936
eme,sl,0.2068370165745856,0.1390764890516849
got,sl,0.1248283977250441,0.1051024805315183
ess,sl,0.4135514018691589,0.1293194711227301
gu,sl,0.6859416445623342,0.5280072029730448
id,sl,0.7986567417501151,0.6613099427754591
ht,sl,0.2449624060150376,0.2886908680968379
sr,sl,0.94606426757727,0.8711823529758383
aii,sl,0.1456953642384106,0.0353130016051364
jv,sl,0.6428222826465871,0.505834097274115
orv,sl,0.6757169913419914,0.5510484763745217
jaa,sl,0.3130434782608696,0.147019647019647
sk,sl,0.9585687382297552,0.8384045090897689
ca,sl,0.81234692165744,0.6898961454095565
aqz,sl,0.353542234332425,0.1408070504992429
egy,sl,0.0494684499314128,0.1020874577178025
tt,sl,0.5021929824561403,0.2531662241118708
es,sl,0.8468137760362962,0.7090092332027559
ky,sl,0.7596958758927885,0.4279579348846503
mdf,sl,0.4296930763740185,0.2492864754239975
yi,sl,0.8496555855046422,0.7688679045704783
xpg,sl,0.2110254890337878,0.1015059012401367
gub,sl,0.2731441048034934,0.1428374785038814
gya,sl,0.0297176820208023,0.040246507158021
br,sl,0.5762542474515291,0.4402915193561901
ja,sl,0.1556557912688672,0.103408884030775
lij,sl,0.3463145329752313,0.3902651085765143
bho,sl,0.440960240060015,0.3257067647590311
sv,sl,0.8487432145385886,0.6843079256747244
te,sl,0.8169209431345353,0.4765231735926898
bm,sl,0.2440859437169934,0.1659426359049409
et,sl,0.8266062937176428,0.6554458621505769
bej,sl,0.2143753660781524,0.0909681783586475
ug,sl,0.7151016456921587,0.4399425130215826
ha,sl,0.2369402410084137,0.1823495032793651
myv,sl,0.3985012969545585,0.211797880980289
el,sl,0.842058213545019,0.6821878946057742
hit,sl,0.0763941940412528,0.0976685574944596
is,sl,0.8034706625099169,0.6832170405944459
hr,sl,0.9358202802967848,0.8400877301043708
sq,sl,0.7658423493044823,0.6667881768067242
ko,sl,0.6267353521509506,0.4150567449362194
tpn,sl,0.340505767524401,0.1457495103698437
nhi,sl,0.3374907515061833,0.2467595992515202
wbp,sl,0.3555555555555555,0.1351484338616691
he,sl,0.6906683008204814,0.5136744324495538
gd,sl,0.5986599981126735,0.5238368005539993
fa,sl,0.7610628283985358,0.6110524529650087
hi,sl,0.6257277375588518,0.5521818406242093
nap,sl,0.373134328358209,0.3379150034858997
da,sl,0.8263992816521999,0.6812392858747721
be,sl,0.9026770077558168,0.6995419760373761
cop,sl,0.0370923342509214,0.0204441079856322
tr,sl,0.75164603374862,0.5163298519676329
ml,sl,0.7053682896379525,0.4469374908330455
xav,sl,0.2585975882090219,0.1437870867357651
olo,sl,0.5920698924731183,0.3636815895905465
sa,sl,0.3360622735203328,0.1879976765933139
pro,sl,0.3830591601103504,0.3773443944440022
bor,sl,0.3465559655596556,0.1692014475426268
th,sl,0.5211408389697798,0.4007061315524456
akk,sl,0.2534755900420304,0.1449051609535693
frm,sl,0.7160708254933179,0.6103577307946544
fro,sl,0.5735015929908402,0.4699691574384644
lzh,sl,0.2040830793223222,0.1601910289335974
gl,sl,0.829592803030303,0.6758850438516251
sme,sl,0.3256743256743257,0.2195648487445091
naq,sl,0.1945446139620897,0.1287891717285455
tn,sl,0.3130841121495327,0.2024806980452008
af,sl,0.7825698101957667,0.5711800695190661
ajp,sl,0.6489226869455006,0.4434629402952559
gsw,sl,0.2793080442241707,0.2725785179014903
si,sl,0.6465909090909091,0.5260836507172455
nds,sl,0.3792946322792308,0.3694977419325322
bxr,sl,0.5271712035098215,0.3186596562170961
hsb,sl,0.7960060893704666,0.5881914049381848
vi,sl,0.7161266568483063,0.5332664518473976
sd,sl,0.6597341531784068,0.5584098047904901
sga,sl,0.1577102803738317,0.1269339343943231
myu,sl,0.261252446183953,0.1347906077310251
fo,sl,0.7490078300976081,0.5097296751448869
eo,sl,0.8533812088569719,0.7110939807924181
bg,sl,0.901424573899771,0.7020264426563523
ota,sl,0.5082393391756468,0.4500229813822501
hbo,sl,0.1616414277988101,0.1050553163666625
tl,sl,0.661387220098307,0.4912100224993886
yrk,sl,0.1045597484276729,0.036145882965574
ta,sl,0.7375902033675924,0.4343614598818397
ang,sl,0.3157894736842105,0.1997718201226973
pad,sl,0.3591269841269841,0.1569876966100989
hy,sl,0.8396953877101394,0.6607578402726668
uz,sl,0.7589743589743589,0.5903209603418105
fi,sl,0.8065111919726541,0.6111113179221088
quc,sl,0.2578647757914711,0.1352513649972874
az,sl,0.7269736842105263,0.4609302327571236
ro,sl,0.8151086823253288,0.6299178047494064
sab,sl,0.3173608551419093,0.1935438710586488
zh,sl,0.4084123277006914,0.3220799132819316
sjo,sl,0.1328916601714731,0.0998106093304661
sah,sl,0.2054794520547945,0.1424866816634097
he,sme,0.3344908589520988,0.2349331886446576
hsb,sme,0.4975373869436733,0.3172253765455108
aqz,sme,0.3801089918256131,0.1541684281068071
ha,sme,0.3755354886430178,0.1880136241481743
hy,sme,0.5262225202356434,0.2833898833652978
ltg,sme,0.5764705882352941,0.3302850866446118
bor,sme,0.3856088560885609,0.17977404448887
it,sme,0.358082064034815,0.2892819536200707
grc,sme,0.4296151863555884,0.2699780083744014
nmf,sme,0.3775303643724696,0.1950956939987816
vep,sme,0.4811972371450498,0.3533347605059453
nds,sme,0.3782921716941584,0.2683500989344393
urb,sme,0.1885245901639344,0.1588304495372152
xcl,sme,0.4171007724088378,0.2611698814278897
jv,sme,0.470264240396012,0.2892354868009113
fa,sme,0.3242274074258535,0.2463313091630294
mdf,sme,0.4886985486557221,0.267044702554343
arr,sme,0.1789564467442863,0.1556441438570202
xav,sme,0.3251451540866458,0.1500520316591266
gya,sme,0.1526745913818722,0.0916609829201803
egy,sme,0.2923525377229081,0.1570077818333038
nl,sme,0.4046352488699083,0.301390709694154
de,sme,0.3910436547430869,0.2729824850086395
th,sme,0.2146736414220504,0.1843972868341056
say,sme,0.2919449901768173,0.170979598117796
got,sme,0.3273190821729751,0.2010802174856808
am,sme,0.2722277722277722,0.169745451392222
yo,sme,0.3036515831614703,0.1839775488172325
aii,sme,0.2671081677704194,0.1241261443508634
kk,sme,0.5216348556010793,0.2855186271547498
bm,sme,0.2647760978080011,0.1638500857784041
pl,sme,0.466538866035651,0.2929390711232672
quc,sme,0.3414561070608209,0.186436965428057
nhi,sme,0.4121128844731,0.2258792738503731
mk,sme,0.4941176470588235,0.3335053158908733
hit,sme,0.2307104660045836,0.1254586239072478
myu,sme,0.2896281800391389,0.1331819376056392
ro,sme,0.4009423221760986,0.2758925742402822
pro,sme,0.37488505159906,0.3469154297462719
yrl,sme,0.3746875937218834,0.1911509850088216
la,sme,0.4312173913043478,0.3115284443757772
ko,sme,0.4216359275494169,0.1955327367892556
ky,sme,0.5563320789493894,0.2841223926836199
koi,sme,0.4645858343337335,0.274403768877724
af,sme,0.3657954884229355,0.2862818816081532
gd,sme,0.2874398414645654,0.2641307531289608
ckb,sme,0.3032786885245901,0.1301559813114435
fr,sme,0.3642888285206426,0.2923213205135894
myv,sme,0.467095782495917,0.2384180347271219
lt,sme,0.5818914832857383,0.332479185007138
sab,sme,0.3822336896424622,0.2231566347644465
br,sme,0.4037577453527883,0.2924402338060607
cpg,sme,0.4305099584154082,0.2071232959013777
fo,sme,0.4981765526118202,0.3370845906276669
bn,sme,0.465625,0.217154353582925
sr,sme,0.4270204010156729,0.2904834139740241
kmr,sme,0.3699710492163322,0.2723987197020425
mr,sme,0.4951456310679611,0.3106275000218647
frm,sme,0.387658609543108,0.312682452915667
tr,sme,0.4691491878252641,0.2681858985092072
xpg,sme,0.2922347362181387,0.1349955332954261
jaa,sme,0.3130434782608696,0.1469960744154292
fro,sme,0.3655665073675826,0.2695502419664192
lv,sme,0.574297831479555,0.3214541333456162
ka,sme,0.5602009159403162,0.2916065925943286
sl,sme,0.4371710704790841,0.2885423303184312
ckt,sme,0.333768778576094,0.1822227389266566
sa,sme,0.3127991768442714,0.1484423280800338
ab,sme,0.4808691544638639,0.2002764439515304
kpv,sme,0.4236857533711159,0.2217499069343318
pt,sme,0.3554631379962192,0.2795601860425558
tl,sme,0.3899508465319498,0.2740248888885836
lij,sme,0.3573560131304088,0.3110608313517812
hu,sme,0.4535796324655436,0.2901039415913055
ur,sme,0.2555045251924895,0.2600210082341988
gwi,sme,0.4742063492063492,0.1651213752961403
bar,sme,0.3575418994413408,0.2711970052901646
xum,sme,0.2082616179001721,0.1105579881376716
ta,sme,0.4307894161382025,0.2620449909975966
be,sme,0.5097573179884913,0.282572161909329
eme,sme,0.3587707182320442,0.1772154325734326
ca,sme,0.3346082872001342,0.2842168968448767
olo,sme,0.530241935483871,0.3070793178854484
ang,sme,0.5029239766081871,0.3480972124399923
cs,sme,0.4593248568062721,0.3041543823211666
orv,sme,0.454004329004329,0.2681070829494663
apu,sme,0.482,0.1537072211366365
ceb,sme,0.3638344226579521,0.2315413818741561
id,sme,0.4653153262371796,0.2950111543606771
gu,sme,0.3506631299734748,0.2229661643299826
ess,sme,0.2616822429906542,0.1205642835428731
akk,sme,0.2813207242159715,0.1612134485445414
eu,sme,0.5232624928202183,0.2796196146614806
otk,sme,0.3734177215189873,0.0885063951407715
wbp,sme,0.4666666666666667,0.1701942632723192
ajp,sme,0.4068441064638783,0.2062737234844237
vi,sme,0.4382916053019146,0.2872708710828757
bg,sme,0.4431442381073518,0.3405106357646835
gun,sme,0.1808388723355489,0.0491592298600284
bxr,sme,0.4922724100109682,0.2801103540788333
sv,sme,0.4156242624498465,0.3210157293146793
uk,sme,0.4887831889819679,0.2901155291292229
gub,sme,0.3156113537117904,0.1609104983688541
zh,sme,0.2750377799148235,0.1348798625598364
gsw,sme,0.3334445291650781,0.2166459648360484
ml,sme,0.4207240948813982,0.2133586114013497
or,sme,0.3284742468415937,0.2300933300864918
arh,sme,0.2500471075937441,0.1189551133984062
eo,sme,0.4796529024536206,0.3941747562254208
mpu,sme,0.2134831460674157,0.1752724147238915
naq,sme,0.3219602404068423,0.1922682291134358
gv,sme,0.247124770464869,0.146974586021704
bho,sme,0.2790697674418604,0.1500673546586945
azz,sme,0.4374504361617763,0.2179385899399237
gl,sme,0.3349747474747475,0.282373323420169
sjo,sme,0.1837490257209665,0.0688878914268637
tn,sme,0.3271028037383177,0.2592555405570383
pay,sme,0.2734502923976608,0.166481744794713
yrk,sme,0.2067610062893081,0.0922516856346724
fi,sme,0.5801907597309516,0.3555430368899314
sk,sme,0.5011770244821092,0.3325514328035747
hbo,sme,0.4115738236884803,0.2044833907314427
ja,sme,0.1588700637010354,0.0515419864123821
oc,sme,0.4053410106224561,0.3164587158038979
hyw,sme,0.498554591950189,0.3203208457417753
tt,sme,0.5017543859649123,0.2885650841848252
da,sme,0.4459742592038312,0.306394476750813
scn,sme,0.4291324526954659,0.2995295226865729
cy,sme,0.3134030306589921,0.2964843849683006
lb,sme,0.3106796116504854,0.2099815839890281
lzh,sme,0.2134755794995392,0.1573046696675763
sq,sme,0.3778979907264296,0.3550743979380609
te,sme,0.4909847434119279,0.210042738857257
sah,sme,0.3054794520547945,0.1814017640312611
ota,sme,0.3627825066040505,0.2350938964343166
abq,sme,0.200920245398773,0.0645038873003505
es,sme,0.3700247473705919,0.2904659221856746
nap,sme,0.4328358208955223,0.3351665733257985
wo,sme,0.352782851100644,0.2356346194970958
xnr,sme,0.3126491646778043,0.1948500981252051
sd,sme,0.3421647526901166,0.2812193203114388
ru,sme,0.4865721754338382,0.2850454255823503
cop,sme,0.1830355059954276,0.061295549442619
ctn,sme,0.3839792221994395,0.1658153391883034
mt,sme,0.3362232457328637,0.1995915649968768
cu,sme,0.3791884490913617,0.1777415198813793
en,sme,0.3752199057440619,0.2898394618537526
ga,sme,0.3159375206830366,0.2552630130834366
gn,sme,0.2764976958525346,0.2075227516523063
yue,sme,0.3037074292283374,0.1874395588348051
krl,sme,0.5533290239172592,0.3245953555690285
bej,sme,0.2932808969960673,0.1080054800577016
hr,sme,0.4306677658697444,0.2920626130304109
ug,sme,0.510164569215876,0.228358082974765
is,sme,0.4418110913702747,0.3225518568426072
si,sme,0.3715909090909091,0.2547510871828493
az,sme,0.5603070175438597,0.3374467489810605
pcm,sme,0.4583275261324042,0.299883386420251
el,sme,0.4146105985839948,0.2876732840489892
ht,sme,0.288796992481203,0.2409576856604066
ar,sme,0.1968840255461091,0.1098540012109941
hi,sme,0.2754518301017567,0.2421671874844176
no,sme,0.3902519227607373,0.2990535162946765
pad,sme,0.3789682539682539,0.164197092251543
sms,sme,0.5056980056980057,0.2265918745478798
yi,sme,0.4176899271238894,0.2858198576836543
ps,sme,0.3572657978854192,0.2301691229341488
sga,sme,0.2126168224299065,0.1550122542058377
sme,sme,0.861038961038961,0.7816342513519504
uz,sme,0.5636566332218507,0.307415094410441
aln,sme,0.2959349593495935,0.2321451835021889
wuu,sme,0.2757437070938215,0.1200043533389665
tpn,sme,0.4913487133984028,0.196584311535463
et,sme,0.5777950890176412,0.3488399924357765
sdh,sme,0.3382352941176471,0.1336006683375104
pad,sq,0.3968253968253968,0.155496566093533
sdh,sq,0.4338235294117647,0.2281538730712031
gya,sq,0.1322436849925705,0.0761612272024171
mt,sq,0.3376682019326289,0.217578764424413
xcl,sq,0.6521465780492186,0.5109166746713023
el,sq,0.80826718157763,0.6083237071414289
ml,sq,0.7070328755722014,0.5114524763897306
sq,sq,0.9319938176197836,0.8666794120697537
lb,sq,0.3640776699029126,0.2857724043668524
fr,sq,0.7948150384009123,0.6051277997244744
af,sq,0.8345423829871808,0.6763149630581506
ky,sq,0.756316719145995,0.4042507730404729
jaa,sq,0.4347826086956521,0.1802683627877856
cpg,sq,0.6347121908513897,0.3416889599520679
sga,sq,0.2792056074766355,0.2028547814582441
oc,sq,0.7350342499751812,0.5856451300559448
sa,sq,0.3758332214915224,0.1794387332953028
aqz,sq,0.3583106267029973,0.143829911860125
tpn,sq,0.4418811002661934,0.1843788210591781
lv,sq,0.8175028673548318,0.571183765852233
ctn,sq,0.3687376119198961,0.1654438705195662
myv,sq,0.4936112979152656,0.2478727475385141
ga,sq,0.6245615196240651,0.4683725950005984
quc,sq,0.3386597423349645,0.2169824814639599
bor,sq,0.3432349323493235,0.1596112067359709
koi,sq,0.531812725090036,0.3169395083998079
wo,sq,0.3815245602230125,0.2389116792630266
pl,sq,0.821411930721408,0.5765609269068893
sl,sq,0.7798545928055992,0.5623533854039744
tt,sq,0.6078947368421053,0.3463979653251606
tl,sq,0.6717640633533588,0.4928434507804404
kpv,sq,0.4587649013093609,0.2519538788203868
egy,sq,0.1496056241426611,0.0844319150285348
scn,sq,0.6186183505890753,0.5129625640789629
vep,sq,0.5663852647735994,0.3814197633111237
frm,sq,0.7652337530756984,0.6107422175158499
fa,sq,0.7298852005876934,0.5234418846389179
sv,sq,0.8784959877271654,0.7073266018074628
jv,sq,0.657184689395524,0.4688602468816101
fi,sq,0.8332506340280075,0.5539848557365703
cs,sq,0.7821559626816157,0.5551555978712138
yue,sq,0.3961776117258226,0.2588560626855581
got,sq,0.3013335948225142,0.1914590641726423
ka,sq,0.7746097404835771,0.4826527751293962
th,sq,0.4408089827741312,0.3294109778125146
hsb,sq,0.7091430106563983,0.4797642150879196
grc,sq,0.5724243035478159,0.428763595663948
ha,sq,0.3920547354146762,0.2445136556184251
ur,sq,0.5542347696879644,0.531199220636256
or,sq,0.6540330417881438,0.4883045712474511
sd,sq,0.6523193778822678,0.5223075603388232
say,sq,0.3164047151277013,0.1757807073325532
ckt,sq,0.3517308948399739,0.1969588919572057
ht,sq,0.4075187969924812,0.2858180522948362
sjo,sq,0.1272408417770849,0.0271338898378939
hy,sq,0.7909382633267876,0.5320053732826859
uz,sq,0.7520624303232999,0.4904968226573057
xpg,sq,0.3206876111440427,0.154674368388186
ar,sq,0.371492494813489,0.279317440049618
sk,sq,0.7915097300690521,0.5697451583503506
aln,sq,0.6485928705440901,0.5234265948781592
et,sq,0.8289108525244656,0.5658626551912209
sab,sq,0.379653520088463,0.2315985500712172
sr,sq,0.8011557656947728,0.5790200571511678
wbp,sq,0.4285714285714285,0.1496289595133207
kk,sq,0.76466473468572,0.4523013293434713
arh,sq,0.2491049557188618,0.1098850457949782
orv,sq,0.7043290043290044,0.4639740103915577
he,sq,0.7360841589214585,0.5098205066511461
hit,sq,0.1986249045072574,0.1301915831627045
bxr,sq,0.5982650314089142,0.352281784909678
bar,sq,0.5097100292631019,0.3913566262424041
gl,sq,0.8050347222222223,0.5915171325109131
gd,sq,0.6475417571010663,0.5273296787841572
es,sq,0.8418127448958548,0.6327375859477522
is,sq,0.8180248734537897,0.6170847608438776
az,sq,0.7225877192982456,0.5109161231232497
cop,sq,0.0369990202024914,0.0050969906544458
no,sq,0.8361679972231864,0.6562414900514034
pro,sq,0.671911719628078,0.5751331988737581
gv,sq,0.364356818401469,0.2418137234991503
ca,sq,0.8319912766314377,0.6685147080298366
cy,sq,0.6627510865734758,0.5404801153443062
sah,sq,0.3513698630136986,0.2033155700021001
ceb,sq,0.541757443718228,0.3724881155863258
xum,sq,0.2633390705679862,0.1759992155675081
cu,sq,0.5145631067961165,0.2753304330666098
kmr,sq,0.7423380253568933,0.5179943919294274
naq,sq,0.2805362921867776,0.1657756221511886
ro,sq,0.839262256318638,0.6366809661308778
da,sq,0.8610196547939739,0.6860077649082494
ajp,sq,0.6615969581749049,0.4292923000835676
ko,sq,0.6209931826506138,0.33498908799682
olo,sq,0.6599462365591398,0.4160723322618984
ang,sq,0.4678362573099415,0.3700454679259156
hbo,sq,0.5417793401838832,0.3355547525913531
mk,sq,0.8514705882352941,0.6959257888992235
yo,sq,0.3049860487686522,0.168587302919941
la,sq,0.7608888888888888,0.619411772845917
nap,sq,0.5223880597014925,0.4869914520477029
hu,sq,0.7737366003062787,0.5826085858113988
mdf,sq,0.4951225315251011,0.2594217970389436
vi,sq,0.6992636229749631,0.4959398981235711
yi,sq,0.7854647099930119,0.6247188315508456
yrl,sq,0.3992802159352194,0.2178616492861754
xav,sq,0.305940151853506,0.1388459469177754
ltg,sq,0.711764705882353,0.5023888251961078
ta,sq,0.6730811283621255,0.4044895294572987
ru,sq,0.8437714814797496,0.6115511984826788
abq,sq,0.205521472392638,0.072139896927729
pt,sq,0.8110985087166561,0.6002805002181726
sms,sq,0.4497863247863248,0.2095224046588321
si,sq,0.6477272727272727,0.4920975110274256
ja,sq,0.1444802176142129,0.0525558633414949
fo,sq,0.7618255926204012,0.5958648485434509
wuu,sq,0.3592677345537757,0.139767766484143
nmf,sq,0.3161268556005398,0.1634287539577242
be,sq,0.8345634225669252,0.5994754286493335
apu,sq,0.461,0.2192423080124811
hr,sq,0.80638911788953,0.5639742503329896
ps,sq,0.7059257437914925,0.4996607840370816
uk,sq,0.8159875053244356,0.5775851423481237
ckb,sq,0.4262295081967213,0.2044306155880572
gun,sq,0.1821376728550691,0.0489313618266313
mpu,sq,0.1910112359550561,0.1577626074925739
otk,sq,0.2974683544303797,0.0352720450281425
sme,sq,0.4291708291708291,0.2851073261622707
hi,sq,0.615754568926239,0.4726414214534866
ess,sq,0.2410436137071651,0.1050036714910564
ota,sq,0.6070694788041427,0.4208100278927136
myu,sq,0.3287671232876712,0.1353332111649796
tr,sq,0.7167343478946538,0.4566334112482527
urb,sq,0.2240437158469945,0.1752940940447631
aii,sq,0.1479028697571744,0.0218297327672327
nl,sq,0.8248045753103069,0.6136805211029127
bn,sq,0.81875,0.4948793345642134
br,sq,0.6235258844693184,0.4464233167607278
gsw,sq,0.4161742279832253,0.2941725003659358
it,sq,0.8194047248989742,0.6277047323669726
am,sq,0.5107892107892108,0.3258591761292647
fro,sq,0.692278972520908,0.532698383773518
lt,sq,0.8330253653620023,0.5858232431308417
pay,sq,0.3375438596491228,0.1926821080306915
azz,sq,0.4173275178429818,0.2430609340304274
ab,sq,0.5152574397732641,0.19340198606828
pcm,sq,0.7143554006968641,0.4973499030782027
bg,sq,0.8377003307046553,0.678617398663344
krl,sq,0.7249515190691661,0.4739762817287614
lij,sq,0.6226499552372426,0.4978980700545911
hyw,sq,0.7208509376621451,0.5129341545170377
mr,sq,0.7766990291262136,0.5425949087084703
zh,sq,0.2777968585428401,0.1573761833834272
eu,sq,0.7709854763272339,0.4617774112109662
gub,sq,0.3319868995633188,0.1843451046655084
ug,sq,0.7570183930300097,0.4634468479331943
eo,sq,0.853081986834231,0.7373644642095429
gn,sq,0.152073732718894,0.1348968047215241
bej,sq,0.3347837001087775,0.0982197232698498
lzh,sq,0.2081945133621606,0.1505850179976609
xnr,sq,0.4836913285600636,0.3159983414216239
bm,sq,0.3297402879259206,0.1865054137208107
gwi,sq,0.4652777777777778,0.1322403351112772
arr,sq,0.1798188874514877,0.1264349095067431
eme,sq,0.2921270718232044,0.1627801970456122
id,sq,0.7811992338093737,0.5450585912135953
yrk,sq,0.3537735849056603,0.1169957324385727
akk,sq,0.386639185257032,0.2035946860985963
tn,sq,0.3504672897196261,0.2348372111036946
de,sq,0.811262026032824,0.63201494608301
nhi,sq,0.4774336750872001,0.3233671511520707
en,sq,0.8038663765975688,0.6385867428528861
bho,sq,0.5012753188297074,0.3399222264769868
gu,sq,0.683289124668435,0.4813613367186861
nds,sq,0.5783286248063428,0.471750553117486
te,sq,0.8224687933425797,0.4099258222542982
ml,sr,0.7436537661256762,0.5134017304943564
sq,sr,0.7882534775888718,0.6692440919343634
ab,sr,0.4508266414737836,0.1229467961399013
sk,sr,0.9405994978028877,0.782110522740273
hy,sr,0.8465443747305905,0.6332939307680463
nhi,sr,0.4180319205158017,0.2459653336656898
be,sr,0.9196272204153116,0.7302355574865934
ru,sr,0.9155424205156024,0.7492575614575647
wuu,sr,0.2482837528604119,0.1033571925578619
pl,sr,0.9188865370022764,0.71792840907779
bar,sr,0.4670125033253525,0.3705940593787189
hit,sr,0.1352177234530175,0.1110629090771715
ess,sr,0.2577881619937694,0.1027095890825648
gu,sr,0.7119363395225464,0.5357423833827993
mt,sr,0.3103043438995755,0.1473271585600883
am,sr,0.4639360639360639,0.331922842127641
kk,sr,0.7802538223243729,0.4843840344048119
kmr,sr,0.7769791354697015,0.575967267159073
sa,sr,0.3905516038115689,0.1750593274919895
sga,sr,0.2967289719626168,0.2036893742595492
ro,sr,0.8268264060392693,0.639345030309513
sd,sr,0.6789944841305724,0.5666519448303267
xpg,sr,0.2608180201541197,0.1140430846248135
xum,sr,0.306368330464716,0.1590210370647329
ja,sr,0.1515728683529643,0.0861429334645708
hbo,sr,0.4244862087614927,0.198803630255376
eu,sr,0.7596619348486092,0.5147324061059064
xcl,sr,0.6303215376324771,0.5107110154939226
bor,sr,0.3899753997539975,0.1690935821483383
hr,sr,0.9786067600989284,0.8700479085183259
hyw,sr,0.7811133348158031,0.6090479506948765
pro,sr,0.7097169714927966,0.5496536920489951
azz,sr,0.4248612212529738,0.2387108069586239
lij,sr,0.5813190092509699,0.4599276088705247
yi,sr,0.8583408206049715,0.7494709026013346
hi,sr,0.6622791474712701,0.548191528499167
gv,sr,0.3460906542959311,0.153246096830941
ctn,sr,0.3813136491012234,0.1577370656396882
fo,sr,0.7633272551753727,0.5356901184247823
fa,sr,0.7999352541275494,0.6325453897691935
pay,sr,0.2888888888888888,0.0803991476448432
scn,sr,0.612013566583363,0.4474318033140471
ko,sr,0.624679513687867,0.3650814370110509
ota,sr,0.6383915468153801,0.4507207583316258
bg,sr,0.9320783515644874,0.7624480800003219
say,sr,0.2877210216110019,0.1072173321334715
grc,sr,0.6251820973128039,0.4536284336542988
nl,sr,0.8397892160535451,0.6337872842330367
ga,sr,0.6396849559864981,0.4646550752006714
ht,sr,0.3870676691729323,0.2711252416168455
eo,sr,0.8659485338120886,0.720146920124265
krl,sr,0.7032967032967034,0.4957386798666476
lt,sr,0.8493196707542415,0.6479179473968276
tl,sr,0.6723102129983616,0.4926821347874818
vep,sr,0.5786646201074443,0.3760617320542849
egy,sr,0.2931241426611797,0.1333806289949587
jaa,sr,0.3565217391304348,0.1563818734871366
vi,sr,0.736818851251841,0.525644868284655
fro,sr,0.6822978892871366,0.4987682014978819
nap,sr,0.472636815920398,0.4285223697036395
pad,sr,0.3928571428571428,0.1407034816397974
ky,sr,0.7584670916212273,0.4296115687409201
urb,sr,0.2049180327868852,0.090419789290757
mk,sr,0.8911764705882353,0.7275341056472264
sl,sr,0.8980793228799305,0.7197533070041089
gub,sr,0.3981441048034934,0.1338872612605818
cop,sr,0.0369990202024914,0.0050969906544458
gsw,sr,0.3709492947007243,0.2636994783054485
ceb,sr,0.495279593318809,0.3069526746488845
tn,sr,0.2943925233644859,0.1917986359472427
mdf,sr,0.4625267665952891,0.2137969023372392
yrl,sr,0.3814855543336999,0.1550229836456726
mr,sr,0.7451456310679612,0.4784718894379327
bm,sr,0.2895174708818636,0.1724656334407006
ha,sr,0.3923321108268869,0.1984022473052357
myu,sr,0.3561643835616438,0.1169002227241096
sv,sr,0.8614585791833844,0.6621134354758949
myv,sr,0.4739168027668364,0.2141314074769252
otk,sr,0.2974683544303797,0.0352720450281425
wbp,sr,0.3936507936507936,0.1496865620978777
yue,sr,0.3588877712314988,0.2974771810673507
ca,sr,0.878007045797685,0.6440202872541934
uz,sr,0.7785953177257525,0.5345075753309338
yo,sr,0.3012252820575033,0.1523769117307526
gya,sr,0.1597325408618127,0.0452871406318824
gd,sr,0.6038501462678116,0.4886393136152814
la,sr,0.7888792270531401,0.6810953321022234
uk,sr,0.9307113445974726,0.768487516867435
lb,sr,0.3009708737864077,0.217727002626741
cu,sr,0.5044560617376151,0.3310343939194637
ps,sr,0.8028030489304155,0.6678934449161313
ang,sr,0.4385964912280701,0.3027740678635035
or,sr,0.7628765792031098,0.5614781689727906
sah,sr,0.3636986301369863,0.1622662031516266
akk,sr,0.4500484966052376,0.18368792911857
bn,sr,0.78125,0.5942567439811534
pcm,sr,0.690801393728223,0.5169806621371922
mpu,sr,0.2134831460674157,0.1006737650185251
got,sr,0.2527946656207099,0.1251605694837209
ka,sr,0.80213719407101,0.5624830341515132
apu,sr,0.456,0.1321937665790785
ta,sr,0.7502733435381588,0.5089944410539424
sab,sr,0.3601179506081828,0.22124891252861
te,sr,0.8141470180305131,0.5064723913395369
kpv,sr,0.4235880398671096,0.2221220555771081
abq,sr,0.200920245398773,0.0581447188092734
cs,sr,0.9373441117926636,0.7560509238771788
de,sr,0.8557778623421736,0.7089289041418829
en,sr,0.7988215529929481,0.6332060259163232
it,sr,0.8454460677649984,0.6332586854614793
quc,sr,0.3546389693398581,0.1430332283960351
arh,sr,0.2670058413416242,0.1017741988343273
es,sr,0.8892658280057744,0.6572372933569445
sdh,sr,0.3897058823529412,0.1592549337791765
bxr,sr,0.6066407418486389,0.3466967257859766
tpn,sr,0.5013309671694764,0.1519750579736925
gwi,sr,0.4216269841269841,0.1210715316506486
nmf,sr,0.3778677462887989,0.1964730974801379
gn,sr,0.2764976958525346,0.1383931134900127
no,sr,0.8328796653208864,0.6447745631776829
wo,sr,0.3930596943189464,0.2168949050263243
bho,sr,0.505026256564141,0.3443680089814237
hsb,sr,0.7882152771559058,0.5717467726342051
si,sr,0.6704545454545454,0.5519039751935632
yrk,sr,0.3734276729559748,0.0942115028270102
ajp,sr,0.6565272496831432,0.4415398958660422
oc,sr,0.750918296436017,0.5695404702091884
ckb,sr,0.3688524590163934,0.1702686731258159
et,sr,0.8480614116234156,0.6077686532336692
lv,sr,0.877170520925022,0.7267037157832708
zh,sr,0.3078261665979759,0.274804400193305
aii,sr,0.1456953642384106,0.0197162061239731
lzh,sr,0.156163606720068,0.1592469591431557
sms,sr,0.3871082621082621,0.1758809886920764
sjo,sr,0.1310080540400104,0.0367774142512861
fr,sr,0.8432437871013181,0.6517297683529995
th,sr,0.5300703028687569,0.4492470752779324
he,sr,0.7306710244101726,0.5426161379191371
olo,sr,0.6404569892473119,0.3994204607984639
ar,sr,0.3696538258145873,0.3005981501752984
nds,sr,0.561104529299189,0.444561039846441
pt,sr,0.8702709514807814,0.6304590234412947
cy,sr,0.666098907553154,0.525946699470113
eme,sr,0.3566988950276243,0.1231905772469855
az,sr,0.743421052631579,0.5065956274787695
sme,sr,0.4106893106893107,0.2185205248127055
orv,sr,0.7404356060606061,0.5315838358503587
bej,sr,0.3169609237720693,0.0754140904963557
ckt,sr,0.2811887655127367,0.1210214369324928
ltg,sr,0.7470588235294118,0.5783054664633611
is,sr,0.8039343859296257,0.5991781245360106
naq,sr,0.249375866851595,0.1236281524867107
xav,sr,0.3318445734702992,0.1503678085624667
hu,sr,0.7689509954058193,0.568814396535127
ug,sr,0.7312681510164569,0.5033164906940981
arr,sr,0.1901681759379042,0.0441275905966074
gl,sr,0.88125,0.6693587329352372
tt,sr,0.5868421052631579,0.2390712471854737
fi,sr,0.8265519902966149,0.5766842790870914
xnr,sr,0.4888623707239459,0.3281132072368242
da,sr,0.8583258505437493,0.6425472922623985
cpg,sr,0.6587874808492011,0.3588796395276464
jv,sr,0.6604615491877571,0.4624653641093134
el,sr,0.8546806836873346,0.6773304159931549
br,sr,0.5969418348990606,0.4002337654983589
koi,sr,0.446578631452581,0.2568488230265806
gun,sr,0.1794636717854687,0.0442971661019584
af,sr,0.8397098280830766,0.6896664613016684
tr,sr,0.7680373758082322,0.5187874250043123
aqz,sr,0.4291553133514986,0.13243054460984
aln,sr,0.5281425891181989,0.3900901096363931
id,sr,0.8057609776204446,0.625738873437792
sr,sr,0.9914193152963838,0.901641475041915
frm,sr,0.7884401987745453,0.6048410763110781
ur,sr,0.6315682831284615,0.5706637111639968
azz,sv,0.4219865186360031,0.2172030339989309
gya,sv,0.1043833580980683,0.0255125806481661
mpu,sv,0.2022471910112359,0.1133304046256183
it,sv,0.8978396021137706,0.7250575706666735
ko,sv,0.672767229462292,0.4139298292697255
si,sv,0.6863636363636364,0.637176460754341
ja,sv,0.1294262656529754,0.0847952440459099
kpv,sv,0.4429353136603479,0.2096702660099557
egy,sv,0.142318244170096,0.0789938137233151
af,sv,0.9296432475404948,0.7176278177787278
be,sv,0.8994245684263198,0.6765173723904586
lv,sv,0.8565789122722787,0.6492270765039304
mdf,sv,0.4606233642636212,0.2070177747839656
kk,sv,0.8201259118616968,0.5591195533472539
el,sv,0.8548952299220482,0.6889427720741212
pl,sv,0.8893193285141845,0.673933845209345
ug,sv,0.7523717328170377,0.4717879109415546
gsw,sv,0.397969881814716,0.3145931897533558
aln,sv,0.5492808005003127,0.4330802717115807
bn,sv,0.859375,0.676855571193874
sjo,sv,0.1093141075604053,0.0653616561895411
tn,sv,0.2990654205607476,0.1763890569147556
kmr,sv,0.7895577518219028,0.5953794087083386
myv,sv,0.4765107118839465,0.2480028923075484
gub,sv,0.3359170305676855,0.1100746863416752
ar,sv,0.3839482569255176,0.3207832354983697
ha,sv,0.3204918790643202,0.1430390091052155
akk,sv,0.3776268994503718,0.1341286895562692
otk,sv,0.3354430379746835,0.0786702386417359
sq,sv,0.8145285935085008,0.714625871758163
lzh,sv,0.2674204295739704,0.1774210282989632
cpg,sv,0.6384329174874152,0.3575491048205014
abq,sv,0.1932515337423312,0.0516648460973263
xnr,sv,0.4737470167064439,0.3331249168132499
fo,sv,0.8045693446315564,0.620308516323978
ang,sv,0.4678362573099415,0.3025374789858241
es,sv,0.9149515363992576,0.7222865741394152
got,sv,0.2233771327711315,0.1092764621574272
aii,sv,0.1699779249448123,0.0803845277529488
ajp,sv,0.6996197718631179,0.5498937339574588
bm,sv,0.3003689503002242,0.1474157025833266
sme,sv,0.447052947052947,0.2593321876538138
or,sv,0.7910592808551993,0.6202072956325791
sr,sv,0.9103406006479292,0.6542241801406034
br,sv,0.6370177893264042,0.4541770262887086
cop,sv,0.041991321793496,0.0525859879719784
nl,sv,0.8951324891985715,0.7393348479107523
pad,sv,0.3789682539682539,0.1524864436646311
ctn,sv,0.3673706513567084,0.146513185370604
sa,sv,0.3821410996286852,0.1295040691198162
gn,sv,0.2857142857142857,0.1548312054636201
bor,sv,0.3806273062730627,0.1707479269272812
ota,sv,0.6439683005576754,0.4787475990953699
mr,sv,0.7912621359223301,0.566628343187772
pcm,sv,0.7246689895470383,0.5401296818971585
ro,sv,0.8572154204543464,0.6841345560867055
myu,sv,0.3189823874755381,0.1039417241942405
gu,sv,0.7442970822281167,0.5974016880718885
frm,sv,0.8284845853234911,0.6730169557708607
lb,sv,0.3058252427184466,0.2121428230541914
ckt,sv,0.2980078380143697,0.1557741258230506
ml,sv,0.7673741156887224,0.5183840221805766
ltg,sv,0.7058823529411765,0.4562292956185724
pay,sv,0.2194152046783625,0.1121527858439558
gd,sv,0.6352741341889214,0.5096493148330071
ckb,sv,0.3360655737704918,0.1576655213308501
jv,sv,0.6929512654256432,0.5272820366187698
hr,sv,0.907914262159934,0.6716717042649077
hu,sv,0.8760528330781011,0.624795118001753
orv,sv,0.7055194805194805,0.4977462815306644
sk,sv,0.9040332705586944,0.6641599989060718
say,sv,0.2232809430255402,0.101884828250499
cs,sv,0.8759339751662131,0.6563043671955181
la,sv,0.7737971014492754,0.6252082406529846
bar,sv,0.5053205639797819,0.4053959878632002
grc,sv,0.6646720007171832,0.46807036393942
xpg,sv,0.2525192649673977,0.1034657116861135
yrk,sv,0.2209119496855346,0.0676906055232173
aqz,sv,0.4025885558583106,0.1180901654681066
am,sv,0.4065934065934066,0.2795662164719919
lij,sv,0.6321993434795583,0.5105340146657243
pro,sv,0.7032798610401553,0.5542545157154517
ka,sv,0.8348352784754026,0.6016569345479315
hy,sv,0.8746587480243306,0.6993388781778068
mt,sv,0.2834823444414341,0.1542191751612925
nds,sv,0.6092226373826666,0.5161374425866401
is,sv,0.8644586727453544,0.7377118037283827
scn,sv,0.617368796858265,0.5205561257124256
sms,sv,0.3828347578347578,0.1703789733456084
oc,sv,0.7790132036136206,0.6312101737200178
ca,sv,0.9084214058043952,0.7394227402857934
mk,sv,0.9117647058823528,0.7916586415732473
sd,sv,0.7085631612261506,0.5699689296793293
bxr,sv,0.6237910060823612,0.3937948576849008
hyw,sv,0.7928248461937588,0.5985273352915668
olo,sv,0.6693548387096774,0.3998903863088763
arr,sv,0.1513583441138421,0.0461023780185999
no,sv,0.9164398326604432,0.8116252718409148
ps,sv,0.7959183673469388,0.5913759809039169
apu,sv,0.472,0.1372163039802255
wbp,sv,0.473015873015873,0.1547704299882759
xcl,sv,0.6209807795940363,0.4954046642630644
xum,sv,0.2779690189328743,0.1676281935972104
lt,sv,0.8572148496556358,0.6600962794664181
ht,sv,0.3413533834586466,0.2263569153372205
vi,sv,0.7680412371134021,0.5803422506246481
gwi,sv,0.4186507936507936,0.1523461896179992
yo,sv,0.303530268106272,0.146696119017287
hi,sv,0.7391957339813362,0.5763717242068465
ess,sv,0.2429906542056074,0.0988604599738545
sah,sv,0.3726027397260274,0.1854712508656133
eu,sv,0.7658570608024945,0.4848504539238771
pt,sv,0.9063978155849612,0.6887651421770622
cy,sv,0.699342182544344,0.5584604704232135
hbo,sv,0.3622228231476473,0.1835144812293781
te,sv,0.8363384188626907,0.4557407042690539
az,sv,0.7532894736842105,0.5188227128803449
sab,sv,0.375230372281607,0.2145349967116846
sl,sv,0.870435679019044,0.6994747547889438
wuu,sv,0.2196796338672768,0.1600479235285986
fa,sv,0.7943571481933411,0.5823376056245374
ky,sv,0.7742108901006067,0.4823926368871515
hit,sv,0.1184110007639419,0.082394249314546
th,sv,0.6121347416119681,0.4409057010626194
tt,sv,0.6271929824561403,0.318485039741454
krl,sv,0.7239819004524887,0.5087645741395519
he,sv,0.7847002349096108,0.5616242796192278
ta,sv,0.7686420293024273,0.4400671872413941
fro,sv,0.7171943448825169,0.5471685225850531
eme,sv,0.306975138121547,0.1191858386363117
gl,sv,0.9074179292929292,0.7026932878176309
xav,sv,0.311746315319339,0.1335874260971741
da,sv,0.9314576474109548,0.7931325245346132
fi,sv,0.8761853567096703,0.657810892385253
sv,sv,0.9777407363700732,0.8893577654830297
vep,sv,0.5740598618572524,0.3804391948483462
yrl,sv,0.3658902329301209,0.1702333184647192
ceb,sv,0.4538852578068264,0.2796190269998348
nmf,sv,0.3508771929824561,0.1766683011723151
yue,sv,0.4212530535996551,0.3263337094805735
bej,sv,0.1239226842942013,0.0599371849700615
ur,sv,0.6985006078616777,0.5968879880148407
sga,sv,0.2488317757009346,0.1727418437727855
en,sv,0.8936820770004609,0.7864803218328512
de,sv,0.9089851296762484,0.7503762382952953
eo,sv,0.919210053859964,0.8070546789471756
bg,sv,0.9334774866446196,0.7541865022568225
yi,sv,0.8542477787760807,0.7393045366438054
quc,sv,0.367422350943773,0.167147989375481
uk,sv,0.9002555729092716,0.6846702129137759
gv,sv,0.3221223543055958,0.1405673791366368
zh,sv,0.4224366900215231,0.3027436659128049
tl,sv,0.7089022392135446,0.5488387597623422
arh,sv,0.2214056905973243,0.1109682674794962
cu,sv,0.4110032362459547,0.2483807511488278
nhi,sv,0.4184547088045661,0.2403625386500536
uz,sv,0.80479375696767,0.5856145925655213
sdh,sv,0.4632352941176471,0.2106855743601886
tr,sv,0.7867351364138149,0.5563358943365496
naq,sv,0.2372630605640314,0.1420134791672081
koi,sv,0.4597839135654262,0.2925367093824171
nap,sv,0.4328358208955223,0.3842933430072262
et,sv,0.8963273122677183,0.6851087654418705
gun,sv,0.1676980670792268,0.0418963300180871
id,sv,0.845040370487113,0.6738033881267
jaa,sv,0.3391304347826087,0.1418997668997669
urb,sv,0.1666666666666666,0.1059148190685063
hsb,sv,0.7737977970806842,0.4970803825393349
wo,sv,0.3232721330385465,0.175961451829905
ga,sv,0.6993182871136409,0.5540895038435556
fr,sv,0.8721031626253479,0.7272910017480091
bho,sv,0.4972243060765191,0.3031005564847835
ru,sv,0.9043895869476776,0.6876694478988583
tpn,sv,0.4392191659272405,0.1490914141678714
ab,sv,0.4236183278223902,0.1335887089407824
hi,ta,0.7192662717899391,0.5258880333283673
be,ta,0.717600700525394,0.4363129076666942
grc,ta,0.5388959860149264,0.3578334268052632
uz,ta,0.7195094760312152,0.4576771293248499
aln,ta,0.415697310819262,0.2995040428612227
ota,ta,0.5010272967420017,0.3873812055824847
te,ta,0.8585298196948682,0.5534112364919476
pcm,ta,0.6379790940766551,0.4017069429931131
say,ta,0.1891944990176817,0.0753059421766057
no,ta,0.627687754617366,0.4426526648987658
gu,ta,0.7236074270557029,0.5068644836799794
nds,ta,0.4868313132233664,0.3301549488072276
yrk,ta,0.1855345911949685,0.0788830695059669
ltg,ta,0.6588235294117647,0.4100423617040821
myv,ta,0.3367278316841195,0.150045933699349
lt,ta,0.7514698471358978,0.4621355274205418
yo,ta,0.2182457843018318,0.1220934288606668
la,ta,0.6497971014492754,0.4675861905539612
tt,ta,0.487280701754386,0.2590895146001152
koi,ta,0.3421368547418967,0.1894115127083843
af,ta,0.6915432773526782,0.5076814637773959
ru,ta,0.717498959536491,0.4514952754906568
ca,ta,0.6402952524744171,0.4641100594463526
fi,ta,0.7681524975190208,0.4868662527143101
frm,ta,0.5993631495151251,0.4430824272842391
kpv,ta,0.3084815321477428,0.1711908691286789
kmr,ta,0.6196466007786763,0.41487002721003
yi,ta,0.6478985724268743,0.4504838565819818
mk,ta,0.6625,0.4606871929283048
ckb,ta,0.3032786885245901,0.161728882124429
jv,ta,0.5893467196541867,0.3451534991356363
sab,ta,0.3166236638407667,0.1734362396166613
vi,ta,0.6553019145802651,0.3889564994560562
sq,ta,0.652241112828439,0.5363537100968722
bej,ta,0.2075140155635511,0.0622923126231078
hu,ta,0.809437212863706,0.5722279672952861
bar,ta,0.4211226389997339,0.3302367017688691
eo,ta,0.7396768402154399,0.598425141012579
cpg,ta,0.491573648500766,0.262502552350936
xav,ta,0.2563644484144707,0.1232779637448356
arh,ta,0.2321462219709817,0.0916259948915321
azz,ta,0.283406026962728,0.1376195103678786
sjo,ta,0.1327617563003377,0.036225165418809
vep,ta,0.4712202609363008,0.3135330156570938
nl,ta,0.679228790489748,0.4798721052476931
fr,ta,0.6198225844317,0.4339598606105915
it,ta,0.6383587193036991,0.4412806512561511
wo,ta,0.2780928578294723,0.1709391556492208
ja,ta,0.1894189339241219,0.1281627310305618
ckt,ta,0.3264206401045068,0.1595153475671328
mr,ta,0.7524271844660194,0.5308173396643294
ur,ta,0.6620964473861948,0.5573797499429745
tn,ta,0.3691588785046729,0.1989765712625665
myu,ta,0.184931506849315,0.0950333174018646
ctn,ta,0.3349736860091586,0.1417693391060789
olo,ta,0.5954301075268817,0.3445263042117724
scn,ta,0.4570689039628704,0.3220221226884601
eu,ta,0.7541232460818905,0.4587089944211442
ab,ta,0.367312234293812,0.1397806679927815
yue,ta,0.4212530535996551,0.291804022245807
aqz,ta,0.3085831062670299,0.1289425388248725
sr,ta,0.6786621136502933,0.4461579161651448
gun,ta,0.175108870043548,0.0320377344406638
hy,ta,0.788160352507304,0.5029285244034727
ka,ta,0.7635790614073965,0.4489776443255033
fro,ta,0.5334030266825965,0.3692006231502238
ess,ta,0.1709501557632398,0.0979090029037383
gya,ta,0.0546062407132243,0.0221921255010277
el,ta,0.6589072445111922,0.4263200111593152
ang,ta,0.3801169590643274,0.2399833240272008
apu,ta,0.271,0.1158704937684536
ceb,ta,0.4335511982570806,0.250622240163086
bor,ta,0.2830258302583026,0.1407890844171894
cy,ta,0.5048748972160225,0.4061661059158463
is,ta,0.6640407629647012,0.461623751344683
ug,ta,0.678702807357212,0.4034491642075811
or,ta,0.6948493683187561,0.5608486090316686
orv,ta,0.5648944805194805,0.3576272017558698
gub,ta,0.2414847161572052,0.1038527466360863
naq,ta,0.2277392510402219,0.1125838469582846
si,ta,0.6647727272727273,0.6224127046627129
akk,ta,0.1957646298092467,0.1092472148692909
oc,ta,0.5272510672093715,0.3612263759919858
zh,ta,0.4350643403397902,0.2694753862065132
gn,ta,0.1059907834101382,0.1027500087691606
arr,ta,0.0470030185424752,0.0445148791728292
sdh,ta,0.2647058823529412,0.1849425428372796
lzh,ta,0.214113560643652,0.1013518815444032
lb,ta,0.3592233009708738,0.2712292953983221
nap,ta,0.3930348258706467,0.2925586972104025
xum,ta,0.1101549053356282,0.1103725873409211
gd,ta,0.5072190242521468,0.3943991983574773
sk,ta,0.7019774011299436,0.4465489153210376
fo,ta,0.5902606457148987,0.3975609222944257
pt,ta,0.6551606805293005,0.4483210786223059
th,ta,0.4769933029020757,0.337684752744846
mt,ta,0.2089767903910412,0.1374652415401585
ko,ta,0.606436901118896,0.3752689863589478
tl,ta,0.5767340251228836,0.4047267512745851
ar,ta,0.27291217508034,0.1773435023843923
ha,ta,0.2681912041174839,0.1277397830174012
pl,ta,0.6867952660516261,0.421945899016951
de,ta,0.6878280935932712,0.4834138105351151
egy,ta,0.1409465020576131,0.0565329571261716
nhi,ta,0.2986999260120495,0.1683642048760278
sah,ta,0.2041095890410958,0.1386095120692859
mdf,ta,0.3240542469664525,0.1571421906379922
tr,ta,0.7138956789149976,0.4544766196106097
ajp,ta,0.5095057034220533,0.3048363374084799
he,ta,0.5626255404623294,0.3724620533375656
hsb,ta,0.575893256917704,0.3720962586383067
lij,ta,0.3952551477170993,0.3040174625419074
ps,ta,0.6390459798377183,0.4530386265065856
mpu,ta,0.095505617977528,0.0979999759069526
ht,ta,0.2433082706766917,0.1849352199513935
kk,ta,0.7753572499250525,0.4987104523123828
bg,ta,0.6748282879674383,0.4908733226124209
aii,ta,0.1721854304635761,0.07724909361738
et,ta,0.8021325283606797,0.5351397078429048
ml,ta,0.7573866000832293,0.5306930818801513
cs,ta,0.6677743023114108,0.4152548170542554
otk,ta,0.430379746835443,0.0995887354074839
en,ta,0.6692221159516529,0.4594632564822714
quc,ta,0.2522720463397583,0.1233374432419164
bho,ta,0.5540885221305326,0.3286615392054195
gl,ta,0.6285353535353535,0.4236630930602038
jaa,ta,0.2695652173913043,0.175084175084175
nmf,ta,0.2790148448043185,0.1410734847619126
es,ta,0.6334089502990308,0.4355469735382051
sv,ta,0.6569949256549446,0.4423129099184167
got,ta,0.125024514610708,0.0624453752654019
sa,ta,0.3387912137073323,0.1844231547412063
eme,ta,0.1208563535911602,0.084238487076728
ga,ta,0.5380567873452908,0.3670059060322882
lv,ta,0.7527406577578619,0.4649957957548154
ta,ta,0.8729499234638093,0.7733593720471645
gsw,ta,0.355651925276401,0.2475189843620832
wuu,ta,0.3157894736842105,0.1639611147417241
az,ta,0.7335526315789473,0.4702796536978281
bn,ta,0.734375,0.4781307407835157
pro,ta,0.475426586287933,0.3854257656333444
id,ta,0.689668549814514,0.4204637439599092
bm,ta,0.2496563698184185,0.1179445933517712
fa,ta,0.5690415120651443,0.4195297503420759
tpn,ta,0.2963620230700976,0.1145750819778082
xnr,ta,0.5147175815433572,0.3614531609879213
da,ta,0.6708570288336825,0.4483326372476782
abq,ta,0.062883435582822,0.0492178523060116
uk,ta,0.7333522646599461,0.4692803715205126
hr,ta,0.6784006595218467,0.4465585176381329
cop,ta,0.0384453879531563,0.0429850273249337
sga,ta,0.1740654205607476,0.1188025525069371
urb,ta,0.1775956284153005,0.1371659452559695
xcl,ta,0.5262259744925454,0.3616807973276047
pad,ta,0.2916666666666667,0.1100711638693819
br,ta,0.5314811113332001,0.3647405169935376
hyw,ta,0.7207768141724112,0.512131032346683
sms,ta,0.3076923076923077,0.1146409665709177
am,ta,0.4517482517482517,0.3157532215427009
pay,ta,0.1866666666666666,0.0675432946387446
ro,ta,0.6158022874958401,0.399949021242445
sl,ta,0.6219955509739027,0.4014999518718984
xpg,ta,0.2442205097806757,0.1229782079553922
wbp,ta,0.2349206349206349,0.1480714309156828
krl,ta,0.6363930187459599,0.3943587272749993
bxr,ta,0.5643633462957424,0.3904596998543746
ky,ta,0.7494048076184625,0.443807992435787
gv,ta,0.2199671402338842,0.1080393424599086
sme,ta,0.2844155844155844,0.2083548552863253
yrl,ta,0.3016095171448565,0.134980745209945
gwi,ta,0.4017857142857143,0.1442943970946709
hbo,ta,0.2626419686316928,0.1392740527474178
cu,ta,0.3503111774956435,0.2201539049211756
hit,ta,0.1688311688311688,0.113989447937102
sd,ta,0.6468035084546523,0.5142743336968896
myv,te,0.5054279950043232,0.2388796261335004
ps,te,0.6321612982542415,0.4560080673473484
frm,te,0.5907753172190863,0.414360557148678
lv,te,0.7734656317516204,0.4919959817322754
xum,te,0.3037865748709122,0.0791693338314126
xcl,te,0.5099694629064128,0.2911267982690067
yue,te,0.5495042391148154,0.4001607597397231
mt,te,0.3370360335952316,0.1867756300727855
gwi,te,0.6170634920634921,0.1774240332369999
aii,te,0.2317880794701986,0.0972918032157018
tn,te,0.3598130841121495,0.2150240999357708
bg,te,0.663698804375477,0.5192039675351481
azz,te,0.4396312450436161,0.2206060570896951
cy,te,0.5313050628450605,0.3638687294499763
da,te,0.6752469320562706,0.4432789533442496
arr,te,0.2445019404915912,0.0715815742599999
pt,te,0.6703171602604495,0.4316525208587621
lij,te,0.4710534168904804,0.3233868109766331
ckb,te,0.3770491803278688,0.1487893816104129
no,te,0.6378450464933594,0.4349604983053174
hit,te,0.3300229182582124,0.1398835779534218
mpu,te,0.2584269662921348,0.1441227638820806
zh,te,0.5828753949718368,0.3661505954010128
cop,te,0.0371389912751364,0.0053014873097933
ug,te,0.7628267182962246,0.4260497620726283
arh,te,0.2992274354625965,0.1411742804479881
ota,te,0.6399010440689337,0.3855113338258121
si,te,0.6852272727272727,0.53614798650533
nhi,te,0.4382200613043018,0.2594164647497841
grc,te,0.5137497478652592,0.3166726961542677
gub,te,0.4282751091703057,0.159700684509668
bm,te,0.3304637198871446,0.158524475322871
ur,te,0.7201134675131703,0.5564202832641075
abq,te,0.254601226993865,0.0636683831894227
sd,te,0.7134460620309251,0.4938284446576942
ja,te,0.2162302162860011,0.1388370812612601
az,te,0.7675438596491229,0.4732078338593652
nds,te,0.5204593092135241,0.347335057363363
tl,te,0.6013107591480066,0.4414078196706353
xpg,te,0.2987551867219917,0.113632602637221
bho,te,0.6205551387846961,0.3723399384087455
id,te,0.6798244550590403,0.4294484221595702
gya,te,0.1965081723625557,0.0578127095184938
mk,te,0.6919117647058823,0.4874540309166915
cpg,te,0.599255854672795,0.2958796881897136
sl,te,0.6250339102598882,0.4355197966978032
hu,te,0.7598583460949464,0.5256936456386819
la,te,0.6360772946859904,0.4282687360250781
sah,te,0.4123287671232877,0.191648699287547
pro,te,0.5181363032594257,0.3609508496155086
sq,te,0.6267387944358578,0.4838709409633326
orv,te,0.5528950216450217,0.3275682673904444
naq,te,0.3116967175219602,0.1840032576117781
bxr,te,0.642038089540333,0.3939830650171944
el,te,0.6407780876778946,0.4172121864044131
hy,te,0.73557162699363,0.4564393134628347
sab,te,0.4703280501290084,0.2000481689397068
sa,te,0.4641882521361786,0.1678081641629228
gl,te,0.6710385101010101,0.4097656351276808
ctn,te,0.442075046134919,0.173214630481461
sme,te,0.4184815184815185,0.2281191799410601
hsb,te,0.5838631682636339,0.3177702231699915
fi,te,0.7482219649354945,0.4854514240716433
et,te,0.7528279533245695,0.521062744883365
wbp,te,0.492063492063492,0.1873764875756174
bar,te,0.4828411811652035,0.3012017046073097
hyw,te,0.6817137350826477,0.4453720125687153
sms,te,0.4633190883190883,0.1734880504302117
yrk,te,0.4229559748427673,0.1166314575282362
or,te,0.7560738581146744,0.5106442449226364
cu,te,0.415882499377645,0.1990457590320112
am,te,0.4575424575424575,0.3228840117892466
jaa,te,0.391304347826087,0.1622332077840552
he,te,0.6918939161815273,0.4446711895837504
oc,te,0.6036930408021444,0.3837541553260776
koi,te,0.5114045618247299,0.2615889661766958
ml,te,0.7132750728256346,0.4553174518180706
te,te,0.9500693481276006,0.801244282437602
ab,te,0.5240434577231932,0.1683089859633351
gv,te,0.3560452305015946,0.1587713755574149
xnr,te,0.5182975338106603,0.3535930777973973
fo,te,0.5766920519146198,0.3606990709388869
eo,te,0.7737881508078994,0.610592257258099
nl,te,0.6586498838690342,0.4925798159086076
gn,te,0.3225806451612903,0.1870748299319727
ko,te,0.6518898354147713,0.3924709099843715
sjo,te,0.2379838919199792,0.0535376985964171
es,te,0.6380387708805939,0.4187422593786492
vi,te,0.6491163475699558,0.4314536472106455
ca,te,0.6530615668511994,0.4365121073551828
say,te,0.3009823182711198,0.1181162692056176
sdh,te,0.6544117647058824,0.2741444520391888
wo,te,0.390175910794963,0.1999935132097716
hbo,te,0.3956192536506219,0.2087542900248688
myu,te,0.4324853228962818,0.129739256266844
bn,te,0.8375,0.5953024918646967
egy,te,0.295696159122085,0.0893298648385122
bor,te,0.4007995079950799,0.1803579460803489
ro,te,0.6241745923318095,0.3854089171548706
aln,te,0.4815509693558474,0.3082559868951037
got,te,0.3033928221219847,0.1480998737630389
pl,te,0.6736823888067948,0.4285753837098177
lzh,te,0.4000496207556532,0.228741681516033
pcm,te,0.6657142857142857,0.4447254147461757
uk,te,0.7091083345165412,0.4361954695016967
fr,te,0.6076902438206392,0.4249384858290008
sga,te,0.2651869158878505,0.1137123589623947
ga,te,0.5445429876232709,0.3604718152416536
ta,te,0.8069101246446534,0.5585808972967921
sr,te,0.6446896068645478,0.4092149319882555
th,te,0.5675540599073735,0.3343686388800124
ajp,te,0.5766793409378961,0.3466134332446962
yrl,te,0.4111766470058982,0.1831225583301513
ltg,te,0.6705882352941176,0.39645429197668
ckt,te,0.3598954931417374,0.1807478476527202
hr,te,0.6427864798021434,0.3944314373198564
fa,te,0.6466618522299973,0.4462889309148493
bej,te,0.3376286503221488,0.1035632588999938
aqz,te,0.4666212534059945,0.1749361353644899
ht,te,0.373984962406015,0.235191880711892
en,te,0.6612485195078076,0.4524434022002074
gsw,te,0.4484845596645063,0.2723188838984735
kk,te,0.771160187868492,0.5110800928339574
lb,te,0.4660194174757281,0.2853477820000942
af,te,0.6762396899532942,0.4882947933631937
fro,te,0.5622013142174432,0.3529769219995275
gd,te,0.532037369066717,0.3780712429206808
pay,te,0.3335672514619883,0.1454990463850442
akk,te,0.3891044293566117,0.1612657575034573
ka,te,0.7524006500221598,0.483829453316305
yi,te,0.6718578416691624,0.4898805245129838
otk,te,0.2974683544303797,0.0352720450281425
scn,te,0.506069260978222,0.3208613248219843
ang,te,0.4912280701754385,0.3188607694380826
jv,te,0.5968068047131004,0.3899103955303736
kpv,te,0.4670705491498925,0.2331617391855221
eme,te,0.3860497237569061,0.1363881227964349
is,te,0.6610181801928643,0.4512358552317368
de,te,0.6538332064867397,0.4172562292273998
gu,te,0.6636604774535809,0.471351526205643
quc,te,0.3935883351642864,0.1880724683259381
wuu,te,0.4839816933638444,0.2798897489631982
ceb,te,0.4662309368191721,0.3427812735764202
mr,te,0.7912621359223301,0.5069414565001603
krl,te,0.6735617323852618,0.406867530876467
gun,te,0.1825960730384292,0.0390853313323459
olo,te,0.6579301075268817,0.3394559648700616
lt,te,0.7772551654627918,0.4740371034708439
ru,te,0.700168812281678,0.4339029018955413
xav,te,0.3246985261277356,0.1255409011776474
ha,te,0.3864147686997257,0.1634716905021835
sv,te,0.6595911021949492,0.4444317524137944
uz,te,0.7887402452619844,0.4694459202839542
it,te,0.6179670500466273,0.4270853260100368
eu,te,0.6766226306720275,0.369556320140351
ar,te,0.2994671114184599,0.1808233624123996
tr,te,0.7272906481627504,0.4251861720409302
hi,te,0.7572183128301186,0.4735649624435085
vep,te,0.5594781273983116,0.297268152458547
apu,te,0.531,0.2084697063980459
tt,te,0.6276315789473684,0.2827001784588765
urb,te,0.2896174863387978,0.1379000203648604
br,te,0.5403757745352789,0.3328147448369218
yo,te,0.3246390877107849,0.1434594420643144
kmr,te,0.6726564839772387,0.4038385762599782
be,te,0.6957092819614711,0.4109838682637594
mdf,te,0.4932191291934332,0.2181285607715442
tpn,te,0.5299467613132209,0.1843864099304436
ky,te,0.7811228016281392,0.4259549111118592
sk,te,0.6541117388575016,0.3883403322319559
nmf,te,0.4143049932523617,0.1891419221203673
nap,te,0.4378109452736318,0.3312037893339798
ess,te,0.2924454828660436,0.1117262946521506
pad,te,0.4603174603174603,0.1624874376459362
cs,te,0.6542551895031888,0.4160859995993483
ab,th,0.4446858762399622,0.1322446996172535
kpv,th,0.3724838772718389,0.2010785737657949
bm,th,0.2896621572741084,0.1423816075368976
ajp,th,0.6806083650190115,0.4519851204817502
gv,th,0.2605586160239683,0.1273925209987649
nds,th,0.5188189191652237,0.3715216108697584
sa,th,0.3442490940813313,0.1572749451502397
fa,th,0.658291207012476,0.4775947068109818
tn,th,0.3364485981308411,0.200217241678112
zh,th,0.655824975958236,0.4159645154285936
akk,th,0.3712415130940834,0.1635227716390632
fro,th,0.6248008761449622,0.4458489187186634
aii,th,0.2472406181015452,0.0980606405137068
lv,th,0.7901629724467205,0.5566058191953551
xav,th,0.2719964269763287,0.1194893434873766
xcl,th,0.7110652056763068,0.537692670313155
mt,th,0.2546735302086155,0.1368890306099479
ru,th,0.7692228555930174,0.5395902879392365
arr,th,0.1246226821905994,0.0591933846389524
uz,th,0.7624303232998885,0.4595860448115741
yi,th,0.7185784166916243,0.526628829793635
is,th,0.7509805236163722,0.5627660001599335
sjo,th,0.1847882566900493,0.0738193432716254
gwi,th,0.4027777777777778,0.1350039941091792
tpn,th,0.3161047027506655,0.109077214590236
de,th,0.6753190679702593,0.5378975045259666
pro,th,0.5879227546745683,0.4950581844284727
myv,th,0.349313094437506,0.1682742067409078
ja,th,0.2063058180987445,0.1313744736722473
ko,th,0.633127355648239,0.3970534254944682
th,th,0.8069170026321927,0.637191387442936
wbp,th,0.2857142857142857,0.1545819703326013
id,th,0.8266857406105278,0.6237001441931241
ar,th,0.3538542895496888,0.3058965593209484
sga,th,0.2067757009345794,0.1619254417760653
cu,th,0.5110281304456061,0.3184669395087305
tt,th,0.5596491228070175,0.2903496514975898
az,th,0.7554824561403509,0.4947844011811228
ka,th,0.7433889791697444,0.5247811465563241
ta,th,0.75530286464028,0.4533115951045732
ha,th,0.3291521558233427,0.1559965798907577
ess,th,0.2554517133956386,0.112314280813787
vep,th,0.4957789716039908,0.3752737132097262
kmr,th,0.7329539782369972,0.5008438942348651
hi,th,0.7277038087041631,0.5422469617096203
bor,th,0.3254612546125461,0.1500853076927402
apu,th,0.308,0.1092279065049016
grc,th,0.6083955265693987,0.4389300024509396
quc,th,0.3256766203934885,0.1416018668498388
eme,th,0.1705801104972375,0.1062028398530364
te,th,0.8446601941747572,0.4961084521764851
fo,th,0.728520862383353,0.4635248316315979
en,th,0.7177178367717093,0.5193443736597736
gun,th,0.1729696691878677,0.0361601222880753
hit,th,0.1512605042016806,0.1087280832764113
cop,th,0.0699388792982783,0.0327034447684221
olo,th,0.6169354838709677,0.4212598456286001
ps,th,0.6469141873616917,0.5201545303985319
sab,th,0.3719130114264651,0.1985416580856113
egy,th,0.2720336076817558,0.1181436664338361
aln,th,0.532145090681676,0.3808039266093855
gu,th,0.7061007957559682,0.4711963567155273
lzh,th,0.6117884738073297,0.3460433034499775
scn,th,0.541146019278829,0.4038847193531248
pcm,th,0.6731707317073171,0.4198352507138896
uk,th,0.7520232855317336,0.4938467574775451
no,th,0.7337181899559729,0.510270874982864
ht,th,0.343984962406015,0.2378522011717844
sv,th,0.751342341279207,0.5284297615106107
pay,th,0.2212865497076023,0.0690173726832993
oc,th,0.6168966544227142,0.4551919233400873
gya,th,0.100668647845468,0.0455840788741568
ceb,th,0.4807552650689906,0.2988970654003348
mpu,th,0.1123595505617977,0.1111350188273265
el,th,0.6515411571193592,0.4707827206861563
hr,th,0.7474031327287717,0.5868206986555433
sk,th,0.7501569365976145,0.5444629818451576
hyw,th,0.7515380624119784,0.5469411974486287
nap,th,0.417910447761194,0.3696547083622684
myu,th,0.2465753424657534,0.1008783995242529
koi,th,0.3985594237695078,0.2503003457270268
bho,th,0.5540885221305326,0.3343829721081777
cpg,th,0.5051433574086234,0.2826767449037192
say,th,0.2617878192534381,0.1029069408190786
da,th,0.7729222787588547,0.5510874182802692
aqz,th,0.3780653950953678,0.1258809691367942
sms,th,0.3418803418803419,0.144053143216963
pl,th,0.7416297242967638,0.4808641721525964
ang,th,0.4269005847953216,0.3069636134931439
bxr,th,0.5871971283278492,0.3587116383832165
eo,th,0.7378815080789947,0.6137673755950706
ug,th,0.7232333010648596,0.394021415794486
ctn,th,0.3215091244617593,0.1299126466756916
sah,th,0.2582191780821918,0.132911807868015
af,th,0.6981019576666998,0.5146035128663305
gl,th,0.6703914141414141,0.5391126010360862
lt,th,0.7973290777759113,0.5248080121250602
sr,th,0.7551878119254006,0.5841439628697664
cy,th,0.5735933278515212,0.5181890559663214
urb,th,0.2021857923497267,0.1359264731000809
tr,th,0.6954739000157704,0.4105338156689637
ckb,th,0.3278688524590163,0.145644497346625
gsw,th,0.4045939763629432,0.3015415236579712
frm,th,0.6782940126405173,0.4955835026627745
hu,th,0.6409839203675345,0.4670829317135351
abq,th,0.1380368098159509,0.066034775114059
ca,th,0.6712632108706593,0.5891943983218781
fi,th,0.7979518138714301,0.53837042993469
cs,th,0.7221784403731838,0.5327240604978352
arh,th,0.2212172602223478,0.0799159399210924
nl,th,0.7050023725681177,0.5153362065116728
jv,th,0.6950428780589835,0.5162988499676809
mr,th,0.779126213592233,0.5506723064023937
yrk,th,0.2484276729559748,0.0821840805589615
gub,th,0.2672489082969432,0.1040623794333481
sme,th,0.2948051948051948,0.2226666286612429
et,th,0.7791680867293117,0.5477632488399142
sl,th,0.7070696109814986,0.5140765313046206
xum,th,0.1790017211703958,0.1385054092713004
nhi,th,0.3350597188457879,0.2189621184490328
gn,th,0.1290322580645161,0.1042000406837538
eu,th,0.7744727988840567,0.4608398943268814
xpg,th,0.2661529342027267,0.111500612536091
pad,th,0.3174603174603174,0.1176572262236597
vi,th,0.7649484536082474,0.4952665828545226
sdh,th,0.3455882352941176,0.1599278626864833
be,th,0.7633224918689017,0.4954959848748643
ky,th,0.8096152369249674,0.4241014513570538
bn,th,0.74375,0.4745367074864201
mk,th,0.7455882352941177,0.5652421727714795
nmf,th,0.2995951417004048,0.1349352701840863
he,th,0.7345861845912913,0.517507937010037
bej,th,0.2362145427160907,0.0563524620039669
mdf,th,0.3526052819414704,0.2011772876700004
jaa,th,0.3217391304347826,0.1499848552680131
krl,th,0.696186166774402,0.485810820635746
ml,th,0.7186849771119435,0.4815763076116761
yue,th,0.5791061934185946,0.4737033381077384
yo,th,0.2368069877471794,0.1129499735888972
yrl,th,0.3246026192142357,0.1367193739653802
azz,th,0.3481363996827914,0.1986964745201395
wuu,th,0.4633867276887872,0.2579466870282341
orv,th,0.6879329004329005,0.4301595075779658
ota,th,0.5901295651809301,0.3844334142187764
ga,th,0.5758157389635317,0.401370497906061
ckt,th,0.2847811887655127,0.1333035829500599
am,th,0.4804195804195804,0.3583434194487361
es,th,0.6878634770055682,0.5451227581454452
la,th,0.7207053140096619,0.5283163884095542
bg,th,0.7941999491223607,0.549019045542328
fr,th,0.6693664687929705,0.5166846787130716
tl,th,0.6810486073184052,0.4977917003946178
it,th,0.6791420578178428,0.5180554723766925
wo,th,0.3190425838700375,0.1925125203335386
otk,th,0.4050632911392405,0.1021509675355829
lb,th,0.3786407766990291,0.270263777498795
pt,th,0.7041671917664356,0.5432274477158662
got,th,0.1796430672680918,0.1025702557750749
ro,th,0.7345734153048535,0.4996030956033971
si,th,0.6363636363636364,0.4931758971094767
sq,th,0.6777434312210201,0.5847368219596861
hsb,th,0.6515626399211963,0.4492254536136402
hbo,th,0.5724040021633315,0.3521740150952927
or,th,0.6831875607385811,0.4938084159219442
ur,th,0.6758746454140213,0.5540305114908749
xnr,th,0.5079554494828958,0.309026185277431
bar,th,0.480779462623038,0.3567152128808353
gd,th,0.5316599037463433,0.4298359432571161
kk,th,0.7702608174278005,0.4364180696542179
br,th,0.5903457925244853,0.3955637813120974
lij,th,0.5323783945091017,0.3921831179506289
hy,th,0.7692418219263375,0.5004099489815546
sd,th,0.6452662989420381,0.4911925618050692
naq,th,0.2575127138233934,0.1238147460746522
ltg,th,0.6647058823529411,0.4653008971495372
lt,tr,0.8139593482277843,0.5083120072360235
abq,tr,0.2699386503067484,0.0836541126184871
zh,tr,0.4724664560150203,0.3220254351733091
pt,tr,0.735215290905272,0.4926965069023005
ro,tr,0.6646874397912178,0.4544738369486062
sq,tr,0.6298299845440495,0.4724527789035164
ckt,tr,0.3435662965382103,0.1558248880802436
en,tr,0.7230104414963997,0.500423469798326
vep,tr,0.5848042977743668,0.3952406442785755
got,tr,0.2210237301431653,0.0918975752245219
pl,tr,0.7277580308052771,0.4747417475281156
apu,tr,0.504,0.1427324176304004
yi,tr,0.6787461315763202,0.4844955570364387
is,tr,0.6859195691283118,0.4677713028938031
gu,tr,0.7395225464190981,0.5171075374133675
aln,tr,0.4646028767979988,0.3143149052203022
br,tr,0.5444733160103937,0.3556112461588144
de,tr,0.7219986144448998,0.5050122999303219
aqz,tr,0.4700272479564032,0.17410347605474
gd,tr,0.506369727281306,0.389624399148856
hi,tr,0.7516326633929024,0.575118317710513
lb,tr,0.2427184466019417,0.1687789295103758
la,tr,0.670695652173913,0.4752832405533356
naq,tr,0.410078594544614,0.1697499479310795
jaa,tr,0.417391304347826,0.202733860342556
el,tr,0.7228062647500536,0.4715473799588718
eme,tr,0.4295580110497237,0.1568330463190182
et,tr,0.8210883360111657,0.5628179715712625
hit,tr,0.1482047364400305,0.092291356493588
id,tr,0.7222074048929515,0.421862774900162
it,tr,0.7006994093876282,0.4909835631137484
sab,tr,0.3829708809436049,0.2017267291656171
nmf,tr,0.3913630229419703,0.1751960551013201
otk,tr,0.4240506329113924,0.0888543990687748
sme,tr,0.4438561438561438,0.245562014040371
sd,tr,0.7345148747626368,0.5740464589286977
ky,tr,0.7562399201290223,0.4531832278513243
eo,tr,0.7761819269898265,0.6125427818433796
sjo,tr,0.2952714990906729,0.0693222820381222
or,tr,0.7803692905733722,0.6150936633736527
az,tr,0.7489035087719298,0.5921112483933726
xum,tr,0.333907056798623,0.1543122851142352
frm,tr,0.6355960824045931,0.4711044487682235
vi,tr,0.698821796759941,0.4202756927912565
wuu,tr,0.3512585812356979,0.1981643414224736
uk,tr,0.77225614084907,0.4943223942312784
tpn,tr,0.5370452528837621,0.1628637981636428
egy,tr,0.3369341563786008,0.1192902189317693
wo,tr,0.3830625781024704,0.2124382784725816
arr,tr,0.2483829236739974,0.105843039585565
arh,tr,0.3020538910872433,0.1133722013268707
bn,tr,0.7875,0.510885365782798
bej,tr,0.3078403480880261,0.0779711755992162
ab,tr,0.5046764289088332,0.1654850666307044
ml,tr,0.7461506450270495,0.5201336038748889
grc,tr,0.5792823684977252,0.3754120378507993
gya,tr,0.2087667161961367,0.0561547214783114
ltg,tr,0.7,0.4207472650958094
hr,tr,0.7253915910964551,0.4771401932172777
ga,tr,0.5801178105764776,0.385431021985023
tl,tr,0.5608956854178044,0.3906889806989257
pro,tr,0.5324409931541841,0.3941534124728749
ta,tr,0.7520227421823749,0.5493146310595938
sr,tr,0.7284826197355748,0.4879990773973727
nl,tr,0.7310256986588747,0.5139525592029895
mt,tr,0.3149101417863271,0.1607365378790288
xcl,tr,0.6269983833303395,0.4225184388148536
cs,tr,0.7243882953514509,0.4864813643866532
myv,tr,0.5080219041214333,0.2081519270292694
tr,tr,0.8904056931083425,0.6567896158502177
aii,tr,0.2317880794701986,0.0900306013061892
es,tr,0.698607960404207,0.4615000102316044
nhi,tr,0.4075679103688828,0.2087842577286701
ctn,tr,0.4260816075456223,0.1608612111771344
mpu,tr,0.2359550561797752,0.1229228331008516
si,tr,0.7193181818181819,0.6335605823060079
sah,tr,0.4623287671232877,0.2277848807691084
fi,tr,0.8187231227257691,0.526720059110729
ang,tr,0.4678362573099415,0.3423039720954319
sa,tr,0.428801503153939,0.1814557591241138
gwi,tr,0.5158730158730159,0.1769602043012046
ka,tr,0.8393657359531196,0.5400506499504059
xav,tr,0.3434569004019651,0.1245334041743185
ur,tr,0.7299743347291638,0.6342591572163335
gv,tr,0.3248284526916014,0.1301240564002166
kmr,tr,0.6892283118698213,0.4516397121163633
fo,tr,0.6022203153491366,0.4185069389089577
no,tr,0.6982955479639745,0.49750111129228
gub,tr,0.4245633187772926,0.1357889493498729
xnr,tr,0.5600636435958631,0.3641064644376388
cpg,tr,0.5837163493105713,0.28503469032185
ca,tr,0.6869149471565174,0.483590218952158
scn,tr,0.4951802927525883,0.3383172821656923
nap,tr,0.4328358208955223,0.351692805652233
ja,tr,0.2057718769757149,0.1445803626023113
hy,tr,0.8654150102974281,0.6080354572277946
ha,tr,0.3770456436650538,0.1746374437777061
orv,tr,0.6012445887445887,0.3612076013158254
ess,tr,0.2749221183800623,0.120563525913824
ps,tr,0.6818293582493238,0.4874241624116632
sms,tr,0.4334045584045584,0.1533474425669598
ar,tr,0.2857503152585119,0.1759658069345523
uz,tr,0.7917502787068005,0.5065994342914808
yrl,tr,0.380885734279716,0.1622777497622927
ru,tr,0.7746379420800853,0.4947388309672794
koi,tr,0.5162064825930373,0.2986915853569949
fr,tr,0.6737096287352853,0.467429788231447
myu,tr,0.4412915851272015,0.1219334169877197
am,tr,0.412987012987013,0.2812227571541437
ckb,tr,0.3770491803278688,0.161025641025641
oc,tr,0.5852278367914227,0.3949985933921655
bg,tr,0.7246883744594251,0.5696355094377537
lv,tr,0.7873356272171987,0.4753233047276285
gl,tr,0.6963699494949495,0.4620260922167695
bar,tr,0.3814844373503591,0.2919677474867553
yue,tr,0.4849834746371605,0.3754560572263951
bor,tr,0.41150061500615,0.1674539492992333
hyw,tr,0.7761470610036321,0.5658384232617905
hsb,tr,0.6506671442643504,0.4194497167207022
mr,tr,0.8228155339805825,0.6061298703000518
pad,tr,0.4503968253968254,0.1858609491700984
tn,tr,0.3364485981308411,0.2299349460063746
th,tr,0.4899210342185053,0.3175200604934465
mdf,tr,0.4994051867713538,0.2124021890895624
cy,tr,0.5713614471984024,0.4439496416408896
gsw,tr,0.3207205489897064,0.2205284713966963
urb,tr,0.3224043715846995,0.173776762113757
olo,tr,0.6834677419354839,0.4027162796243159
gn,tr,0.3087557603686636,0.1429780801209372
sv,tr,0.7347032098182676,0.5167360394713874
hu,tr,0.8658116385911179,0.632113018150589
pcm,tr,0.6839721254355401,0.4564193836104886
yrk,tr,0.3191823899371069,0.0924275048272496
lzh,tr,0.3252286099099737,0.1984125771208532
bho,tr,0.6016504126031508,0.379436615707324
te,tr,0.8321775312066574,0.4778852778680896
ug,tr,0.7337850919651501,0.4256290645869743
akk,tr,0.4880779178790818,0.1841745816410027
mk,tr,0.7330882352941176,0.5439545243129401
wbp,tr,0.4793650793650794,0.2178631161973171
cu,tr,0.3902912621359223,0.1910627020181342
ko,tr,0.66431938750192,0.4218103490655346
cop,tr,0.0349461111370316,0.0471836220640917
kpv,tr,0.4813367207348055,0.2231847789531837
ajp,tr,0.5817490494296578,0.3610334685952143
nds,tr,0.4781736990795589,0.3414548884083851
say,tr,0.2931237721021611,0.1167274435047579
he,tr,0.6746331665134647,0.4536183257741393
sga,tr,0.2371495327102804,0.1158276672467968
sl,tr,0.6918235581357496,0.4727720824940702
tt,tr,0.6697368421052632,0.410439271580897
hbo,tr,0.3655354245538129,0.1843657852274416
fro,tr,0.5765382317801673,0.3986006590204601
ota,tr,0.7257327351251625,0.5602190306712951
lij,tr,0.4580722172485825,0.3336410604550013
fa,tr,0.7071245361954329,0.51685328258887
sk,tr,0.7496861268047709,0.4923108660889693
bxr,tr,0.6483198723701267,0.3869976002247573
pay,tr,0.3132163742690058,0.0941166512277724
ht,tr,0.3237593984962406,0.2090302591751451
xpg,tr,0.3129816241849437,0.1519967454865604
be,tr,0.7603827870903177,0.4633882469890626
kk,tr,0.8165284300989307,0.5173155295203742
quc,tr,0.3934884649955058,0.1633397217028258
yo,tr,0.3186946500060657,0.1368983657277994
jv,tr,0.6147946733598271,0.3409500309853578
af,tr,0.6856802146477193,0.5187437984180676
ceb,tr,0.3950617283950617,0.2618562710698176
sdh,tr,0.5514705882352942,0.1534591194968553
da,tr,0.7411952509228774,0.5220618333607667
azz,tr,0.3955194290245836,0.1788094018806256
krl,tr,0.6932773109243697,0.4192328663926007
eu,tr,0.7247887092803807,0.4140762618717921
bm,tr,0.3329957317514287,0.1766997323004673
gun,tr,0.1799220719688287,0.0472833843741834
nhi,ug,0.4052425747806786,0.2112330072348219
sga,ug,0.272196261682243,0.1410222132473881
id,ug,0.6266760419950053,0.4409071815245318
el,ug,0.5947936780376171,0.4098646880182731
pad,ug,0.4246031746031746,0.1462842670617239
sk,ug,0.642812303829253,0.4482458146741894
ca,ug,0.50463009562154,0.3517938762586438
gn,ug,0.3087557603686636,0.1384295653745369
kk,ug,0.813530528629959,0.567659589970532
say,ug,0.2893909626719056,0.1011280167023156
uz,ug,0.8204013377926421,0.5790406119204268
gub,ug,0.4056768558951965,0.1087741128821858
ta,ug,0.689263065821124,0.4463083615455997
ka,ug,0.77081794455114,0.5156075697044866
bor,ug,0.4248462484624846,0.1522205494838414
hyw,ug,0.7254465940256467,0.5041091284731753
vi,ug,0.7066273932253314,0.4787832636058559
arh,ug,0.2948935368381383,0.113620910889015
sv,ug,0.6738848241680434,0.4673667704941097
cop,ug,0.0570615406149395,0.0264990894199838
got,ug,0.2389684251814081,0.085437584563912
fro,ug,0.5430854241338112,0.3345187115222858
ru,ug,0.7193320458084519,0.4753074308303689
orv,ug,0.5733766233766234,0.3436636392028061
lv,ug,0.7662905764050039,0.5082910119826068
ab,ug,0.5675956542276807,0.1659210810090349
ess,ug,0.2982866043613707,0.1053704357935558
fo,ug,0.5960527727126461,0.4172666375029424
lzh,ug,0.3943077904586375,0.2004113290993389
sms,ug,0.4604700854700854,0.188615733450438
aln,ug,0.4860537836147592,0.3392313953445548
pt,ug,0.5474480151228733,0.3779747159362709
te,ug,0.8335644937586685,0.4647665121969652
apu,ug,0.508,0.1710120885018317
tl,ug,0.5652648825778264,0.4103040296360978
arr,ug,0.247520482966796,0.0675877715778102
mdf,ug,0.5082084225553176,0.2492821925270589
myu,ug,0.4569471624266145,0.1206279479479276
ang,ug,0.4502923976608187,0.2493325575844372
ltg,ug,0.6352941176470588,0.3256502652136809
ml,ug,0.6858094049105286,0.4328752318092161
tpn,ug,0.5443655723158829,0.1459812632465357
hi,ug,0.7092424779358409,0.4555253242433398
bxr,ug,0.6155150064812045,0.3449612348477161
cu,ug,0.4257406024396316,0.2149159273759917
gun,ug,0.1800748720299488,0.0380900173002491
myv,ug,0.5087904697857624,0.2322572134549937
naq,ug,0.3337031900138696,0.1549967139923626
sme,ug,0.4213786213786213,0.2226544056737278
yi,ug,0.6576819407008087,0.4538900102982764
br,ug,0.5053967619428343,0.2961500318335738
lb,ug,0.470873786407767,0.2358779748683263
nl,ug,0.5728378412127569,0.42288871567372
da,ug,0.6611792876384316,0.463942105141901
xum,ug,0.3166953528399311,0.1298655440524332
fr,ug,0.5564862326860516,0.416704499582368
gsw,ug,0.4509149828440716,0.2734709482935771
sab,ug,0.4124585329893107,0.1940735750612766
tr,ug,0.7257234663302318,0.4617687113725644
xav,ug,0.351049575703439,0.1201983254219978
yrk,ug,0.4520440251572327,0.1194227076890705
ro,ug,0.6479778606834463,0.4190280604385897
ar,ug,0.2922995566041573,0.1814249881060674
ga,ug,0.4804090277318155,0.3485478565101999
ctn,ug,0.4386576447269496,0.1615388504469574
af,ug,0.6465268806518931,0.4252621266698358
en,ug,0.6272281717222274,0.4455427631731219
pay,ug,0.335672514619883,0.1271028091840703
yrl,ug,0.3773867839648105,0.1452636783574448
az,ug,0.7609649122807017,0.4766959477278057
jv,ug,0.5914383322875271,0.3954905865913521
mpu,ug,0.2528089887640449,0.1247854650006438
akk,ug,0.4017943743937924,0.127079343579932
eo,ug,0.7250149611011371,0.5341350117320878
otk,ug,0.3670886075949367,0.0841359024484623
pl,ug,0.670700374083097,0.4390469752728736
gd,ug,0.453241483438709,0.3608040215772466
gv,ug,0.3272446119648207,0.1121810517162969
olo,ug,0.6646505376344086,0.416217931789699
fi,ug,0.7781591134634469,0.5148923005390786
et,ug,0.7598552347566419,0.5263721959551122
kpv,ug,0.4909126441274184,0.2451028163351618
hit,ug,0.3628724216959511,0.1351048631273576
si,ug,0.6931818181818182,0.5516936643270391
koi,ug,0.5150060024009604,0.2348795375685279
la,ug,0.6722222222222223,0.4812669185851274
ha,ug,0.3728541929916479,0.1482091061360997
hy,ug,0.7821734757411754,0.5343580209323089
ckt,ug,0.3417700849118223,0.1544749313754686
scn,ug,0.4992859692966797,0.325730862037655
yue,ug,0.5574795229199597,0.3919649951523646
pcm,ug,0.6694076655052265,0.4350721026526795
mt,ug,0.3194256299105933,0.1408244330453643
sah,ug,0.4657534246575342,0.1956520537963067
sdh,ug,0.6176470588235294,0.2818056592813874
egy,ug,0.2561728395061728,0.101033697684982
mk,ug,0.7352941176470589,0.5119726556058429
sa,ug,0.4487093455017223,0.1580300132373616
sl,ug,0.6834409418913786,0.4903367092885969
ur,ug,0.6499392138322302,0.5262485219288111
cpg,ug,0.504924491135916,0.2315522891210217
hbo,ug,0.4135343428880476,0.1837931575140732
xpg,ug,0.3070539419087137,0.1318988033860961
wo,ug,0.3509564548687878,0.1704679456584371
urb,ug,0.273224043715847,0.1111709092166267
hu,ug,0.6402182235834609,0.4547454547561751
de,ug,0.5969351911480593,0.4226121207212663
kmr,ug,0.7001098133173604,0.4503191711277558
eme,ug,0.431975138121547,0.125670509179666
gu,ug,0.7220159151193634,0.5103240465269687
sq,ug,0.642967542503864,0.4883599425714705
tn,ug,0.3177570093457944,0.1355965671755145
ko,ug,0.642922126256838,0.3675839091714593
xnr,ug,0.5262529832935561,0.3213853629634076
bg,ug,0.676736199440346,0.5208058546253637
lt,ug,0.7846463967747355,0.5020527783557973
wbp,ug,0.5396825396825397,0.1811764705882353
bar,ug,0.4825751529662144,0.3147138144932101
no,ug,0.6418275817972561,0.4601214851805983
wuu,ug,0.4004576659038901,0.2081710173056882
be,ug,0.7224168126094571,0.4741026582063603
jaa,ug,0.4260869565217391,0.1770491123278579
bn,ug,0.83125,0.5764845370713649
sjo,ug,0.1649779163419069,0.0484026422054617
yo,ug,0.3172388693436855,0.1066003869846633
aqz,ug,0.4925068119891008,0.1453546626139302
bho,ug,0.5665416354088522,0.2998832810477961
or,ug,0.7152575315840622,0.5474258550694507
vep,ug,0.5425940138142747,0.3092950961998247
nds,ug,0.4888362343935113,0.323465757149746
am,ug,0.4212787212787213,0.2735447637017233
krl,ug,0.6790562378797673,0.4539727399100307
zh,ug,0.5552502633145578,0.2938842103037573
bm,ug,0.3421833176589742,0.1357439266467712
is,ug,0.678650844200105,0.4821301486391576
nmf,ug,0.3805668016194332,0.1633723342748085
sr,ug,0.6625514403292181,0.4329405508260868
ht,ug,0.3457142857142857,0.2038223342221891
cs,ug,0.6746476012511678,0.4422571043200586
he,ug,0.5749838286862085,0.3836684550868804
ota,ug,0.6700490586607405,0.4141991280288885
pro,ug,0.4994380300398487,0.3542679675257523
th,ug,0.578116149668477,0.3335044666961767
xcl,ug,0.5931381354409916,0.3854443877071967
uk,ug,0.71737895783047,0.4652388286199772
mr,ug,0.779126213592233,0.47414572466449
bej,ug,0.3497615262321145,0.1002230064525405
oc,ug,0.5413481584433635,0.3544527076913605
ps,ug,0.7046963363658717,0.4891296491615464
ckb,ug,0.4016393442622951,0.2071036473974531
hr,ug,0.6770816158285243,0.4480694696812271
azz,ug,0.4134615384615384,0.185460764401581
fa,ug,0.7047339193664865,0.4917779984807152
eu,ug,0.6970542381225896,0.389130817124965
quc,ug,0.3673224807749925,0.1443128116920937
abq,ug,0.3205521472392638,0.0813030239300717
tt,ug,0.6206140350877193,0.2947478604880469
frm,ug,0.569402228976697,0.3932843607910424
lij,ug,0.4239033124440465,0.2866909200635169
hsb,ug,0.5980119996418017,0.3600707913071299
ceb,ug,0.382716049382716,0.2368614270735124
sd,ug,0.7448232209060494,0.5263930074103568
ja,ug,0.1966603443787422,0.1093865990826642
aii,ug,0.3024282560706401,0.1116068214661877
nap,ug,0.3482587064676617,0.2313876133542316
ajp,ug,0.6070975918884665,0.3712347269436536
ug,ug,0.9068731848983544,0.7729298216677817
es,ug,0.5303773974015261,0.3775832641908377
gwi,ug,0.5724206349206349,0.1293723196881091
ky,ug,0.7468704400583672,0.4386207791106369
gl,ug,0.5546875,0.3609233774994407
grc,ug,0.5506622739191824,0.364551667488673
cy,ug,0.5226712087395747,0.376780981141729
gya,ug,0.1890787518573551,0.0253519870202108
it,ug,0.5609496425240907,0.4218834780011661
ca,uk,0.8606777386344573,0.6482625093964792
nds,uk,0.5408730520368177,0.5006315290545057
oc,uk,0.7418842450114167,0.603545787688597
wo,uk,0.2713640296068442,0.198780338380424
pad,uk,0.3373015873015873,0.1320138254576402
br,uk,0.6007395562662402,0.4276083547441345
ang,uk,0.4736842105263157,0.3335622451678897
da,uk,0.876384316073032,0.7297015470552807
uz,uk,0.7900780379041249,0.5621147681944805
tl,uk,0.6859639541234298,0.5282573964634977
ltg,uk,0.7470588235294118,0.5153727847795644
tpn,uk,0.3065661047027506,0.1431595462473786
aqz,uk,0.3215258855585831,0.1122305727381098
hit,uk,0.1886936592818945,0.1476813818376797
wbp,uk,0.346031746031746,0.1328728159284843
gya,uk,0.0401188707280832,0.0371102074200556
vep,uk,0.5126630851880276,0.3478452183743736
arh,uk,0.2402487280949689,0.1011307558644104
es,uk,0.8887090121674572,0.6881271673599101
ml,uk,0.7711194340407823,0.49606316357599
hu,uk,0.7575612557427259,0.5921741838042329
ja,uk,0.1800470718243785,0.1194586558647803
orv,uk,0.7529491341991342,0.5729988435378773
xav,uk,0.2751228226887003,0.1406739006850074
ess,uk,0.2468847352024922,0.1086080489719326
pt,uk,0.8725309808863684,0.647651331277884
ckb,uk,0.3688524590163934,0.1954543756896698
bm,uk,0.2542863343702525,0.1470198397581984
kk,uk,0.8042370340761467,0.536091537419728
be,uk,0.9412059044283212,0.8029465282522612
sga,uk,0.2091121495327103,0.1659727135436527
gub,uk,0.2725982532751091,0.1384464654181359
ka,uk,0.7999704535381889,0.5782938070277278
apu,uk,0.33,0.1223817618658493
cy,uk,0.6642781628098203,0.4929978013167573
ky,uk,0.7781276399662085,0.4629873144819776
akk,uk,0.2661655350792111,0.1606248719393495
sk,uk,0.91541117388575,0.759434039112723
kmr,uk,0.7773784566237396,0.5800943965465146
it,uk,0.8435732048492384,0.6652752155025489
yrl,uk,0.3128061581525542,0.1435677975413337
nap,uk,0.4427860696517413,0.3648193564658732
hr,uk,0.9338829348722176,0.7889319086095801
frm,uk,0.7968350460751676,0.669379270699272
ps,uk,0.7826407671502336,0.5742502892856195
yue,uk,0.5027302773386981,0.3847742695458594
yo,uk,0.2520926847021715,0.1413940784965303
pro,uk,0.6233779503422908,0.5148934286151547
arr,uk,0.0491591203104786,0.0318010072745797
ug,uk,0.7677637947725072,0.5322882494572618
fi,uk,0.8285092071893263,0.638750896328013
olo,uk,0.6451612903225806,0.4191665725487926
gwi,uk,0.4146825396825397,0.1116463784367416
te,uk,0.8488210818307905,0.4759201803163483
hbo,uk,0.5317063277447269,0.3076615346370083
bor,uk,0.3225092250922509,0.158587209670958
gv,uk,0.2552430656228858,0.1433944014585719
bxr,uk,0.6205005484096121,0.3695779744845321
mpu,uk,0.1067415730337078,0.1362786619153342
de,uk,0.8345139823975958,0.6913755712124046
ha,uk,0.2842481585354578,0.180309237580675
pl,uk,0.917688406086505,0.7409962328562377
fro,uk,0.6958383114297093,0.5526688788223395
xpg,uk,0.2495554238292827,0.1130943166520572
pay,uk,0.2145029239766082,0.079518736117992
sjo,uk,0.1313977656534164,0.0401137437098312
sd,uk,0.667239352563523,0.5470168982442651
tr,uk,0.7621234821006151,0.5331522861234291
urb,uk,0.0846994535519125,0.1035472042084641
ajp,uk,0.6856780735107731,0.4928322046892298
lv,uk,0.8897602091168547,0.76169872879079
koi,uk,0.4645858343337335,0.2817240445863677
nhi,uk,0.3452066377761336,0.2715534926980664
pcm,uk,0.667177700348432,0.5082895960021467
ckt,uk,0.3141737426518615,0.1562080016041841
ru,uk,0.9461951769255588,0.8415791702289996
got,uk,0.139929397921161,0.1103944264622113
bn,uk,0.79375,0.5536560515552112
eo,uk,0.8683423099940155,0.6793958669078093
krl,uk,0.6945701357466063,0.4831062957540928
naq,uk,0.221544151641239,0.1392044815234278
eu,uk,0.7647082957249528,0.5034901685055008
abq,uk,0.2070552147239263,0.0670592990146189
et,uk,0.8478991187496957,0.6685517681760086
gun,uk,0.175490870196348,0.0443905819663476
sdh,uk,0.4485294117647059,0.1906332363480218
sv,uk,0.8860780033042247,0.7313744803960699
xnr,uk,0.5218774860779634,0.4019426556339375
bej,uk,0.2145427160907037,0.0640959408069534
hsb,uk,0.7726336527267843,0.5538365154887378
aii,uk,0.1456953642384106,0.0266343825665859
bho,uk,0.496324081020255,0.3589157298498776
fo,uk,0.7661696878687118,0.5907392128353705
el,uk,0.8400557820210255,0.6840180021619556
tt,uk,0.5951754385964912,0.2644583583704021
cu,uk,0.4896191187453323,0.3065128356470568
xum,uk,0.1161790017211703,0.1026970418383041
gu,uk,0.7262599469496022,0.5763723647774358
sr,uk,0.9376586988880132,0.7293090595263734
sah,uk,0.3226027397260274,0.1677761828435358
ceb,uk,0.4778503994190268,0.3317413644320001
fr,uk,0.8458597444410907,0.6961881679023134
nmf,uk,0.2989203778677463,0.1888736740489803
ko,uk,0.6309061048950223,0.3921930530411714
is,uk,0.8316739856748573,0.6987107070780094
yrk,uk,0.2877358490566037,0.111560637781364
jv,uk,0.6454019382277069,0.4572520815949553
bar,uk,0.5014631550944401,0.4393368741642597
af,uk,0.8513365795488423,0.7135064247248135
hy,uk,0.8618228842377509,0.6829215090061871
gsw,uk,0.3939668318719024,0.3179819073227309
lb,uk,0.3252427184466019,0.221847514962269
eme,uk,0.1578038674033149,0.1127790145386093
az,uk,0.75,0.5126830292345022
sa,uk,0.3625016776271641,0.1836662666334759
vi,uk,0.7388070692194404,0.5321582715805296
gd,uk,0.671793903935076,0.5599861317832645
mk,uk,0.8808823529411764,0.7819810992391517
mr,uk,0.75,0.5521765372073885
no,uk,0.8591132464970131,0.72337804101761
ab,uk,0.4499763816721776,0.1314762005877268
en,uk,0.8190454480130432,0.6859573114085415
lt,uk,0.8764488493196707,0.6928851434611929
lzh,uk,0.3671581484369462,0.2227192597413223
lij,uk,0.5398388540734109,0.4769744760888964
xcl,uk,0.6400215555954734,0.5017538362233283
kpv,uk,0.4289622825874536,0.2572161779680242
sms,uk,0.3493589743589743,0.1812760502694032
otk,uk,0.2974683544303797,0.0352720450281425
cpg,uk,0.6541912891223463,0.3719535726488738
ota,uk,0.6124365801501112,0.4898111526017387
ro,uk,0.8380186712907012,0.672601889814836
tn,uk,0.3457943925233644,0.2070393336821908
myv,uk,0.4793928331251801,0.2654513716638204
ht,uk,0.2954135338345864,0.2626735654556951
mdf,uk,0.4596716630977873,0.2375134360376885
he,uk,0.8374697851768631,0.6452961562662715
sq,uk,0.8029366306027821,0.7085126643653449
or,uk,0.7687074829931972,0.6035719984100908
ta,uk,0.7633938333697792,0.4609089560819877
jaa,uk,0.2782608695652174,0.1200977154154411
cop,uk,0.0321466896841319,0.0049956247091489
id,uk,0.7939529132216376,0.6186909235606519
ur,uk,0.6419694718357423,0.5992629332301909
yi,uk,0.8637316561844863,0.8151866106329261
ctn,uk,0.3472763310778484,0.1771520363899276
grc,uk,0.6603016652098882,0.486521883855449
azz,uk,0.3619151467089611,0.2435482889376425
mt,uk,0.2161112616273819,0.1869730222751044
aln,uk,0.51588492808005,0.4403061637554537
bg,uk,0.9171966420758076,0.7435978760601946
say,uk,0.1977406679764243,0.0988397197091214
sl,uk,0.8942813737724485,0.7533572389483185
sme,uk,0.3115884115884116,0.2250743941477397
la,uk,0.8034492753623188,0.7081644960887312
scn,uk,0.6063905747947161,0.4998125857864229
hyw,uk,0.7968275146393892,0.6552607235724435
ga,uk,0.6746972003441657,0.5612562696882338
gn,uk,0.1382488479262673,0.1146140404974817
nl,uk,0.8257536025573787,0.6923839317581275
sab,uk,0.3368964246221894,0.1845383821649404
gl,uk,0.886395202020202,0.6670556331042397
am,uk,0.4614385614385614,0.3268926996933435
hi,uk,0.6812804806021027,0.5545510123302839
cs,uk,0.9032673897442148,0.747053102423773
quc,uk,0.3106960950764006,0.1538224390027673
wuu,uk,0.4221967963386727,0.2169800476329461
uk,uk,0.9814709640778078,0.9109801221595988
fa,uk,0.7941579301242623,0.6292556468535606
si,uk,0.6840909090909091,0.5688242979582837
myu,uk,0.2211350293542074,0.1070284244420682
ar,uk,0.3959890981572631,0.3320566314982852
egy,uk,0.0907921810699588,0.0992515964894724
th,uk,0.6048712224702629,0.3964180176689183
zh,uk,0.4794958098639923,0.3816506299851401
tr,ur,0.775350891026652,0.521059666388131
gv,ur,0.1949357301633323,0.0868802747121172
zh,ur,0.3255712781059669,0.2484708681340282
lij,ur,0.4444941808415398,0.3542921133045104
akk,ur,0.1625444552214678,0.1060099038052878
cu,ur,0.3609161065471745,0.2567034381344154
lt,ur,0.8336133042163615,0.6034999025481146
sga,ur,0.1156542056074766,0.1071539725219593
eu,ur,0.7883810617871503,0.5037746539720341
hyw,ur,0.7634719442591357,0.5741955018161676
lzh,ur,0.1508116537888991,0.1210332398642932
pcm,ur,0.6537282229965157,0.4584586518576894
azz,ur,0.2684377478191911,0.1479843941324796
myu,ur,0.1634050880626223,0.0956811528616567
ug,ur,0.7816069699903194,0.5203976518217046
wo,ur,0.1984043064500625,0.1305387491530167
ceb,ur,0.4655047204066811,0.3144085545977008
cs,ur,0.7921490568848086,0.5756001483910903
ang,ur,0.391812865497076,0.2647190177540028
otk,ur,0.3354430379746835,0.0674793956043956
sr,ur,0.8323264162507661,0.6407007734692681
sah,ur,0.1568493150684931,0.1031752875558479
gn,ur,0.0921658986175115,0.0989807339062922
sq,ur,0.7202472952086554,0.6324571811629952
olo,ur,0.5611559139784946,0.3498506783854436
frm,ur,0.6915617310754089,0.515433509980409
ckb,ur,0.2786885245901639,0.1519603165237794
pay,ur,0.1653801169590643,0.0527942826782208
ko,ur,0.6253529780119805,0.3992771564274571
te,ur,0.8682385575589459,0.592174531828773
ha,ur,0.2477578820846303,0.1362896642774743
id,ur,0.8002570133113498,0.5550593070115208
naq,ur,0.1735552473416551,0.070702839121123
hbo,ur,0.282314764737696,0.1697528609035151
gl,ur,0.7199337121212122,0.5226130048883297
mt,ur,0.1771877539962069,0.1255541630102384
gun,ur,0.1662464664985866,0.0294799704894756
ky,ur,0.7621534444359113,0.4581138028912003
uz,ur,0.8100334448160535,0.5704728843247607
sl,ur,0.7975693125712116,0.5939465126431362
br,ur,0.5102938237057766,0.3392527107480401
or,ur,0.8114674441205053,0.6774449304730601
bho,ur,0.6139534883720931,0.4313826770069822
bxr,ur,0.4881842656296739,0.3564939373132278
ur,ur,0.9460353910576792,0.935755127776292
oc,ur,0.6050828948674675,0.4449292512688751
cy,ur,0.6273933983319628,0.4997562777471812
urb,ur,0.1147540983606557,0.1147151442077758
vep,ur,0.4082885648503453,0.2827927016104667
mr,ur,0.8398058252427184,0.6604987780844958
egy,ur,0.1316872427983539,0.0267691662920527
it,ur,0.7303155113459745,0.5388077098420482
nds,ur,0.5207327075549075,0.3826631813651586
ml,ur,0.739492301290054,0.5431103499202059
pad,ur,0.2619047619047619,0.077374861110623
ps,ur,0.8394393902139169,0.6690330931300137
is,ur,0.7693562625009778,0.5553550616199732
pro,ur,0.5581894349647492,0.4687938409791556
xum,ur,0.1015490533562822,0.1135221137417842
fi,ur,0.8124379755210056,0.5723725377968831
ka,ur,0.8113950854385188,0.5302005440222098
sa,ur,0.1522390730550709,0.1366902717598511
gsw,ur,0.3612752573389249,0.254482204222086
krl,ur,0.6606334841628959,0.4547195514074406
fro,ur,0.6108373158104341,0.4344489854087559
eo,ur,0.8025134649910234,0.6879390048092789
yo,ur,0.1630474341865825,0.0774388129677726
sms,ur,0.2827635327635328,0.1157849210435451
la,ur,0.7404830917874397,0.5986212293040899
grc,ur,0.6063112127120733,0.4655536025687075
lv,ur,0.8150756181483556,0.5996162834864565
xpg,ur,0.2122110254890337,0.1057692906790293
ar,ur,0.3626164422568441,0.2760564041245981
xnr,ur,0.5234685759745425,0.415463985861655
yue,ur,0.3612588015519471,0.3035283463851564
nmf,ur,0.2375168690958164,0.1105836301339504
hy,ur,0.8303079649408497,0.592891899802207
bar,ur,0.4481910082468742,0.3624541526972914
say,ur,0.1756385068762279,0.0682715979967228
vi,ur,0.709278350515464,0.5106273157023239
he,ur,0.7269941783270351,0.5060181787954239
gu,ur,0.8164456233421751,0.6350896651174707
orv,ur,0.6653138528138528,0.4442224774905752
da,ur,0.7849945126209718,0.5719014733671463
bn,ur,0.840625,0.600330367952087
ca,ur,0.7262204328132864,0.5698040548846248
kk,ur,0.8116318576996103,0.5270538897986131
kmr,ur,0.7678945792153339,0.5463291142453479
ctn,ur,0.2445492447542888,0.1005686788422232
fr,ur,0.6941677566488915,0.5106566845660704
ltg,ur,0.6235294117647059,0.4682618481470705
nl,ur,0.7769536225368997,0.5668832509388425
sd,ur,0.8007957319830002,0.688830414754511
got,ur,0.0820749166503236,0.0519817401346818
ab,ur,0.3293339631554086,0.116277261757559
kpv,ur,0.2897205393785421,0.1848182799646114
myv,ur,0.3052166394466327,0.1483651377174667
es,ur,0.7545370179418437,0.5476534071909868
sv,ur,0.7971442058059948,0.5809321945970062
jv,ur,0.6337586279021126,0.4063606029776305
tpn,ur,0.2803904170363798,0.0984798641042148
nhi,ur,0.2995455025895783,0.1992892633422753
xav,ur,0.174631531933899,0.0852080357376682
quc,ur,0.2034355338060521,0.1011768729162285
xcl,ur,0.608227052272319,0.4477801440462074
sme,ur,0.2408591408591408,0.1729710577462778
ro,ur,0.7429807507049901,0.5230218155230946
sk,ur,0.8108129315756435,0.5980377325890482
tl,ur,0.7487711632987438,0.5614340749051825
yrl,ur,0.2261321603518944,0.0879930448005307
abq,ur,0.0260736196319018,0.0356933873572766
scn,ur,0.4476972509817922,0.3688136837405648
ota,ur,0.5723929724516751,0.4783101358791458
wbp,ur,0.2126984126984127,0.1332520662586022
mpu,ur,0.0393258426966292,0.101737902235323
gd,ur,0.5952628102293102,0.4346544295096011
pt,ur,0.7353875236294896,0.5391682583851329
koi,ur,0.3217286914765906,0.2269036574407491
cpg,ur,0.4530531845042679,0.2813225246497999
ru,ur,0.8501966359125918,0.6167740689865149
fa,ur,0.8060612097517245,0.62677760347574
nap,ur,0.4378109452736318,0.3744282637962161
pl,ur,0.8294926581199995,0.6085614297879116
sjo,ur,0.1041179527149909,0.0450025682556711
ta,ur,0.7999125300677892,0.5929360287897047
gwi,ur,0.3551587301587302,0.0738610837393168
ckt,ur,0.2137491835401698,0.1003695956005177
ess,ur,0.1366822429906542,0.0787169725328986
bm,ur,0.1906966649786587,0.0887535269267429
hr,ur,0.8261747732893652,0.6382423615950465
si,ur,0.7454545454545455,0.6685481777866836
aln,ur,0.4692933083176985,0.3779971858847359
hsb,ur,0.6641891286827258,0.4532742032310896
sab,ur,0.2827128639882049,0.1670420858283719
bor,ur,0.253690036900369,0.1304489984814206
th,ur,0.4681971145836804,0.3435135384727489
et,ur,0.8176801856630476,0.602457833942771
yrk,ur,0.1729559748427672,0.0577508384188245
gya,ur,0.0393759286775631,0.009580829699078
no,ur,0.7818739838140997,0.5707455460626738
el,ur,0.70610741614818,0.5226254346875255
af,ur,0.737950909271589,0.5650728090028889
ja,ur,0.1505129553773981,0.0783831227096394
eme,ur,0.1146408839779005,0.0924927518317071
arh,ur,0.187111362351611,0.0623417716914297
az,ur,0.7828947368421053,0.5851957841612976
yi,ur,0.7208745133273435,0.5600051753254334
sdh,ur,0.3235294117647059,0.1922554448135843
mk,ur,0.8139705882352941,0.6736936363729914
ajp,ur,0.614702154626109,0.3833635613194852
bej,ur,0.2040833403062505,0.0596833504638213
ht,ur,0.2094736842105263,0.1506303218009568
hu,ur,0.7522013782542113,0.5705220600145047
hi,ur,0.918409018039454,0.7648815504542481
aii,ur,0.1699779249448123,0.0798265474277111
ga,ur,0.6076510688993315,0.4150036036352383
tt,ur,0.4228070175438596,0.2338841582944161
tn,ur,0.2383177570093458,0.1233951970049764
wuu,ur,0.2208237986270023,0.1071283789167491
cop,ur,0.0376522185415014,0.0090236372394334
en,ur,0.7615156275552428,0.570261916395832
arr,ur,0.0206985769728331,0.0246384867367941
apu,ur,0.246,0.0920192146791133
de,ur,0.7393668403489257,0.5635580508908998
hit,ur,0.0932009167303285,0.063199386768651
mdf,ur,0.3076374018558173,0.176295547146948
jaa,ur,0.2260869565217391,0.1175166297117516
lb,ur,0.3834951456310679,0.3326471738829964
gub,ur,0.1819868995633188,0.0679238387449221
be,ur,0.82874655991994,0.6003772348209525
bg,ur,0.8476850674128721,0.7044453594486313
uk,ur,0.8367173079653557,0.6048950169230319
aqz,ur,0.2779291553133515,0.0942942970976139
am,ur,0.3983016983016983,0.3180479553256939
fo,ur,0.7207980263863564,0.5061753837056202
bg,uz,0.6548588145510048,0.5299717805639896
sv,uz,0.6449581071512863,0.4214945321688936
sah,uz,0.4828767123287671,0.2016981867064131
apu,uz,0.455,0.158576920444097
ml,uz,0.6903870162297129,0.4650279034885092
got,uz,0.2517160227495587,0.0985536836433392
ht,uz,0.3498496240601503,0.2106849817504219
en,uz,0.6083175166385022,0.4207148010872333
nhi,uz,0.4197230736708593,0.2384249809627823
az,uz,0.7478070175438597,0.448004809091837
id,uz,0.6118614067841815,0.3963335941676897
ur,uz,0.6733756585168175,0.5152705751334143
sdh,uz,0.6176470588235294,0.1999171463457177
ota,uz,0.6761289781542204,0.4247551238734606
gd,uz,0.4723034821175804,0.3548120534726799
gu,uz,0.7251989389920425,0.5335616229432112
lzh,uz,0.3277805344864252,0.1875125535746913
mdf,uz,0.4891743992386391,0.2200473156903394
oc,uz,0.5522684403851881,0.3617392160184206
eu,uz,0.6787150242061213,0.3778411999357265
sd,uz,0.7723121439551497,0.5717981260945223
krl,uz,0.636716224951519,0.3655684538676095
gv,uz,0.3189330240649463,0.133663226132686
bm,uz,0.3598350575128409,0.1639389516015784
ess,uz,0.2519470404984423,0.0972128707076898
abq,uz,0.3788343558282208,0.1044792403082176
it,uz,0.5785514454460677,0.3976567069210153
sjo,uz,0.1300987269420628,0.0346945449300365
jv,uz,0.573171581956355,0.36168074305399
ro,uz,0.6310405829085878,0.3950470805434987
tn,uz,0.3831775700934579,0.2025314206601291
af,uz,0.6366888601808606,0.4174705065574019
yo,uz,0.2881232560960815,0.137084566389552
xnr,uz,0.5596658711217184,0.4012985742543338
sk,uz,0.6185655994978029,0.3948090026126606
ja,uz,0.1652162594369444,0.0708109304838634
kk,uz,0.786049765164385,0.4933009793449794
mpu,uz,0.2752808988764045,0.143352245231309
ug,uz,0.8487899322362052,0.5973944558072539
eo,uz,0.7444643925792939,0.5376314453264123
lij,uz,0.44136078782453,0.2849935334556781
he,uz,0.5914615463180471,0.3865805006744119
ckb,uz,0.3770491803278688,0.1798123441923353
ga,uz,0.4777615990469256,0.3234512207131325
de,uz,0.5779716253927366,0.409955799488497
vi,uz,0.6525036818851252,0.4094902827880826
pt,uz,0.538277672757824,0.3623850906308226
pay,uz,0.3508771929824561,0.1211837846632951
say,uz,0.2719056974459725,0.1140941332398579
bor,uz,0.4044280442804428,0.1501520638870203
wo,uz,0.3101028549456887,0.1548256329200929
sl,uz,0.6464651945092508,0.4606329778490682
bej,uz,0.341143000585725,0.1069557211278253
azz,uz,0.4135606661379857,0.2084158800103319
aln,uz,0.4969355847404628,0.3350153801758281
hr,uz,0.6183429513602638,0.3928459862314081
sab,uz,0.3486914854404718,0.1629298299447829
myu,uz,0.4383561643835616,0.1360396566606778
orv,uz,0.5674512987012987,0.3259835477118857
yrl,uz,0.3632910126961911,0.1493627483843672
mk,uz,0.7169117647058824,0.5125394454108647
jaa,uz,0.391304347826087,0.1747717013729533
tr,uz,0.7186662198391421,0.4487519270895596
xpg,uz,0.2602252519264967,0.1064583430962749
olo,uz,0.6317204301075269,0.3388966044883387
ajp,uz,0.605830164765526,0.4041824394644844
pad,uz,0.4345238095238095,0.1619044741931436
xav,uz,0.341223760607414,0.1425719946218824
akk,uz,0.3807387649531199,0.1436081079108896
uz,uz,0.8370122630992196,0.5869716329458453
mt,uz,0.2981125259640567,0.1571514379781849
br,uz,0.4907055766540076,0.2992563942554632
lv,uz,0.7602891360593209,0.5210597956539241
or,uz,0.7113702623906706,0.5520384199099724
sa,uz,0.4429830447814611,0.168986408980417
sga,uz,0.2745327102803738,0.1548122904496878
eme,uz,0.4050414364640884,0.1333642024885086
otk,uz,0.2974683544303797,0.0352720450281425
bn,uz,0.8,0.4344430365949728
sms,uz,0.4583333333333333,0.186427260234601
et,uz,0.7342129607088953,0.4890087756381494
quc,uz,0.342654549086188,0.1445544692409276
ru,uz,0.7006691700140755,0.4595959399037709
ceb,uz,0.4023238925199709,0.2661861136822339
da,uz,0.6375336725531278,0.4467062620586957
ltg,uz,0.611764705882353,0.3901444788441692
mr,uz,0.7936893203883495,0.5019750420579343
pl,uz,0.6541262297482594,0.4157675310111972
lt,uz,0.7773391567277003,0.494593701652316
am,uz,0.4265734265734265,0.2571371213067862
lb,uz,0.441747572815534,0.2186395273359006
gya,uz,0.1177563150074294,0.0381270736030291
koi,uz,0.5150060024009604,0.2442978603231422
gun,uz,0.181679272671709,0.0422423194378596
hbo,uz,0.4083288263926447,0.2010571835749041
hit,uz,0.2880061115355233,0.1310253438766427
myv,uz,0.4744932270150831,0.2238060383618195
be,uz,0.7009006755066299,0.4570607344696848
egy,uz,0.1526920438957476,0.0766648983750258
fa,uz,0.6954702791543192,0.4897876395908799
urb,uz,0.2322404371584699,0.0956273017916215
si,uz,0.7272727272727273,0.5706271966021322
nmf,uz,0.3572874493927125,0.1594923970069834
cu,uz,0.4231018172765745,0.2223248715335264
tt,uz,0.618859649122807,0.2592904223006984
arr,uz,0.2337214316515739,0.0562842412367353
bar,uz,0.4748603351955307,0.2972627537633897
bxr,uz,0.6194037291853625,0.3212821721721899
es,uz,0.5616931326046608,0.3761929269793944
gl,uz,0.5694444444444444,0.3654714507179101
tl,uz,0.6575641725832878,0.500268826277548
xcl,uz,0.5809232980061074,0.3896270609368543
grc,uz,0.5337188193370537,0.3152790590693003
fro,uz,0.5371117084826762,0.3346547636822043
yi,uz,0.6444045123290406,0.4583665983791728
pro,uz,0.5085317257586595,0.3385333376979182
sr,uz,0.5995096751597934,0.3758457443293631
is,uz,0.6618729956532913,0.449294151306405
gn,uz,0.271889400921659,0.1306523098675802
fi,uz,0.7491040908589701,0.4931958660096762
frm,uz,0.5832006561489844,0.3804280404965839
hsb,uz,0.5963105578937942,0.335680143226737
fr,uz,0.5466763926619043,0.3838490071374157
sq,uz,0.6406491499227203,0.500776748177811
bho,uz,0.5854463615903976,0.3157327444935261
ka,uz,0.7671246368247402,0.4966321046924319
ca,uz,0.5484985740647542,0.3987084012529121
nds,uz,0.4839150642486102,0.3180570861439002
wuu,uz,0.3821510297482837,0.1855034983294697
fo,uz,0.5771210983588974,0.3721518898574705
cop,uz,0.0369990202024914,0.0050969906544458
cpg,uz,0.4924491135915955,0.2163597202820393
ko,uz,0.6465139359854437,0.3601026961992133
ta,uz,0.6743931773452876,0.4233752424689527
nl,uz,0.5823780624859519,0.4098738351071535
gwi,uz,0.5575396825396826,0.1705544689405908
hi,uz,0.7234512900993942,0.4806321025417153
gub,uz,0.3784934497816594,0.1445393892873744
yrk,uz,0.4606918238993711,0.138696879440582
ps,uz,0.6919104991394148,0.4911231068631252
sme,uz,0.3959040959040959,0.2226107384721979
xum,uz,0.3175559380378657,0.1275389413525126
ctn,uz,0.4593670972592441,0.1797735770744199
la,uz,0.653816425120773,0.4683479721992279
hy,uz,0.7549691077158868,0.513966330259972
aii,uz,0.1456953642384106,0.0182370820668693
aqz,uz,0.4686648501362397,0.1808659510781741
arh,uz,0.2796306764650462,0.1295675533686161
ckt,uz,0.3331156107119529,0.1542342292664312
uk,uz,0.695335794405793,0.4354003123896373
kmr,uz,0.6544873714685036,0.44328984148911
nap,uz,0.3432835820895522,0.2289927584045231
hyw,uz,0.7086205618560522,0.4744140348352259
ab,uz,0.5512517713745867,0.1907889400919944
vep,uz,0.5318495778971604,0.297399010431227
ar,uz,0.3028759711996094,0.1888566742786478
cs,uz,0.6349947868004495,0.4224012745178469
wbp,uz,0.5365079365079365,0.1999451545745562
cy,uz,0.5416421942910842,0.3679307175613381
zh,uz,0.3745019920318725,0.2212412704121272
ky,uz,0.7550879348744336,0.4235311904436251
pcm,uz,0.6659233449477352,0.4402669012108353
ha,uz,0.3821000400653373,0.1910440769172009
scn,uz,0.4902713316672616,0.321438721415122
hu,uz,0.6472052067381318,0.4693486274828198
ang,uz,0.3801169590643274,0.2198000450962123
no,uz,0.6129633350992894,0.418465692687434
naq,uz,0.2938511326860841,0.1401160706949222
yue,uz,0.4612731714326771,0.3216052677024961
te,uz,0.8238557558945908,0.411726555875429
th,uz,0.4293139639489554,0.252428603226893
gsw,uz,0.4435284025924514,0.2514796807183503
el,uz,0.5584280912536652,0.3546936716663463
kpv,uz,0.481141293726793,0.2649376697018282
tpn,uz,0.4889086069210293,0.1537367425244183
wbp,vi,0.3238095238095238,0.1539258870044597
or,vi,0.6909620991253644,0.483084163405318
bxr,vi,0.6084355369428657,0.3487147744062507
sk,vi,0.770323289391086,0.5732353171572165
uz,vi,0.796098104793757,0.4809164663664986
da,vi,0.7949715653995809,0.5550040443117987
quc,vi,0.3075002496754219,0.1440584779680863
pl,vi,0.7624106394025321,0.4957874785362257
azz,vi,0.3671689135606661,0.1859427584760375
ctn,vi,0.3451575422049074,0.1497105973566306
bar,vi,0.4558393189678106,0.3429028370980553
sl,vi,0.7020508925180402,0.5002422931290031
tt,vi,0.5627192982456141,0.2837173181666114
myv,vi,0.4053223172254779,0.159953251890131
fa,vi,0.6917100381004557,0.483367324146754
hy,vi,0.737391637530533,0.4945388689618508
lij,vi,0.55043270665473,0.3948885365330662
krl,vi,0.6777634130575307,0.3715807005484741
kpv,vi,0.3759038499120578,0.179952817785962
gwi,vi,0.4107142857142857,0.1579586483401251
is,vi,0.7666018571284905,0.544561263350117
ceb,vi,0.4938271604938271,0.2808601644407565
hit,vi,0.1772345301757066,0.1095882459000054
ang,vi,0.4853801169590643,0.3388053261682374
mr,vi,0.7160194174757282,0.4647957114514227
en,vi,0.7372925452572215,0.5369458139413865
pt,vi,0.8035160680529301,0.5601407870226653
eu,vi,0.6829818659227045,0.3619588811493079
bor,vi,0.3282287822878229,0.147428900462901
af,vi,0.7532544966709729,0.5696685948164129
ko,vi,0.6138213783569834,0.3213589103194249
ta,vi,0.7273124863328231,0.4566796532870612
tpn,vi,0.3136645962732919,0.1064433943712092
koi,vi,0.4237695078031212,0.2120784910327926
am,vi,0.4527472527472527,0.2849216327738356
fo,vi,0.7201544567199399,0.4610949875681229
sdh,vi,0.4338235294117647,0.1818364435313588
bho,vi,0.5119279819954988,0.3026687174454159
tr,vi,0.7224313988329917,0.4097781885767529
nds,vi,0.5648409732980954,0.4093254554822864
gub,vi,0.2808951965065502,0.1206799993638196
mdf,vi,0.4120866048060909,0.1812892229943805
ca,vi,0.7182855225633283,0.4951160212699199
myu,vi,0.2651663405088063,0.11402580702714
pad,vi,0.3373015873015873,0.1072229144767168
ltg,vi,0.7235294117647059,0.4323858881420632
si,vi,0.6556818181818181,0.5151424351355366
scn,vi,0.5754194930382006,0.3731667790608151
ajp,vi,0.6615969581749049,0.4011097935413611
sr,vi,0.737063304439191,0.5205789983742003
grc,vi,0.5851767184383334,0.3616062933558331
sd,vi,0.642553576272719,0.4671379025875265
he,vi,0.758996357198788,0.5401601622616513
akk,vi,0.2859279017135467,0.1236791483791138
it,vi,0.7542974821262045,0.5385801009840333
sga,vi,0.2605140186915888,0.1818303187127679
ckb,vi,0.2704918032786885,0.1000841097308488
eme,vi,0.18646408839779,0.1021615124022628
olo,vi,0.6478494623655914,0.3683298507002507
lb,vi,0.3203883495145631,0.2292596668867855
wo,vi,0.3027972700182639,0.1592697853664129
urb,vi,0.1612021857923497,0.0977654001223795
aln,vi,0.4687304565353345,0.3049406296255473
sa,vi,0.3975305328143873,0.1752292004789003
et,vi,0.7663469497054385,0.5313026990751222
gya,vi,0.0780089153046062,0.0425350600375908
cs,vi,0.7294417137208704,0.5112775952902222
ha,vi,0.3089345702222085,0.1499947492588244
xnr,vi,0.4570405727923627,0.2538019065714768
sms,vi,0.3450854700854701,0.1356132157602111
ps,vi,0.6938775510204082,0.5007995507037917
cy,vi,0.6150593210384119,0.4616708190352804
hsb,vi,0.6796812035461628,0.4522786374507256
sah,vi,0.284931506849315,0.1497705883584749
bn,vi,0.76875,0.4032177304374265
ht,vi,0.3454135338345864,0.2347316341929654
nhi,vi,0.3626466546876651,0.2134685934835682
pro,vi,0.6604679677122713,0.4580194916668931
tl,vi,0.7121791370835608,0.4695969688000531
xpg,vi,0.2234736218138708,0.1144417982997828
arh,vi,0.2319577915960052,0.0825657975594957
cpg,vi,0.5915955351280368,0.3132580840479113
xav,vi,0.2594908441268423,0.1161054847473615
hbo,vi,0.3770957274202271,0.2027945958966692
sjo,vi,0.1330865159781761,0.0968142451777114
ug,vi,0.760406582768635,0.4137783327018983
ga,vi,0.6129459262691112,0.4316926273090097
mpu,vi,0.1573033707865168,0.0986979644917849
bm,vi,0.262967517904941,0.13145856004381
ab,vi,0.3802550779404818,0.1111103043646111
kmr,vi,0.7365478686233403,0.4990202106823804
orv,vi,0.6547754329004329,0.4364496374692164
pcm,vi,0.6997909407665506,0.4350644279759934
wuu,vi,0.2986270022883295,0.1484294822544352
yi,vi,0.7152840171708096,0.5166331994566424
jaa,vi,0.3304347826086956,0.1528633004926108
pay,vi,0.2023391812865497,0.0617055181955788
gu,vi,0.6291777188328912,0.4118463607121306
vep,vi,0.5464313123561013,0.3249189250667052
hyw,vi,0.6803053887777036,0.4510445195419653
vi,vi,0.9128129602356406,0.7673706460158246
zh,vi,0.3296469295232861,0.23575485746916
br,vi,0.6149310413751748,0.4029026799245131
uk,vi,0.7715462161010933,0.5285307915934476
ro,vi,0.7360622142819611,0.4905669829422205
az,vi,0.7839912280701754,0.4493727814519003
egy,vi,0.2295953360768175,0.0915911266342573
gv,vi,0.292838503914178,0.1421521900371559
ka,vi,0.7307824887969666,0.4810474470976021
say,vi,0.2109037328094302,0.0828617389355781
fr,vi,0.7260790824026562,0.5200744855637975
yrk,vi,0.2727987421383648,0.0842469582593125
ckt,vi,0.2922926192031352,0.1399140966609937
sv,vi,0.7774663677130045,0.551556515559157
hi,vi,0.6881992608717663,0.5033292913246796
fro,vi,0.6627588610115492,0.4332322319939356
hu,vi,0.6842457886676876,0.4500085132968456
th,vi,0.526805051144504,0.395784679820775
eo,vi,0.8243566726511071,0.6763068490388925
lt,vi,0.7898538551990593,0.531050352942322
otk,vi,0.2974683544303797,0.0352720450281425
ur,vi,0.6179251654734567,0.4602088093197436
te,vi,0.7891816920943134,0.5256529096528245
nmf,vi,0.3259109311740891,0.1514282769619696
ml,vi,0.6803995006242197,0.4091050507957511
cop,vi,0.0332664582652918,0.004385803038691
ar,vi,0.3496969450433226,0.2387007152761831
be,vi,0.7829622216662497,0.5296794370831686
tn,vi,0.3317757009345794,0.1867957147771389
yrl,vi,0.32370288913326,0.1326495318879427
kk,vi,0.7944438892775058,0.4825134682500545
ja,vi,0.1459146863029491,0.0604327605907082
hr,vi,0.7304616652926628,0.5208369383083582
el,vi,0.687298862904956,0.4788427784947218
arr,vi,0.1103924105217766,0.0463899829601554
frm,vi,0.7325227963525835,0.5290441381383254
bej,vi,0.2140406660530499,0.0522953826552074
gun,vi,0.1712888685155474,0.0308790345695386
id,vi,0.7961351017142303,0.550348776050535
oc,vi,0.669909659485754,0.4735078175329975
cu,vi,0.4577047547921334,0.2728078558006749
sab,vi,0.3243641725027644,0.156330830669182
fi,vi,0.79199746388797,0.534174848721701
bg,vi,0.7916560671584838,0.5396421052628848
lzh,vi,0.225278230665627,0.1330714229344442
ky,vi,0.7810460026111665,0.4089725724422481
yo,vi,0.2156981681426665,0.1763504504232352
naq,vi,0.2268146093388811,0.0990565450988641
yue,vi,0.4285098433683,0.2818593214167562
xum,vi,0.2435456110154905,0.1383563137860462
gd,vi,0.588751533452864,0.4267561727217835
got,vi,0.2266130613845852,0.1129615184101837
mt,vi,0.2729161022306511,0.1445810583532055
aii,vi,0.1479028697571744,0.0229717980764005
sq,vi,0.6862442040185471,0.5469336921608773
sme,vi,0.3615384615384615,0.2227830433703672
abq,vi,0.1349693251533742,0.0769245454526434
xcl,vi,0.5556852883060894,0.3459164662383064
gl,vi,0.7833806818181818,0.5485285255501343
es,vi,0.7542276758094453,0.5329656053742203
ota,vi,0.5974673990523711,0.3502376654112286
aqz,vi,0.3549046321525885,0.113851048707018
apu,vi,0.316,0.1158478738568077
ess,vi,0.2235202492211838,0.1016149720368001
la,vi,0.7237294685990339,0.5143998527760018
lv,vi,0.7824277826678403,0.5351429272708695
jv,vi,0.6694554835111204,0.4445585279261594
de,vi,0.6998687625626915,0.5024645282367249
gn,vi,0.152073732718894,0.1157507088405224
gsw,vi,0.3676134197483797,0.2376681637403523
mk,vi,0.7404411764705883,0.5133830544175729
nl,vi,0.7713094078569467,0.5785271011121109
nap,vi,0.4477611940298507,0.3392967704081279
ru,vi,0.7932400267480956,0.5318426748454217
no,vi,0.7858747876285647,0.5567565298815594
de,wo,0.3825985988330113,0.2427994852585142
sab,wo,0.3505344636933284,0.1894095952510008
say,wo,0.3641453831041257,0.1955907944138974
bar,wo,0.3060654429369513,0.1954441685823382
ka,wo,0.5422760624415226,0.251679223824524
gl,wo,0.4892203282828283,0.2890921148299995
sah,wo,0.3561643835616438,0.169419773002371
ota,wo,0.4923057570548031,0.2504492882777276
oc,wo,0.4945894966742777,0.3089851576540176
cs,wo,0.5345276299576174,0.3186735815443557
myv,wo,0.4935152272072245,0.1967916036528115
hyw,wo,0.6237491661107405,0.3476315460496493
lv,wo,0.6316982742524873,0.3352844783838068
sv,wo,0.4956042010856738,0.3048183145665878
bg,wo,0.5523403714067667,0.3397640773773112
nl,wo,0.4804825054319322,0.282995513088545
ckb,wo,0.3688524590163934,0.1598808438917796
bor,wo,0.3832718327183272,0.1870746255889311
arr,wo,0.1867184131090987,0.1355672016443829
az,wo,0.6480263157894737,0.3273941830918714
frm,wo,0.5202875476431708,0.3758630297586003
sjo,wo,0.1363990646921278,0.0719138592319382
sme,wo,0.4366633366633367,0.2480089923236689
eu,wo,0.6440879625830803,0.3098989550899403
en,wo,0.5240174239683633,0.3079682791003091
myu,wo,0.3894324853228962,0.1422413741420385
abq,wo,0.2315950920245398,0.0486789660023603
eo,wo,0.5388988629563136,0.3821936555196777
xnr,wo,0.3945902943516308,0.2170988071547778
got,wo,0.23092763286919,0.1409405392885191
egy,wo,0.3196159122085048,0.1512872283026439
sd,wo,0.4475992404376526,0.3101932794405991
mk,wo,0.5455882352941176,0.3265134129202033
ml,wo,0.5692883895131086,0.2736652442080483
sq,wo,0.4775888717156105,0.3561222032891116
naq,wo,0.3160425335182616,0.1721342821507872
he,wo,0.5170054131345113,0.269449786069054
ug,wo,0.6413359148112294,0.2782288913933058
fi,wo,0.5765657735141692,0.3009968790871026
aii,wo,0.2560706401766004,0.1252114464296037
sdh,wo,0.4264705882352941,0.2797123224834068
xpg,wo,0.2940130409010077,0.110606960930198
hbo,wo,0.3823012439156301,0.2003633531335515
jaa,wo,0.3391304347826087,0.1503344481605351
el,wo,0.4851963098047629,0.2751315673245143
lzh,wo,0.2613596087048982,0.1140449713609916
ko,wo,0.5297446743150159,0.2634479691037554
be,wo,0.5823742807105329,0.3011923504413878
sr,wo,0.5310393135452237,0.2865538206877895
br,wo,0.4587247651409154,0.2855568076786391
yo,wo,0.3285211694771321,0.1733204364659223
si,wo,0.4647727272727273,0.2638842669733636
tn,wo,0.4158878504672897,0.2796388604894161
gd,wo,0.3645371331508917,0.2613635986451941
bho,wo,0.4606151537884471,0.2373680430047443
tl,wo,0.4991807755324959,0.3549563377384719
ga,wo,0.4142894963266927,0.2517452378344875
arh,wo,0.2794422460900697,0.1471372162840943
gya,wo,0.1805349182763744,0.0879759894773121
sl,wo,0.5139438988660409,0.3100229032109053
tpn,wo,0.5,0.1968777360516986
ur,wo,0.3879508307442929,0.2823587100072502
da,wo,0.5288835677940736,0.3281358070682518
otk,wo,0.3037974683544304,0.0782967032967033
uz,wo,0.6298773690078038,0.2944052409396644
fo,wo,0.509439021774107,0.3192394001163895
cpg,wo,0.4987962355001094,0.2352249158468799
is,wo,0.5009050987228051,0.3548352091741621
hi,wo,0.5080578477530839,0.269650790324434
lij,wo,0.4207699194270367,0.3124504631970533
scn,wo,0.3979828632631203,0.2700535389095439
eme,wo,0.3577348066298342,0.1718659688847353
yrl,wo,0.3840847745676297,0.2039509989556191
ceb,wo,0.420479302832244,0.2453813239286381
ajp,wo,0.4727503168567807,0.2391924066459391
am,wo,0.3966033966033966,0.2524851179889567
hy,wo,0.6439484649647972,0.3283644679986147
gv,wo,0.3378757127669856,0.2022087820832369
azz,wo,0.3961141950832672,0.187777524344307
cy,wo,0.4052038059438506,0.264588063211613
mr,wo,0.5558252427184466,0.3336668890593854
wuu,wo,0.2723112128146453,0.1330588899386876
no,wo,0.5118471291035642,0.3210058936012497
gun,wo,0.1811444724577889,0.0442777382892507
jv,wo,0.5938785470264241,0.3449704878149717
vep,wo,0.4742900997697621,0.2956934441740615
xum,wo,0.2538726333907057,0.1336428617906629
gwi,wo,0.4851190476190476,0.1806414391209542
te,wo,0.6768377253814147,0.3002027697547862
yrk,wo,0.3632075471698113,0.1302912026155873
wbp,wo,0.4380952380952381,0.1822956813779974
mpu,wo,0.2247191011235955,0.1491707762045304
pay,wo,0.2919298245614035,0.1269918988668345
uk,wo,0.5740096549765725,0.3004681818391012
ltg,wo,0.5823529411764706,0.3143773480025115
yue,wo,0.3650668199453944,0.2322031297606755
ckt,wo,0.3478118876551274,0.1686092681555394
urb,wo,0.226775956284153,0.1623206211916613
lt,wo,0.6178397446665547,0.3035619092534548
ky,wo,0.669610628983949,0.2905823316646106
af,wo,0.4720262347212561,0.2942031263524742
apu,wo,0.522,0.1710523520223842
id,wo,0.6310646655189972,0.3188822999596566
krl,wo,0.563994828700711,0.2946395224558772
nds,wo,0.3856739269115101,0.2515768249997285
cu,wo,0.3285536470002489,0.1242764856814945
nap,wo,0.3681592039800995,0.2356440446669759
ctn,wo,0.3666871710751145,0.1440529631886236
koi,wo,0.4489795918367347,0.1680323428911044
la,wo,0.5142415458937198,0.322343785686712
sms,wo,0.4419515669515669,0.1441678190526475
ha,wo,0.4041359755909637,0.2118654598066021
gu,wo,0.4880636604774536,0.2839160468203437
gn,wo,0.2764976958525346,0.194032880490262
wo,wo,0.9257906373161588,0.7720328694720995
yi,wo,0.5142258161126085,0.278567744017072
ta,wo,0.5952328886945113,0.2945857570606084
et,wo,0.5876949543145561,0.329496804795886
hu,wo,0.493395865237366,0.2652781100864307
xcl,wo,0.463714747619903,0.2926528685523424
kmr,wo,0.4721972646500948,0.2680152461383955
pro,wo,0.4623480126698682,0.3343829410908512
bn,wo,0.615625,0.315783324087058
bej,wo,0.3768722282654171,0.1278398739995606
pcm,wo,0.5742857142857143,0.3068344000966097
pad,wo,0.3888888888888889,0.1488993716804356
ess,wo,0.2803738317757009,0.1273812049181967
gsw,wo,0.2978459778879146,0.186645699980063
sk,wo,0.5874921531701193,0.3195865791750156
ang,wo,0.4561403508771929,0.281756580133862
nhi,wo,0.3789240038050946,0.2163281280208886
ro,wo,0.5486311807051653,0.3087023319349196
pt,wo,0.5493383742911153,0.3054744578443198
ar,wo,0.2376683073668795,0.1240867330086635
hsb,wo,0.5345213575714158,0.2756124737659099
hr,wo,0.5309563066776587,0.2914480377079961
gub,wo,0.3382096069868995,0.165675500696128
tr,wo,0.5601245860274404,0.274335776008914
kpv,wo,0.4226109048270471,0.1780308972166372
fa,wo,0.4238364419652862,0.2352812076834488
fr,wo,0.5218751048059832,0.3222866235531184
cop,wo,0.083935986562777,0.0853871153571318
or,wo,0.5403304178814383,0.3126017610605757
mdf,wo,0.4665714965500833,0.1847541683813037
akk,wo,0.433155512447462,0.2089359810721565
nmf,wo,0.4001349527665317,0.2167174741877991
tt,wo,0.5855263157894737,0.2565010113699992
fro,wo,0.4500696933492632,0.3214566235172436
it,wo,0.4696844886540255,0.2917198567790693
th,wo,0.408922800119948,0.2253825656818726
kk,wo,0.6360547616668332,0.3123393804248401
bm,wo,0.334297909281632,0.2034597101136924
zh,wo,0.3718459495351925,0.1819198247038417
ja,wo,0.1750450263782853,0.0756342687794463
aqz,wo,0.3971389645776567,0.1543746791607932
ps,wo,0.4165232358003442,0.2394929676843052
xav,wo,0.3394372487717731,0.1480477808330786
hit,wo,0.160427807486631,0.116054933244206
sa,wo,0.3402675256117747,0.1224501524924591
pl,wo,0.5645726000772129,0.3132521877216039
sga,wo,0.2371495327102804,0.1446185220109781
olo,wo,0.5221774193548387,0.2409970017014316
vi,wo,0.5687776141384389,0.2945174962002564
mt,wo,0.3532014810801047,0.1860105852865448
orv,wo,0.4746212121212121,0.2524015810386602
ca,wo,0.5397416540848851,0.3160954028330545
grc,wo,0.4518926914543132,0.2558768729873082
quc,wo,0.4175571756716268,0.2310817131369107
lb,wo,0.2621359223300971,0.1469958705668344
ht,wo,0.4233082706766917,0.2863099175983498
aln,wo,0.3482801751094434,0.2124729468364365
bxr,wo,0.5612723103001296,0.2800622514366684
ru,wo,0.5717078097892418,0.2960898290706623
es,wo,0.5252113837904723,0.3028973178745849
ab,wo,0.4661313179026924,0.1887928407145683
sr,wuu,0.4506610629542071,0.2965395477199704
sv,wuu,0.4394766344111399,0.319252678088305
hyw,wuu,0.5677118078719147,0.4032113455367538
kmr,wuu,0.5270040930418289,0.3173211365168792
pad,wuu,0.3293650793650793,0.1258354341419264
fa,wuu,0.3712179694698309,0.2704158755601762
oc,wuu,0.4739402362751911,0.3088240716685032
azz,wuu,0.3429817605075337,0.1816774851803991
ug,wuu,0.5982575024201355,0.315366859332193
bor,wuu,0.3030135301353013,0.1438592895482957
sk,wuu,0.4982736974262398,0.2787742016954994
bej,wuu,0.2436616182746213,0.1085394146419291
abq,wuu,0.1809815950920245,0.084808110617279
da,wuu,0.4785992217898833,0.3001295699326433
wuu,wuu,0.8878718535469108,0.8046838444815864
jaa,wuu,0.2869565217391304,0.1358519507925762
ckb,wuu,0.2786885245901639,0.1344597887507392
grc,wuu,0.5798426679217373,0.3933694947038554
kk,wuu,0.6047766563405617,0.3404931663990722
eme,wuu,0.2178867403314917,0.125169784677082
arh,wuu,0.3058224985867722,0.1321975792632669
mdf,wuu,0.3780632881275279,0.171031359152994
ang,wuu,0.3099415204678362,0.1979997035342947
no,wuu,0.4593068927090374,0.3164582354743867
uk,wuu,0.4715320176061337,0.2625350471639787
otk,wuu,0.3417721518987341,0.0980756655239905
xcl,wuu,0.4279683851266391,0.288427718147794
scn,wuu,0.4279721528025705,0.2935929736112712
uz,wuu,0.6260869565217392,0.3670984792425233
tr,wuu,0.5531363349629396,0.3033549040145153
tl,wuu,0.4849808847624249,0.35524292434215
am,wuu,0.4234765234765235,0.3119322380767647
bho,wuu,0.3449362340585146,0.2273008807907404
nap,wuu,0.3333333333333333,0.2639853268424697
az,wuu,0.6271929824561403,0.3668534339406262
ro,wuu,0.4533655614523671,0.2759979009489927
gwi,wuu,0.4424603174603174,0.1224312203781255
wbp,wuu,0.3746031746031746,0.1640195746210412
th,wuu,0.5488621597307833,0.2926753642518119
sa,wuu,0.3139623316780745,0.1459997989806717
krl,wuu,0.539754363283775,0.2998449327773065
te,wuu,0.6282940360610264,0.331283010757421
ctn,wuu,0.3621762012165949,0.166006325835305
de,wuu,0.4617118435688777,0.2943237735924109
fro,wuu,0.4168657905217045,0.3239012597812153
gl,wuu,0.4179766414141414,0.2631986235710625
hy,wuu,0.5610900905215767,0.3327556978529455
la,wuu,0.4459130434782609,0.3261139625096684
sjo,wuu,0.1482203169654455,0.0581356627831717
sga,wuu,0.1787383177570093,0.1242881620976352
myu,wuu,0.2632093933463796,0.1255724303772584
pcm,wuu,0.4278048780487805,0.2905851280040462
et,wuu,0.5513088920265511,0.3534808794066587
gya,wuu,0.1604754829123328,0.070767235077108
ht,wuu,0.2397744360902255,0.2165231617200716
ltg,wuu,0.5294117647058824,0.2981156056587091
en,wuu,0.4420464738268803,0.2945416757694384
ja,wuu,0.1999118067398777,0.1307474289029323
pro,wuu,0.4159599468682947,0.3396256499679122
yrk,wuu,0.2366352201257861,0.1019109172275602
apu,wuu,0.385,0.1784872855333791
si,wuu,0.4636363636363636,0.3509861738064534
nhi,wuu,0.3490117323750132,0.21578001701559
fi,wuu,0.5750082699305326,0.346668186664903
aln,wuu,0.3441525953721076,0.2575459694866914
ar,wuu,0.2243338892730748,0.1267787885198752
wo,wuu,0.2391617802556954,0.1859813922494116
tn,wuu,0.308411214953271,0.2015965227426585
sd,wuu,0.4069084003978659,0.3237442444380323
sms,wuu,0.3425925925925926,0.1251779435794147
lij,wuu,0.3894359892569382,0.285522171325287
ru,wuu,0.4956814919077658,0.2840115056992331
hit,wuu,0.1428571428571428,0.1124979513686207
ka,wuu,0.561087309794652,0.3338702107069302
sl,wuu,0.4851608702729097,0.3201819517038793
lb,wuu,0.3252427184466019,0.1973412009264508
cu,wuu,0.3305949713716704,0.1999286712415514
ko,wuu,0.4986826092607252,0.2823478637591378
mt,wuu,0.2759866341551522,0.1807480698128831
ess,wuu,0.2289719626168224,0.1083482854133322
xpg,wuu,0.2519264967397747,0.1333193494813034
mk,wuu,0.5117647058823529,0.3450424301739925
sab,wuu,0.2816070770364909,0.1341805162203905
gn,wuu,0.1935483870967742,0.1353685054595474
ha,wuu,0.3057293432366628,0.1694386368459157
nds,wuu,0.4193019229016677,0.3105493122067762
ml,wuu,0.5343320848938826,0.3133889246187487
tpn,wuu,0.3487133984028394,0.1402214575432026
eo,wuu,0.4925194494314781,0.3759791584054308
sme,wuu,0.3116883116883117,0.2084137525973937
jv,wuu,0.5122359339050407,0.3106538484461154
arr,wuu,0.1716257007330746,0.0736489122039229
bn,wuu,0.565625,0.43251839815209
ps,wuu,0.4268502581755594,0.2635560881671888
aqz,wuu,0.3392370572207084,0.1582899678894319
nl,wuu,0.4876501585874478,0.3327166362923776
yi,wuu,0.5301986622741339,0.3771263925486188
ceb,wuu,0.420479302832244,0.2446547464003671
he,wuu,0.5089027338031525,0.3029916509324999
hr,wuu,0.4582028029678483,0.2943350753393048
pl,wuu,0.4838718266171439,0.28650113068748
xum,wuu,0.1428571428571428,0.085643304891128
bg,wuu,0.4629229203764945,0.3152892665281018
quc,wuu,0.3068011584939578,0.1518483692153285
mr,wuu,0.5946601941747572,0.3237810270814561
bar,wuu,0.4009044958765629,0.2609557387425529
xav,wuu,0.3153193389906208,0.1875257621313389
sdh,wuu,0.3382352941176471,0.1965847196281979
ab,wuu,0.3566367501180916,0.1266918522213861
yrl,wuu,0.3428971308607417,0.1975256821531989
lzh,wuu,0.5336357836535054,0.3366799614063002
ajp,wuu,0.5209125475285171,0.3477932194561883
bm,wuu,0.2460392100122983,0.1334882476095167
ky,wuu,0.6485676983334613,0.3034193043159011
yo,wuu,0.2478466577702293,0.1416042813834348
cpg,wuu,0.4939811775005471,0.2685270318840041
sah,wuu,0.3143835616438356,0.1925511055259398
cop,wuu,0.0459105118275556,0.0131489831946911
hu,wuu,0.4828675344563553,0.2930974649586907
olo,wuu,0.5376344086021505,0.2793117154073014
pay,wuu,0.3129824561403508,0.1387454820324193
ca,wuu,0.4420231504781077,0.2780252687620529
cs,wuu,0.4830591325777579,0.292419329962253
aii,wuu,0.2472406181015452,0.1274423068434221
gun,wuu,0.1617388646955458,0.0474593910047313
gsw,wuu,0.3667556233320625,0.2626663299840865
ota,wuu,0.4395991446182229,0.2715761451383229
or,wuu,0.5121477162293488,0.3453452635091373
say,wuu,0.2833988212180746,0.1373523048908805
cy,wuu,0.3834723364266416,0.278155579706184
bxr,wuu,0.515704457074484,0.3070409421394148
myv,wuu,0.385051397828802,0.1864091767408266
akk,wuu,0.2015033947623666,0.14037184579591
af,wuu,0.4341647619994037,0.2850174897941409
egy,wuu,0.1281721536351166,0.0854108629629691
kpv,wuu,0.3447332421340629,0.1743181051361839
id,wuu,0.4971752782290328,0.2740347715813382
ga,wuu,0.4183268250711496,0.2727620579494992
es,wuu,0.4001134254485461,0.2717212020007115
ur,wuu,0.3563420235039848,0.2838427849154689
mpu,wuu,0.2022471910112359,0.1021846508162297
orv,wuu,0.4343208874458874,0.2746999798201341
br,wuu,0.5189886068358984,0.3190459374026237
naq,wuu,0.2309754969949144,0.1558863249289116
vep,wuu,0.4581734458940905,0.3345417480805268
zh,wuu,0.7565828639465128,0.5584892978063348
fr,wuu,0.4397659053560049,0.3168602049599488
hsb,wuu,0.5127608131100564,0.296781671716058
lv,wuu,0.5738710623883065,0.3385397984343833
eu,wuu,0.5522688110281447,0.3076495950418411
gv,wuu,0.2266357398279694,0.1498732501567901
pt,wuu,0.4606049149338374,0.2872289934456443
el,wuu,0.4770435528856468,0.3145629154532566
nmf,wuu,0.2955465587044534,0.175502803347657
gd,wuu,0.355006133811456,0.2796895915203928
gub,wuu,0.3762008733624454,0.1708663507872809
ckt,wuu,0.3290333115610712,0.1479077957991544
frm,wuu,0.4398128045544459,0.3614920395727203
ta,wuu,0.6162256724251038,0.3781343114148948
hbo,wuu,0.317604110329908,0.1915729157568981
gu,wuu,0.483289124668435,0.3320680047585809
xnr,wuu,0.3667462211614956,0.2434023999311285
be,wuu,0.5370277708281211,0.288781705401293
koi,wuu,0.4297719087635054,0.2364035476447541
vi,wuu,0.5570692194403535,0.3627436399228898
urb,wuu,0.2021857923497267,0.1506591212625244
is,wuu,0.472282748371381,0.3635663686616843
it,wuu,0.4309294373640037,0.2981787882587832
lt,wuu,0.5975978498236183,0.3582236598066853
got,wuu,0.148068248676211,0.098539100490534
hi,wuu,0.4242731061948396,0.2601418220633588
yue,wuu,0.7453657134645783,0.6084324633247727
tt,wuu,0.4635964912280702,0.2427972968779281
sq,wuu,0.4119010819165378,0.3200257385886352
fo,wuu,0.5337337766813257,0.3827751068037084
nhi,xcl,0.4083077898742205,0.2590555701728876
vi,xcl,0.7293078055964654,0.5232202043060503
eme,xcl,0.2479281767955801,0.1241924049502591
xav,xcl,0.2518981688253685,0.1250302401317747
lij,xcl,0.5948970456580125,0.462203027566368
ja,xcl,0.1944741078401683,0.1289809294739193
ps,xcl,0.7735431522006393,0.6452560851660485
mk,xcl,0.8338235294117647,0.7121635282526773
ka,xcl,0.8162702516373664,0.5898730668181962
sd,xcl,0.7274617958224071,0.6132687010258961
tn,xcl,0.2943925233644859,0.2024221700976086
jv,xcl,0.6679913546677821,0.4982539702818437
hit,xcl,0.1802902979373567,0.1296480634314165
az,xcl,0.7861842105263158,0.598040953183789
br,xcl,0.6520087947231661,0.4468505501114639
mt,xcl,0.3640386525783437,0.2111427041222757
wbp,xcl,0.365079365079365,0.1347448417705362
bor,xcl,0.3305043050430504,0.1516360892391097
sa,xcl,0.3990068447188297,0.2012358605195014
sah,xcl,0.3904109589041096,0.2264330710382617
fa,xcl,0.7440047812336579,0.5975806856923436
nmf,xcl,0.3603238866396761,0.1976806457240363
he,xcl,0.8264392469274504,0.5698375088319566
orv,xcl,0.7438717532467533,0.5281597323325893
aqz,xcl,0.3569482288828338,0.1629951632095461
ctn,xcl,0.3597840202310163,0.1701526036301697
bm,xcl,0.2653548433769804,0.1886410339330264
krl,xcl,0.6958629605688429,0.4863661634839958
apu,xcl,0.383,0.1467056518045638
en,xcl,0.8130640117745588,0.6591213511052942
zh,xcl,0.5569789806292073,0.3741009632318837
myu,xcl,0.2935420743639921,0.1343867126641436
sq,xcl,0.768160741885626,0.6934735008142904
lv,xcl,0.8419620708970152,0.6378034977370914
tl,xcl,0.6701256144183506,0.5577725488297945
hbo,xcl,0.5600324499729583,0.3352288550677046
cop,xcl,0.0369990202024914,0.0050979081219383
ckt,xcl,0.3274003919007184,0.1962332717821417
fr,xcl,0.7668360331354597,0.6057417091441576
tt,xcl,0.5745614035087719,0.2943472814164476
de,xcl,0.8103521456589192,0.6475567458506015
kmr,xcl,0.7580113806528901,0.5166444043897558
quc,xcl,0.3553380605213223,0.1933741253644652
arr,xcl,0.1785252263906856,0.0933834256955823
gl,xcl,0.778219696969697,0.5712909241144275
pro,xcl,0.6833554715438848,0.537514768850633
bar,xcl,0.5601888800212823,0.4292462185951242
pay,xcl,0.3083040935672514,0.1501506149249284
ur,xcl,0.6261650682155883,0.6058191356175658
wo,xcl,0.3553782562722292,0.2222260347056023
yue,xcl,0.5798965368587441,0.491694314129395
gsw,xcl,0.4752668699961875,0.3424501186432534
et,xcl,0.8367982861872535,0.6354141366005411
nds,xcl,0.6207053677207691,0.4898921825093664
jaa,xcl,0.3565217391304348,0.1190145502645502
yi,xcl,0.8076270340421284,0.6694353820209387
ceb,xcl,0.5366739288307916,0.3454288820884897
is,xcl,0.8092699987708536,0.6094401891972073
sab,xcl,0.3461113158864725,0.2222684032595194
lb,xcl,0.4223300970873786,0.2858883069062868
sdh,xcl,0.5367647058823529,0.2653162786800335
otk,xcl,0.2974683544303797,0.0356195528609321
pt,xcl,0.7971812644402436,0.5693744525044454
fi,xcl,0.835166501268056,0.6104730363012272
cs,xcl,0.8191141622997657,0.6315102811008272
xpg,xcl,0.3023117960877297,0.1503351461238787
or,xcl,0.7463556851311953,0.5925880082819617
hyw,xcl,0.7739233563116151,0.5814570280520375
sjo,xcl,0.1312029098467134,0.0379019529505487
da,xcl,0.8190162625960291,0.6240857587535795
fro,xcl,0.679958183990442,0.5423676718969532
gun,xcl,0.1777828711131484,0.0482629394908046
gwi,xcl,0.4761904761904761,0.1242371706581658
gu,xcl,0.7273209549071618,0.5709909442090065
uz,xcl,0.7976588628762542,0.5472028875987791
am,xcl,0.5792207792207792,0.414365242524463
yrl,xcl,0.3805858242527242,0.1895769954652717
tr,xcl,0.7517150291752089,0.5226248248445833
ky,xcl,0.7874203210198909,0.47350581733165
mr,xcl,0.7912621359223301,0.5866437145302899
bxr,xcl,0.617808355768272,0.4076805656793088
sr,xcl,0.8282111899133175,0.6559788392939552
sme,xcl,0.3808191808191808,0.2656134050646456
pl,xcl,0.8308638523902712,0.638286345977434
ajp,xcl,0.7021546261089987,0.4842268000146092
si,xcl,0.6761363636363636,0.5917726947744241
ug,xcl,0.7740561471442401,0.4978379236800667
el,xcl,0.8001501823642995,0.6228718847407467
ga,xcl,0.607783440333576,0.4629486240501626
sms,xcl,0.4131054131054131,0.1855863602727365
hr,xcl,0.8316570486397362,0.624544464123934
hsb,xcl,0.7499776126085789,0.5091923579370089
grc,xcl,0.723481028261503,0.5474058608896211
kk,xcl,0.8096332567202958,0.5361353680305504
azz,xcl,0.4079103885804916,0.2353169586054812
naq,xcl,0.2723069810448451,0.1790356990457418
aii,xcl,0.2207505518763796,0.0849371144543558
vep,xcl,0.56792018419033,0.3760771730184348
arh,xcl,0.2466553608441681,0.1409358151683977
koi,xcl,0.5138055222088835,0.3334402977363161
ha,xcl,0.3610811477178167,0.2052672335582698
ht,xcl,0.3662406015037594,0.2695553910435329
sk,xcl,0.8078311362209667,0.5603511357404561
be,xcl,0.8559544658493871,0.6619050843973112
lt,xcl,0.8476398454560725,0.6210401915429046
ca,xcl,0.7563496057708439,0.6018607602245747
ab,xcl,0.4902220122815304,0.1687565301013134
egy,xcl,0.1916152263374485,0.1521920438970565
fo,xcl,0.7706210447280918,0.5509433050118179
say,xcl,0.2647347740667976,0.1530895969618034
gya,xcl,0.1326151560178306,0.0725385440500139
oc,xcl,0.7138886131241934,0.5315834548274985
th,xcl,0.6575817145903442,0.4736030725717145
urb,xcl,0.2295081967213114,0.1571486216103394
ta,xcl,0.7725781762519134,0.4912334559151288
xnr,xcl,0.55648369132856,0.4042983243283471
bn,xcl,0.86875,0.6836302636375106
pcm,xcl,0.7245296167247387,0.5446380236291328
uk,xcl,0.8409058639784183,0.6424695856025717
yrk,xcl,0.3199685534591195,0.1141516861739296
ckb,xcl,0.4508196721311475,0.2725859160868648
ess,xcl,0.2052180685358255,0.0986194707840482
hy,xcl,0.8282963743474304,0.5882552670251406
hi,xcl,0.6565922475910833,0.5236271073545308
bg,xcl,0.8471126939709998,0.7561493518314709
eu,xcl,0.781652580618692,0.534866712742466
ko,xcl,0.6445644339945886,0.405025630938676
mpu,xcl,0.1235955056179775,0.1151216858621656
abq,xcl,0.2024539877300613,0.071408173618347
sl,xcl,0.8086104931908198,0.6293264817702395
ro,xcl,0.8003608148109226,0.6279725305804678
te,xcl,0.8363384188626907,0.491878111743983
mdf,xcl,0.4568165596002855,0.2511457487448107
hu,xcl,0.7527756508422665,0.58083262424543
cpg,xcl,0.6384329174874152,0.3662186640767852
aln,xcl,0.5357723577235772,0.4132709827711012
bho,xcl,0.5054763690922731,0.376205007942926
olo,xcl,0.6639784946236559,0.4104705059192357
eo,xcl,0.8450029922202275,0.7483985647832252
es,xcl,0.7713239843266653,0.5761839005456522
cu,xcl,0.5556883246203634,0.3836844603274625
ar,xcl,0.3602326811210999,0.2761475859226024
sga,xcl,0.2570093457943925,0.2096195018687536
kpv,xcl,0.4404924760601915,0.2657790833885528
ru,xcl,0.8626214068937137,0.6681219608315798
xcl,xcl,0.9775462547152866,0.9007015878127878
ltg,xcl,0.7470588235294118,0.5042513042513043
yo,xcl,0.2667718063811719,0.1600056187343563
ang,xcl,0.4678362573099415,0.3013269091336082
scn,xcl,0.6366476258479115,0.5007912734160854
nl,xcl,0.7713593566594241,0.5986433204877489
pad,xcl,0.3571428571428571,0.1381623465083508
ml,xcl,0.7382438618393674,0.497902833273101
nap,xcl,0.5671641791044776,0.4875845481765513
gub,xcl,0.3709606986899563,0.1781042414898825
id,xcl,0.7885216885289625,0.5881843014008806
ota,xcl,0.6218290075055558,0.4463432656900299
gd,xcl,0.5785599698027744,0.4813500607581657
it,xcl,0.7842166614858563,0.5935695140385836
lzh,xcl,0.3967533848444035,0.2590919931433504
no,xcl,0.8028645024571147,0.6252370053853333
frm,xcl,0.7526897283736189,0.6045441709696071
got,xcl,0.3073151598352618,0.1843694891630128
la,xcl,0.80456038647343,0.6817930890196211
xum,xcl,0.2977624784853701,0.1977329432481665
af,xcl,0.8109907582231939,0.6399376266860075
gv,xcl,0.3429979704262105,0.1940037800533776
tpn,xcl,0.4001774622892635,0.1493074002338954
cy,xcl,0.626453659109597,0.5129821404637976
bej,xcl,0.3357041251778094,0.1485329240616871
myv,xcl,0.4527812469977904,0.2720652010263864
sv,xcl,0.8462502950200613,0.6665220691817669
wuu,xcl,0.5732265446224256,0.352721217347377
akk,xcl,0.4038554801163918,0.1853006786002622
gn,xcl,0.216589861751152,0.162509366503001
is,yi,0.8520219458505135,0.7143567003779577
aln,yi,0.5486554096310194,0.4475004487546332
sa,yi,0.155594327383349,0.1384121013161524
mr,yi,0.7402912621359223,0.5905952134524514
bho,yi,0.5186796699174794,0.3751686204023197
nl,yi,0.8588197097974576,0.6584080407969987
tr,yi,0.7443128055511748,0.5219652456108573
am,yi,0.4524475524475524,0.3422764790211321
el,yi,0.8236429950654366,0.6460811415606764
jaa,yi,0.2956521739130435,0.1215498724209525
sd,yi,0.6837869608463695,0.6148831473284478
nhi,yi,0.3669802346475003,0.246623708292497
bxr,yi,0.5675540931299232,0.4041020561788424
hsb,yi,0.7726336527267843,0.5273350554105133
ca,yi,0.8524408656265727,0.6667001411667699
sdh,yi,0.3455882352941176,0.1473064639362426
te,yi,0.7988904299583911,0.436003778466303
egy,yi,0.0842764060356652,0.0267239553990414
oc,yi,0.7720639332870048,0.6021374114498637
eo,yi,0.8515858767205267,0.6548329806177502
pcm,yi,0.7345644599303136,0.569531214138677
ceb,yi,0.5054466230936819,0.3371280449639241
af,yi,0.8687270197754149,0.6624608276393457
yo,yi,0.197500909862914,0.1024620508376023
aqz,yi,0.2997275204359673,0.1029765405686641
ky,yi,0.7553183319253514,0.48594735220091
sv,yi,0.8812544253009205,0.754855973378131
ab,yi,0.3525743977326405,0.0980548582589804
bar,yi,0.6151902101622772,0.477541464641273
la,yi,0.7752173913043479,0.6514477964713785
abq,yi,0.0690184049079754,0.0473020787262273
ht,yi,0.323984962406015,0.2399431762843746
myu,yi,0.2064579256360078,0.090638105527067
pt,yi,0.8582566687670657,0.6248436095953765
wo,yi,0.2568489858694607,0.1518552528864543
hy,yi,0.8385938023851717,0.6468699551825127
pay,yi,0.1897076023391813,0.0597728874631978
gd,yi,0.6419741436255544,0.5615601974410527
jv,yi,0.6572544098166353,0.4916515073066539
ml,yi,0.7573866000832293,0.5375522532902243
xpg,yi,0.2104327208061648,0.1085274631590924
frm,yi,0.8021421334491243,0.6373817957131946
lt,yi,0.829413740970939,0.6397035892409029
akk,yi,0.2440591658583899,0.1444762978113036
pl,yi,0.8387448913029009,0.6334604102880136
fr,yi,0.8333249488546802,0.6678479926511285
pro,yi,0.7048125063860222,0.5035629233651933
mk,yi,0.8610294117647059,0.8063469688941931
cs,yi,0.8492396853123181,0.6424372908816586
bej,yi,0.2106936658020249,0.0503558715780471
myv,yi,0.4083965798827937,0.2193748859752858
hr,yi,0.8658697444352844,0.6490078035763257
az,yi,0.7302631578947368,0.5455004885528589
got,yi,0.1908217297509315,0.1129317789876989
yrk,yi,0.1981132075471698,0.0593387069027726
en,yi,0.8542303670629513,0.7239312760748878
cy,yi,0.6467167860918596,0.5281512382504252
cpg,yi,0.6408404464871963,0.3692702358125493
azz,yi,0.3711340206185567,0.2300172625466671
nds,yi,0.655882620978766,0.5500745462401004
uk,yi,0.857589095555871,0.6498420171613588
gu,yi,0.7517241379310344,0.5780187842666332
nap,yi,0.4328358208955223,0.3412099379921429
fo,yi,0.7936822911080125,0.6438221694722652
gya,yi,0.0393759286775631,0.0111736442524376
say,yi,0.199607072691552,0.0774989442942309
ko,yi,0.6202960879993383,0.4016209663906784
lij,yi,0.6216054908982394,0.4974657590326863
eme,yi,0.1336325966850828,0.092144367908841
olo,yi,0.6155913978494624,0.3891614507632033
ctn,yi,0.2877451985510218,0.1201280500635788
pad,yi,0.3015873015873015,0.1195048671504642
ar,yi,0.3606394662978481,0.2924811682583925
fi,yi,0.8174826331458815,0.6133071242045479
gun,yi,0.1696080678432271,0.033928710985767
ltg,yi,0.7058823529411765,0.5069629666748732
id,yi,0.8010813956307737,0.6221392041147852
urb,yi,0.1065573770491803,0.0790434568001635
kk,yi,0.7984410912361347,0.5807366963377686
es,yi,0.8580738296555991,0.6624402322721205
arh,yi,0.1921989824759751,0.0580121436180735
be,yi,0.8655866900175131,0.6400536116687505
tt,yi,0.5162280701754386,0.2927551697662995
gub,yi,0.2180131004366812,0.0901747575965132
xnr,yi,0.4832935560859188,0.3507178089907195
yue,yi,0.5234947549935336,0.4361203839780885
uz,yi,0.7667781493868451,0.533928044369345
th,yi,0.619598174124546,0.4429567572126531
sab,yi,0.2978252856616292,0.1655167052051263
bm,yi,0.2364175649280185,0.1199698786824825
yrl,yi,0.2849145256423073,0.1248603460664342
ug,yi,0.7255566311713456,0.481486968329225
mdf,yi,0.4175588865096359,0.2485096653042914
ro,yi,0.8143204946315661,0.6359941773933575
xum,yi,0.1841652323580034,0.1586098257542938
hu,yi,0.8330781010719756,0.6207163875144585
or,yi,0.7162293488824101,0.5630757803626036
lb,yi,0.4902912621359223,0.3695040933311375
hyw,yi,0.7995700837595434,0.627359942702973
krl,yi,0.6955397543632837,0.4938023831534062
bn,yi,0.796875,0.7105487848479823
scn,yi,0.6185290967511603,0.487132348600897
gsw,yi,0.4986656500190621,0.3689900139048601
fro,yi,0.7214506172839507,0.5408940666031119
de,yi,0.8903069687567082,0.7245947755160707
lv,yi,0.8303592862286949,0.6351999314395769
ru,yi,0.8685649085561172,0.6686471947311069
gv,yi,0.3043394220547018,0.1578036779701584
xcl,yi,0.6446021196335548,0.5171260833913736
da,yi,0.8706973959892248,0.7281577004879027
mt,yi,0.221710466901472,0.139152834522635
sms,yi,0.3408119658119658,0.1782755012757193
vi,yi,0.7033873343151694,0.5283856575426173
quc,yi,0.2746429641466094,0.1365662458012377
mpu,yi,0.1292134831460674,0.0893709717455127
ckb,yi,0.2868852459016393,0.1494232214278297
kmr,yi,0.7618049316162524,0.5728269802154232
ess,yi,0.2161214953271028,0.0807400387212716
ga,yi,0.659639949698855,0.5192479969901486
otk,yi,0.2974683544303797,0.0352720450281425
grc,yi,0.6815033954145095,0.5121654691077429
wuu,yi,0.4038901601830663,0.2132939146755629
apu,yi,0.283,0.1158175588734654
naq,yi,0.2321775312066574,0.1151167807694011
lzh,yi,0.371588573048841,0.2536067871328512
orv,yi,0.7268398268398268,0.5286504148918364
ang,yi,0.4970760233918128,0.3648546019678454
sga,yi,0.2605140186915888,0.2220751218669736
et,yi,0.8363276368534658,0.6485447622653924
bor,yi,0.288560885608856,0.134065845593533
ajp,yi,0.679340937896071,0.5031346814111206
tpn,yi,0.2921472937000887,0.103764275054759
no,yi,0.8833190230000548,0.754507781884943
tn,yi,0.3317757009345794,0.1992104776315302
vep,yi,0.5617805065234075,0.3539275583589285
tl,yi,0.7045330420535226,0.5790947477005066
cop,yi,0.0369990202024914,0.0050969906544458
sq,yi,0.8013910355486863,0.7628110657554655
bg,yi,0.8620580005087763,0.7225920692408326
br,yi,0.6699980011992804,0.4569466878434025
aii,yi,0.1567328918322295,0.0301098901098901
gl,yi,0.8600694444444444,0.6285421193731677
ka,yi,0.7838676318510859,0.5459086250707454
ur,yi,0.6672970417398352,0.5915827501512675
wbp,yi,0.273015873015873,0.1071914164988255
ps,yi,0.7887878042783378,0.5918398185459434
hi,yi,0.7165156347559021,0.5520112778452355
si,yi,0.6465909090909091,0.6026342676441476
arr,yi,0.0418283742992669,0.0241339253126197
ta,yi,0.7668926306582112,0.4909857772913754
eu,yi,0.7972429638139,0.5500629518334791
sjo,yi,0.1253572356456222,0.0213867554446908
he,yi,0.8202430803799408,0.5943601640937644
kpv,yi,0.3627125268712136,0.2179509820883687
sk,yi,0.8657407407407407,0.6190328917305553
ota,yi,0.5665227053545222,0.4748898621913686
hbo,yi,0.3368712817739318,0.1925383630438672
it,yi,0.8450963630711843,0.6613975811805874
gwi,yi,0.3779761904761904,0.1205486966246286
fa,yi,0.7174589735288991,0.6175567648352184
xav,yi,0.2179544439481911,0.1048011613542945
sr,yi,0.8669993870939497,0.6751256185831195
sah,yi,0.2287671232876712,0.1553741575267171
ja,yi,0.1847197207567619,0.1323366517293605
zh,yi,0.5267893941475478,0.3691508531246776
koi,yi,0.432172869147659,0.2857396369217732
ha,yi,0.2758652571886461,0.1639269426129833
hit,yi,0.0756302521008403,0.0682133838833516
yi,yi,0.958869921134072,0.9244272092066628
nmf,yi,0.2918353576248313,0.1521825856779978
ckt,yi,0.2436316133246244,0.1192676717035809
sme,yi,0.3303696303696303,0.2264607524799051
cu,yi,0.439631565845158,0.3178603942952433
gn,yi,0.1059907834101382,0.0903674167078542
sl,yi,0.8539959850252292,0.6957231428089345
fa,yrl,0.1889085340040341,0.1022438817149381
say,yrl,0.2778978388998035,0.139663745673398
lzh,yrl,0.1201885588714822,0.0404522629090407
ps,yrl,0.2365379886894517,0.1348978678398977
ar,yrl,0.1355001423748118,0.0472706678409589
hr,yrl,0.2760098928276999,0.1430408890323281
arr,yrl,0.2699439413540319,0.1636146218831206
mk,yrl,0.3933823529411764,0.1943757715462114
xnr,yrl,0.2673031026252983,0.1373227038517612
vep,yrl,0.3768227168073676,0.1871288270170097
ga,yrl,0.2508107750347475,0.1380772672886529
aqz,yrl,0.4087193460490463,0.2035556876199769
bar,yrl,0.3011439212556531,0.1555691262230676
bej,yrl,0.312107773408083,0.0979454360580684
sa,yrl,0.2949939605422091,0.132777524483859
ajp,yrl,0.3751584283903675,0.1491911698921818
no,yrl,0.2514843164836771,0.1430565256581489
gub,yrl,0.4503275109170305,0.2228096923894545
bho,yrl,0.2541635408852213,0.1327957009050376
mpu,yrl,0.2134831460674157,0.2196924107638393
ru,yrl,0.3129901284563262,0.1344135011198586
tt,yrl,0.3793859649122807,0.1592478940872303
got,yrl,0.220141204157678,0.1069846434850216
ta,yrl,0.3041766892630658,0.1434170010806177
ml,yrl,0.2671660424469413,0.1203382490027475
gn,yrl,0.4193548387096774,0.2845663387888179
cpg,yrl,0.3587218209673889,0.1375571140991077
mt,yrl,0.3077756705499864,0.1865146750298995
naq,yrl,0.2526121128062875,0.151385634088504
hit,yrl,0.1909854851031321,0.0718597801135734
nds,yrl,0.3225189100519456,0.2042257138597982
si,yrl,0.3011363636363636,0.1672628580605398
ur,yrl,0.1422396325813859,0.1028944614607374
jaa,yrl,0.3652173913043478,0.1968708360197722
el,yrl,0.2739040263176714,0.1375355695661534
ab,yrl,0.4914501653282948,0.1522875463454616
gu,yrl,0.2541114058355437,0.1373349217013493
sr,yrl,0.2765081866736713,0.1406325666647372
az,yrl,0.4385964912280701,0.1841322403993581
ckt,yrl,0.3104180274330503,0.1343825286166823
sms,yrl,0.4497863247863248,0.1484663650143423
gsw,yrl,0.2987990850171559,0.159607412137033
sah,yrl,0.310958904109589,0.1454599622855622
xum,yrl,0.2469879518072289,0.0931576342189633
yrl,yrl,0.9300209937018894,0.8241300881181319
lv,yrl,0.3754767810941292,0.1684179195881546
da,yrl,0.2952209917190462,0.1482497510486082
en,yrl,0.2906026532402337,0.150619984729955
aln,yrl,0.3306441525953721,0.1625264449985895
akk,yrl,0.2569511800840607,0.1163262263060374
myv,yrl,0.436257085214718,0.210386181125163
ro,yrl,0.2904559227926366,0.1490018546593192
th,yrl,0.0895278712557891,0.040762312909746
sga,yrl,0.2044392523364486,0.1055622172983245
gl,yrl,0.2402304292929293,0.1348502910422098
ja,yrl,0.1361496735255521,0.0267130472186829
xcl,yrl,0.3107598347404347,0.1579049720524905
de,yrl,0.2241672033253322,0.1186350766812599
gya,yrl,0.1448736998514116,0.0676669851229861
ko,yrl,0.2839420111771447,0.1192855214533817
hbo,yrl,0.2819091400757166,0.1242785485226109
bor,yrl,0.3700492004920049,0.1381497272576632
pt,yrl,0.2672253728208359,0.141947270162228
cop,yrl,0.0369990202024914,0.0050969906544458
gun,yrl,0.1922988769195507,0.0547511417128505
fi,yrl,0.3467306207961186,0.1625360799284938
vi,yrl,0.2910162002945508,0.1502131129454157
cs,yrl,0.2915925309068259,0.1454434247908125
bg,yrl,0.2950267107606207,0.1646526921494122
ht,yrl,0.2466917293233082,0.1590051578813875
pad,yrl,0.4702380952380952,0.1815133381512014
bxr,yrl,0.389370824608635,0.1697272495574037
ceb,yrl,0.4095860566448802,0.2416576949681189
af,yrl,0.1970585312531054,0.1218490332322449
sab,yrl,0.3704386288241799,0.1756445613758352
apu,yrl,0.399,0.1126465404292139
yi,yrl,0.316062693421184,0.180213630781711
uz,yrl,0.3898550724637681,0.1790326367499567
arh,yrl,0.3135481439608065,0.1557565350562902
yo,yrl,0.2302559747664685,0.1121863482181526
nap,yrl,0.2985074626865671,0.1677285562734479
sd,yrl,0.2501130301112216,0.164832942240308
eu,yrl,0.3296955772544515,0.1492797053400958
la,yrl,0.3277294685990338,0.182033797283406
xpg,yrl,0.2708950800237107,0.1089977830919405
olo,yrl,0.4240591397849462,0.1759235108294728
mdf,yrl,0.4194622888413038,0.1977331815276663
pl,yrl,0.3326144547838705,0.154207927131509
wbp,yrl,0.4,0.1731542571280183
gwi,yrl,0.5505952380952381,0.1529945991026802
koi,yrl,0.4381752701080432,0.1529245700850046
jv,yrl,0.3995677333891096,0.1999118528127457
hy,yrl,0.3293740121653336,0.1482931927220981
br,yrl,0.2542474515290825,0.1652159376155799
orv,yrl,0.2652462121212121,0.1408363072297809
pcm,yrl,0.4575609756097561,0.1622127094070213
oc,yrl,0.3399185942618882,0.1974244523575544
is,yrl,0.2638251036393907,0.1613901480735164
ang,yrl,0.3216374269005848,0.188552997358416
abq,yrl,0.2653374233128834,0.0910951131593307
hi,yrl,0.1829595504480332,0.104290352592534
ha,yrl,0.3293370727648165,0.1438610064985321
myu,yrl,0.4344422700587084,0.1724558547647258
nhi,yrl,0.4491068597399852,0.2096227983363988
te,yrl,0.4466019417475728,0.1705293772764776
egy,yrl,0.1087962962962963,0.0727375360969094
it,yrl,0.2548181535592166,0.155569957597253
yue,yrl,0.2958758442304929,0.1116432986587097
zh,yrl,0.2124948481934331,0.0751177511404064
fr,yrl,0.2806033470838783,0.1610313226901507
lb,yrl,0.3543689320388349,0.2358265167796572
lij,yrl,0.3275141748731722,0.2179931414376697
lt,yrl,0.3913153032084663,0.1715633304154236
ota,yrl,0.2213929305211958,0.1306546300232835
gv,yrl,0.2723494732772784,0.1440548766495274
sme,yrl,0.3616383616383616,0.2204050224230642
cy,yrl,0.2160225537413367,0.1230481814299707
pro,yrl,0.2605497087973842,0.1559525358130095
ctn,yrl,0.421092201489987,0.1653491509361311
sk,yrl,0.3171688637790332,0.1512339534713565
ess,yrl,0.2570093457943925,0.1047928174860409
hsb,yrl,0.3493328557356497,0.1458070356482168
nl,yrl,0.2531155565545316,0.1387543705097058
otk,yrl,0.2974683544303797,0.0352720450281425
pay,yrl,0.3066666666666666,0.1407038561784994
yrk,yrl,0.3561320754716981,0.1295334233063905
ltg,yrl,0.4117647058823529,0.1672899659163558
grc,yrl,0.2945830251686501,0.1457299859760795
fro,yrl,0.3146903624054161,0.1789551207010329
quc,yrl,0.3829022271047638,0.1847178597906553
eme,yrl,0.4913674033149171,0.1930186828534533
ka,yrl,0.3627320628354754,0.1546161405442488
ckb,yrl,0.2786885245901639,0.1236636742357566
gd,yrl,0.2174200245352458,0.148268743076901
tpn,yrl,0.5736468500443656,0.2597971452811545
es,yrl,0.2703031552897504,0.1573012772446711
am,yrl,0.3291708291708292,0.1516607303568754
tl,yrl,0.4025122883670126,0.2282196738514474
kpv,yrl,0.3755129958960328,0.1589947742389552
wo,yrl,0.2728059213688359,0.1468572668956458
tr,yrl,0.3196755243652421,0.1465264689470105
bm,yrl,0.3796570932503798,0.1458342360002106
aii,yrl,0.1766004415011037,0.0405643248851341
wuu,yrl,0.3020594965675057,0.1075087428492457
hyw,yrl,0.3038321844192425,0.1516623384848089
ug,yrl,0.3995159728944821,0.1584663186292517
bn,yrl,0.421875,0.198138016078123
xav,yrl,0.2916480571683787,0.1347827327493765
uk,yrl,0.2973874769274457,0.1294330800345567
scn,yrl,0.3587111745805069,0.1902191481200769
urb,yrl,0.2896174863387978,0.2034602671850477
sv,yrl,0.257847533632287,0.1465057732422337
he,yrl,0.234739386511422,0.1211676749827444
krl,yrl,0.4056237879767291,0.2120480035835033
hu,yrl,0.2823506891271056,0.1467117686721726
kk,yrl,0.3646447486759268,0.1614499638496737
fo,yrl,0.3105759948514426,0.1773405819070546
sq,yrl,0.2666151468315301,0.1750325370563341
tn,yrl,0.3551401869158878,0.2345590415444795
frm,yrl,0.2876923819173059,0.1815656243454791
id,yrl,0.3304803239337585,0.1533531062676338
sjo,yrl,0.1228890620940504,0.0129059103202944
sl,yrl,0.2907872605935652,0.1494314417686651
azz,yrl,0.4277359238699444,0.1979819252288158
kmr,yrl,0.2942996905261056,0.1592901292644808
nmf,yrl,0.3272604588394062,0.1847644530908274
et,yrl,0.3337066069428891,0.1690599856207541
cu,yrl,0.2127458302215583,0.0783655864768504
sdh,yrl,0.3602941176470588,0.2252364362255647
or,yrl,0.2585034013605442,0.1258295878641228
eo,yrl,0.3159784560143626,0.1696871228742603
ky,yrl,0.3609553797711389,0.1617886589738159
ca,yrl,0.2577923167253816,0.1521149488833829
be,yrl,0.3027895921941456,0.1262472884551265
mr,yrl,0.395631067961165,0.1471116584883782
vep,zh,0.2924021488871834,0.2299328537594734
gd,zh,0.4171935453430216,0.3218808413188336
wbp,zh,0.219047619047619,0.1238927738927739
ar,zh,0.2791603953951918,0.1749342843009587
sah,zh,0.1445205479452054,0.0856474229228207
ca,zh,0.5009058882737796,0.3025110087209481
aln,zh,0.3007504690431519,0.2196268220389494
sms,zh,0.2446581196581196,0.0665195747826787
myv,zh,0.2892689019118071,0.0976387653493307
eu,zh,0.5821367030442275,0.2999001162957282
uk,zh,0.643049836717308,0.4078425533096549
ru,zh,0.6448816209720033,0.3953614591507066
gl,zh,0.5187026515151515,0.3314963126185494
tl,zh,0.545603495357728,0.3396894665712444
ht,zh,0.1210526315789473,0.1288359087898332
urb,zh,0.0273224043715847,0.0560983715520106
otk,zh,0.2974683544303797,0.0352720450281425
te,zh,0.8030513176144244,0.4635872646584048
ctn,zh,0.2119472353222609,0.083256898179696
bg,zh,0.606715848384635,0.4026160745565529
lb,zh,0.2572815533980582,0.1722938116160622
gya,zh,0.0070579494799405,0.0046711594598145
yrl,zh,0.2079376187143856,0.0783465346426702
jaa,zh,0.2434782608695652,0.1303292255480138
hbo,zh,0.2552731206057328,0.1248606350345899
hsb,zh,0.4027939464493597,0.3104592944854488
ro,zh,0.539978631355858,0.3396585269853431
myu,zh,0.1389432485322896,0.0623941145677808
uz,zh,0.7037904124860647,0.4278870339630338
nmf,zh,0.1413630229419703,0.0853784909252877
sa,zh,0.1291549232765177,0.1168544894010037
jv,zh,0.5452136930907062,0.3249000068185498
sd,zh,0.4856677818970973,0.3502806354362759
nhi,zh,0.2295740407990698,0.1324220311918563
si,zh,0.6284090909090909,0.4457404214797012
xnr,zh,0.3361177406523468,0.2450971383554459
ltg,zh,0.5058823529411764,0.3027502895427423
lzh,zh,0.5249521514141915,0.2971190451962812
frm,zh,0.4190669175471607,0.2889989548631212
hr,zh,0.5600989282769991,0.3448850374523274
quc,zh,0.1811644861679816,0.0830804475329412
kpv,zh,0.235391831151065,0.1121476964659138
mr,zh,0.6990291262135923,0.4386572606011544
hu,zh,0.5617343032159265,0.3668137801666701
yi,zh,0.656084656084656,0.4461624535748931
hy,zh,0.6956271852100196,0.4445567711846261
ml,zh,0.6666666666666666,0.4545603365471677
aqz,zh,0.2459128065395095,0.0779827183063744
azz,zh,0.2474226804123711,0.1137859985558538
ga,zh,0.4403666688728572,0.3040422561296397
fa,zh,0.5089523619792315,0.3677963124526574
sq,zh,0.5255023183925811,0.35380693343422
fi,zh,0.6600507222405998,0.3783901066607128
eme,zh,0.0977209944751381,0.0740221841558369
yo,zh,0.1603785029722188,0.0849939637213708
apu,zh,0.249,0.0700838053441163
az,zh,0.6578947368421053,0.3943837064287848
ota,zh,0.3977105958321104,0.3261829094146654
arr,zh,0.0038809831824062,0.0243574168192146
ab,zh,0.3236655644780349,0.0917593258299333
nl,zh,0.5365250618116431,0.3565006122371145
sk,zh,0.6037350910232266,0.4000422720994525
mdf,zh,0.2671901023078753,0.099267010658492
sdh,zh,0.1764705882352941,0.1212827988338192
kmr,zh,0.5987820704801837,0.389041952631191
arh,zh,0.1784435651026945,0.0673138878335784
gun,zh,0.1656352662541065,0.0248430119515117
gwi,zh,0.3323412698412698,0.1074165430107928
cy,zh,0.4701632796898861,0.3219625640326643
is,zh,0.5835428469265752,0.3921721819874458
lv,zh,0.6861913525912886,0.417607992396837
xav,zh,0.1996426976328718,0.0887684364721673
yrk,zh,0.0416666666666666,0.0142556370205482
de,zh,0.562249965848994,0.3770565734882959
pro,zh,0.229181567385307,0.2020030855539517
naq,zh,0.1502542764678687,0.0662389832423633
gv,zh,0.1605296221126896,0.0757566146758164
kk,zh,0.7319876086739282,0.4219424999878262
tpn,zh,0.2453416149068323,0.0920299081712726
fro,zh,0.3563072481083233,0.2409273142817059
id,zh,0.6091942875154571,0.3640927431237226
scn,zh,0.3084612638343448,0.2098768266663458
xpg,zh,0.1979845880260818,0.0876346211502393
eo,zh,0.6331538001196888,0.4612983247488991
tt,zh,0.4263157894736842,0.2896235188827457
ajp,zh,0.5158428390367554,0.3109892671615775
yue,zh,0.7738899267136082,0.5751909025080797
cu,zh,0.1862086133930794,0.1397641562360343
wo,zh,0.1394789964433336,0.1036562618176241
bm,zh,0.1579251971352094,0.0712325095561605
gub,zh,0.1705240174672489,0.0714559562018047
lij,zh,0.2202327663384064,0.182686417867103
pad,zh,0.25,0.0809426191054844
vi,zh,0.66480117820324,0.4216812313115235
am,zh,0.4309690309690309,0.3368193078568575
pl,zh,0.5933011169242648,0.3439178626418699
lt,zh,0.6816731059969763,0.4205615694677854
aii,zh,0.1721854304635761,0.0767468211003399
oc,zh,0.3775439293159932,0.2691616344854655
ess,zh,0.3843457943925233,0.1036200701280319
say,zh,0.1736738703339882,0.0640105367465915
cop,zh,0.0369990202024914,0.0050969906544458
pcm,zh,0.4317073170731707,0.2649362524154605
xcl,zh,0.4580564038081552,0.297116629866685
olo,zh,0.4469086021505376,0.2725606246725883
af,zh,0.5771638676339064,0.3906971652039027
da,zh,0.5897435897435898,0.3699435021034524
ang,zh,0.2280701754385964,0.1480833326056139
nap,zh,0.1840796019900497,0.1168957034290509
pay,zh,0.1883040935672514,0.0618434537096349
gn,zh,0.0552995391705069,0.0630885687608376
bho,zh,0.3758439609902476,0.2509246025820859
ckb,zh,0.2049180327868852,0.0887301587301587
cpg,zh,0.428102429415627,0.2305700673426148
ps,zh,0.5392180968773052,0.3964342999622584
et,zh,0.6365937971663664,0.4006186149838862
br,zh,0.4562262642414551,0.290452922156326
sjo,zh,0.1391270459859704,0.0476841427096914
th,zh,0.6343917635691201,0.408902181340072
fo,zh,0.4981765526118202,0.3442016538450679
gu,zh,0.6015915119363395,0.3815836967842471
el,zh,0.551348065508117,0.3580069955001855
ka,zh,0.6690303836115625,0.4323487858762473
nds,zh,0.2973662626446733,0.2379072824653689
sr,zh,0.5613343840294195,0.3430394760751313
no,zh,0.580883830541296,0.3804955910632573
got,zh,0.0131398313394783,0.0168722052207167
ky,zh,0.7539359496198449,0.3598678921562535
bar,zh,0.3032721468475658,0.2348491882225634
krl,zh,0.5048480930833872,0.3170753791378571
egy,zh,0.0784465020576131,0.0787770270467799
ta,zh,0.7323420074349443,0.4557987268405901
en,zh,0.5487459797513269,0.3539748116381185
ug,zh,0.6419167473378509,0.3515380853862793
tn,zh,0.1682242990654205,0.125886948385155
hyw,zh,0.6405010747906011,0.4308394239362365
pt,zh,0.5141818945599664,0.3229708962135362
mt,zh,0.1258918089045425,0.0912592499708409
mk,zh,0.5948529411764706,0.3731968904134076
bor,zh,0.2390528905289053,0.1235496351558945
he,zh,0.6072243216559425,0.3861453968984421
akk,zh,0.074159392175881,0.0943945614948621
ur,zh,0.4829123328380386,0.3680744763684064
sme,zh,0.161038961038961,0.1115776410727963
ja,zh,0.2244624727052485,0.1720046970388276
tr,zh,0.6430768017662829,0.3793733133487125
be,zh,0.6483612709532149,0.405312377863232
grc,zh,0.6191532755104328,0.3868563154900641
ckt,zh,0.2219137818419334,0.0894199131254504
hit,zh,0.0427807486631016,0.0630409130208878
sv,zh,0.5771477460467311,0.3624446573852516
cs,zh,0.5917563743212685,0.3747727766336315
fr,zh,0.4741003454405205,0.303752980457578
hi,zh,0.5624968359236572,0.3860572632405666
wuu,zh,0.6773455377574371,0.5411753705010527
sab,zh,0.2130482860302248,0.1053933511837209
ha,zh,0.209325977748328,0.0924063069600841
bej,zh,0.1563049117228683,0.0543651805394338
bn,zh,0.74375,0.4404258787169752
es,zh,0.5035265003093421,0.3145527520344582
orv,zh,0.4010010822510823,0.2749762496212411
or,zh,0.6598639455782312,0.4380363493846434
la,zh,0.4998550724637681,0.3587927931068575
sga,zh,0.0642523364485981,0.0760631020359022
koi,zh,0.2629051620648259,0.1259921648738644
ko,zh,0.6094497678320356,0.3595599352820389
it,zh,0.5080432079577246,0.3301347826220354
mpu,zh,0.0224719101123595,0.0610902255639097
zh,zh,0.8873128176947382,0.7455215443189497
xum,zh,0.0068846815834767,0.0094287981313577
ceb,zh,0.3384168482207698,0.2089229934935647
sl,zh,0.5584884162552222,0.3559862661547587
abq,zh,0.0168711656441717,0.0230298837079279
bxr,zh,0.4451091833682321,0.2773623914391243
gsw,zh,0.2519062142584826,0.17760178963325
