task_lang,transfer_lang,accuracy,f1_score
zh,af,0.2452,0.6028859229908378
kk,af,0.685,0.8078451215451217
ext,af,0.4,0.5756684981684981
mi,af,0.33,0.6902222222222223
map-bms,af,0.44,0.5567575757575757
tt,af,0.555,0.7702579254079255
simple,af,0.718,0.8671783033959505
so,af,0.58,0.7152380952380953
eu,af,0.6107,0.8149725321762861
eo,af,0.618,0.7761393352235999
arc,af,0.14,0.2848095238095238
gn,af,0.48,0.6533492063492063
vec,af,0.6,0.7226219336219337
ba,af,0.58,0.8136861471861472
bat-smg,af,0.55,0.6831666666666668
fy,af,0.703,0.8284451331262476
br,af,0.5,0.6639277003268489
ml,af,0.626,0.7736592179062768
ceb,af,0.52,0.6299563769563769
ur,af,0.499,0.7431642524142523
diq,af,0.5,0.6931349206349208
sr,af,0.403,0.6807268022070809
rm,af,0.52,0.7498563103563103
zh-yue,af,0.3224,0.6260614522019088
min,af,0.33,0.6114942279942279
sk,af,0.6268,0.8028647385217123
am,af,0.41,0.59
pl,af,0.6464,0.8260500006426322
bh,af,0.57,0.732995670995671
si,af,0.55,0.6796017316017315
sa,af,0.36,0.5294126984126983
ug,af,0.36,0.5145714285714286
ln,af,0.44,0.5828290043290043
fi,af,0.6714,0.8379138772089624
ksh,af,0.43,0.6586403508771929
ca,af,0.6691,0.8186621939395314
jbo,af,0.39,0.5109999999999999
la,af,0.552,0.6769571077615195
no,af,0.7006,0.8495957386550497
ta,af,0.493,0.7056349511599512
mzn,af,0.54,0.7533131313131313
az,af,0.6,0.7931426795426796
or,af,0.12,0.437021534021534
id,af,0.4953,0.667431781670342
vls,af,0.58,0.7759039294039295
mk,af,0.669,0.8317613642978967
hak,af,0.31,0.3661269841269841
io,af,0.66,0.74704329004329
mn,af,0.54,0.7528354978354979
vep,af,0.53,0.772904761904762
fr,af,0.6307,0.8210992891585538
ga,af,0.62,0.8120206199029728
bg,af,0.657,0.8008500996191631
lt,af,0.6788,0.8353422152134071
es,af,0.6636,0.8265296425736287
uz,af,0.557,0.7367044566544566
xmf,af,0.46,0.5788192918192918
ps,af,0.44,0.6407131757131757
sq,af,0.748,0.855618070818071
nap,af,0.57,0.7095438362806784
mt,af,0.62,0.8015826395826398
tg,af,0.66,0.8080631313131315
de,af,0.6418,0.8079776334767743
pdc,af,0.41,0.5853492063492064
sw,af,0.527,0.6473412412149254
pt,af,0.6129,0.7856872723458173
fo,af,0.61,0.7795344567712987
ckb,af,0.408,0.6293711399711399
sl,af,0.6766,0.8136805881356346
gu,af,0.53,0.7317458097458097
tk,af,0.56,0.6743051948051949
sh,af,0.7362,0.8368730743766039
sv,af,0.6443,0.8500636101763732
hy,af,0.49,0.6384729867999217
ast,af,0.617,0.8311646969044029
ce,af,0.38,0.7282026307026307
pnb,af,0.43,0.6044938949938949
km,af,0.41,0.5467380952380952
wuu,af,0.31,0.5823333333333334
be,af,0.685,0.8246414642375168
cy,af,0.566,0.7190945410196958
da,af,0.7029,0.8492025736131774
ilo,af,0.61,0.7208532023532024
it,af,0.6392,0.8205252527030933
lv,af,0.6379,0.7854052598270322
qu,af,0.58,0.6952469109837531
rw,af,0.62,0.7317178932178934
he,af,0.4505,0.7026250374814385
as,af,0.48,0.6684834054834053
ja,af,0.1263,0.4797061730624036
mg,af,0.44,0.7074357864357863
pa,af,0.48,0.6372958152958152
scn,af,0.59,0.7395885225885226
af,af,0.822,0.9142167047177108
th,af,0.0014,0.1438803821419378
fiu-vro,af,0.48,0.6925367965367966
an,af,0.739,0.8601418260875692
te,af,0.549,0.7117208791208791
oc,af,0.7,0.7601110001110001
sco,af,0.72,0.8276746031746031
bar,af,0.75,0.7999855699855699
ms,af,0.496,0.6408624693675777
uk,af,0.5413,0.7775233671514243
ay,af,0.44,0.4878874458874458
vo,af,0.38,0.4970555555555556
cdo,af,0.28,0.362
ia,af,0.43,0.6716311841753019
nn,af,0.688,0.8259894995355521
hu,af,0.6929,0.8461346342408881
zh-min-nan,af,0.3,0.4814609279609279
gan,af,0.43,0.5908333333333333
en,af,0.5208,0.7464300328936629
bs,af,0.6,0.8153120041551156
el,af,0.7224,0.8431514583679134
ace,af,0.38,0.6225740370740369
fa,af,0.3746,0.6721221924583844
bn,af,0.59,0.7343700328910855
ig,af,0.49,0.6044206349206349
kn,af,0.61,0.7563088023088023
hr,af,0.6427,0.8134263153564701
ko,af,0.3974,0.643909482574529
ar,af,0.4444,0.6792773090995692
nds,af,0.59,0.8276504329004329
eml,af,0.42,0.5528012455380876
ka,af,0.5596,0.7707864622924375
sah,af,0.47,0.5831391941391941
pms,af,0.47,0.7246125000730264
gl,af,0.7661,0.8656422156970995
li,af,0.62,0.7532680565048986
ru,af,0.5842,0.7496753669644769
yo,af,0.52,0.6163636363636364
ku,af,0.73,0.8147936507936508
et,af,0.6666,0.8359293497008669
csb,af,0.47,0.6592832080200501
mwl,af,0.38,0.694894438894439
be-x-old,af,0.631,0.7815847676918883
frr,af,0.48,0.6016190476190475
bo,af,0.33,0.3673333333333333
yi,af,0.54,0.6963968253968253
dv,af,0.46,0.6487806637806638
su,af,0.53,0.7073793983793983
os,af,0.46,0.7280634920634921
war,af,0.52,0.6941873681873681
mr,af,0.545,0.7431052374096492
crh,af,0.47,0.6568095238095237
is,af,0.682,0.8363360769347612
nov,af,0.65,0.8856305916305917
cs,af,0.638,0.8211607241666142
ro,af,0.5992,0.7847008440819586
cbk-zam,af,0.38,0.6506507936507937
szl,af,0.55,0.6632380952380953
hi,af,0.56,0.7329339466089466
co,af,0.56,0.642888888888889
vi,af,0.4805,0.7380548142139938
zea,af,0.62,0.7916212121212121
arz,af,0.48,0.7449413364413365
cv,af,0.46,0.7084186369186369
sd,af,0.39,0.6573124098124097
hsb,af,0.62,0.7663784461152882
zh-classical,af,0.23,0.5474973914973915
wa,af,0.47,0.6066189921189921
tr,af,0.7137,0.8461780979031289
my,af,0.48,0.7004083694083694
tl,af,0.618,0.7321691514196158
als,af,0.44,0.768817083501294
mhr,af,0.55,0.6640468975468976
lij,af,0.34,0.5309059829059829
ne,af,0.49,0.7852899322899323
lmo,af,0.44,0.7155865025926945
ky,af,0.43,0.6621629481629483
gd,af,0.57,0.6824632034632034
nl,af,0.6926,0.8326730886906353
fur,af,0.54,0.676273448773449
ang,af,0.57,0.6935163398692811
lb,af,0.604,0.7812251470751471
jv,af,0.55,0.7579797979797981
cbk-zam,ar,0.37,0.6707546897546898
wuu,ar,0.17,0.5235555555555554
eu,ar,0.5187,0.77251902063279
eml,ar,0.29,0.4628061660561661
szl,ar,0.44,0.5992222222222222
si,ar,0.63,0.7503982683982684
en,ar,0.4697,0.7308579370182621
ta,ar,0.428,0.7117387529137529
br,ar,0.413,0.6218837701342345
nds,ar,0.63,0.8248654123654124
rw,ar,0.47,0.6311312021312021
gd,ar,0.49,0.612010101010101
ml,ar,0.554,0.7596390269860858
bg,ar,0.6318,0.815284491454538
su,ar,0.33,0.6183058053058053
map-bms,ar,0.43,0.656857142857143
ba,ar,0.5,0.6980858585858586
pl,ar,0.5988,0.8164031998419538
gu,ar,0.36,0.6859880952380952
ka,ar,0.5318,0.7588646621721932
simple,ar,0.598,0.8056302212407476
fiu-vro,ar,0.31,0.5959285714285714
gan,ar,0.25,0.5813030303030302
arc,ar,0.01,0.2765850815850816
da,ar,0.615,0.8167227396262149
lij,ar,0.27,0.4910494505494505
lt,ar,0.6691,0.832447030530529
sco,ar,0.62,0.7682197247197248
sl,ar,0.6241,0.7815640127605453
mt,ar,0.51,0.7739486624486623
mhr,ar,0.23,0.5174212454212453
vo,ar,0.39,0.5094444444444445
scn,ar,0.55,0.7112466422466422
ar,ar,0.8347,0.9022560007132532
ku,ar,0.64,0.7697460317460317
et,ar,0.5587,0.7847785341292695
af,ar,0.551,0.7565502287959719
th,ar,0.1174,0.3236347129109281
vep,ar,0.51,0.7307847805788984
lmo,ar,0.4,0.7400832721629936
os,ar,0.32,0.6382502497502497
ga,ar,0.576,0.7980860722610723
mk,ar,0.551,0.784906301850884
ja,ar,0.1754,0.527742510471125
uz,ar,0.763,0.837004045954046
lb,ar,0.58,0.7733547018341135
mwl,ar,0.32,0.582974913974914
uk,ar,0.5898,0.7906711254878591
ckb,ar,0.598,0.7423209179709179
dv,ar,0.11,0.4502610722610722
pa,ar,0.49,0.7061855133170922
bar,ar,0.68,0.7834603174603175
fr,ar,0.5843,0.8127755429726793
my,ar,0.18,0.5773520923520923
qu,ar,0.5,0.6563127705627706
hsb,ar,0.49,0.705777417027417
hak,ar,0.22,0.3436349206349206
tl,ar,0.517,0.6873139703433822
nl,ar,0.6408,0.8266556005569939
hu,ar,0.5972,0.8107902059069242
min,ar,0.26,0.6491883116883117
tr,ar,0.6231,0.8091458162228209
ps,ar,0.29,0.58299555999556
zea,ar,0.47,0.6893434343434344
oc,ar,0.65,0.7426427461427462
ace,ar,0.23,0.4988354978354978
bat-smg,ar,0.43,0.5531587301587301
de,ar,0.5914,0.7983960947635096
bn,ar,0.679,0.7710980248337834
mi,ar,0.34,0.6613333333333332
zh,ar,0.2769,0.603223967290879
lv,ar,0.6058,0.7722843116197528
pms,ar,0.51,0.7349377028200559
cs,ar,0.5998,0.8075596300182446
ia,ar,0.44,0.6857398353280706
sk,ar,0.5965,0.8042599909773749
be-x-old,ar,0.56,0.7304339526314759
csb,ar,0.44,0.6459678932178932
ne,ar,0.42,0.7080555175818334
war,ar,0.47,0.6579464979464978
ro,ar,0.5015,0.7882560822064073
mzn,ar,0.38,0.6813143523143524
als,ar,0.41,0.6939558544310868
es,ar,0.6018,0.822810897645526
tt,ar,0.463,0.7423322525513701
zh-min-nan,ar,0.4,0.5277630572042337
io,ar,0.59,0.7103039738039739
as,ar,0.55,0.671187368187368
vec,ar,0.57,0.7290191197691197
ln,ar,0.4,0.5368650793650793
sd,ar,0.22,0.5931150516150516
mn,ar,0.54,0.7229297924297924
hy,ar,0.464,0.7453779397073514
co,ar,0.52,0.6551818181818182
el,ar,0.6577,0.8069844702975043
tk,ar,0.5,0.6606507936507937
be,ar,0.652,0.82163117467328
jv,ar,0.54,0.7681385281385282
hr,ar,0.5718,0.7843340379211431
bh,ar,0.47,0.6847734487734488
crh,ar,0.33,0.6001688311688311
ru,ar,0.404,0.691384801012541
yo,ar,0.53,0.6323997113997115
ceb,ar,0.51,0.6562769452769452
ilo,ar,0.52,0.6548130203130204
sv,ar,0.5466,0.8183514585560637
ext,ar,0.5,0.6531428571428571
kn,ar,0.5,0.701047619047619
vi,ar,0.5054,0.7653941483980415
te,ar,0.392,0.6647036659247185
sa,ar,0.23,0.5138253968253967
mg,ar,0.28,0.6464333999333998
jbo,ar,0.34,0.4513333333333332
ko,ar,0.3757,0.6488019878865543
am,ar,0.31,0.4790987345987346
sh,ar,0.4742,0.7270029215048797
nap,ar,0.48,0.6084166666666666
he,ar,0.507,0.7387828616086355
mr,ar,0.564,0.776096000404824
ang,ar,0.4,0.6069343434343434
la,ar,0.633,0.7855043234543234
kk,ar,0.331,0.7036279109779109
hi,ar,0.62,0.7520747947958474
cy,ar,0.473,0.7374827945016799
fur,ar,0.43,0.6061464646464646
ur,ar,0.571,0.7465918341462459
is,ar,0.554,0.7812626900876901
pt,ar,0.5893,0.7953304821494296
cv,ar,0.47,0.7293128538128538
diq,ar,0.39,0.6068448773448772
id,ar,0.4085,0.659110086236433
it,ar,0.5945,0.8155076330240106
frr,ar,0.38,0.5896190476190476
fo,ar,0.56,0.7760759430627852
bo,ar,0.0,0.1727857142857142
fy,ar,0.603,0.7750997905517255
az,ar,0.564,0.7698091021723374
nov,ar,0.31,0.7138467023172906
cdo,ar,0.1,0.2661875901875902
ky,ar,0.32,0.5886378066378066
ksh,ar,0.4,0.631829365079365
an,ar,0.592,0.8233859973359975
bs,ar,0.555,0.7878141466204934
ig,ar,0.38,0.5437965367965368
sah,ar,0.39,0.5413095238095238
so,ar,0.46,0.6543333333333333
vls,ar,0.55,0.8001110001110001
ms,ar,0.484,0.6807134703359936
li,ar,0.53,0.7375263347763348
or,ar,0.08,0.3147853535353535
pnb,ar,0.67,0.7403322788322788
sr,ar,0.5813,0.82539765262773
zh-yue,ar,0.3604,0.6075044739617107
xmf,ar,0.48,0.6853369408369409
fi,ar,0.5493,0.7962145172302758
wa,ar,0.32,0.4736190476190475
sw,ar,0.412,0.6223714509346862
nn,ar,0.579,0.7931569177210818
pdc,ar,0.41,0.6090238095238095
ce,ar,0.12,0.526141081141081
gn,ar,0.5,0.6170714285714286
ca,ar,0.6703,0.8440814135572029
yi,ar,0.3,0.6106984126984127
gl,ar,0.6548,0.8341225106515432
ast,ar,0.668,0.8240284617171615
sq,ar,0.695,0.8550518319743553
ay,ar,0.53,0.6071744921744922
arz,ar,0.6,0.7742062382062384
eo,ar,0.5647,0.7575623757434516
fa,ar,0.5435,0.8257767859325057
no,ar,0.5952,0.8049592196546144
tg,ar,0.45,0.7165566567934989
zh-classical,ar,0.45,0.5825715264267896
km,ar,0.14,0.4558809523809523
rm,ar,0.49,0.6750991165697049
ug,ar,0.12,0.3842171717171717
pms,az,0.53,0.7335999207191157
ky,az,0.4,0.6221190476190476
te,az,0.536,0.7022380898341426
ca,az,0.6202,0.7947805261018651
scn,az,0.56,0.7400529470529471
mt,az,0.49,0.7855080213903745
mhr,az,0.39,0.6261940836940838
cv,az,0.6,0.7886752136752136
be-x-old,az,0.533,0.716373310375555
jv,az,0.52,0.7226215940921824
eu,az,0.5496,0.7924740345310005
mwl,az,0.3,0.6092080142080142
vec,az,0.53,0.7246050732892837
pa,az,0.48,0.6653100608541785
he,az,0.4127,0.6891069171755316
lb,az,0.456,0.6995807888190241
an,az,0.669,0.7892090937871897
simple,az,0.555,0.7846013294926608
co,az,0.58,0.6563150183150184
pnb,az,0.6,0.7164999999999999
lmo,az,0.36,0.6859504238451608
af,az,0.528,0.7440932428510602
bh,az,0.57,0.7280785325785325
ro,az,0.5412,0.7767860492294083
gd,az,0.35,0.517027417027417
eo,az,0.5239,0.7404017047830052
ka,az,0.5848,0.7827782646541624
qu,az,0.5,0.6142752715121136
os,az,0.33,0.6288520923520923
diq,az,0.31,0.5512698412698412
fo,az,0.52,0.7576053770790614
vo,az,0.38,0.5102222222222221
my,az,0.23,0.6049637551990493
bg,az,0.5446,0.7561938085950857
tl,az,0.527,0.6787870568801684
tk,az,0.59,0.6981536796536797
pdc,az,0.4,0.5514682539682539
uz,az,0.781,0.8386293706293707
en,az,0.3846,0.6913314625862614
ku,az,0.63,0.7647258297258297
ms,az,0.429,0.5843230876364778
ug,az,0.42,0.5841269841269842
cy,az,0.483,0.6731998310513015
rw,az,0.56,0.6844657499363381
kn,az,0.61,0.7459126984126985
ceb,az,0.61,0.7164281566386831
ko,az,0.3458,0.6131503875656508
hak,az,0.31,0.4120793650793651
csb,az,0.43,0.5830561017929439
rm,az,0.55,0.7319886224886224
et,az,0.5515,0.7730045785466684
tt,az,0.612,0.8145799770147294
mk,az,0.594,0.7879811331942912
gan,az,0.33,0.5995555555555555
ce,az,0.15,0.6468863913863914
sl,az,0.5057,0.7178683263013217
hy,az,0.56,0.7256004582019289
fr,az,0.5414,0.7643069504953252
ilo,az,0.46,0.6464709179709179
gl,az,0.6344,0.7901223795975267
bar,az,0.59,0.7308492063492064
zea,az,0.45,0.6874025974025976
als,az,0.36,0.7357244739264864
io,az,0.5,0.6590396825396826
gu,az,0.56,0.7600536685536686
mi,az,0.35,0.6601459096459097
fy,az,0.554,0.7586375129256707
bs,az,0.558,0.7898855644699299
ig,az,0.49,0.5916298701298701
mg,az,0.39,0.7877069597069597
ga,az,0.541,0.7522206886766485
sw,az,0.475,0.6318079103730806
fiu-vro,az,0.43,0.6716562261268144
ne,az,0.46,0.7563505807917572
map-bms,az,0.49,0.6115238095238095
ia,az,0.43,0.6615301104124633
eml,az,0.36,0.5134760152128574
hi,az,0.629,0.7852366468326994
zh,az,0.2482,0.6311862872842672
ext,az,0.35,0.5031777111777113
ba,az,0.64,0.7685707070707071
tr,az,0.6118,0.797010909315143
no,az,0.5896,0.7896983620344223
bn,az,0.638,0.7380092075623036
fa,az,0.614,0.8009984324232698
ang,az,0.46,0.589717971399086
hu,az,0.571,0.7979296685143202
ln,az,0.43,0.5360722545428428
ace,az,0.32,0.535019203019203
mn,az,0.58,0.750068931068931
oc,az,0.54,0.6948619158619158
war,az,0.57,0.7256665556665556
nds,az,0.48,0.7246825396825399
vi,az,0.455,0.7413525297939075
bo,az,0.14,0.2813333333333333
lt,az,0.5875,0.7856829931377531
fur,az,0.46,0.5916642246642246
be,az,0.581,0.7777648683016329
nov,az,0.49,0.7766227400050931
zh-min-nan,az,0.38,0.5254474136974137
si,az,0.49,0.6717697302697303
lij,az,0.36,0.5828744311244312
arz,az,0.52,0.7495885225885226
li,az,0.63,0.7509455456823879
or,az,0.27,0.5727068487068486
vls,az,0.52,0.7405497835497834
vep,az,0.32,0.6701945569050832
cbk-zam,az,0.32,0.6811451326451327
sh,az,0.5087,0.7104521525799622
uk,az,0.5598,0.7936755035770903
su,az,0.29,0.6117240537240537
id,az,0.3621,0.632587291196076
pl,az,0.5306,0.7710364774613071
sd,az,0.4,0.7325805305805306
la,az,0.58,0.7786091884895291
arc,az,0.17,0.3129761904761905
sk,az,0.621,0.8152929591701727
th,az,0.0898,0.3122747613128185
min,az,0.24,0.6024992784992784
crh,az,0.55,0.7137860472860473
ml,az,0.63,0.7877698828948828
zh-yue,az,0.2798,0.6250608506526153
am,az,0.41,0.5746298701298701
it,az,0.4666,0.7431682428871438
sr,az,0.5337,0.7462204724240328
nn,az,0.586,0.781520786368774
nl,az,0.5845,0.7894635132583274
hr,az,0.5313,0.7665434177956546
hsb,az,0.36,0.6443047975416397
ay,az,0.54,0.59882326007326
ps,az,0.46,0.6616287601287602
ru,az,0.3957,0.6818014053799658
yi,az,0.37,0.6290396825396826
as,az,0.49,0.6389962844173369
da,az,0.5737,0.785409247102227
tg,az,0.49,0.721823953823954
ckb,az,0.562,0.7127796203796204
lv,az,0.5268,0.7333730303485644
zh-classical,az,0.23,0.5723433641521877
ksh,az,0.38,0.5833475325843747
br,az,0.387,0.5895083840222385
ar,az,0.4841,0.7235018105741867
km,az,0.26,0.4675531135531136
jbo,az,0.33,0.431
mr,az,0.604,0.7780605137724333
cdo,az,0.23,0.378712692536222
yo,az,0.37,0.5257128427128427
so,az,0.63,0.7079047619047618
is,az,0.535,0.771150001898686
sv,az,0.7101,0.8802798385627101
bat-smg,az,0.58,0.6687936507936507
sa,az,0.38,0.5939920634920635
mzn,az,0.21,0.6675639915639916
ur,az,0.517,0.7517281842340665
ja,az,0.1651,0.5572417969586313
nap,az,0.55,0.6889301166669587
es,az,0.6033,0.7848161793005757
az,az,0.824,0.9083107581788696
fi,az,0.5357,0.7750420612866665
sco,az,0.49,0.705508547008547
sq,az,0.614,0.8123327122224182
frr,az,0.46,0.5769523809523809
ta,az,0.503,0.7269652014652015
szl,az,0.48,0.6088968253968254
pt,az,0.578,0.7611314685426372
wuu,az,0.26,0.5581904761904761
ast,az,0.669,0.8005808488553071
cs,az,0.5039,0.7637728220687122
de,az,0.619,0.8050176085756349
kk,az,0.457,0.7294100843600843
wa,az,0.36,0.4528717948717948
xmf,az,0.48,0.6166111111111111
sah,az,0.59,0.7050329670329671
dv,az,0.36,0.5850010822510822
el,az,0.6417,0.7908622809440301
gn,az,0.49,0.608027306027306
or,be,0.15,0.4564009324009324
zh-classical,be,0.22,0.5409670264376146
ang,be,0.54,0.6699180303700427
hr,be,0.6301,0.8070117352100943
kn,be,0.55,0.7123290043290044
ba,be,0.57,0.7164718614718615
fur,be,0.53,0.6611868686868686
sk,be,0.6016,0.7856766877463781
te,be,0.518,0.6893130480630479
ksh,be,0.49,0.684761544011544
rw,be,0.62,0.7263326118326119
et,be,0.6291,0.817554817607573
mi,be,0.35,0.6740769230769231
gd,be,0.57,0.6591268731268731
lb,be,0.616,0.7817735078904583
mt,be,0.6,0.7470909090909091
rm,be,0.6,0.7459096459096459
nap,be,0.56,0.678056166056166
nds,be,0.62,0.7920135975135976
arz,be,0.54,0.7332063492063492
br,be,0.463,0.6349430190122916
ku,be,0.67,0.7851746031746032
ms,be,0.453,0.6262765275402273
ta,be,0.472,0.6822344198113548
arc,be,0.04,0.2872655122655122
mk,be,0.561,0.7567718546073808
el,be,0.6744,0.7976467631920883
sl,be,0.6724,0.8085890937983584
zea,be,0.61,0.7368412698412699
ky,be,0.5,0.6676984126984127
ast,be,0.707,0.8491202108177341
frr,be,0.53,0.6369523809523809
mn,be,0.53,0.745984701572937
ug,be,0.45,0.5450079365079364
ckb,be,0.55,0.6797630036630037
de,be,0.5878,0.7844335553473014
es,be,0.5157,0.7449262423438274
hsb,be,0.64,0.7948178210678211
bh,be,0.59,0.6779381174381175
ln,be,0.45,0.592311570782159
bar,be,0.67,0.741170634920635
tt,be,0.591,0.7757736182118535
fiu-vro,be,0.51,0.6784456034161918
is,be,0.63,0.805775727050727
ko,be,0.432,0.6584458129770127
ps,be,0.5,0.6421959151959151
bg,be,0.6621,0.8044308098600745
li,be,0.47,0.6588957431457432
vls,be,0.54,0.7613172383172383
tg,be,0.66,0.7795484254307784
eml,be,0.44,0.6038318070818071
sq,be,0.739,0.865950479568591
si,be,0.66,0.7666825396825396
bn,be,0.653,0.7429292416218114
ru,be,0.5851,0.7321436428982094
oc,be,0.55,0.6624962814962815
ca,be,0.648,0.8109311085869755
no,be,0.5922,0.7919982752644672
mwl,be,0.5,0.6853473748473747
crh,be,0.51,0.6578513708513708
ace,be,0.37,0.5574047619047618
wuu,be,0.28,0.5308888888888889
da,be,0.6593,0.829754985130109
yi,be,0.41,0.6597360972360973
sco,be,0.59,0.7723787878787879
sw,be,0.459,0.6312431091182639
th,be,0.0604,0.2724254173208972
cv,be,0.54,0.7426678876678875
sv,be,0.5686,0.8275592246857032
vo,be,0.33,0.4313492063492062
am,be,0.33,0.5216594516594517
scn,be,0.56,0.7527898212898214
pl,be,0.6162,0.8155063314540636
pa,be,0.56,0.6840187590187591
uz,be,0.528,0.69743894993895
be,be,0.864,0.9292048781369988
ro,be,0.6046,0.7973163029892365
vec,be,0.52,0.7232242757242757
ml,be,0.606,0.7530326678223737
hy,be,0.346,0.6150498891459418
io,be,0.69,0.7724663114663115
ay,be,0.38,0.4413791208791208
bo,be,0.04,0.220095238095238
dv,be,0.42,0.6224033189033189
min,be,0.3,0.5898354978354978
eo,be,0.5475,0.7554143969953335
as,be,0.54,0.6479131979131978
fa,be,0.3746,0.7038202827332626
gan,be,0.32,0.5672051282051281
diq,be,0.44,0.689969363969364
cdo,be,0.25,0.3548444300797241
kk,be,0.397,0.7403341687552214
fr,be,0.5579,0.7902658860094154
ia,be,0.51,0.6864577285459638
km,be,0.31,0.4860714285714285
sd,be,0.42,0.7035505050505051
so,be,0.61,0.7255238095238095
wa,be,0.51,0.6201580086580087
ceb,be,0.5,0.6344487473311002
fy,be,0.615,0.7712739536950837
ne,be,0.65,0.8458454878454877
sr,be,0.4334,0.6816570759512245
la,be,0.543,0.6779273971642393
sa,be,0.17,0.3267388167388166
gl,be,0.6681,0.8253489581385249
sh,be,0.5012,0.6511509197158192
zh-min-nan,be,0.36,0.528792957042957
ga,be,0.53,0.7684449276815376
pms,be,0.45,0.7143380508380508
zh-yue,be,0.3212,0.64259566265348
mzn,be,0.48,0.7328008658008658
szl,be,0.56,0.6391904761904762
map-bms,be,0.47,0.5881904761904762
csb,be,0.45,0.6600820568320569
cs,be,0.602,0.8027823641056226
pt,be,0.5326,0.7523584632404059
ja,be,0.1143,0.5320696913775939
sah,be,0.53,0.6777899877899878
uk,be,0.6696,0.8493144772487574
co,be,0.61,0.6942813852813853
vep,be,0.57,0.7720206197311461
he,be,0.4545,0.7078107157342143
eu,be,0.5307,0.7777077785888002
os,be,0.41,0.685934065934066
lij,be,0.45,0.5921277056277056
xmf,be,0.53,0.711866910866911
en,be,0.4687,0.7307422864880218
nl,be,0.6168,0.7983344155560641
be-x-old,be,0.693,0.8246709662714307
gn,be,0.52,0.6545634920634922
ka,be,0.5939,0.7918879967349473
mr,be,0.561,0.737566946941947
ur,be,0.455,0.6842763986013985
war,be,0.52,0.7071629481629482
ce,be,0.35,0.6657666777666779
lv,be,0.6173,0.7923494496439233
nn,be,0.594,0.7889695999906525
id,be,0.4079,0.636150487243235
ar,be,0.4675,0.6755074948744066
simple,be,0.633,0.8319736543985771
yo,be,0.35,0.4281962481962482
hi,be,0.572,0.7528636365096891
zh,be,0.2246,0.6091525486991508
fi,be,0.5832,0.8111672131325846
tk,be,0.64,0.729930735930736
ig,be,0.54,0.6651695526695527
mhr,be,0.52,0.65504329004329
qu,be,0.63,0.7531930014430014
nov,be,0.63,0.8580453990453991
it,be,0.586,0.7941333529946146
an,be,0.618,0.7531331473651907
jv,be,0.51,0.7345179265179266
tr,be,0.6002,0.7768995878424981
az,be,0.543,0.772149833791939
bs,be,0.608,0.8062043682495696
my,be,0.29,0.622008658008658
ext,be,0.4,0.5388051948051948
cbk-zam,be,0.53,0.7121216136804371
vi,be,0.439,0.7432862818373577
su,be,0.44,0.704837285521496
pdc,be,0.46,0.5905396825396826
pnb,be,0.57,0.6658423798423798
hu,be,0.6151,0.8121977140437823
lt,be,0.6802,0.8328378127754597
cy,be,0.526,0.7746323591441238
af,be,0.606,0.7852092152945094
bat-smg,be,0.63,0.7278888888888889
tl,be,0.634,0.7800191734564026
gu,be,0.5,0.7345860250860251
lmo,be,0.37,0.7098040015540016
als,be,0.42,0.7574170515586925
mg,be,0.57,0.8126362526362524
ilo,be,0.65,0.7795044137149401
jbo,be,0.46,0.5579999999999999
fo,be,0.62,0.785829365079365
hak,be,0.31,0.3545
bs,bg,0.652,0.8318839977446015
br,bg,0.514,0.6632274178521856
szl,bg,0.59,0.6744401154401154
cs,bg,0.7021,0.8393675537714779
pl,bg,0.7125,0.853356625259845
he,bg,0.4874,0.7330119789524201
bo,bg,0.1,0.2300238095238095
vo,bg,0.58,0.5968888888888889
vep,bg,0.57,0.7647335179440443
ast,bg,0.779,0.8479057648062291
sw,bg,0.54,0.6270720254891308
yi,bg,0.44,0.7002460317460318
sh,bg,0.5061,0.7500282579228477
ckb,bg,0.507,0.6734193972693974
war,bg,0.52,0.6767142857142858
sco,bg,0.73,0.813011544011544
hy,bg,0.476,0.6678752568123311
io,bg,0.74,0.8200261960261961
es,bg,0.715,0.8258309071664491
pt,bg,0.6996,0.8164145603673932
fur,bg,0.53,0.6468900543900544
so,bg,0.66,0.7255873015873016
lij,bg,0.35,0.5206358918858919
li,bg,0.67,0.764789321789322
lt,bg,0.7305,0.8554249057590158
ceb,bg,0.52,0.6084150294150295
mk,bg,0.746,0.8434509381141734
cbk-zam,bg,0.53,0.7203028083028085
eu,bg,0.5937,0.8070570500397435
tl,bg,0.585,0.7060368545455232
zh,bg,0.3156,0.6608203197816975
lb,bg,0.657,0.7906296755532051
nl,bg,0.7415,0.8553899268945708
ia,bg,0.51,0.650477355977356
as,bg,0.45,0.5827190032190032
hu,bg,0.6981,0.8402457063438796
tk,bg,0.58,0.7294761904761904
ca,bg,0.7896,0.8697337648179134
eml,bg,0.49,0.5708771506271506
ky,bg,0.52,0.7164559884559885
mg,bg,0.36,0.6696782106782105
sk,bg,0.758,0.8674274427894089
hi,bg,0.656,0.7678548007548008
uz,bg,0.777,0.8451627483627483
cv,bg,0.59,0.7661387778887778
pms,bg,0.6,0.7544478397419573
diq,bg,0.5,0.6726940836940838
kk,bg,0.459,0.7568381508842035
fo,bg,0.67,0.8024282106782107
gn,bg,0.49,0.6039126984126983
mt,bg,0.63,0.8445858585858584
ilo,bg,0.69,0.7836810966810969
et,bg,0.688,0.8330932795996574
ja,bg,0.1886,0.5344664821160952
az,bg,0.612,0.7980648194942311
wuu,bg,0.31,0.5507777777777777
oc,bg,0.67,0.7260994560994561
be,bg,0.738,0.8528688231531112
nn,bg,0.713,0.8346001221258961
mi,bg,0.29,0.6053092463092463
sl,bg,0.7552,0.8637747982890862
hsb,bg,0.69,0.8296940836940837
jv,bg,0.65,0.7814126984126983
ka,bg,0.6945,0.8360506983307372
scn,bg,0.59,0.7076396381396381
bar,bg,0.72,0.7390079365079365
tr,bg,0.68,0.8135537883530298
en,bg,0.5612,0.7513464108114107
be-x-old,bg,0.714,0.8126896955383798
csb,bg,0.46,0.6137631257631257
mn,bg,0.65,0.7935164835164835
jbo,bg,0.4,0.4674896214896215
no,bg,0.7031,0.8413715518365363
cy,bg,0.579,0.7090766568398922
xmf,bg,0.48,0.63382278179337
als,bg,0.5,0.8000161701044054
de,bg,0.6863,0.8184872506406562
ug,bg,0.4,0.5118434343434344
arz,bg,0.57,0.741465145965146
or,bg,0.26,0.5128088023088022
vi,bg,0.518,0.7389271410727216
ang,bg,0.49,0.5952282695804367
qu,bg,0.66,0.739995670995671
su,bg,0.43,0.6547373737373738
ru,bg,0.7027,0.8167229837190674
fi,bg,0.6612,0.83505430937054
map-bms,bg,0.43,0.5179523809523809
crh,bg,0.48,0.6403730158730159
te,bg,0.538,0.7143901108695226
nds,bg,0.7,0.8357777777777778
tg,bg,0.68,0.8275130718954248
lmo,bg,0.42,0.7527761791012564
min,bg,0.29,0.58005772005772
pa,bg,0.49,0.6500870007185797
cdo,bg,0.25,0.3116405228758169
arc,bg,0.06,0.2223311688311688
ar,bg,0.5397,0.7404767287494068
bg,bg,0.8555,0.9243118134961016
af,bg,0.674,0.8154019092019092
eo,bg,0.6338,0.7843224712946153
ga,bg,0.614,0.776919641761747
lv,bg,0.6379,0.7901126233810908
zea,bg,0.52,0.6994430014430014
ms,bg,0.512,0.6789089033515504
sr,bg,0.6027,0.8211681540329296
hr,bg,0.6634,0.8273908203586919
ml,bg,0.661,0.7733423803578602
mr,bg,0.635,0.7770582021951217
ay,bg,0.35,0.3817661227661227
da,bg,0.754,0.8680498150198614
simple,bg,0.699,0.8357065602096562
gan,bg,0.33,0.5036666666666667
uk,bg,0.7104,0.8597984657464997
bh,bg,0.66,0.7667359307359308
sq,bg,0.783,0.877778079436903
ne,bg,0.56,0.8017171717171716
ro,bg,0.6289,0.7918837746498428
vls,bg,0.59,0.7601890331890331
la,bg,0.773,0.855411118516846
bat-smg,bg,0.44,0.5598253968253968
co,bg,0.64,0.7001538461538462
gd,bg,0.47,0.6002049062049062
dv,bg,0.38,0.5587625152625152
vec,bg,0.62,0.7247215007215008
bn,bg,0.671,0.742254954685837
ig,bg,0.47,0.6106560106560107
sa,bg,0.25,0.4439473304473303
ksh,bg,0.46,0.6446904761904761
el,bg,0.7435,0.8324224421536496
an,bg,0.741,0.8210077442165677
hak,bg,0.3,0.3392222222222222
fiu-vro,bg,0.45,0.6191217050922934
km,bg,0.33,0.4984285714285714
ce,bg,0.33,0.6252971195471195
fy,bg,0.701,0.8143367653416415
fa,bg,0.565,0.7680771122376077
ta,bg,0.557,0.7411596401964049
tt,bg,0.596,0.7799834346424129
zh-classical,bg,0.31,0.5473744277738085
pdc,bg,0.44,0.5671673881673882
nov,bg,0.64,0.8722740592740594
zh-min-nan,bg,0.3,0.4350667388167387
os,bg,0.42,0.7054126984126984
id,bg,0.4347,0.692645256708376
ba,bg,0.62,0.817915750915751
ext,bg,0.57,0.6798164613164613
sah,bg,0.55,0.6790689223057643
si,bg,0.6,0.6757892107892108
is,bg,0.696,0.8323259768009769
mwl,bg,0.46,0.6811132690838572
rw,bg,0.64,0.7447332112332112
sv,bg,0.7122,0.871050096367341
ace,bg,0.3,0.4999415584415584
ko,bg,0.4768,0.6810595293028264
mhr,bg,0.6,0.7197863247863248
sd,bg,0.32,0.6375555555555554
ps,bg,0.5,0.6511727716727717
th,bg,0.1189,0.3485209963754855
wa,bg,0.5,0.5935035014005602
ku,bg,0.67,0.7642178932178934
ln,bg,0.44,0.5510204729910613
it,bg,0.7083,0.8482079619761044
zh-yue,bg,0.3589,0.6336082187394649
gl,bg,0.77,0.8583692954070353
am,bg,0.38,0.5191789321789322
mzn,bg,0.41,0.7176000666000667
nap,bg,0.62,0.7405252525252526
pnb,bg,0.61,0.7038026973026973
kn,bg,0.56,0.7180903540903542
yo,bg,0.53,0.6226103896103897
frr,bg,0.5,0.5627142857142856
gu,bg,0.54,0.7545380686564895
fr,bg,0.685,0.8136421444396678
rm,bg,0.52,0.6709032079032079
ur,bg,0.578,0.756055377577359
my,bg,0.33,0.6323181393769628
ace,bn,0.09,0.444051282051282
cbk-zam,bn,0.08,0.4774437229437229
hu,bn,0.3916,0.6605249177860324
so,bn,0.19,0.4641428571428571
be,bn,0.485,0.71231542850854
id,bn,0.5255,0.7256664113097084
pdc,bn,0.17,0.4573888888888888
ro,bn,0.3931,0.7058875761639462
cs,bn,0.3956,0.6743748336673647
pnb,bn,0.59,0.6969621489621489
hsb,bn,0.42,0.6723106338106338
ky,bn,0.29,0.5381738816738817
or,bn,0.11,0.5264652598863124
sk,bn,0.3844,0.6630449866911554
es,bn,0.4395,0.744631220090539
pa,bn,0.47,0.7476540779481957
fi,bn,0.424,0.6746751807239887
eml,bn,0.14,0.4058656898656898
mwl,bn,0.13,0.4071275946275945
su,bn,0.35,0.5912902930402931
wa,bn,0.16,0.4573539173245055
ko,bn,0.2956,0.5913305412200459
io,bn,0.36,0.5618131313131313
tt,bn,0.377,0.6840700186466441
scn,bn,0.36,0.591952380952381
de,bn,0.3936,0.6693226809001113
mhr,bn,0.22,0.5170662670662671
kn,bn,0.4,0.6123174603174604
mk,bn,0.384,0.6733453611661816
bar,bn,0.46,0.5737777777777777
sl,bn,0.4588,0.6746674702963015
tk,bn,0.23,0.5003333333333333
bat-smg,bn,0.41,0.5820079365079365
ay,bn,0.19,0.3711481851481851
mr,bn,0.381,0.7147547370414243
tl,bn,0.415,0.6413506836300954
ug,bn,0.06,0.3751904761904761
nn,bn,0.366,0.6255286020996547
eo,bn,0.4517,0.6606219951831794
nov,bn,0.2,0.4540361599185127
ce,bn,0.35,0.6598328893328894
af,bn,0.388,0.6581523960301825
ms,bn,0.346,0.6593615688061509
oc,bn,0.55,0.7270901875901876
no,bn,0.3867,0.6483488038689896
diq,bn,0.37,0.5698748473748474
sd,bn,0.17,0.552033189033189
yi,bn,0.22,0.5878250638250637
lb,bn,0.417,0.6602476332147384
ga,bn,0.37,0.675693930940061
sh,bn,0.4743,0.7234910530628642
vls,bn,0.33,0.6035732535438417
jv,bn,0.45,0.6761763236763236
ln,bn,0.23,0.4346984126984127
gd,bn,0.3,0.499517316017316
is,bn,0.355,0.6277540655251183
fy,bn,0.391,0.6647318415932193
bs,bn,0.36,0.6307151867052796
nl,bn,0.3828,0.6562761419600351
ext,bn,0.11,0.3555436785436785
kk,bn,0.29,0.6566752192252192
arz,bn,0.47,0.7351179931179931
jbo,bn,0.12,0.3488253968253968
co,bn,0.1,0.5017792207792208
sv,bn,0.279,0.6119969069312181
hak,bn,0.07,0.2708412698412698
km,bn,0.06,0.37
mi,bn,0.07,0.4969105339105338
ml,bn,0.52,0.7099666173695586
min,bn,0.08,0.4909898989898989
ru,bn,0.3445,0.5920849845922911
gl,bn,0.4597,0.7319958105748741
an,bn,0.437,0.7140324508824509
mzn,bn,0.43,0.7058412698412699
fo,bn,0.31,0.5517611832611832
vep,bn,0.4,0.6209227994227994
gan,bn,0.11,0.3752698412698412
ia,bn,0.16,0.4869949070537304
fur,bn,0.2,0.5083730158730159
eu,bn,0.3647,0.6529478132995314
br,bn,0.285,0.5023577213636037
cdo,bn,0.12,0.2819285714285714
ps,bn,0.19,0.4901926406926407
ka,bn,0.3631,0.6576019170286198
hy,bn,0.319,0.6330970748034215
lmo,bn,0.27,0.529051249919671
bn,bn,0.916,0.9580517738797152
wuu,bn,0.04,0.4096349206349206
arc,bn,0.04,0.3493730158730158
gu,bn,0.38,0.641047152194211
it,bn,0.4274,0.7089010005637637
sco,bn,0.49,0.711126984126984
zh-min-nan,bn,0.36,0.4618979076479077
sah,bn,0.48,0.6822869352869351
nds,bn,0.47,0.6846047024870555
zea,bn,0.26,0.5527222222222222
sw,bn,0.305,0.5576669996669997
vi,bn,0.3642,0.680775163970876
et,bn,0.4358,0.6926883540195615
hi,bn,0.547,0.7534229890852182
uz,bn,0.638,0.8151743534243534
ja,bn,0.1151,0.499270058734695
pl,bn,0.3625,0.6562141690679462
bo,bn,0.0,0.1623333333333333
he,bn,0.2821,0.6187526081211531
my,bn,0.22,0.6031558441558441
als,bn,0.32,0.5332212181523327
rw,bn,0.11,0.5164206349206348
map-bms,bn,0.18,0.4283809523809523
rm,bn,0.28,0.5584722222222223
am,bn,0.34,0.4806349206349206
vec,bn,0.43,0.6557611832611832
frr,bn,0.15,0.4113809523809524
sa,bn,0.09,0.4787698412698412
ku,bn,0.54,0.7193174603174604
th,bn,0.0145,0.2512022873377053
yo,bn,0.43,0.5856535686535687
szl,bn,0.19,0.4353968253968254
ckb,bn,0.616,0.7192720668220669
ba,bn,0.41,0.6594978354978355
cv,bn,0.51,0.7408516483516483
fr,bn,0.4182,0.7186511093576186
mg,bn,0.38,0.5722294372294372
en,bn,0.3464,0.6745078709207889
ilo,bn,0.4,0.6270192585192584
fa,bn,0.3913,0.767151102774934
uk,bn,0.4173,0.7197198391941735
gn,bn,0.26,0.5258095238095237
vo,bn,0.36,0.4396825396825397
lij,bn,0.13,0.4148903318903318
ast,bn,0.516,0.7372662006208446
be-x-old,bn,0.377,0.6188063622050464
la,bn,0.421,0.6541214618714618
tg,bn,0.51,0.7338192363192363
as,bn,0.69,0.755079254079254
el,bn,0.3954,0.6529957144824561
ig,bn,0.09,0.4617222222222221
ceb,bn,0.31,0.5400103230103229
tr,bn,0.5014,0.7375854801974772
zh-classical,bn,0.25,0.5194086191586191
pt,bn,0.4122,0.707492700340595
ca,bn,0.4528,0.7243522756320047
mt,bn,0.38,0.6326461316461317
xmf,bn,0.27,0.5938925796425796
os,bn,0.37,0.6379516594516594
ang,bn,0.19,0.4976017316017315
ksh,bn,0.16,0.4831349206349206
zh-yue,bn,0.2488,0.5529361297483046
az,bn,0.401,0.6581292764425118
li,bn,0.36,0.6037849927849928
nap,bn,0.28,0.5531605616605616
cy,bn,0.311,0.5419911643911643
lv,bn,0.4948,0.6900074673924287
qu,bn,0.49,0.6537911532911533
da,bn,0.419,0.6741640769868247
ar,bn,0.502,0.7288489249905581
ta,bn,0.348,0.6489048848210612
ne,bn,0.54,0.8070116579327106
bg,bn,0.3836,0.6553714710659139
bh,bn,0.17,0.5778001443001443
simple,bn,0.391,0.7094447137657665
csb,bn,0.11,0.4369126984126984
dv,bn,0.1,0.4206818181818181
sq,bn,0.509,0.6957379985855219
hr,bn,0.3712,0.6264351980028915
zh,bn,0.1962,0.5552617943760746
te,bn,0.304,0.6148964995101219
pms,bn,0.34,0.6115207700795936
si,bn,0.46,0.6922856032856032
sr,bn,0.4071,0.6683764624728556
mn,bn,0.48,0.6969198024198026
crh,bn,0.23,0.5029761904761905
ur,bn,0.316,0.7482342934842934
war,bn,0.44,0.6348540348540349
lt,bn,0.4644,0.6931485169259705
fiu-vro,bn,0.21,0.523997113997114
kk,bs,0.602,0.7932317194501404
bat-smg,bs,0.59,0.6881111111111111
tt,bs,0.654,0.8000422357054711
tg,bs,0.71,0.8149358713182242
no,bs,0.679,0.8240915377450209
gl,bs,0.7423,0.8417481605236867
co,bs,0.57,0.6402222222222221
sk,bs,0.7333,0.8707680588305744
hak,bs,0.35,0.4325873015873015
eml,bs,0.43,0.5620458152958153
zea,bs,0.61,0.7337344877344877
cy,bs,0.552,0.7243829449360409
zh-yue,bs,0.2569,0.5845992093578936
ur,bs,0.493,0.7094329497300087
pdc,bs,0.45,0.583404761904762
lij,bs,0.43,0.6366962759462759
vep,bs,0.6,0.7590956280561544
pms,bs,0.65,0.7986769352078951
or,bs,0.2,0.4209761904761905
tr,bs,0.6823,0.8188537441179393
fy,bs,0.677,0.8054073839387307
tk,bs,0.57,0.6657518037518038
km,bs,0.33,0.5225793650793651
nl,bs,0.6817,0.8178610083234619
az,bs,0.594,0.7875441373985492
ca,bs,0.6644,0.7881713800337949
fi,bs,0.6597,0.8185313596877839
is,bs,0.656,0.8128751942501943
lb,bs,0.583,0.7564824975334263
as,bs,0.57,0.6988607503607502
sw,bs,0.509,0.651916606106312
zh-classical,bs,0.14,0.4883284917696682
si,bs,0.59,0.6797987012987013
pl,bs,0.6823,0.8397818071934946
be,bs,0.695,0.8393379772016768
ace,bs,0.32,0.5646955266955267
vec,bs,0.6,0.7596431638536901
oc,bs,0.66,0.7027301587301588
te,bs,0.521,0.678390737040737
bg,bs,0.6581,0.8032924307632512
vo,bs,0.6,0.6073333333333334
arc,bs,0.04,0.2688730158730159
ru,bs,0.634,0.7864216556800613
min,bs,0.26,0.521538961038961
qu,bs,0.54,0.5912218614718614
id,bs,0.4581,0.66603000893843
sd,bs,0.42,0.7063744588744588
ms,bs,0.503,0.6569004191285152
kn,bs,0.55,0.7297806637806638
bar,bs,0.67,0.7910158730158731
als,bs,0.56,0.7805101122647564
lt,bs,0.6826,0.8222001127673495
sa,bs,0.41,0.5444285714285715
cdo,bs,0.31,0.425603318250377
wuu,bs,0.32,0.5854126984126983
wa,bs,0.47,0.5541611633980055
ay,bs,0.39,0.4347783882783882
csb,bs,0.46,0.6467605450105451
nds,bs,0.61,0.8099183594183594
rm,bs,0.52,0.7387711732711734
ps,bs,0.49,0.6819682539682539
ce,bs,0.37,0.7395526695526695
ku,bs,0.71,0.792031746031746
gn,bs,0.45,0.6076190476190476
be-x-old,bs,0.646,0.777168741191729
pt,bs,0.6678,0.8071601910258644
ang,bs,0.5,0.6154239386344649
su,bs,0.45,0.6677646797646798
gu,bs,0.51,0.7080303585303586
de,bs,0.633,0.8015940922974514
ksh,bs,0.42,0.6048784271284271
map-bms,bs,0.54,0.6557142857142857
bs,bs,0.844,0.9280025939746528
scn,bs,0.67,0.7814241314241315
hy,bs,0.525,0.7202680652680653
sco,bs,0.59,0.7526788211788212
mg,bs,0.36,0.7183564768564767
nap,bs,0.58,0.713248556998557
cv,bs,0.59,0.7735677100677101
fur,bs,0.51,0.6305512265512265
fr,bs,0.6306,0.8053030338203249
fiu-vro,bs,0.49,0.6563276657982542
ba,bs,0.61,0.809064935064935
ka,bs,0.6368,0.8055962826784498
nov,bs,0.64,0.8745236985236986
diq,bs,0.56,0.7049754689754689
jv,bs,0.6,0.7737026307026308
es,bs,0.6988,0.8273442493574538
ar,bs,0.5266,0.7126151279370785
ceb,bs,0.55,0.6703444055944057
fa,bs,0.549,0.761590449822795
bn,bs,0.616,0.7341800003745825
ilo,bs,0.56,0.6818970211075475
rw,bs,0.55,0.6663937728937729
ug,bs,0.42,0.5458253968253968
gan,bs,0.45,0.5767777777777777
fo,bs,0.62,0.7851241171109592
an,bs,0.729,0.8274376189170307
mzn,bs,0.46,0.7011940836940838
mi,bs,0.32,0.6915873015873016
arz,bs,0.58,0.7927746697746698
he,bs,0.489,0.7209729576271682
lv,bs,0.6766,0.8137155210862409
th,bs,0.0613,0.290354967324557
vls,bs,0.64,0.7986088356088357
lmo,bs,0.5,0.7558564593301434
bo,bs,0.3,0.3563333333333333
dv,bs,0.39,0.569493894993895
sv,bs,0.6321,0.8606300531752389
yi,bs,0.47,0.6667460317460318
mr,bs,0.621,0.7815787121375356
ne,bs,0.54,0.7780452325452325
li,bs,0.61,0.7363445165945167
eu,bs,0.5831,0.7968058400964361
da,bs,0.7078,0.8416816015941404
ky,bs,0.46,0.6813051948051948
et,bs,0.6556,0.8113885782887562
jbo,bs,0.5,0.6362178932178931
mhr,bs,0.62,0.7114711399711401
my,bs,0.37,0.6581255411255411
cs,bs,0.6672,0.8273086098078049
am,bs,0.42,0.5467698412698412
hr,bs,0.7389,0.8688068353722301
sq,bs,0.783,0.8839816638641717
war,bs,0.61,0.6851196581196582
uz,bs,0.792,0.8632475191475192
ko,bs,0.3958,0.6372514861368422
mt,bs,0.59,0.7473203463203463
ga,bs,0.609,0.7758594214952574
br,bs,0.471,0.6307210902702388
ast,bs,0.628,0.8267951663403675
ro,bs,0.5639,0.7799849401707685
ln,bs,0.5,0.65044560994561
sl,bs,0.6627,0.7853313277039438
ig,bs,0.49,0.6418448773448773
bh,bs,0.58,0.7119386724386723
eo,bs,0.6623,0.772796839462567
tl,bs,0.587,0.7259086095535012
mk,bs,0.696,0.8148689093672066
mwl,bs,0.37,0.6781186591186591
os,bs,0.48,0.7011622266622267
ta,bs,0.488,0.6793935169405757
frr,bs,0.5,0.6219040404040403
zh-min-nan,bs,0.41,0.577084000794527
crh,bs,0.47,0.6536782106782106
vi,bs,0.4632,0.7111025377082498
zh,bs,0.2118,0.607674956088803
ia,bs,0.43,0.634982194276312
it,bs,0.6624,0.8244279713999451
nn,bs,0.672,0.8174173439993099
simple,bs,0.673,0.8294561153930349
pa,bs,0.54,0.6971562685680334
yo,bs,0.38,0.4682294372294372
cbk-zam,bs,0.36,0.7125274725274725
ckb,bs,0.559,0.690451431901432
gd,bs,0.53,0.6437388167388167
pnb,bs,0.57,0.6735952380952382
ml,bs,0.604,0.7449206453677042
sah,bs,0.48,0.58409243697479
en,bs,0.4862,0.7124753146114292
hsb,bs,0.68,0.8070551948051948
hi,bs,0.618,0.7513483238983238
mn,bs,0.56,0.7308307248307249
sh,bs,0.7992,0.8694464627142723
szl,bs,0.6,0.6832380952380953
so,bs,0.64,0.691
la,bs,0.571,0.6710242841953368
uk,bs,0.5967,0.789136969551776
hu,bs,0.6754,0.8346729491165868
ja,bs,0.1108,0.5114037248063255
ext,bs,0.43,0.6022777777777777
xmf,bs,0.46,0.5923780663780662
el,bs,0.7157,0.8268773784162174
io,bs,0.64,0.7504186924186924
af,bs,0.641,0.7831132003617298
sr,bs,0.6824,0.8292570239804916
gan,ca,0.33,0.5851904761904761
ba,ca,0.49,0.7662813852813853
bg,ca,0.6574,0.8085580784093787
map-bms,ca,0.43,0.578095238095238
th,ca,0.1306,0.3410220896913544
zh-classical,ca,0.17,0.4795125985125985
la,ca,0.614,0.7118904216698334
hsb,ca,0.55,0.7515661658602835
jv,ca,0.58,0.7718164058164058
io,ca,0.72,0.8125104829810712
uz,ca,0.764,0.8663964368964369
eml,ca,0.35,0.5211228869170046
sah,ca,0.52,0.6821638655462187
so,ca,0.59,0.7092142857142858
bs,ca,0.568,0.7995696147419831
id,ca,0.3903,0.6568525910372737
my,ca,0.41,0.6921024531024531
lmo,ca,0.39,0.7474594201807825
nds,ca,0.65,0.8566969696969697
el,ca,0.6499,0.8138135596343801
cy,ca,0.525,0.7166138649963727
li,ca,0.66,0.7824197012138189
sh,ca,0.4482,0.7524210765653335
lij,ca,0.26,0.5278947163947163
he,ca,0.4474,0.7238557872313446
si,ca,0.51,0.6828124098124099
hak,ca,0.33,0.3928559218559219
pt,ca,0.6822,0.8424399211864846
crh,ca,0.44,0.6333766233766234
nov,ca,0.62,0.8666983016983018
mr,ca,0.519,0.756150049623579
zea,ca,0.46,0.7045985680985681
mg,ca,0.37,0.7368534798534797
ay,ca,0.41,0.4799047619047619
ko,ca,0.3867,0.6484621195265002
br,ca,0.488,0.6482276498011793
os,ca,0.41,0.7085317460317461
ta,ca,0.467,0.6979042173512762
nn,ca,0.624,0.8150801949512476
frr,ca,0.42,0.5726269841269841
km,ca,0.33,0.5225793650793651
cv,ca,0.49,0.7295865800865801
vo,ca,0.59,0.59
diq,ca,0.4,0.6305606893106893
it,ca,0.6631,0.843118632635854
xmf,ca,0.47,0.6980555555555558
wa,ca,0.4,0.5674324499030381
rm,ca,0.54,0.7532457542457542
min,ca,0.25,0.6285884115884116
fiu-vro,ca,0.36,0.6395905695611578
be,ca,0.658,0.8237412946530595
nl,ca,0.6681,0.8423107505729566
lt,ca,0.6539,0.8355902986049041
arz,ca,0.54,0.7828654123654124
ms,ca,0.487,0.6344350721002423
en,ca,0.5515,0.7759339120666057
ky,ca,0.43,0.625031746031746
sk,ca,0.701,0.8620491086837141
bh,ca,0.55,0.7081746031746035
szl,ca,0.49,0.6549004329004328
ckb,ca,0.493,0.7193433510933512
tl,ca,0.642,0.7518837431574273
wuu,ca,0.26,0.5704126984126984
bar,ca,0.63,0.7359023199023198
cbk-zam,ca,0.32,0.6201611721611722
yi,ca,0.4,0.6542857142857144
fa,ca,0.5246,0.7823682332132951
fr,ca,0.7019,0.8419847642837037
zh-min-nan,ca,0.47,0.5763899711399711
uk,ca,0.5812,0.8046938337496696
war,ca,0.53,0.7007978687978688
fi,ca,0.5922,0.8173321683442117
lv,ca,0.6223,0.8032159973927002
mhr,ca,0.5,0.6393917748917748
pa,ca,0.52,0.7107933470038733
or,ca,0.11,0.4293534243534243
mzn,ca,0.45,0.7404413364413365
bn,ca,0.61,0.7461424691149923
bo,ca,0.28,0.3321904761904761
scn,ca,0.65,0.8158656898656897
hi,ca,0.6,0.7552965451215451
qu,ca,0.55,0.6746449759390937
no,ca,0.6274,0.830836107077477
sw,ca,0.51,0.6727341637121049
fo,ca,0.62,0.7984788642729819
tg,ca,0.54,0.7697747252747251
mt,ca,0.57,0.8192929292929293
ps,ca,0.44,0.6426457431457432
ne,ca,0.39,0.7352738095238095
cdo,ca,0.33,0.4428929175399763
hr,ca,0.5839,0.8026840457581634
mk,ca,0.598,0.7735730873701462
mi,ca,0.33,0.6821587301587302
ceb,ca,0.55,0.6774529914529915
ln,ca,0.4,0.5618591343297226
jbo,ca,0.24,0.3788181818181818
sa,ca,0.31,0.5002222222222222
gn,ca,0.46,0.6326067821067821
sr,ca,0.5529,0.7778687592455704
pdc,ca,0.33,0.5361674159174159
an,ca,0.702,0.8584633738638383
oc,ca,0.7,0.8097489177489178
mwl,ca,0.39,0.624421411921412
simple,ca,0.663,0.8399005895721066
pms,ca,0.61,0.7873093018093017
ga,ca,0.611,0.8081417823920145
vls,ca,0.57,0.7759242424242424
zh-yue,ca,0.2698,0.5864028821213187
vi,ca,0.5582,0.7985419116521594
gd,ca,0.5,0.6290753968253968
gl,ca,0.7339,0.8756310788489118
hu,ca,0.641,0.8320044875678159
te,ca,0.472,0.666456154956155
ang,ca,0.47,0.6221226551226552
nap,ca,0.53,0.7100339480780659
tk,ca,0.57,0.702865800865801
cs,ca,0.6206,0.8125984661107727
mn,ca,0.59,0.7655279165279165
ug,ca,0.34,0.5142380952380953
sv,ca,0.6572,0.8465847217737542
ku,ca,0.58,0.7604632034632033
ka,ca,0.5829,0.7933992627900136
tr,ca,0.641,0.8214419166626287
pl,ca,0.6323,0.8253194638505629
tt,ca,0.485,0.7696845305021774
es,ca,0.6217,0.8300625273488124
als,ca,0.5,0.7603283353213695
kk,ca,0.524,0.7643809690309691
ca,ca,0.8496,0.9168853799416956
su,ca,0.4,0.6561904761904762
ar,ca,0.5794,0.784567767571266
ace,ca,0.33,0.5401320346320346
fur,ca,0.48,0.646040848040848
da,ca,0.668,0.8448276908488828
de,ca,0.5982,0.8015691466814918
eo,ca,0.5773,0.7793719751258373
fy,ca,0.636,0.8060490891805133
lb,ca,0.585,0.7887421256246333
sl,ca,0.659,0.8034608260315536
sq,ca,0.672,0.8506147085972163
am,ca,0.32,0.5048766233766233
ru,ca,0.635,0.7833627277022942
dv,ca,0.3,0.5722012987012987
ia,ca,0.39,0.6461460951329373
vec,ca,0.59,0.7716226551226552
co,ca,0.55,0.6700134310134311
ig,ca,0.45,0.557948051948052
vep,ca,0.55,0.785701773372826
as,ca,0.46,0.6144774114774114
ce,ca,0.27,0.6591795426795427
kn,ca,0.56,0.7335555555555555
be-x-old,ca,0.597,0.7464521858860094
ksh,ca,0.3,0.5614947372888548
af,ca,0.569,0.7901058203062846
bat-smg,ca,0.46,0.5991666666666666
az,ca,0.586,0.7748335047305637
ja,ca,0.1781,0.5497101366710345
pnb,ca,0.55,0.7205041771094404
is,ca,0.585,0.8035017409061527
yo,ca,0.4,0.4980533910533911
ilo,ca,0.57,0.643609668109668
gu,ca,0.43,0.6839682539682539
ur,ca,0.505,0.708211875216287
sco,ca,0.68,0.8076385281385282
eu,ca,0.5487,0.7962662858134297
ext,ca,0.34,0.5237835497835498
ast,ca,0.741,0.8475877818260171
ml,ca,0.572,0.7657315078712138
csb,ca,0.46,0.6915045607986785
ro,ca,0.667,0.8328333788227595
zh,ca,0.2585,0.6161959914079728
rw,ca,0.59,0.7029242424242425
et,ca,0.5908,0.8079074721975651
arc,ca,0.04,0.2989603174603175
hy,ca,0.345,0.6150568681318682
sd,ca,0.28,0.6426746031746032
sw,cs,0.534,0.6649445356758824
so,cs,0.61,0.7074285714285715
el,cs,0.7178,0.839787261423647
hak,cs,0.35,0.4197197802197802
hi,cs,0.589,0.7482672041408883
eml,cs,0.42,0.548622701859544
io,cs,0.8,0.8656654456654457
or,cs,0.1,0.4043550061050061
sk,cs,0.7615,0.8774489002406263
zh-classical,cs,0.21,0.5008294483294483
my,cs,0.24,0.6369129759129759
su,cs,0.48,0.7057142857142857
zh-yue,cs,0.2834,0.6015148424399818
gl,cs,0.7958,0.878521045290279
rw,cs,0.58,0.6970108437314321
pnb,cs,0.62,0.7076507936507938
ta,cs,0.516,0.7104513026189496
bn,cs,0.604,0.744094613298638
he,cs,0.466,0.7285658473123025
ga,cs,0.65,0.8036926148842558
pl,cs,0.7279,0.8624757979782517
az,cs,0.644,0.8141351816484169
ast,cs,0.66,0.8388012682793642
map-bms,cs,0.52,0.6451117216117217
ia,cs,0.48,0.6963873914183512
ksh,cs,0.35,0.5965148930017351
sco,cs,0.62,0.7636226551226553
ky,cs,0.46,0.6869393939393938
ar,cs,0.5079,0.7344791159305091
cy,cs,0.559,0.7214659010322323
sah,cs,0.54,0.6881814394755572
vec,cs,0.6,0.7556464646464647
ko,cs,0.414,0.6662087868873472
zh-min-nan,cs,0.35,0.5055032467532468
qu,cs,0.61,0.6995956733325156
lt,cs,0.7151,0.8504648019575883
lij,cs,0.36,0.5701417765241295
sr,cs,0.5845,0.778646510578345
fiu-vro,cs,0.5,0.6849693019398903
mk,cs,0.625,0.7853271460565578
ay,cs,0.43,0.4583809523809523
gd,cs,0.55,0.6556363636363636
ps,cs,0.44,0.6512777777777776
an,cs,0.787,0.8623062125009494
sa,cs,0.32,0.5200007215007215
sd,cs,0.36,0.6928315573315572
szl,cs,0.6,0.6903448773448773
lmo,cs,0.51,0.805997401291519
et,cs,0.696,0.8496181819556432
ne,cs,0.49,0.7505087719298246
dv,cs,0.39,0.6330048285048285
pt,cs,0.7107,0.836841530450973
si,cs,0.56,0.6965916305916307
fr,cs,0.718,0.8504865389168795
hr,cs,0.7237,0.8527701705063082
tr,cs,0.706,0.8389779860662213
id,cs,0.4434,0.6765058724230707
bo,cs,0.14,0.2673968253968253
fo,cs,0.67,0.8231403508771931
uz,cs,0.715,0.8484735996030115
uk,cs,0.6065,0.8154696945890367
vo,cs,0.26,0.5336940836940837
be-x-old,cs,0.649,0.7847166465715227
nds,cs,0.71,0.8679585349291233
ka,cs,0.6314,0.8070800495814814
af,cs,0.631,0.8001836335748874
fy,cs,0.733,0.8435228110039257
eu,cs,0.5538,0.7903661579167307
min,cs,0.32,0.672331168831169
ace,cs,0.4,0.6150342157842157
vls,cs,0.65,0.80461766011766
sv,cs,0.6746,0.875951334509144
bat-smg,cs,0.57,0.6775274170274171
ca,cs,0.7571,0.8616233290531278
cs,cs,0.8466,0.920624463549007
vi,cs,0.5936,0.7920533483681781
nov,cs,0.64,0.8683044733044735
ilo,cs,0.65,0.7270155122655122
ku,cs,0.72,0.8135829725829725
li,cs,0.64,0.7834412917663692
ug,cs,0.41,0.5388830613830613
gn,cs,0.5,0.6368459873459874
yo,cs,0.35,0.6173086913086914
mzn,cs,0.47,0.7519637029637031
ln,cs,0.38,0.5635112044817928
mn,cs,0.65,0.7818583638583638
zh,cs,0.2683,0.6305218099745112
am,cs,0.4,0.5447438672438673
la,cs,0.683,0.7978181941897112
ml,cs,0.539,0.7501322411506622
lv,cs,0.683,0.8271443174936518
ceb,cs,0.61,0.6788149920255183
it,cs,0.7102,0.8588854850043317
ckb,cs,0.463,0.6939112248862249
rm,cs,0.52,0.7334727494727495
mt,cs,0.62,0.8064199134199135
is,cs,0.69,0.8526929396798592
bs,cs,0.669,0.8345182955932956
br,cs,0.507,0.6761626689100373
bar,cs,0.65,0.7798513708513708
arc,cs,0.06,0.2227847152847153
nap,cs,0.53,0.6783308270676691
vep,cs,0.52,0.7886815143920407
ang,cs,0.51,0.6254755471566618
tt,cs,0.66,0.8145268179532885
te,cs,0.52,0.713357273428326
arz,cs,0.53,0.7938802863802864
war,cs,0.59,0.748936396936397
ru,cs,0.5532,0.7493527433488424
kn,cs,0.53,0.7158974358974359
tg,cs,0.62,0.7905676458044879
be,cs,0.71,0.8367826855978557
ro,cs,0.6987,0.848503425819107
frr,cs,0.48,0.5910952380952381
es,cs,0.756,0.8668325962023872
fa,cs,0.4177,0.7490512775193503
mg,cs,0.34,0.7180745920745919
ms,cs,0.497,0.6538587626425861
sh,cs,0.5212,0.7480042235671106
bh,cs,0.64,0.7560584415584417
kk,cs,0.539,0.7543862591656709
hu,cs,0.706,0.8564477502854901
xmf,cs,0.31,0.5149330767271943
mwl,cs,0.34,0.6116968031968032
mr,cs,0.566,0.773283510933511
pdc,cs,0.4,0.5670546398046398
fur,cs,0.58,0.7094862914862915
ur,cs,0.516,0.6976436375028481
co,cs,0.62,0.6927142857142857
os,cs,0.43,0.7095829725829725
sq,cs,0.811,0.885262394244902
tl,cs,0.633,0.7561142056086329
bg,cs,0.7161,0.8314235108716533
de,cs,0.6742,0.8298985501959342
gan,cs,0.28,0.5700054945054944
mi,cs,0.37,0.7058013098013097
nl,cs,0.738,0.8623743138672475
cdo,cs,0.36,0.4671120546120545
pms,cs,0.55,0.7687407788290141
en,cs,0.5215,0.7469496617443444
oc,cs,0.67,0.7755133755133755
crh,cs,0.46,0.6652060717060718
no,cs,0.7302,0.8634898545589258
cbk-zam,cs,0.34,0.7009221334221336
eo,cs,0.6837,0.8139549480584775
simple,cs,0.7,0.8463686053454629
ig,cs,0.5,0.6027728937728938
lb,cs,0.653,0.8092126588495784
wa,cs,0.5,0.6017220100161277
ce,cs,0.28,0.6946115551115549
als,cs,0.53,0.7885044619123566
yi,cs,0.51,0.7051861471861472
gu,cs,0.52,0.7339333999334001
cv,cs,0.56,0.7762422022422024
pa,cs,0.46,0.6998087566028742
hsb,cs,0.69,0.8469931647300067
ba,cs,0.58,0.7772049062049062
jbo,cs,0.49,0.620008658008658
hy,cs,0.529,0.699909232597468
wuu,cs,0.28,0.5600793650793651
diq,cs,0.51,0.6958467088467089
sl,cs,0.7227,0.8254903137815057
ja,cs,0.1837,0.5411395869782093
nn,cs,0.72,0.8437456522923241
as,cs,0.55,0.713918636918637
fi,cs,0.7118,0.8619888368846496
th,cs,0.1179,0.349061222854373
zea,cs,0.59,0.7858426573426572
mhr,cs,0.48,0.6135879120879121
tk,cs,0.58,0.6757164502164502
csb,cs,0.45,0.6708855501223923
km,cs,0.28,0.4916344211344211
ext,cs,0.44,0.581605561105561
jv,cs,0.61,0.7765829725829727
scn,cs,0.55,0.74323223998224
da,cs,0.7603,0.878719359879027
tk,cy,0.58,0.6920115440115441
mt,cy,0.63,0.7646446886446887
vec,cy,0.69,0.7933490953490954
ilo,cy,0.66,0.7375192585192586
sk,cy,0.6212,0.8069526317765482
vi,cy,0.4781,0.7337040093961765
io,cy,0.62,0.77288455988456
sa,cy,0.35,0.5590873015873015
gl,cy,0.7323,0.8361985383957288
os,cy,0.47,0.741047619047619
pl,cy,0.6214,0.8043947756904258
cs,cy,0.5831,0.7763808447159996
mn,cy,0.5,0.715109021697257
su,cy,0.43,0.617945054945055
arz,cy,0.53,0.7503228993228993
ay,cy,0.55,0.6051986901986902
als,cy,0.42,0.6556697581744021
ca,cy,0.7079,0.8331328656637479
ba,cy,0.5,0.7864559884559885
fo,cy,0.65,0.7994519934829531
wa,cy,0.43,0.5368249299719888
crh,cy,0.44,0.6300418470418471
pdc,cy,0.41,0.5835534188034188
sr,cy,0.4719,0.7064723334955378
ky,cy,0.49,0.6452698412698412
nl,cy,0.6434,0.8032620267305794
no,cy,0.6369,0.8104997689049857
cdo,cy,0.27,0.3664466089466089
jbo,cy,0.46,0.5783571428571429
ml,cy,0.577,0.7332706009676598
am,cy,0.38,0.5042705627705628
mhr,cy,0.57,0.6888577533577533
ro,cy,0.5825,0.7861143970726556
si,cy,0.56,0.689336940836941
my,cy,0.36,0.6893051948051948
simple,cy,0.669,0.827639786194198
fur,cy,0.57,0.6600555555555556
pt,cy,0.6287,0.7885170232553823
hi,cy,0.577,0.7370162347456465
zea,cy,0.5,0.7192987012987014
uk,cy,0.4975,0.7504902414561703
fa,cy,0.4692,0.7116198715629056
fiu-vro,cy,0.42,0.659433510933511
es,cy,0.62,0.7784837875102194
uz,cy,0.764,0.8359825285825286
be-x-old,cy,0.604,0.7468149881422328
ang,cy,0.5,0.5925408597250703
mwl,cy,0.33,0.6037510822510823
gd,cy,0.57,0.6742330447330447
et,cy,0.5993,0.7990615114735625
scn,cy,0.64,0.7356914751914752
frr,cy,0.56,0.6502698412698413
gan,cy,0.35,0.5431904761904761
sh,cy,0.7059,0.7730425877820151
fr,cy,0.5951,0.7847392903398631
rw,cy,0.61,0.7135582750582751
ta,cy,0.474,0.7053413628768892
ace,cy,0.36,0.585495670995671
sv,cy,0.5945,0.814000873047661
ms,cy,0.517,0.6342453688468395
tl,cy,0.662,0.7741069577481342
li,cy,0.59,0.7295227648168825
rm,cy,0.61,0.7999656367024788
ast,cy,0.728,0.8386139581952275
it,cy,0.6,0.7885094524154896
ku,cy,0.65,0.7732178932178932
szl,cy,0.61,0.6762857142857144
nn,cy,0.638,0.7905111789998787
be,cy,0.643,0.794357412032412
mk,cy,0.613,0.8126812407320922
arc,cy,0.12,0.3433095238095238
lb,cy,0.58,0.7739945138195138
lmo,cy,0.52,0.789954933954934
cv,cy,0.54,0.7734224109224108
ja,cy,0.1231,0.5081805052326414
bar,cy,0.72,0.778047619047619
eo,cy,0.6437,0.7629745718445641
bo,cy,0.19,0.2713333333333333
war,cy,0.57,0.7343705183705184
ur,cy,0.513,0.6845204308763132
zh-min-nan,cy,0.35,0.4663917748917748
mi,cy,0.33,0.6275739815739815
wuu,cy,0.27,0.5544444444444444
ka,cy,0.5334,0.7457814330509532
la,cy,0.591,0.7039107950529003
hu,cy,0.6087,0.7993219730802393
map-bms,cy,0.5,0.6210909090909091
mzn,cy,0.46,0.7010072150072151
de,cy,0.5916,0.7822028782294418
tr,cy,0.6517,0.8008805099123443
ne,cy,0.48,0.7704909665497901
kn,cy,0.59,0.7558729048729049
co,cy,0.57,0.6584920634920636
yi,cy,0.43,0.6555396825396825
ksh,cy,0.38,0.5735839258780434
xmf,cy,0.52,0.6415425685425685
br,cy,0.573,0.7141567460403373
en,cy,0.5177,0.7384037895876054
tg,cy,0.62,0.768975468975469
pa,cy,0.48,0.652034632034632
mr,cy,0.539,0.722448455302867
qu,cy,0.62,0.7092010864952043
pnb,cy,0.54,0.656749373433584
jv,cy,0.52,0.7083606393606394
te,cy,0.509,0.671350513521566
da,cy,0.6731,0.8343415773227462
oc,cy,0.67,0.7314657564657565
kk,cy,0.652,0.8141158341658341
diq,cy,0.57,0.6962784992784993
th,cy,0.0053,0.2470441718936378
is,cy,0.628,0.8024187766481884
lij,cy,0.37,0.5357789987789988
dv,cy,0.4,0.6012942612942613
zh-yue,cy,0.2848,0.5796885324453668
sah,cy,0.49,0.7264609279609279
nap,cy,0.56,0.7241382049323226
csb,cy,0.51,0.7058879551820728
yo,cy,0.45,0.5437026307026307
or,cy,0.15,0.441587801087801
ln,cy,0.43,0.5905841935841937
id,cy,0.506,0.6647104942580639
fy,cy,0.656,0.803054328523214
min,cy,0.33,0.6271212121212121
sw,cy,0.559,0.6884210958975664
af,cy,0.629,0.7889288193832312
cy,cy,0.824,0.9322006191349071
lv,cy,0.5977,0.7524682190393026
ceb,cy,0.57,0.6630749250749252
sl,cy,0.6202,0.7593864603593861
bs,cy,0.599,0.7846411457823222
vep,cy,0.65,0.8270332167832168
gu,cy,0.53,0.7340332445332446
nov,cy,0.6,0.8473509180877603
fi,cy,0.6065,0.804586277652516
sd,cy,0.42,0.7012380952380952
ga,cy,0.659,0.808249878913656
pms,cy,0.64,0.7976990421858844
tt,cy,0.514,0.7755722832722833
bn,cy,0.617,0.7409746088706616
ia,cy,0.42,0.6773442123751721
ug,cy,0.37,0.5026269841269841
ar,cy,0.4759,0.6713983440939865
as,cy,0.48,0.6509552669552668
hr,cy,0.6125,0.7914533550728597
ig,cy,0.48,0.6108080808080808
he,cy,0.4346,0.6896189102959305
ru,cy,0.5853,0.7450245102833183
az,cy,0.566,0.756605645335057
bh,cy,0.59,0.72394227994228
ckb,cy,0.445,0.5988895881895882
mg,cy,0.36,0.5837770562770563
zh-classical,cy,0.17,0.4967356662944898
nds,cy,0.64,0.8038102191925722
cbk-zam,cy,0.37,0.7006226551226553
hak,cy,0.32,0.3717380952380951
zh,cy,0.2406,0.5798110699946768
sco,cy,0.69,0.7961006771006771
gn,cy,0.53,0.6485516150516151
so,cy,0.55,0.7116666666666666
eml,cy,0.45,0.5710228758169934
vo,cy,0.53,0.5633333333333334
hsb,cy,0.55,0.7461693404634581
lt,cy,0.6379,0.8016568868197507
ko,cy,0.4039,0.6390966801241414
sq,cy,0.756,0.8489922743922743
ps,cy,0.44,0.6208917748917748
bat-smg,cy,0.58,0.6301587301587301
ext,cy,0.38,0.5227712842712843
el,cy,0.6699,0.7960654091797436
ce,cy,0.38,0.7632797202797202
hy,cy,0.448,0.5852603731236083
eu,cy,0.6051,0.803602438136339
km,cy,0.26,0.4825714285714285
vls,cy,0.64,0.7935425685425685
bg,cy,0.6091,0.7653947455941031
an,cy,0.703,0.7957340336134455
et,da,0.7232,0.8574254679110022
wuu,da,0.37,0.624
ca,da,0.7758,0.8661891561757815
io,da,0.77,0.8361050061050063
uz,da,0.763,0.8691848024352669
lt,da,0.7172,0.8594951804928816
mk,da,0.7,0.8389985174955763
id,da,0.435,0.8364342294186721
oc,da,0.64,0.7477788877788879
ps,da,0.5,0.675470695970696
th,da,0.1365,0.3294435229064021
ur,da,0.516,0.7339444295728351
bat-smg,da,0.46,0.6018650793650793
qu,da,0.61,0.6936236453604875
sa,da,0.32,0.518095238095238
fiu-vro,da,0.4,0.6310374560080443
km,da,0.45,0.5931349206349206
hsb,da,0.65,0.7717122887432485
zh-yue,da,0.3046,0.5808725248349862
ja,da,0.2051,0.5774487553983186
be,da,0.734,0.8455298317695377
mn,da,0.67,0.8112466422466423
ms,da,0.563,0.6933794426247987
csb,da,0.46,0.6694741282109703
eu,da,0.5465,0.7972773730938824
mwl,da,0.34,0.5862738095238096
wa,da,0.44,0.5508333333333333
war,da,0.6,0.7351593406593406
or,da,0.13,0.4469923687423687
als,da,0.56,0.7547124616869199
pa,da,0.49,0.7168850691791868
jbo,da,0.49,0.5950769230769231
gu,da,0.58,0.7709010434010434
tt,da,0.632,0.8122736449824686
bn,da,0.698,0.7832874269349502
sh,da,0.4593,0.7421282081755534
ta,da,0.554,0.7434000491338727
ku,da,0.67,0.8242251082251083
co,da,0.59,0.676935508935509
es,da,0.6831,0.8572291323528552
fy,da,0.746,0.8506002352308853
kk,da,0.454,0.757281976503029
si,da,0.6,0.7068759018759019
ace,da,0.32,0.5645428737928737
hak,da,0.33,0.3982142857142857
vi,da,0.6056,0.795576755161763
zea,da,0.53,0.7493708513708515
mr,da,0.594,0.7771545561163983
sco,da,0.62,0.7639529914529914
fur,da,0.47,0.6226126373626373
ang,da,0.53,0.6443337714916663
ce,da,0.27,0.6092936507936507
an,da,0.687,0.8432713196160565
min,da,0.36,0.6618312243312243
eml,da,0.41,0.5469341681710103
mg,da,0.34,0.6445769230769232
sl,da,0.7141,0.8209207857742533
ru,da,0.6305,0.7778568696173108
de,da,0.6861,0.8316369200905732
nov,da,0.65,0.8794035898741781
scn,da,0.54,0.7138452658452656
gd,da,0.56,0.6482770562770562
ay,da,0.42,0.4834404761904761
la,da,0.708,0.7964798609886845
ext,da,0.41,0.5634361471861472
szl,da,0.57,0.6808369408369408
arc,da,0.09,0.313075036075036
nn,da,0.767,0.8703584803311583
arz,da,0.46,0.7561988011988012
fa,da,0.3424,0.7625193766467452
af,da,0.634,0.8059416515974565
vep,da,0.63,0.8231978967025406
gan,da,0.4,0.6393030303030303
tl,da,0.666,0.7768868346737542
be-x-old,da,0.674,0.7871860294847911
xmf,da,0.49,0.658718253968254
lij,da,0.34,0.5653883893883893
sq,da,0.745,0.8743036134659974
lb,da,0.61,0.7910632720220956
ast,da,0.759,0.8472694483019562
da,da,0.8521,0.9251003693863756
as,da,0.57,0.6936593406593407
os,da,0.42,0.7000714285714287
it,da,0.7178,0.862999759827376
rw,da,0.53,0.6609314786520669
simple,da,0.727,0.8581880927122413
mhr,da,0.5,0.6402075702075704
fo,da,0.64,0.7960133667502088
vec,da,0.59,0.7155786435786436
nds,da,0.65,0.8327902930402931
no,da,0.7599,0.8856967489613929
te,da,0.545,0.7232670620229444
hr,da,0.6654,0.8352818069924571
nap,da,0.54,0.6975368530678128
nl,da,0.7661,0.8715237038700894
bo,da,0.32,0.3613333333333333
cdo,da,0.15,0.2913151260504201
ro,da,0.6665,0.8288855180492023
mzn,da,0.45,0.7300115440115441
tk,da,0.57,0.6616515151515151
sw,da,0.542,0.6655409850984929
cv,da,0.6,0.7616984126984128
sd,da,0.35,0.6964539904539905
su,da,0.41,0.6706321195144724
tr,da,0.7102,0.8448227960816274
zh,da,0.2904,0.6310443880732272
jv,da,0.62,0.8053361083361084
eo,da,0.6263,0.8033754860627849
sk,da,0.7638,0.8756664115992367
pt,da,0.7158,0.8459596712652672
sah,da,0.49,0.6126446243814665
zh-classical,da,0.22,0.4657066639930416
lmo,da,0.39,0.6756324894575668
ba,da,0.61,0.7554278499278501
hi,da,0.652,0.7828569118188313
uk,da,0.6597,0.8297468659754417
dv,da,0.38,0.5903762071262072
frr,da,0.49,0.6003412698412698
diq,da,0.4,0.6493726551226551
ko,da,0.4637,0.7031278070484727
fi,da,0.7128,0.8654056750018128
kn,da,0.58,0.736904761904762
zh-min-nan,da,0.5,0.5548308358308358
lv,da,0.6957,0.8248447373068968
li,da,0.6,0.7614492282743057
ckb,da,0.613,0.7198360195360196
cy,da,0.534,0.7363113977010262
so,da,0.63,0.7254285714285713
ml,da,0.653,0.7794455211455212
az,da,0.612,0.803214933269345
cbk-zam,da,0.37,0.6933901098901099
gl,da,0.7763,0.8754294764325801
ne,da,0.59,0.8167817460317459
hu,da,0.7214,0.8612784596397755
pnb,da,0.6,0.6895591630591631
yo,da,0.5,0.6306865356865357
am,da,0.38,0.5625945165945165
ceb,da,0.58,0.6417590187590188
pms,da,0.51,0.7669227716727717
sv,da,0.7273,0.8889217592830286
map-bms,da,0.53,0.6560828615828614
he,da,0.479,0.7414325136542164
ka,da,0.6718,0.828064344534894
bs,da,0.615,0.8263832027106022
ky,da,0.48,0.6766139971139971
ksh,da,0.32,0.6034776524644946
mi,da,0.34,0.6515508870214752
pdc,da,0.35,0.5578870851370852
vo,da,0.5,0.5857142857142857
bar,da,0.66,0.7736666666666667
ig,da,0.52,0.62994893994894
ar,da,0.4669,0.7499967438177577
br,da,0.481,0.6502498727794394
mt,da,0.55,0.8185411255411256
en,da,0.5405,0.7557996654953234
is,da,0.751,0.8685342260079102
ug,da,0.43,0.561790404040404
gn,da,0.47,0.6032142857142857
hy,da,0.479,0.6867339351051426
el,da,0.758,0.8512943509070908
tg,da,0.65,0.7931883876357559
crh,da,0.4,0.616092796092796
cs,da,0.7166,0.851494586790918
yi,da,0.43,0.7021052836052836
bh,da,0.57,0.6847063492063492
vls,da,0.63,0.8072337662337662
fr,da,0.7196,0.8497543383757625
ga,da,0.675,0.8173169793227069
my,da,0.48,0.7245382395382394
sr,da,0.5799,0.7959170907163012
ln,da,0.41,0.5739892264598146
ilo,da,0.59,0.6964469696969698
pl,da,0.7247,0.8618851177073701
rm,da,0.51,0.6877747252747253
bg,da,0.7147,0.8269987449126381
ia,da,0.46,0.6777650780591958
it,de,0.5454,0.7677370826679341
hi,de,0.58,0.7443275493512336
sv,de,0.6533,0.8792045159286878
xmf,de,0.5,0.6807966412672295
hak,de,0.31,0.4158110500610499
arz,de,0.47,0.7516987456987456
ig,de,0.44,0.5585525585525586
af,de,0.552,0.7646709875006316
nap,de,0.53,0.679282079032079
uk,de,0.5951,0.7899374750284115
ca,de,0.6794,0.8184282626446481
ps,de,0.41,0.6318018811254106
sr,de,0.578,0.785786379598214
so,de,0.51,0.6484458874458875
cbk-zam,de,0.31,0.6386798756798757
lt,de,0.549,0.7695757192936064
is,de,0.623,0.7959375459507813
mhr,de,0.31,0.5671778499278499
nn,de,0.649,0.8061652642507131
ceb,de,0.6,0.7170005092946269
bg,de,0.6054,0.7708365495890419
lb,de,0.555,0.7635678675727436
az,de,0.632,0.8087167250448211
lv,de,0.523,0.7274119593452643
si,de,0.49,0.6467489177489177
be,de,0.584,0.7754778255456274
ro,de,0.6054,0.8049465827602051
vls,de,0.55,0.7580520868020868
mt,de,0.47,0.7393943191311613
vo,de,0.44,0.5066666666666667
li,de,0.64,0.7425641025641027
kn,de,0.54,0.7160164835164834
lmo,de,0.3,0.6396956904464645
ce,de,0.18,0.5156220478867537
cv,de,0.54,0.7267031302031303
ja,de,0.2012,0.5723906524572778
pt,de,0.6352,0.7976647643550121
mk,de,0.596,0.7725314807569451
fiu-vro,de,0.42,0.647793255763844
nds,de,0.57,0.789620102120102
pl,de,0.5826,0.7961619438215723
wa,de,0.39,0.5303447788022092
ur,de,0.55,0.7167376189170307
rw,de,0.62,0.7082276546982428
tt,de,0.528,0.7519031818800395
ln,de,0.32,0.4917867067572949
bar,de,0.65,0.7809365079365079
ko,de,0.3394,0.608422442694904
kk,de,0.419,0.7107786223580341
sah,de,0.44,0.5861391941391941
fi,de,0.576,0.78904839920915
en,de,0.4648,0.7188442253764468
crh,de,0.39,0.6218736263736264
ang,de,0.44,0.5807739511950039
hu,de,0.6163,0.8026872243399875
ku,de,0.62,0.7425396825396825
tk,de,0.51,0.6392063492063492
ilo,de,0.4,0.687022908464085
ckb,de,0.554,0.6923038768421121
ext,de,0.35,0.5141629481629482
fr,de,0.6393,0.8021953537441231
lij,de,0.32,0.5528185703185704
mzn,de,0.17,0.578965145965146
ar,de,0.4789,0.7462823706127034
mi,de,0.35,0.6341635031635031
gn,de,0.42,0.5902341547341547
sa,de,0.31,0.5063737373737374
an,de,0.646,0.8161800692599455
ga,de,0.592,0.7796010326017292
ace,de,0.3,0.5196434676434677
ia,de,0.4,0.6467046111782955
th,de,0.1369,0.3334406894447141
nl,de,0.6717,0.8197268274080579
min,de,0.17,0.5598721278721278
io,de,0.59,0.7626357270180799
no,de,0.6521,0.8247810931912943
yi,de,0.41,0.6523903318903319
zea,de,0.59,0.7501616161616161
es,de,0.6398,0.8197819988336398
qu,de,0.45,0.6249061787885317
bat-smg,de,0.4,0.5781637806637806
gd,de,0.43,0.5825526695526695
zh-min-nan,de,0.4,0.5849033189033188
su,de,0.35,0.6379974747474748
sd,de,0.34,0.6343206793206794
ka,de,0.5827,0.7821383166626974
mr,de,0.566,0.7738886302637851
wuu,de,0.24,0.5965555555555555
zh-yue,de,0.2741,0.5693123742150523
te,de,0.465,0.6758860505335738
als,de,0.49,0.8047948849396218
sh,de,0.423,0.7011887466008364
cs,de,0.604,0.7951460870802745
rm,de,0.51,0.6907654012654012
be-x-old,de,0.547,0.7272582674893047
ta,de,0.458,0.6990020567667627
sco,de,0.54,0.7058123673711908
pms,de,0.53,0.7925072248013424
ms,de,0.401,0.5828621387728199
zh,de,0.268,0.6186815350198477
et,de,0.5676,0.782134060388356
ne,de,0.46,0.7422648674854557
szl,de,0.52,0.6370942390942391
de,de,0.7805,0.8848315501827033
ml,de,0.571,0.7686510461760462
eml,de,0.35,0.4955861083361083
oc,de,0.55,0.7192581862581864
bh,de,0.58,0.6982254901960785
vec,de,0.46,0.6883304473304473
simple,de,0.618,0.8104960518497669
ksh,de,0.41,0.6354761904761904
sw,de,0.429,0.6380820670557512
war,de,0.46,0.7261542901542901
my,de,0.25,0.6244496222731516
scn,de,0.61,0.7808209568209569
mg,de,0.24,0.7354840159840159
or,de,0.1,0.4474159451659452
eo,de,0.539,0.7625296275250377
dv,de,0.37,0.5853187368187368
tr,de,0.637,0.7993301225107882
da,de,0.6381,0.8105060047924212
jbo,de,0.43,0.5491753246753247
hr,de,0.5591,0.7782494135319444
sk,de,0.6849,0.8419175545627404
ky,de,0.34,0.6170187590187589
frr,de,0.4,0.540484126984127
mwl,de,0.29,0.5662230547230549
tl,de,0.58,0.739842781856946
am,de,0.36,0.4977474747474747
arc,de,0.1,0.3611666666666667
bs,de,0.552,0.7834700595156477
sq,de,0.581,0.7863260593379789
vep,de,0.35,0.7102798882404148
hsb,de,0.47,0.6936015618368558
hy,de,0.507,0.7061685502234265
bo,de,0.32,0.3735238095238095
ru,de,0.466,0.7143652262563717
ast,de,0.681,0.8045082702041679
pdc,de,0.4,0.5541904761904761
fur,de,0.48,0.6188626373626375
as,de,0.55,0.6933906093906093
jv,de,0.5,0.7011336163836164
gu,de,0.43,0.7074291979949875
map-bms,de,0.47,0.597
ba,de,0.54,0.6908607503607505
fy,de,0.673,0.8017646218848231
mn,de,0.55,0.7621060606060607
fo,de,0.57,0.7626269841269843
diq,de,0.27,0.5553308913308913
tg,de,0.44,0.6700304432409696
pa,de,0.48,0.6577879375526434
he,de,0.4591,0.7155071486056084
eu,de,0.4867,0.7690116136812963
ay,de,0.43,0.4845521978021977
vi,de,0.4921,0.7509513930556887
km,de,0.33,0.5088621378621379
br,de,0.373,0.5667653970212794
sl,de,0.5448,0.7337467450214045
ug,de,0.37,0.5037673992673992
bn,de,0.626,0.7403261748055866
id,de,0.3521,0.7040486616470903
nov,de,0.62,0.8510663780663781
os,de,0.26,0.6159552669552669
gan,de,0.27,0.5922222222222222
pnb,de,0.59,0.6610741023682201
el,de,0.6692,0.8183418411310053
co,de,0.56,0.6542222222222221
la,de,0.523,0.6616862020160782
yo,de,0.24,0.4311338661338661
cy,de,0.485,0.6735724700995598
zh-classical,de,0.21,0.4444879594090121
cdo,de,0.26,0.3603487035839977
fa,de,0.5068,0.8092528098827557
gl,de,0.6776,0.8179067880734676
uz,de,0.759,0.8683548229548229
csb,de,0.43,0.6380096015096014
el,el,0.8733,0.9248319650670966
yo,el,0.32,0.4077644300144301
nov,el,0.61,0.8492227772227773
ace,el,0.44,0.657950937950938
gu,el,0.48,0.7200481201804734
fa,el,0.5818,0.7724838522622889
lb,el,0.672,0.808761839244347
mhr,el,0.48,0.6339558774558774
am,el,0.5,0.6212099567099567
ksh,el,0.54,0.6920863678804855
lv,el,0.6282,0.7746035627367129
fy,el,0.705,0.8085622664143561
gl,el,0.7547,0.8376049524520888
lt,el,0.7162,0.8352032969756421
vls,el,0.64,0.789116883116883
zh,el,0.2763,0.6086485840483905
pl,el,0.7033,0.8480266639165788
arc,el,0.07,0.3299285714285714
vec,el,0.57,0.771482683982684
la,el,0.588,0.6858253174757819
et,el,0.6652,0.8119479760280999
no,el,0.7321,0.8558287559499324
ur,el,0.577,0.7403837588881707
qu,el,0.49,0.6078088398529574
de,el,0.6759,0.8107982717342856
vo,el,0.51,0.5577460317460318
sa,el,0.37,0.5517142857142857
bar,el,0.76,0.8142539682539683
rm,el,0.61,0.7462352941176472
sq,el,0.821,0.8788530603383544
es,el,0.7071,0.8282869626537893
kk,el,0.586,0.8043209734709734
kn,el,0.56,0.7244065934065935
fi,el,0.6761,0.8369554717126699
te,el,0.571,0.7277585287089932
ce,el,0.26,0.5934327894327894
tt,el,0.665,0.8056815235418175
sah,el,0.46,0.5576428571428572
sco,el,0.65,0.766435064935065
zea,el,0.68,0.7943766233766234
jbo,el,0.34,0.4758571428571428
he,el,0.4877,0.7363912408601031
ca,el,0.7013,0.8142710195085272
mg,el,0.41,0.7313736263736261
mwl,el,0.44,0.6755048285048285
sl,el,0.7393,0.8535815313144028
ast,el,0.758,0.8583934993369206
bh,el,0.67,0.7737606282606281
hr,el,0.6763,0.820018756511806
ml,el,0.657,0.7794335053835054
os,el,0.37,0.6497863247863248
ky,el,0.48,0.6697878787878788
si,el,0.74,0.8417142857142857
uz,el,0.753,0.8186179570429569
ilo,el,0.65,0.7562502497502499
vi,el,0.4941,0.7341539647701799
tk,el,0.57,0.6550909090909091
diq,el,0.53,0.6698643578643579
ug,el,0.46,0.5476781172044329
so,el,0.65,0.6993333333333334
fiu-vro,el,0.53,0.7065148119854002
is,el,0.72,0.8401145114689232
io,el,0.68,0.7439004329004328
ps,el,0.41,0.617481684981685
mr,el,0.628,0.7740823348649974
crh,el,0.45,0.610564935064935
az,el,0.641,0.8010145762733998
oc,el,0.6,0.6356421356421357
dv,el,0.38,0.5893279171808584
cs,el,0.6865,0.82633390722109
br,el,0.487,0.6257090625061213
als,el,0.54,0.8029537619243502
sk,el,0.6979,0.822206637083247
ne,el,0.5,0.7501976911976912
ia,el,0.53,0.6928752369061967
fo,el,0.69,0.8051022408963584
sw,el,0.538,0.6490044839577347
rw,el,0.54,0.6680341880341881
ba,el,0.6,0.7754797979797979
ga,el,0.64,0.7954633733397665
wa,el,0.55,0.6077619047619048
zh-min-nan,el,0.32,0.4664397759103641
tl,el,0.623,0.7422422687305814
an,el,0.725,0.8092551588933942
tr,el,0.724,0.831638111869211
gan,el,0.44,0.6156666666666667
yi,el,0.55,0.7335815295815297
km,el,0.44,0.5895531135531136
lij,el,0.44,0.5897028249528249
mt,el,0.64,0.7656825396825397
ceb,el,0.58,0.683978021978022
simple,el,0.706,0.8320657126671058
ms,el,0.568,0.7265743705640764
be-x-old,el,0.728,0.8308172702598399
or,el,0.13,0.4141867576867576
my,el,0.3,0.6657311022311021
th,el,0.0911,0.3024787203293782
lmo,el,0.5,0.7623756209390885
gd,el,0.57,0.6610274170274171
sd,el,0.37,0.6695085470085469
ka,el,0.6675,0.8188003691105936
ta,el,0.55,0.7398496803849746
ay,el,0.39,0.4148441558441558
as,el,0.65,0.7311593406593407
sh,el,0.5444,0.7146068147031847
war,el,0.59,0.7257429237429237
su,el,0.46,0.6946709956709957
ckb,el,0.633,0.7068635198135198
eo,el,0.6455,0.765480575885243
scn,el,0.6,0.7094462759462759
sr,el,0.5647,0.7574931341276542
gn,el,0.56,0.6488095238095238
hi,el,0.666,0.7847906482406483
ru,el,0.6268,0.7836371939412498
nds,el,0.76,0.8927051771757655
ln,el,0.54,0.6224971629677511
pdc,el,0.58,0.7105039682539682
nn,el,0.698,0.8304847474936484
min,el,0.43,0.6263614718614718
en,el,0.5157,0.715550814062958
nap,el,0.53,0.6760293693234871
cdo,el,0.34,0.4209499389499389
ext,el,0.64,0.7636483516483517
frr,el,0.61,0.6853333333333333
be,el,0.73,0.8402332475745788
hsb,el,0.57,0.7415583566760036
uk,el,0.7067,0.8549952822066134
vep,el,0.53,0.7359915474961914
zh-classical,el,0.38,0.5275403222508486
bg,el,0.7328,0.8447219013202141
zh-yue,el,0.3581,0.6170669334870496
bo,el,0.1,0.2533333333333333
cy,el,0.622,0.7526839746253059
id,el,0.4494,0.7159263326035848
hy,el,0.589,0.704132555439057
fr,el,0.6774,0.8258919559035734
hu,el,0.7202,0.8551893308703681
bs,el,0.659,0.819892831987414
af,el,0.696,0.818565522978913
mn,el,0.69,0.7915042180042181
wuu,el,0.5,0.6557777777777778
ro,el,0.6315,0.8023440283186026
csb,el,0.54,0.6880704948646126
pnb,el,0.56,0.6191208791208792
mk,el,0.717,0.8282954695459339
bat-smg,el,0.49,0.5857857142857142
ar,el,0.5988,0.7524736855335926
arz,el,0.6,0.7876413031413031
ko,el,0.4877,0.6893042119172538
ang,el,0.58,0.6787371615312793
mzn,el,0.49,0.748959595959596
map-bms,el,0.62,0.7094682539682541
pt,el,0.6938,0.8101356130599706
fur,el,0.57,0.6898686868686871
tg,el,0.66,0.7552265512265512
eu,el,0.6429,0.8167148044731326
da,el,0.7473,0.8564300592089369
sv,el,0.6167,0.8062114106370066
bn,el,0.681,0.7616411086505513
xmf,el,0.58,0.7147988677988679
hak,el,0.39,0.4344999999999999
pa,el,0.61,0.7174516594516596
li,el,0.6,0.7186022408963585
cv,el,0.59,0.7724681707181706
szl,el,0.6,0.6699206349206349
mi,el,0.29,0.6388876678876678
co,el,0.68,0.7247619047619048
ku,el,0.76,0.8271269841269842
it,el,0.6801,0.8209246978262535
jv,el,0.57,0.7627286047286048
ig,el,0.52,0.6233766233766234
nl,el,0.7356,0.8446863399448848
pms,el,0.52,0.7693729238597661
eml,el,0.46,0.5998919234360411
cbk-zam,el,0.56,0.7465786990786991
ja,el,0.1696,0.5406890161867717
is,en,0.632,0.8145011878042837
sl,en,0.7648,0.8614370510157198
ilo,en,0.7,0.7303214285714286
ce,en,0.27,0.5624454418130889
be,en,0.725,0.8268539315259903
tl,en,0.754,0.7981618113912232
hu,en,0.6359,0.82539020825236
mhr,en,0.54,0.6308948273948274
pnb,en,0.65,0.7168492063492063
tt,en,0.549,0.7838599923983824
bo,en,0.21,0.2925238095238095
lv,en,0.6466,0.8090964457858963
cy,en,0.475,0.6400889268626111
zh-min-nan,en,0.48,0.5335836385836386
csb,en,0.41,0.6291391853760274
ml,en,0.614,0.7563723854576796
ksh,en,0.28,0.5531250051118471
ckb,en,0.564,0.7024207681207681
mt,en,0.56,0.8083852367103141
tk,en,0.56,0.6684448884448885
ru,en,0.6345,0.7547915243743185
az,en,0.54,0.747471580380404
fa,en,0.4454,0.7676139301298975
or,en,0.15,0.5617359584859585
en,en,0.7792,0.872504991682724
yo,en,0.57,0.6488564768564768
zh-yue,en,0.3074,0.5346278607486425
ky,en,0.41,0.6015266955266955
arc,en,0.19,0.2940238095238096
jv,en,0.47,0.7568424908424908
as,en,0.54,0.6131746031746032
ro,en,0.7096,0.8018139421620691
szl,en,0.47,0.5943106893106893
li,en,0.55,0.7057282629651052
la,en,0.744,0.8305844834731831
vi,en,0.6767,0.815431071381319
nap,en,0.55,0.7037869363178961
mn,en,0.68,0.7869913419913419
vep,en,0.58,0.7698491572067422
pl,en,0.6962,0.8425384021241916
my,en,0.32,0.6326645021645021
pms,en,0.52,0.6749251859251859
oc,en,0.65,0.7348076368076368
fo,en,0.58,0.7449772917141338
nl,en,0.7481,0.858141425766356
hy,en,0.325,0.6501477164390477
et,en,0.5964,0.79200763746917
kk,en,0.4,0.7194504828504827
diq,en,0.3,0.5735098235098235
hi,en,0.649,0.7667879564879565
jbo,en,0.24,0.3104933954933955
gn,en,0.43,0.5597180597180597
cbk-zam,en,0.35,0.6513259518259518
crh,en,0.42,0.6124737484737485
mr,en,0.527,0.7452887433258176
hr,en,0.6367,0.8155831372497472
bg,en,0.7041,0.8099365833916685
ug,en,0.28,0.398008547008547
scn,en,0.52,0.6693268398268398
io,en,0.67,0.7674700854700857
wuu,en,0.27,0.539
gu,en,0.55,0.7672506105006106
simple,en,0.829,0.9063237071751776
fur,en,0.48,0.6088231768231769
hsb,en,0.62,0.7393593263461685
sr,en,0.5824,0.7897701230022127
ur,en,0.542,0.7882014023386316
vls,en,0.54,0.7186843711843713
lt,en,0.6268,0.8081083825436689
vec,en,0.57,0.7134992784992785
xmf,en,0.34,0.4919184704184702
eo,en,0.5834,0.7585328728942197
fi,en,0.6319,0.8195932069633154
rm,en,0.51,0.672601121101121
bs,en,0.544,0.7837637530598057
sh,en,0.4433,0.7807079842543079
ps,en,0.44,0.5871603119103119
sah,en,0.64,0.7244657477025898
cv,en,0.49,0.7072370505311681
ja,en,0.2265,0.5315025053326448
ang,en,0.45,0.577155838313733
ne,en,0.62,0.8312361994730416
km,en,0.3,0.4630238095238095
da,en,0.7492,0.8636908405491996
id,en,0.4334,0.7941945795819247
an,en,0.708,0.8287291432853352
bat-smg,en,0.33,0.5033503718503717
no,en,0.6529,0.8385902519178448
pt,en,0.7089,0.826507984332489
als,en,0.34,0.6833487754075991
bh,en,0.59,0.7119971139971142
ceb,en,0.59,0.7003030303030303
bar,en,0.69,0.768515873015873
sa,en,0.21,0.4459603174603174
lij,en,0.28,0.5253372738372737
lb,en,0.552,0.7420810074943976
min,en,0.25,0.5990909090909091
sv,en,0.6368,0.8370227502116048
cdo,en,0.24,0.326677198618375
cs,en,0.7039,0.8446378517543688
lmo,en,0.25,0.5386103404679256
bn,en,0.711,0.7760319369828658
te,en,0.468,0.6729690743896627
zh,en,0.3185,0.6141055825108844
ar,en,0.4651,0.7329105657508986
pdc,en,0.38,0.5528990731490732
arz,en,0.49,0.7414812997460055
su,en,0.48,0.7291385281385281
ga,en,0.666,0.8137149894652991
vo,en,0.6,0.6
eml,en,0.35,0.4885851838220258
es,en,0.6525,0.8338475274046561
ko,en,0.3788,0.6411054792163461
war,en,0.67,0.74
eu,en,0.4623,0.7283305577850083
ext,en,0.3,0.4356703296703296
os,en,0.42,0.6897373737373738
map-bms,en,0.43,0.5543909423909423
he,en,0.4117,0.7095571750102323
el,en,0.706,0.8202369093728769
tg,en,0.74,0.8248748473748475
nov,en,0.67,0.7696305916305917
dv,en,0.39,0.5324290154290154
zea,en,0.49,0.7300721500721501
nds,en,0.57,0.7783975207798739
sd,en,0.28,0.5689714174714174
ku,en,0.56,0.7611854256854257
mwl,en,0.41,0.6160424575424576
rw,en,0.56,0.6682492997198881
ig,en,0.47,0.5840454545454545
gd,en,0.47,0.560953823953824
th,en,0.1606,0.349533435232638
af,en,0.612,0.7953184636141293
kn,en,0.58,0.7125714285714285
mi,en,0.31,0.685936507936508
nn,en,0.7,0.8424702959665034
frr,en,0.39,0.4931587301587302
hak,en,0.29,0.3389285714285714
mk,en,0.698,0.8101385255267609
zh-classical,en,0.25,0.4208664355080763
ba,en,0.5,0.7253161838161839
ay,en,0.42,0.4809642857142857
gan,en,0.38,0.5694273504273505
wa,en,0.42,0.5462837977296181
ka,en,0.6074,0.7821045165635878
ta,en,0.475,0.7024128836849425
fiu-vro,en,0.37,0.5767843202549084
sco,en,0.66,0.771436507936508
yi,en,0.36,0.6449275169275168
ms,en,0.593,0.7109149866473394
co,en,0.58,0.6639935064935065
ca,en,0.8084,0.8750457105244259
uk,en,0.6308,0.7724043098954709
mzn,en,0.38,0.6986433566433567
mg,en,0.46,0.7588315018315016
ast,en,0.618,0.8080838415969995
sq,en,0.711,0.8482991001258804
ace,en,0.32,0.5433482073482074
uz,en,0.692,0.8430945397739517
so,en,0.57,0.652064935064935
be-x-old,en,0.598,0.7188340386393792
ln,en,0.32,0.4918568098568099
fr,en,0.7353,0.8341624232716028
pa,en,0.45,0.7167083570024747
am,en,0.37,0.5049350649350649
si,en,0.51,0.6843304473304473
it,en,0.7149,0.8567720825974852
sw,en,0.58,0.6928832172557405
tr,en,0.6798,0.8408575881179364
gl,en,0.7692,0.873846131494924
br,en,0.416,0.5729108567301291
qu,en,0.59,0.67816332790017
ia,en,0.42,0.5957540149908571
sk,en,0.708,0.8374616791885446
de,en,0.676,0.8193237618246905
fy,en,0.719,0.8137781875331411
lt,eo,0.711,0.8456691123187098
ay,eo,0.45,0.4607142857142857
ln,eo,0.48,0.636492784992785
hu,eo,0.6896,0.8356497660492241
sq,eo,0.782,0.8588279379547182
ko,eo,0.461,0.6811593560661904
sw,eo,0.592,0.6760191451135724
or,eo,0.11,0.2976196581196581
gd,eo,0.56,0.6147458619811561
mt,eo,0.65,0.7734126984126984
br,eo,0.596,0.7089925927014162
ceb,eo,0.69,0.763581225791752
pdc,eo,0.38,0.5651071428571429
scn,eo,0.68,0.7886572871572872
ug,eo,0.37,0.4475555555555556
zea,eo,0.58,0.7836858696858697
am,eo,0.42,0.5233766233766233
ml,eo,0.643,0.7824857253857255
el,eo,0.7057,0.8043046950271949
hy,eo,0.616,0.7014844332138449
en,eo,0.5664,0.7669052750122255
te,eo,0.586,0.7232634505845031
fur,eo,0.56,0.6842283549783551
zh-min-nan,eo,0.6,0.6535822510822511
szl,eo,0.55,0.6466349206349206
ja,eo,0.1478,0.5309573116202683
arz,eo,0.58,0.800978243978244
mi,eo,0.33,0.6032698412698413
lb,eo,0.6,0.7708380195999391
my,eo,0.34,0.6727279942279942
lmo,eo,0.48,0.763728496821376
bs,eo,0.648,0.8195477135008096
io,eo,0.71,0.8443265068265068
tg,eo,0.63,0.7847142594247858
ur,eo,0.584,0.7354721722721723
fo,eo,0.63,0.8089455456823879
bo,eo,0.29,0.3215
ar,eo,0.5019,0.7483525526863918
so,eo,0.6,0.6951587301587301
ky,eo,0.55,0.6999949494949494
nap,eo,0.57,0.710935064935065
wuu,eo,0.34,0.5979682539682539
af,eo,0.667,0.8096230688901742
th,eo,0.0058,0.2214336624400711
bh,eo,0.67,0.7692243867243868
co,eo,0.64,0.7138140193140192
fiu-vro,eo,0.53,0.7155372405372404
es,eo,0.7688,0.8632888745172957
vec,eo,0.66,0.767887445887446
ig,eo,0.5,0.5978154068154068
hak,eo,0.35,0.4258051948051947
ro,eo,0.6723,0.8411533527892816
mwl,eo,0.38,0.6049597347097346
csb,eo,0.57,0.7121837051837052
yi,eo,0.48,0.6692916527916529
nl,eo,0.7178,0.8432883608101566
ka,eo,0.6111,0.7886493558058728
kn,eo,0.61,0.7447251082251083
vi,eo,0.565,0.8033131620237347
bg,eo,0.6935,0.8073974074532279
cdo,eo,0.36,0.4338116883116882
ga,eo,0.666,0.8162259877205698
ace,eo,0.33,0.5527972582972582
si,eo,0.61,0.6983131313131312
gn,eo,0.47,0.6180743145743145
sah,eo,0.49,0.604611111111111
hsb,eo,0.75,0.8509047619047618
zh,eo,0.2739,0.6312122242609471
jbo,eo,0.52,0.6153333333333333
vls,eo,0.65,0.800884422594949
als,eo,0.53,0.7510354527653288
sd,eo,0.4,0.7137763347763346
ilo,eo,0.69,0.7534544534412956
rm,eo,0.59,0.7875200910200911
jv,eo,0.63,0.7748167388167388
sl,eo,0.7037,0.818215243487163
li,eo,0.71,0.8013424908424909
fa,eo,0.5451,0.7715139991896648
pms,eo,0.63,0.8096989497430674
simple,eo,0.702,0.8481141980998018
tt,eo,0.647,0.8050098083718826
fr,eo,0.7242,0.8440281032718571
bar,eo,0.71,0.7896233211233212
mr,eo,0.587,0.7618931689225806
mg,eo,0.31,0.7441223776223777
su,eo,0.66,0.7672005772005772
nov,eo,0.69,0.8859783549783552
tr,eo,0.7141,0.8426259592136448
ce,eo,0.36,0.7245944610944609
ms,eo,0.672,0.7894978389687368
sr,eo,0.6255,0.7953643525334315
lij,eo,0.35,0.5152145517880812
vo,eo,0.59,0.59
ta,eo,0.517,0.731401620584438
map-bms,eo,0.52,0.6282857142857143
rw,eo,0.62,0.7117676767676767
sa,eo,0.37,0.5308979646084908
wa,eo,0.46,0.6019198873022402
lv,eo,0.6776,0.7987693690906618
be,eo,0.698,0.8216897656265303
os,eo,0.6,0.7399047619047618
et,eo,0.673,0.8241156917050957
ksh,eo,0.46,0.6642316017316017
nds,eo,0.68,0.8584910031488978
is,eo,0.686,0.8358554362304362
no,eo,0.7248,0.8543173936787327
ang,eo,0.53,0.642697425381636
bn,eo,0.669,0.7644178539468787
cs,eo,0.683,0.8320685633260789
ext,eo,0.4,0.5541686646686647
ia,eo,0.41,0.6661788036524878
diq,eo,0.56,0.6852712842712844
mk,eo,0.631,0.7971787911950451
nn,eo,0.688,0.8093602606543783
zh-yue,eo,0.3587,0.6382629069906701
qu,eo,0.69,0.7229019607843137
id,eo,0.5299,0.8532247774894524
tk,eo,0.61,0.7144545454545457
mn,eo,0.59,0.7480286380286381
yo,eo,0.47,0.5802857142857143
ca,eo,0.7695,0.8657133430544344
gu,eo,0.54,0.706231964715711
frr,eo,0.51,0.6188888888888889
eu,eo,0.6056,0.8066125105467289
sv,eo,0.6824,0.8406558876125593
fy,eo,0.76,0.8572877709923375
pa,eo,0.62,0.7494992784992786
war,eo,0.68,0.7997313797313796
arc,eo,0.17,0.3365714285714285
hi,eo,0.628,0.7624517816548777
min,eo,0.33,0.636545177045177
cy,eo,0.625,0.7638535902436057
it,eo,0.6684,0.8282128348835548
vep,eo,0.53,0.7836663336663336
cv,eo,0.54,0.7443115773115773
mzn,eo,0.47,0.758071928071928
km,eo,0.33,0.5088888888888888
ba,eo,0.56,0.7345174825174826
de,eo,0.6466,0.8072750642279977
gan,eo,0.39,0.6271666666666667
pnb,eo,0.59,0.6761818181818182
be-x-old,eo,0.643,0.7582227402714246
kk,eo,0.609,0.7944583029543555
tl,eo,0.713,0.7904084305615265
sco,eo,0.67,0.779025641025641
eo,eo,0.8888,0.933103009269712
ckb,eo,0.52,0.6906686646686647
zh-classical,eo,0.33,0.5837533824964166
az,eo,0.631,0.8026092611636729
crh,eo,0.51,0.6551803196803198
dv,eo,0.42,0.6050932400932401
gl,eo,0.756,0.8568457897365792
ne,eo,0.57,0.8078779553779554
ru,eo,0.6746,0.7913317891697226
ast,eo,0.649,0.8497774146905727
pt,eo,0.7135,0.835061249637875
hr,eo,0.6724,0.8254092245155945
bat-smg,eo,0.59,0.6853809523809522
la,eo,0.75,0.8559944176738296
cbk-zam,eo,0.33,0.6012618492618492
oc,eo,0.77,0.8271153291153291
uk,eo,0.6994,0.8364361500925974
as,eo,0.59,0.6902380952380952
ku,eo,0.71,0.7912222222222222
he,eo,0.4341,0.707198404511725
fi,eo,0.6627,0.8301132515970441
sk,eo,0.7332,0.8572990910224966
eml,eo,0.46,0.5686916416916417
pl,eo,0.6668,0.8250617186975393
an,eo,0.826,0.877532129085225
da,eo,0.7205,0.852999039489922
xmf,eo,0.63,0.747999666999667
mhr,eo,0.62,0.7352893772893774
uz,eo,0.841,0.8800185187361658
ps,eo,0.5,0.6708008658008658
sh,eo,0.6806,0.8517740453792852
pl,es,0.6063,0.8179521271461597
sa,es,0.32,0.4884554889554888
mi,es,0.22,0.5331199356199355
vo,es,0.59,0.59
th,es,0.1184,0.3226512613753635
lb,es,0.506,0.718422306924242
hr,es,0.6158,0.8076354010428854
sah,es,0.5,0.70105318804003
ca,es,0.7615,0.8800399110220704
ast,es,0.611,0.8301873589946346
ksh,es,0.31,0.5519646464646465
ace,es,0.28,0.5165266955266955
ru,es,0.5815,0.7642659768843129
cy,es,0.447,0.6918131368631368
ba,es,0.48,0.7709362859362859
tt,es,0.546,0.7969722486663663
jbo,es,0.44,0.4933333333333333
ne,es,0.43,0.7167092352092354
sv,es,0.5846,0.8152179531459253
fo,es,0.57,0.7703051948051949
qu,es,0.56,0.6973445182268712
nl,es,0.6724,0.8296411267928837
bh,es,0.5,0.6705102054807938
li,es,0.58,0.7067362637362636
ta,es,0.401,0.6947534135798842
pdc,es,0.36,0.5541852036852037
war,es,0.61,0.7265352425352425
it,es,0.6724,0.8431056230345162
yi,es,0.4,0.6985201465201466
map-bms,es,0.43,0.5787619047619047
oc,es,0.72,0.795880230880231
arz,es,0.49,0.7405072427572427
ilo,es,0.66,0.7357878787878788
is,es,0.588,0.7965521759114639
ky,es,0.34,0.5852619047619048
te,es,0.416,0.6421333744514859
mr,es,0.54,0.7516301612474213
si,es,0.63,0.8342106782106782
da,es,0.6659,0.8363160128768719
ar,es,0.5669,0.7877417164689455
tl,es,0.69,0.7922166612197573
min,es,0.21,0.5652089577089577
ia,es,0.41,0.6150789123157544
uk,es,0.5196,0.7920601252144829
tk,es,0.55,0.6785656565656566
cs,es,0.6222,0.8122536981757493
no,es,0.6531,0.8348439310689312
be,es,0.627,0.7992304823659313
nds,es,0.5,0.7898206179785128
zh,es,0.2516,0.6127751247428183
my,es,0.21,0.5570687417158006
ext,es,0.31,0.437010212010212
gl,es,0.7802,0.879660151057233
scn,es,0.6,0.7763904983904985
uz,es,0.813,0.8842968570645041
sk,es,0.678,0.8467371374214021
sr,es,0.5637,0.8058255700680469
af,es,0.541,0.7386409840589407
als,es,0.42,0.6954401768681955
ka,es,0.5485,0.7766083897853093
rm,es,0.51,0.7006928904428904
ps,es,0.36,0.5717432567432568
hsb,es,0.57,0.7477698412698414
sl,es,0.666,0.8024667790946584
co,es,0.54,0.63962543012543
tg,es,0.47,0.737715452246412
el,es,0.6178,0.7975587375266632
su,es,0.33,0.6525151515151515
cbk-zam,es,0.31,0.5131937996643878
sh,es,0.5307,0.750968510754811
et,es,0.5872,0.7981705586518745
eo,es,0.6809,0.824591779656532
ug,es,0.28,0.4714392829392829
mg,es,0.3,0.6897365967365967
ga,es,0.592,0.7989030202855281
sq,es,0.755,0.8505580495098297
bo,es,0.15,0.2625238095238095
yo,es,0.42,0.533035964035964
simple,es,0.638,0.8153763396648072
eml,es,0.34,0.4949449994449994
gu,es,0.36,0.6391565539723434
ms,es,0.675,0.8049589444267462
tr,es,0.6615,0.8180572771982059
zh-yue,es,0.2565,0.5721574877057927
zh-classical,es,0.16,0.4861883525830893
mzn,es,0.41,0.7246738816738818
fr,es,0.7116,0.8509583012713121
ay,es,0.39,0.4356825396825396
am,es,0.25,0.4894226884226884
la,es,0.683,0.8206841215973568
lv,es,0.6265,0.8135708340567241
ko,es,0.3343,0.6261224045785656
ig,es,0.48,0.5977378177378178
crh,es,0.39,0.6011568986568986
ja,es,0.1811,0.5174089225239844
bn,es,0.641,0.7592160734690147
ro,es,0.6708,0.8281266609714674
wa,es,0.41,0.5429035668493872
id,es,0.4328,0.687218639324212
es,es,0.8103,0.9050038665350818
jv,es,0.55,0.7840921300921302
ku,es,0.63,0.7336031746031745
pa,es,0.51,0.6851488054429231
ce,es,0.25,0.6525369075369076
bs,es,0.547,0.7752960903389696
gd,es,0.52,0.6258051948051948
eu,es,0.5308,0.7789823567634635
cv,es,0.51,0.7217867132867133
be-x-old,es,0.546,0.7255689167471676
mn,es,0.6,0.7342501767238607
vi,es,0.5207,0.7546166261610766
sw,es,0.52,0.6789785975462446
lij,es,0.33,0.4958539173245055
ang,es,0.42,0.5815166529377056
hy,es,0.517,0.6841225516141927
lmo,es,0.35,0.6375583075335397
nov,es,0.63,0.8537803030303031
pt,es,0.7614,0.8670991100265403
diq,es,0.45,0.6248808968808969
de,es,0.5554,0.7715806164277759
fy,es,0.622,0.7940042039144207
bat-smg,es,0.5,0.6479639249639249
so,es,0.5,0.6001760461760461
pms,es,0.52,0.764242417713006
fur,es,0.48,0.5898584748584748
arc,es,0.08,0.2753939393939394
vec,es,0.56,0.7234618714618715
fi,es,0.5807,0.8166612669468475
fiu-vro,es,0.38,0.6318816608228374
fa,es,0.4846,0.8048930000924429
en,es,0.5207,0.7545013283250978
io,es,0.66,0.79138455988456
vls,es,0.49,0.7166792929292928
mk,es,0.549,0.7399340804190649
szl,es,0.51,0.6372063492063492
bar,es,0.65,0.7493730158730159
zh-min-nan,es,0.62,0.7140104617604618
sco,es,0.63,0.7682387057387058
as,es,0.58,0.6975064935064935
zea,es,0.51,0.7051346431346431
hi,es,0.629,0.7725772832430727
hak,es,0.33,0.4182392607392606
ckb,es,0.462,0.7112948384948385
pnb,es,0.54,0.6338953823953823
gn,es,0.43,0.6298968253968255
sd,es,0.27,0.5937909312909312
az,es,0.534,0.761743724842409
wuu,es,0.2,0.5265793650793651
ur,es,0.564,0.7322550878516049
kk,es,0.466,0.7462585026085026
mwl,es,0.31,0.5458959651459651
nn,es,0.592,0.7994566622232256
mt,es,0.66,0.7814622044622044
he,es,0.4326,0.7072232424670273
cdo,es,0.21,0.3552602169072756
hu,es,0.6203,0.8165570029110895
csb,es,0.37,0.6209194139194139
mhr,es,0.55,0.6955476190476191
br,es,0.434,0.641543327733498
bg,es,0.6399,0.8015171682076094
kn,es,0.48,0.6706190476190477
an,es,0.778,0.8763904244448363
xmf,es,0.41,0.6408554223554224
nap,es,0.6,0.6921870351870351
lt,es,0.6598,0.8242918739318816
os,es,0.42,0.7160792540792541
frr,es,0.52,0.6117380952380952
km,es,0.24,0.4350225885225884
ceb,es,0.63,0.7366854909796087
ln,es,0.37,0.5490773050478933
or,es,0.05,0.4193220390720389
rw,es,0.59,0.7057813852813853
gan,es,0.27,0.5612222222222222
dv,es,0.25,0.5365570050864168
ml,es,0.511,0.7217655960310759
vep,es,0.54,0.7754698926804189
mn,et,0.61,0.7957712483594839
mzn,et,0.52,0.7793405483405483
ko,et,0.4484,0.6932310285320115
qu,et,0.62,0.6990737693678871
th,et,0.0105,0.2578664005198448
my,et,0.35,0.6826519036519036
rw,et,0.63,0.7410346320346319
map-bms,et,0.5,0.633968253968254
te,et,0.552,0.7374635642135642
fo,et,0.69,0.8344435107376285
sco,et,0.63,0.7993333333333333
scn,et,0.56,0.7187110667110668
ur,et,0.535,0.7506592102342101
ml,et,0.631,0.774252550373603
nn,et,0.72,0.8473498209307032
pa,et,0.5,0.6882567856979622
uk,et,0.6363,0.8331706704982323
li,et,0.6,0.7403511586452765
vo,et,0.59,0.59
gn,et,0.42,0.5652063492063492
ky,et,0.56,0.7453333333333333
jbo,et,0.47,0.5586385281385282
bn,et,0.635,0.731235746056489
ceb,et,0.51,0.6524812687312687
zh-classical,et,0.16,0.4937930402930402
as,et,0.52,0.7146921966921965
yi,et,0.48,0.7098145743145743
als,et,0.42,0.759806760490971
he,et,0.4607,0.7259204390372269
zea,et,0.55,0.7730000000000001
az,et,0.627,0.8133653264863789
ace,et,0.29,0.5574733044733045
hak,et,0.31,0.3941385281385281
kk,et,0.542,0.7906610583860584
gd,et,0.51,0.6086073926073926
bo,et,0.17,0.2703333333333333
mk,et,0.718,0.8261187869148395
la,et,0.619,0.7379137806637807
wa,et,0.42,0.5829813258636788
ja,et,0.1624,0.523505428137394
bg,et,0.6912,0.8243578222233562
pl,et,0.6991,0.8484501599810578
cdo,et,0.23,0.3688744588744588
vi,et,0.5563,0.790162189429078
lb,et,0.61,0.7801049417558706
cbk-zam,et,0.33,0.6958733488733487
vec,et,0.66,0.7837642591326802
sw,et,0.501,0.6690685358587062
os,et,0.57,0.752170274170274
lmo,et,0.5,0.7850770165507006
arz,et,0.5,0.7713076368076368
eml,et,0.39,0.5394831932773109
ln,et,0.43,0.6020735930735931
af,et,0.64,0.8068017521522165
el,et,0.7003,0.8236844605600796
frr,et,0.54,0.6210476190476191
or,et,0.18,0.5073545898545898
be,et,0.703,0.8351176173499703
szl,et,0.59,0.687961038961039
diq,et,0.54,0.7005873015873015
gu,et,0.6,0.7893314659197012
an,et,0.697,0.7909644365438483
am,et,0.39,0.4956587301587302
ug,et,0.39,0.5221139971139972
csb,et,0.5,0.7201513029454206
ang,et,0.47,0.619023486317604
da,et,0.7427,0.873580907474019
nap,et,0.55,0.6751858239799416
nds,et,0.58,0.8104711399711401
fi,et,0.7149,0.8645341956804805
bh,et,0.58,0.7054033189033189
lt,et,0.7368,0.8665883053178332
rm,et,0.53,0.7467062382062382
mwl,et,0.3,0.6332319347319348
tl,et,0.607,0.7241797584768174
gan,et,0.25,0.5637222222222222
lij,et,0.37,0.5631202131202131
sd,et,0.4,0.7232330447330447
mr,et,0.639,0.801135455394279
ar,et,0.5293,0.7352236194868083
io,et,0.71,0.8137448107448109
fiu-vro,et,0.53,0.7393102453102451
si,et,0.49,0.6565223665223665
ast,et,0.752,0.8470067926397649
hi,et,0.671,0.7962705970500089
su,et,0.45,0.6673757908757909
zh-yue,et,0.3083,0.6217885416252135
hr,et,0.6689,0.8360458417717475
dv,et,0.32,0.5232954822954823
ga,et,0.59,0.756837119717228
ilo,et,0.59,0.7061274836274837
ne,et,0.59,0.8296494779730074
cs,et,0.6991,0.8506168247456019
zh-min-nan,et,0.54,0.6658264250369514
kn,et,0.59,0.7652380952380952
no,et,0.7093,0.852266612857387
eo,et,0.6618,0.8013399714784698
jv,et,0.56,0.7774022644022645
mt,et,0.58,0.8062904317904318
nov,et,0.8,0.9050835830835832
yo,et,0.4,0.5417318792318793
de,et,0.6495,0.8172351617543103
ms,et,0.47,0.609624695995439
ext,et,0.41,0.5656057276057276
sq,et,0.751,0.8764486846486846
co,et,0.6,0.674888888888889
pnb,et,0.52,0.6457875457875458
ba,et,0.67,0.7849343434343433
tg,et,0.66,0.8022222222222223
br,et,0.534,0.6687187736755847
pdc,et,0.43,0.6023571428571429
cy,et,0.533,0.7643136728338741
ta,et,0.518,0.7318781842340666
ce,et,0.54,0.7831879786879787
tr,et,0.6884,0.8283327397104102
fy,et,0.708,0.8390027296233179
ig,et,0.49,0.6062337662337662
ca,et,0.7534,0.8610745904851941
sv,et,0.6575,0.8730982617382619
ay,et,0.4,0.464079254079254
km,et,0.36,0.5631269841269841
sah,et,0.6,0.7304212454212454
vep,et,0.68,0.8773417791358967
mhr,et,0.58,0.69947113997114
id,et,0.4645,0.6714695814711604
sl,et,0.685,0.8114455461918542
simple,et,0.7,0.8391864119540591
tt,et,0.655,0.8335663849222674
wuu,et,0.24,0.5479444444444445
ru,et,0.6773,0.811483608904855
sh,et,0.5267,0.761897457346575
war,et,0.59,0.7233534243534243
is,et,0.718,0.8488248261542379
fur,et,0.48,0.6142417027417028
fr,et,0.6697,0.8044538465060911
hu,et,0.7114,0.862512631146803
nl,et,0.7201,0.8527002717457981
bs,et,0.642,0.8419150418724722
hy,et,0.391,0.6672907269201387
be-x-old,et,0.669,0.7882036714317674
ka,et,0.6631,0.8157488600597889
pms,et,0.59,0.7975312742812742
bat-smg,et,0.64,0.7841587301587303
et,et,0.8472,0.9274674041636036
vls,et,0.67,0.8281420246420248
ro,et,0.6523,0.8085948733842697
ia,et,0.46,0.6932768440709617
ckb,et,0.569,0.6825460927960928
min,et,0.28,0.6115137085137085
cv,et,0.57,0.7628411588411588
xmf,et,0.58,0.7230445665445667
zh,et,0.2639,0.633341522332157
gl,et,0.7514,0.8509707348740012
tk,et,0.58,0.7147972582972583
en,et,0.5552,0.7663326151256724
sa,et,0.31,0.5140959595959594
oc,et,0.71,0.7988697968697969
lv,et,0.6987,0.834667552009394
eu,et,0.5391,0.8085941751549104
fa,et,0.4678,0.7589281866757254
ps,et,0.51,0.6983625818625818
sr,et,0.6034,0.7963010451141567
uz,et,0.764,0.8649240148740148
bar,et,0.64,0.7528809523809522
arc,et,0.02,0.2129047619047619
sk,et,0.722,0.860375951513227
crh,et,0.4,0.6278354978354979
ksh,et,0.33,0.5965546218487394
mg,et,0.33,0.6157251082251083
it,et,0.6888,0.8417133390586022
hsb,et,0.68,0.8327667430608606
mi,et,0.25,0.6655119047619046
pt,et,0.6764,0.8115371041780717
es,et,0.6783,0.8177041518466054
ku,et,0.62,0.759095238095238
so,et,0.58,0.6850952380952381
crh,eu,0.39,0.5810235320235321
csb,eu,0.48,0.7047515262515262
jbo,eu,0.45,0.6109859943977591
vec,eu,0.59,0.7499235209235209
fa,eu,0.4839,0.7622099476375018
az,eu,0.632,0.7974185342435341
la,eu,0.668,0.7538146262234497
fiu-vro,eu,0.47,0.669089799089799
mzn,eu,0.43,0.7300878010878012
ug,eu,0.39,0.4978253968253968
pnb,eu,0.58,0.6833571428571428
pms,eu,0.57,0.7699923702028966
ms,eu,0.603,0.7075901887757925
el,eu,0.6485,0.7992757318103293
sah,eu,0.48,0.5916947496947497
cs,eu,0.6441,0.8165647567198883
lmo,eu,0.35,0.6374178555362766
es,eu,0.729,0.8463207140331288
arc,eu,0.05,0.2084285714285714
hi,eu,0.675,0.7846093711843711
hu,eu,0.6727,0.8390767858534655
id,eu,0.5493,0.6950828368260566
bg,eu,0.6428,0.7915332717927068
map-bms,eu,0.54,0.662547619047619
it,eu,0.6595,0.8262732754698003
tk,eu,0.6,0.718857142857143
be-x-old,eu,0.571,0.7307137221653475
ca,eu,0.7508,0.8616863812245545
ig,eu,0.48,0.609995670995671
sl,eu,0.6325,0.7675689950168509
su,eu,0.59,0.7520879120879121
ur,eu,0.561,0.7005282772782773
mhr,eu,0.55,0.7079224664224664
lb,eu,0.519,0.7324448192760112
sa,eu,0.33,0.5293650793650794
hsb,eu,0.63,0.8030542790542791
ang,eu,0.44,0.5867914862914863
ace,eu,0.35,0.5777489177489178
li,eu,0.61,0.7420829725829725
sr,eu,0.5485,0.7721384958634416
lv,eu,0.6704,0.8107562869715423
mwl,eu,0.33,0.6175250305250305
fur,eu,0.41,0.5829847374847374
szl,eu,0.6,0.6808730158730159
ga,eu,0.665,0.8216493225642607
is,eu,0.602,0.7867627261627261
sq,eu,0.765,0.8666032765651961
pdc,eu,0.32,0.5373291708291709
diq,eu,0.58,0.7284365079365079
kk,eu,0.574,0.7784721050191638
fi,eu,0.6692,0.8319278732756751
af,eu,0.572,0.7645164335148855
ba,eu,0.58,0.8012099567099569
uk,eu,0.6112,0.8098418175744104
bh,eu,0.58,0.6883253968253967
dv,eu,0.34,0.5021616161616161
yi,eu,0.4,0.6845766455766455
ps,eu,0.41,0.6110879675879676
zh,eu,0.2813,0.6085760605218655
an,eu,0.808,0.8646727870083133
ko,eu,0.4283,0.6631471735857881
ext,eu,0.38,0.5468229548229548
ilo,eu,0.61,0.7058084985190249
jv,eu,0.55,0.7652942612942613
km,eu,0.22,0.4924999999999999
rm,eu,0.5,0.7269262126762128
de,eu,0.5579,0.7621412725999491
gu,eu,0.56,0.766197136197136
sw,eu,0.544,0.6756071441028871
ky,eu,0.52,0.7128051948051948
fr,eu,0.6973,0.8405338961580215
he,eu,0.4389,0.6964626884295614
si,eu,0.6,0.745833943833944
min,eu,0.34,0.6277128427128428
tg,eu,0.54,0.7467780291603822
vls,eu,0.52,0.7398563103563105
ia,eu,0.39,0.6442917550285973
da,eu,0.6596,0.8187461038840761
br,eu,0.52,0.6618897176353059
io,eu,0.73,0.8432240896358542
ast,eu,0.691,0.8241081209725947
ceb,eu,0.57,0.7019493107511684
mi,eu,0.29,0.5854023199023198
te,eu,0.542,0.7173710816960818
mr,eu,0.619,0.7773904290154291
th,eu,0.0185,0.2661915423937946
gl,eu,0.7503,0.8528534424493635
ckb,eu,0.538,0.6490250249750251
eml,eu,0.38,0.5207218892218892
en,eu,0.5146,0.7316443157719473
ksh,eu,0.35,0.6108337130705551
mk,eu,0.568,0.7521457824081664
ln,eu,0.41,0.5901031746031746
rw,eu,0.61,0.7137331002331002
sk,eu,0.6838,0.8442462622602716
cbk-zam,eu,0.32,0.6491096126096125
nov,eu,0.63,0.8613335830835831
gd,eu,0.6,0.6771616161616162
ro,eu,0.6922,0.8371480931924973
cv,eu,0.63,0.8197710622710623
tr,eu,0.715,0.836211508635843
mt,eu,0.66,0.8000391275391274
bar,eu,0.69,0.7810238095238096
mg,eu,0.37,0.6405909090909091
vep,eu,0.58,0.8018642303688744
bn,eu,0.649,0.7276433347354401
ar,eu,0.4775,0.6927980257865629
zh-yue,eu,0.3339,0.6086859863536876
ta,eu,0.491,0.7082229482763538
mn,eu,0.65,0.775901653901654
sco,eu,0.67,0.7823443223443225
als,eu,0.43,0.7318073812152758
ce,eu,0.37,0.7614412254412254
vi,eu,0.5505,0.7534992733161232
ru,eu,0.6031,0.7726469236834717
gn,eu,0.48,0.6463907203907204
as,eu,0.63,0.7315974025974026
fo,eu,0.69,0.823047619047619
kn,eu,0.6,0.7552857142857143
uz,eu,0.807,0.8688992507492508
wuu,eu,0.25,0.5417460317460318
sv,eu,0.5555,0.7968440342156983
or,eu,0.25,0.5516586191586191
tl,eu,0.658,0.7593991682294313
pt,eu,0.6965,0.829879119071503
bs,eu,0.562,0.7862192284237949
cdo,eu,0.33,0.4142380952380952
eo,eu,0.6851,0.8010748340453835
vo,eu,0.51,0.5388888888888889
hr,eu,0.6218,0.795816861315499
zea,eu,0.52,0.7206370851370852
am,eu,0.38,0.5464480519480519
xmf,eu,0.6,0.7407014652014654
be,eu,0.649,0.8067901198302901
os,eu,0.48,0.6847417027417028
so,eu,0.63,0.7282698412698412
pl,eu,0.6372,0.8172965514636722
ne,eu,0.57,0.7882475171886938
no,eu,0.6324,0.8020655366717905
nds,eu,0.5,0.7822296869796871
lij,eu,0.37,0.5518794816294816
frr,eu,0.54,0.6182380952380953
co,eu,0.59,0.7024004329004331
oc,eu,0.78,0.7995555555555555
scn,eu,0.65,0.7685315795315795
yo,eu,0.41,0.5029357309357309
fy,eu,0.605,0.7805970533594374
bat-smg,eu,0.55,0.684
arz,eu,0.51,0.749988344988345
ka,eu,0.6134,0.7881298719641212
lt,eu,0.6869,0.8324608150775954
bo,eu,0.28,0.3179999999999999
ml,eu,0.614,0.7717427435137961
pa,eu,0.5,0.687064824064824
sh,eu,0.6943,0.8180154350766193
et,eu,0.6569,0.8275180269644358
nl,eu,0.6622,0.8214765614940616
war,eu,0.6,0.7344847374847376
nn,eu,0.626,0.7968722437349373
wa,eu,0.4,0.5270270774976658
sd,eu,0.41,0.7308665223665223
eu,eu,0.8754,0.9308020996298164
my,eu,0.33,0.6668313353313353
ja,eu,0.1681,0.5099213149999295
simple,eu,0.662,0.8208215135054144
ku,eu,0.67,0.7783968253968254
nap,eu,0.58,0.7442002719502718
tt,eu,0.689,0.8507128573524858
zh-min-nan,eu,0.44,0.5468484848484849
cy,eu,0.531,0.7446457372177185
zh-classical,eu,0.2,0.5039967907909084
gan,eu,0.38,0.6077222222222222
qu,eu,0.6,0.678935083921926
hak,eu,0.42,0.4662142857142857
ay,eu,0.63,0.6521587301587302
hy,eu,0.521,0.6847620428591017
sw,fa,0.327,0.5869817855003614
zh,fa,0.2131,0.5761259632447016
gu,fa,0.54,0.7269083694083693
tg,fa,0.5,0.7192698412698413
mk,fa,0.432,0.7281045529032372
ro,fa,0.4625,0.7842780387680773
bo,fa,0.0,0.1765238095238095
da,fa,0.4546,0.7401307589967652
yo,fa,0.45,0.6414905094905095
zh-classical,fa,0.16,0.4552543061513649
eml,fa,0.17,0.3991876734376734
en,fa,0.2916,0.6700939359720088
arz,fa,0.47,0.7497846597846598
ja,fa,0.144,0.5169345635771178
zea,fa,0.25,0.6169920634920635
eo,fa,0.4527,0.6976066643461458
ln,fa,0.23,0.4367619047619048
jbo,fa,0.19,0.4284134199134199
gl,fa,0.5282,0.766315015440356
mwl,fa,0.23,0.5608246753246753
fi,fa,0.4127,0.7218134732957101
pa,fa,0.45,0.6972705656916185
su,fa,0.29,0.5891208791208791
vep,fa,0.31,0.7164010711510711
ps,fa,0.21,0.5556305916305916
ko,fa,0.3018,0.5894979419514095
nl,fa,0.5023,0.7594536949153359
am,fa,0.4,0.5536825396825397
sq,fa,0.479,0.7516725784019902
tr,fa,0.4744,0.7490253884101794
fy,fa,0.517,0.743446647272576
tt,fa,0.419,0.7297717044393515
rm,fa,0.38,0.6527434232434232
ku,fa,0.64,0.7526190476190476
mhr,fa,0.14,0.4966646686646687
simple,fa,0.381,0.7517131105908195
nap,fa,0.33,0.6052348484848484
gan,fa,0.16,0.5675555555555555
dv,fa,0.11,0.5551890331890331
ar,fa,0.5616,0.7819880910893373
cv,fa,0.39,0.6804978354978356
nn,fa,0.408,0.6807630008880009
cbk-zam,fa,0.18,0.6481529581529583
cdo,fa,0.03,0.2209063159063159
fa,fa,0.8902,0.9313049548207212
ig,fa,0.13,0.516135531135531
ay,fa,0.25,0.4118771228771228
mi,fa,0.15,0.5184166666666666
pdc,fa,0.24,0.5029542124542123
tl,fa,0.493,0.7071169185217948
ba,fa,0.44,0.6583290043290043
ast,fa,0.569,0.7727836759473756
mzn,fa,0.08,0.5677512487512487
kk,fa,0.427,0.7133619436119436
nds,fa,0.53,0.7717746142746144
is,fa,0.448,0.7264760323010323
be,fa,0.51,0.7458257689678742
diq,fa,0.25,0.5538369408369408
ta,fa,0.375,0.6656869713619714
bs,fa,0.45,0.7354084811645183
et,fa,0.4286,0.7160444142527579
wa,fa,0.18,0.4613968253968254
ur,fa,0.714,0.8019467365967367
sv,fa,0.4978,0.7855158642398193
jv,fa,0.42,0.6700965113318054
ml,fa,0.601,0.7646292829977039
si,fa,0.47,0.6696190476190477
ga,fa,0.456,0.7428337235949465
so,fa,0.22,0.5464126984126983
ca,fa,0.5619,0.7963234163308311
hak,fa,0.12,0.2657619047619047
an,fa,0.664,0.820890922965923
mr,fa,0.538,0.7389721458280283
vo,fa,0.38,0.5684444444444444
kn,fa,0.61,0.7172728937728938
sah,fa,0.55,0.7249581164449584
tk,fa,0.3,0.6138838383838384
br,fa,0.268,0.521781138374869
es,fa,0.5018,0.7619647070585074
no,fa,0.4709,0.7369036822706018
ceb,fa,0.46,0.7019564879564881
mn,fa,0.46,0.6791354201354202
hr,fa,0.3833,0.7089603024117266
bar,fa,0.63,0.7610372405372403
uz,fa,0.801,0.8734734265734265
zh-min-nan,fa,0.3,0.4482516226463594
or,fa,0.16,0.4448497058497058
la,fa,0.441,0.6304186307156895
yi,fa,0.31,0.6066738261738261
ug,fa,0.05,0.345043179043179
war,fa,0.54,0.738845487845488
eu,fa,0.4417,0.7214874656174578
km,fa,0.06,0.335547619047619
sl,fa,0.4393,0.6892274603629945
mg,fa,0.59,0.8441731601731601
ne,fa,0.47,0.7747895927601811
my,fa,0.21,0.5596064213564214
uk,fa,0.473,0.7235825394892345
vec,fa,0.45,0.6507341839447102
ksh,fa,0.34,0.6221944444444444
mt,fa,0.43,0.7345202314025844
fr,fa,0.4575,0.752111176546192
crh,fa,0.32,0.558047619047619
ang,fa,0.23,0.5006032023532022
bh,fa,0.18,0.6011300366300366
sr,fa,0.539,0.7927824737062042
te,fa,0.487,0.699360150960151
pms,fa,0.48,0.7339424597590232
ms,fa,0.378,0.5902480268785223
ace,fa,0.08,0.4259622044622043
lb,fa,0.447,0.7107865526286579
lt,fa,0.5016,0.7475622039467241
gd,fa,0.35,0.5425216727716727
hu,fa,0.4674,0.7492724722851968
lmo,fa,0.33,0.6720422176722487
szl,fa,0.24,0.5641692751692751
fiu-vro,fa,0.27,0.5592545787545788
ilo,fa,0.35,0.6448165168165169
vi,fa,0.3987,0.7207311757652393
fo,fa,0.47,0.7190308302808304
ext,fa,0.19,0.5530097680097679
bg,fa,0.4761,0.7296814818489045
ckb,fa,0.684,0.7485787767787768
xmf,fa,0.43,0.6513796758796758
csb,fa,0.24,0.5318969086469086
bat-smg,fa,0.39,0.5300451770451771
ka,fa,0.4403,0.7147401503046317
pl,fa,0.4165,0.737924379659728
arc,fa,0.02,0.3277460317460317
vls,fa,0.4,0.6728765123765125
scn,fa,0.51,0.7232886002886003
hy,fa,0.486,0.7586049552786394
az,fa,0.554,0.7764791366528209
bn,fa,0.645,0.7471866584911477
id,fa,0.3344,0.6276317615150587
co,fa,0.17,0.5468225108225108
os,fa,0.24,0.5541519591519591
frr,fa,0.22,0.525025641025641
sa,fa,0.2,0.5303658008658009
pnb,fa,0.61,0.6798095238095238
gn,fa,0.29,0.5414249639249639
li,fa,0.52,0.7215551948051949
wuu,fa,0.15,0.5191904761904762
sk,fa,0.4909,0.772726892214253
zh-yue,fa,0.2348,0.5545889647169135
be-x-old,fa,0.467,0.6768685521994345
lv,fa,0.4362,0.6841442180815401
pt,fa,0.4764,0.745579244325506
af,fa,0.445,0.7140413401356126
qu,fa,0.4,0.6028048340548341
sco,fa,0.34,0.6640800865800865
he,fa,0.3551,0.6767789294322808
ce,fa,0.12,0.505267982017982
sd,fa,0.12,0.5780773670773671
sh,fa,0.451,0.7704295217433066
rw,fa,0.1,0.5683387723387723
as,fa,0.49,0.654571817071817
ru,fa,0.3269,0.6391274575407393
als,fa,0.39,0.7182939220222502
de,fa,0.5493,0.7886373094054209
hsb,fa,0.33,0.6229393939393938
map-bms,fa,0.25,0.5627142857142856
th,fa,0.007,0.3321600552423153
ky,fa,0.38,0.604534632034632
cs,fa,0.4078,0.721172597451568
lij,fa,0.23,0.46945670995671
ia,fa,0.27,0.6071865471130176
nov,fa,0.2,0.7341752136752139
cy,fa,0.418,0.6442504014990856
el,fa,0.5372,0.7452370081664121
oc,fa,0.46,0.6963844488844488
hi,fa,0.585,0.7448826203208556
io,fa,0.39,0.6166183261183261
it,fa,0.3784,0.717164966124347
fur,fa,0.19,0.5131173271173272
min,fa,0.2,0.6141269841269841
cs,fi,0.7115,0.8511547463870839
lt,fi,0.6921,0.8491039014563008
fa,fi,0.3643,0.7120066572634453
zea,fi,0.58,0.770396103896104
fi,fi,0.8149,0.9113604989790052
es,fi,0.6732,0.8410548554996776
pdc,fi,0.35,0.5472824675324675
li,fi,0.55,0.7342313797313799
lij,fi,0.37,0.5662716727716727
zh,fi,0.2577,0.6058046410065683
vec,fi,0.59,0.7362306582306581
cbk-zam,fi,0.33,0.7001075591075592
ko,fi,0.484,0.7144718044313788
fr,fi,0.6846,0.8303344957132651
nn,fi,0.736,0.8470175246150479
sq,fi,0.773,0.8730380446608774
bo,fi,0.34,0.3551904761904761
frr,fi,0.5,0.6067222222222222
la,fi,0.515,0.8010880214728511
sw,fi,0.536,0.6544541400807654
it,fi,0.66,0.8382469661075078
ru,fi,0.5837,0.7628097960991537
ku,fi,0.68,0.8003080808080809
ckb,fi,0.447,0.6509680569430569
pms,fi,0.51,0.7317659752528174
diq,fi,0.56,0.7251385281385282
or,fi,0.13,0.4574591846062434
mi,fi,0.34,0.6875656565656566
nap,fi,0.58,0.7089173341278604
sv,fi,0.7647,0.9003966212262109
zh-classical,fi,0.22,0.4251744673455199
sd,fi,0.35,0.700533189033189
vo,fi,0.12,0.4815627705627704
eml,fi,0.43,0.5770347169170698
tr,fi,0.7001,0.8351863064713065
bs,fi,0.644,0.8256568413526618
yi,fi,0.46,0.6932278832278833
ug,fi,0.44,0.5251456321456321
th,fi,0.1441,0.3346024016179898
mwl,fi,0.34,0.5928329725829726
vi,fi,0.5328,0.7713848580152218
ps,fi,0.5,0.6536359751359752
mt,fi,0.64,0.8085815295815295
ml,fi,0.615,0.7875836304218657
simple,fi,0.64,0.8157024916947517
bg,fi,0.689,0.8254000875268522
hr,fi,0.6975,0.8400695040958355
az,fi,0.608,0.81727266849078
co,fi,0.61,0.7137948717948719
zh-yue,fi,0.2768,0.5551374571429601
be-x-old,fi,0.68,0.8104513755766078
crh,fi,0.51,0.6812435897435897
bh,fi,0.62,0.7331796536796538
ms,fi,0.567,0.7197265838994167
sh,fi,0.3399,0.6721995045451624
as,fi,0.51,0.6611904761904762
be,fi,0.688,0.8240568507515875
ln,fi,0.5,0.6235655390361273
ba,fi,0.61,0.7513751803751805
ilo,fi,0.55,0.6744855699855701
kn,fi,0.56,0.7427008547008547
af,fi,0.631,0.7959557230265435
ce,fi,0.3,0.6994790764790763
ksh,fi,0.36,0.6000158730158729
scn,fi,0.61,0.7428253968253969
mhr,fi,0.56,0.6989777999778
et,fi,0.708,0.8553213439140838
tk,fi,0.6,0.7156111111111112
he,fi,0.4402,0.7292124888647644
mzn,fi,0.49,0.7594627594627593
en,fi,0.4783,0.728868978396045
fur,fi,0.54,0.6814313464313464
an,fi,0.725,0.828178931818096
mr,fi,0.621,0.7937797306494674
gu,fi,0.51,0.7565896325896326
cdo,fi,0.41,0.4678809523809524
ext,fi,0.45,0.5663015873015873
de,fi,0.6322,0.8053450451371814
si,fi,0.6,0.6925108225108225
ka,fi,0.6684,0.8303974784013717
so,fi,0.61,0.7009444444444445
qu,fi,0.61,0.7103973526473526
bar,fi,0.6,0.7448924963924963
ig,fi,0.47,0.5884425574425574
jbo,fi,0.44,0.5662337662337662
lmo,fi,0.48,0.7150666021285216
nds,fi,0.65,0.8525705960705962
pnb,fi,0.59,0.6648412698412699
pt,fi,0.6503,0.8179412407647393
uz,fi,0.601,0.7642794271088389
arc,fi,0.19,0.3721428571428571
wuu,fi,0.28,0.5744285714285714
mg,fi,0.4,0.698677489177489
my,fi,0.38,0.7143715728715727
sr,fi,0.4373,0.6953884159828819
csb,fi,0.5,0.6717293262293262
min,fi,0.36,0.6726370851370852
ang,fi,0.53,0.6607970684286474
sah,fi,0.58,0.7255668318609496
ky,fi,0.42,0.6400323565323565
mk,fi,0.7,0.8210312904244018
szl,fi,0.57,0.6472539682539682
bat-smg,fi,0.6,0.715484126984127
gd,fi,0.5,0.583560606060606
fiu-vro,fi,0.49,0.7067832102537984
gl,fi,0.7501,0.8597582793023968
os,fi,0.4,0.6667734487734487
dv,fi,0.35,0.5421433011433011
br,fi,0.514,0.66494613734219
pa,fi,0.54,0.6998416028416028
als,fi,0.58,0.7762395966606493
da,fi,0.7449,0.8720126534473438
kk,fi,0.641,0.80661211011211
rm,fi,0.52,0.7453695106063526
rw,fi,0.62,0.7232619047619048
fo,fi,0.64,0.7855396825396826
ja,fi,0.1943,0.5477057750445289
gn,fi,0.52,0.6577262182262182
km,fi,0.38,0.5338400488400488
te,fi,0.544,0.7156088169999935
lb,fi,0.577,0.7661853176063702
lv,fi,0.6869,0.8316640167709829
wa,fi,0.44,0.5350325099736865
ar,fi,0.4484,0.7000990262248931
am,fi,0.37,0.5211688311688311
tg,fi,0.6,0.7972830561251614
hak,fi,0.3,0.3545
el,fi,0.7123,0.835502801421145
sl,fi,0.7489,0.8535149757019728
ace,fi,0.39,0.6251107503607503
io,fi,0.67,0.7839865134865136
sco,fi,0.6,0.7545072150072152
no,fi,0.7341,0.8586228510043449
ro,fi,0.5725,0.792951890348214
ast,fi,0.632,0.8483455066003827
cy,fi,0.543,0.7307241622154935
pl,fi,0.6913,0.8516578140117538
ne,fi,0.49,0.7785386427298192
uk,fi,0.6075,0.8186375924591405
vls,fi,0.58,0.7932508602508603
map-bms,fi,0.49,0.6337362637362638
fy,fi,0.687,0.8253178170986221
gan,fi,0.39,0.6231666666666666
hsb,fi,0.63,0.8177698412698412
id,fi,0.4756,0.6829759580452228
eu,fi,0.6451,0.8286391867497827
ga,fi,0.619,0.7919594566424288
sk,fi,0.7098,0.8456062095068674
war,fi,0.56,0.7163118548118547
is,fi,0.711,0.8420579291623409
arz,fi,0.47,0.7679357309357309
hu,fi,0.723,0.8698947362226696
hy,fi,0.523,0.6927923083796148
jv,fi,0.57,0.7687947607947607
nl,fi,0.6898,0.842070486827414
ur,fi,0.535,0.7264103940005643
su,fi,0.48,0.6976071428571429
bn,fi,0.592,0.7457432998889656
sa,fi,0.39,0.5739639249639249
ca,fi,0.6521,0.823302628812536
ia,fi,0.44,0.6918102551043728
zh-min-nan,fi,0.38,0.4992655122655122
vep,fi,0.63,0.8263070263070265
oc,fi,0.62,0.7211461038961039
tl,fi,0.634,0.7520488588896483
tt,fi,0.683,0.8306571189904007
yo,fi,0.39,0.5977103452103453
xmf,fi,0.54,0.7011752136752137
hi,fi,0.63,0.7873214471201313
nov,fi,0.64,0.866987012987013
eo,fi,0.6134,0.7877188955093753
cv,fi,0.6,0.7762918192918193
ta,fi,0.547,0.7526592843431078
ceb,fi,0.57,0.6656855742296918
ay,fi,0.61,0.7023447663447664
mn,fi,0.58,0.7641662328899171
li,fr,0.56,0.7090614483555661
eml,fr,0.35,0.4843602606543783
jbo,fr,0.35,0.4172828282828283
arz,fr,0.52,0.7155215340215341
ca,fr,0.8244,0.8866105044241965
kk,fr,0.409,0.72024116994117
lv,fr,0.6513,0.8023747687520598
km,fr,0.3,0.4730714285714286
so,fr,0.57,0.6576363636363637
sv,fr,0.6201,0.8168771345682182
uz,fr,0.777,0.8632149905649905
fa,fr,0.6281,0.8253532550017922
lt,fr,0.6605,0.8246946703210789
bar,fr,0.64,0.738642857142857
bg,fr,0.6735,0.8005485043181793
ug,fr,0.35,0.4352059884559884
pdc,fr,0.38,0.5505912975912977
gl,fr,0.7986,0.8816122224859764
bo,fr,0.34,0.3768571428571428
ln,fr,0.29,0.4591323398823398
diq,fr,0.28,0.5208265623265623
ce,fr,0.29,0.6224323454323454
gn,fr,0.47,0.6167865467865468
mg,fr,0.12,0.5666207126207127
ksh,fr,0.31,0.5426862957304134
fi,fr,0.6455,0.8339321087684246
et,fr,0.6158,0.8038041550554708
yo,fr,0.45,0.6603593073593074
an,fr,0.812,0.8724602250690486
sl,fr,0.7349,0.8472847624992826
oc,fr,0.76,0.7903492063492064
xmf,fr,0.45,0.5937518037518037
arc,fr,0.17,0.3811190476190475
ky,fr,0.44,0.6033650793650793
hi,fr,0.643,0.7640245736203941
id,fr,0.4238,0.6697322283727625
gd,fr,0.51,0.5973203463203463
en,fr,0.5366,0.759608265240092
fur,fr,0.44,0.5539527139527141
ku,fr,0.64,0.7442698412698414
nap,fr,0.51,0.6688523241464419
tk,fr,0.51,0.6174047619047619
my,fr,0.34,0.6745631590631589
scn,fr,0.56,0.7242774447774448
tl,fr,0.644,0.7279033531827649
ml,fr,0.59,0.7468172315300797
bh,fr,0.58,0.7022207237207237
io,fr,0.61,0.709968253968254
fy,fr,0.683,0.8002930986883773
pnb,fr,0.62,0.7069542124542124
ur,fr,0.557,0.7404112387612388
qu,fr,0.61,0.705852185396303
hu,fr,0.667,0.8362741679063969
ro,fr,0.7001,0.8316966233276527
ne,fr,0.5,0.7579841269841269
vep,fr,0.59,0.8051441726488168
mi,fr,0.28,0.5865421539245068
nov,fr,0.64,0.8395948963317384
lij,fr,0.24,0.4933953285276814
ckb,fr,0.535,0.7110162837162838
da,fr,0.7256,0.8546587286526683
vo,fr,0.6,0.6
no,fr,0.7038,0.8467809028218085
hy,fr,0.511,0.6778419057722463
zea,fr,0.51,0.7176553446553448
cdo,fr,0.29,0.3948746253746253
fiu-vro,fr,0.36,0.5657873662285426
ga,fr,0.628,0.805250210169947
ace,fr,0.29,0.5254249084249084
wa,fr,0.41,0.4996510025062657
sr,fr,0.564,0.7803094614398329
cs,fr,0.71,0.8492750827285891
it,fr,0.7216,0.8595814172377332
be,fr,0.688,0.8185269326476757
sco,fr,0.59,0.7351666666666667
sd,fr,0.3,0.5813289488289488
zh-min-nan,fr,0.39,0.5150476190476191
pa,fr,0.56,0.7252655122655124
crh,fr,0.42,0.6132710067710068
ka,fr,0.6176,0.8006307053378338
ms,fr,0.487,0.622794501791638
uk,fr,0.6848,0.8197342943743564
sah,fr,0.57,0.6897460317460318
bn,fr,0.669,0.750782821246521
ay,fr,0.4,0.4555727605727604
ja,fr,0.1733,0.5222508128019211
ar,fr,0.6198,0.8052360135710523
ig,fr,0.45,0.587523976023976
jv,fr,0.54,0.7517935397935398
fo,fr,0.62,0.7811614039555217
map-bms,fr,0.48,0.6046904761904761
sa,fr,0.34,0.526468253968254
vls,fr,0.56,0.748618326118326
gan,fr,0.32,0.5746666666666667
ko,fr,0.4158,0.6562613861336462
hsb,fr,0.52,0.7184681690858161
lb,fr,0.545,0.7306400900784802
hak,fr,0.25,0.3180702075702076
mt,fr,0.63,0.8430263537631959
he,fr,0.4762,0.724296904711216
ext,fr,0.32,0.4419987234987235
min,fr,0.22,0.5662514707514708
sw,fr,0.567,0.6685341533939057
ta,fr,0.446,0.6713581459390283
nds,fr,0.53,0.7694486624486625
zh-yue,fr,0.2867,0.5550307454825876
szl,fr,0.46,0.5760396825396825
be-x-old,fr,0.619,0.7519265245590323
fr,fr,0.8429,0.9076518060525648
az,fr,0.572,0.7615204199395376
yi,fr,0.35,0.6261028416028416
zh-classical,fr,0.22,0.5392839777181883
gu,fr,0.44,0.6693893557422971
simple,fr,0.684,0.8329622483381771
csb,fr,0.42,0.629479974274092
te,fr,0.495,0.6572265855059972
cv,fr,0.5,0.7272379842379842
ang,fr,0.42,0.576942090073669
pt,fr,0.7616,0.8610169036355801
de,fr,0.6177,0.7922015753690753
tt,fr,0.577,0.7767241045074637
zh,fr,0.283,0.6127081432276015
af,fr,0.586,0.7514129272086703
ia,fr,0.44,0.6375313585623182
nl,fr,0.7144,0.8434726486482214
eu,fr,0.4737,0.7406011568720237
sk,fr,0.7312,0.8541464870870444
vi,fr,0.6058,0.8097421382083688
war,fr,0.54,0.6527655677655679
pl,fr,0.6853,0.8392953976011948
rw,fr,0.63,0.705991452991453
nn,fr,0.662,0.8193408807910356
sh,fr,0.2844,0.6617561449644267
as,fr,0.52,0.617
mhr,fr,0.53,0.6195694305694306
mn,fr,0.65,0.7484285714285716
si,fr,0.48,0.6287806637806638
am,fr,0.39,0.520064935064935
os,fr,0.41,0.7201117216117215
el,fr,0.7185,0.8248563978788669
mzn,fr,0.41,0.7234651459651461
tg,fr,0.63,0.7875256410256409
bat-smg,fr,0.41,0.544029304029304
or,fr,0.18,0.3584175269175269
ast,fr,0.768,0.8372507382538342
dv,fr,0.43,0.5959131424131424
wuu,fr,0.28,0.5496666666666666
ba,fr,0.51,0.6995988455988456
mwl,fr,0.3,0.4972990832696715
co,fr,0.56,0.6573467643467644
ilo,fr,0.62,0.6829516594516595
eo,fr,0.6359,0.7856374729218151
ps,fr,0.44,0.5860616605616606
th,fr,0.0075,0.3445565161970812
als,fr,0.45,0.7050901328633528
cy,fr,0.464,0.6771046954077914
frr,fr,0.46,0.5476587301587301
br,fr,0.437,0.6006322858256294
mk,fr,0.611,0.7545820103013603
bs,fr,0.564,0.7887919453353663
hr,fr,0.6114,0.7986654289509939
la,fr,0.786,0.8601363878811248
ru,fr,0.6239,0.7593925528857107
cbk-zam,fr,0.34,0.6048487068487067
is,fr,0.665,0.8222642839186957
ceb,fr,0.57,0.6818512598512598
rm,fr,0.53,0.695045066045066
sq,fr,0.688,0.8273330614861575
es,fr,0.7915,0.8780410076619286
su,fr,0.46,0.7145054945054945
kn,fr,0.54,0.7182002442002442
vec,fr,0.59,0.7196623376623376
lmo,fr,0.28,0.5786561933938095
mr,fr,0.596,0.7522301162889399
pms,fr,0.58,0.7517221112221112
tr,fr,0.6851,0.8260970264084041
ta,gl,0.496,0.7081396097366686
zh-min-nan,gl,0.33,0.544070707070707
cs,gl,0.6677,0.8255555617963047
zh,gl,0.2751,0.6067918135201571
war,gl,0.61,0.7340388500388499
so,gl,0.54,0.6173809523809524
gu,gl,0.49,0.709015873015873
ksh,gl,0.38,0.6079831932773108
be,gl,0.707,0.8349857556873811
vec,gl,0.54,0.6546075036075035
ace,gl,0.3,0.5339484126984126
lv,gl,0.6352,0.8071954350207756
rw,gl,0.57,0.6912893772893773
eo,gl,0.6383,0.764320307922212
csb,gl,0.48,0.6662377720318896
pms,gl,0.63,0.799967143967144
vi,gl,0.5656,0.7948719828357058
oc,gl,0.74,0.7924486624486624
mg,gl,0.39,0.686762404262404
arc,gl,0.11,0.3148095238095238
map-bms,gl,0.48,0.6166392496392497
sl,gl,0.7237,0.8470654943594417
xmf,gl,0.37,0.5645054945054945
ko,gl,0.4316,0.6710246575826994
ca,gl,0.7706,0.8650067310639137
rm,gl,0.49,0.6742551337551336
mzn,gl,0.48,0.7436204906204906
tr,gl,0.7337,0.8547592163787365
eu,gl,0.5791,0.7980795914027493
gan,gl,0.38,0.5591904761904761
ml,gl,0.593,0.7558778159748749
mt,gl,0.63,0.8110443912812333
co,gl,0.58,0.6792356532356533
gl,gl,0.8799,0.9340638799186708
fur,gl,0.53,0.6601959706959708
sr,gl,0.4315,0.6967598137182734
jv,gl,0.58,0.7578253968253967
mk,gl,0.689,0.83964101649984
hsb,gl,0.6,0.7738598166539343
szl,gl,0.55,0.6512539682539682
wa,gl,0.42,0.5554614186982608
cv,gl,0.5,0.7298765123765125
ckb,gl,0.461,0.6392234265734266
ug,gl,0.35,0.4722539682539682
bo,gl,0.3,0.3379999999999999
cdo,gl,0.33,0.4376974789915966
lij,gl,0.32,0.509004884004884
yi,gl,0.47,0.6775584415584416
ang,gl,0.52,0.6427801857585139
cbk-zam,gl,0.33,0.6260136530136531
vep,gl,0.59,0.7721329616376057
km,gl,0.4,0.5495476190476191
tg,gl,0.57,0.7724327731092437
hr,gl,0.6725,0.8292961029252823
lmo,gl,0.47,0.6943701517780465
or,gl,0.19,0.4434175269175269
as,gl,0.52,0.625072039072039
ext,gl,0.4,0.5633179043179044
gn,gl,0.49,0.6203809523809524
vo,gl,0.29,0.4033333333333332
fi,gl,0.6728,0.8425139939987774
uk,gl,0.5595,0.7866664691302849
am,gl,0.45,0.5742091242091242
es,gl,0.7638,0.8701067225816838
fiu-vro,gl,0.42,0.6281555046260929
ku,gl,0.71,0.7811269841269842
it,gl,0.6869,0.8372061011838179
id,gl,0.4672,0.6709832419111676
tl,gl,0.684,0.7774405280392123
ast,gl,0.788,0.8595133505383505
en,gl,0.5408,0.758820322061839
bs,gl,0.618,0.8030080123179194
pt,gl,0.7172,0.840309808129607
wuu,gl,0.34,0.5961666666666666
fa,gl,0.5205,0.7236144763526807
bar,gl,0.7,0.7787039072039073
nl,gl,0.6912,0.8332133463835786
yo,gl,0.61,0.6746017316017315
vls,gl,0.63,0.7693086913086914
ka,gl,0.5964,0.7938253130959169
el,gl,0.7462,0.8481498966015066
fy,gl,0.677,0.8130470601122304
et,gl,0.6501,0.8210168695984099
ilo,gl,0.63,0.7068885281385282
pnb,gl,0.59,0.682378787878788
diq,gl,0.51,0.6562958985458986
scn,gl,0.66,0.7619133089133089
jbo,gl,0.52,0.6016666666666667
uz,gl,0.614,0.7300517871017871
zh-classical,gl,0.19,0.4353646843352725
crh,gl,0.46,0.6477712842712843
ln,gl,0.42,0.5811381886087769
ig,gl,0.47,0.5931861471861472
mn,gl,0.59,0.7499010074892428
mi,gl,0.24,0.5854953934953935
fo,gl,0.61,0.8152371615312792
hy,gl,0.47,0.6143481492363845
io,gl,0.74,0.8263492063492063
sw,gl,0.581,0.6717197832611146
he,gl,0.5292,0.7404732545507468
be-x-old,gl,0.643,0.7783746621455601
zea,gl,0.48,0.6862912087912088
an,gl,0.832,0.8810497123791241
nn,gl,0.673,0.826867697704772
hi,gl,0.659,0.7897127678908639
sah,gl,0.48,0.5970793650793651
min,gl,0.29,0.6141927516927517
pa,gl,0.57,0.6819983349983351
te,gl,0.548,0.699252859232271
sa,gl,0.37,0.4969126984126984
ga,gl,0.668,0.8141993983484695
hu,gl,0.6856,0.8446921336412127
nds,gl,0.61,0.7896825396825397
ms,gl,0.557,0.6686873637628282
ceb,gl,0.58,0.6740274170274171
nap,gl,0.55,0.6807031399972577
hak,gl,0.36,0.4053333333333333
simple,gl,0.691,0.8295214162600385
br,gl,0.513,0.6464011117967
bat-smg,gl,0.54,0.6386746031746031
os,gl,0.56,0.729642857142857
sh,gl,0.7335,0.8264789229234819
bg,gl,0.6835,0.8122646832751012
ro,gl,0.708,0.8415027982500815
kn,gl,0.62,0.7445164835164835
la,gl,0.605,0.6981801035393914
sk,gl,0.6838,0.8352757855190904
als,gl,0.44,0.7613244709367
eml,gl,0.42,0.5357292250233425
sco,gl,0.63,0.7740799755799757
ay,gl,0.42,0.4646017316017316
lb,gl,0.617,0.7826808609089569
ps,gl,0.53,0.6645779220779221
tt,gl,0.52,0.7538721611721612
fr,gl,0.6929,0.8183700890887577
ar,gl,0.5187,0.715952579356488
si,gl,0.73,0.8003412698412699
zh-yue,gl,0.2803,0.5547231932747336
su,gl,0.45,0.6652539682539682
kk,gl,0.65,0.8075046065046065
ia,gl,0.46,0.681071596102556
no,gl,0.717,0.8531311052767322
gd,gl,0.52,0.6508625541125541
mr,gl,0.595,0.759014414343826
li,gl,0.53,0.6962963245904423
ru,gl,0.6315,0.7813780549180781
sq,gl,0.771,0.8625651120121709
mhr,gl,0.55,0.6669559884559885
ne,gl,0.49,0.7714719659425541
ja,gl,0.1717,0.5152254502025323
ur,gl,0.525,0.7483643098731334
de,gl,0.6245,0.7943057727386132
dv,gl,0.42,0.5545512265512265
lt,gl,0.6835,0.83444389433408
is,gl,0.664,0.8302703445247565
pl,gl,0.6806,0.8392325199267536
af,gl,0.674,0.7992077135368931
da,gl,0.7231,0.8563365008237377
az,gl,0.588,0.7733790053084171
ce,gl,0.3,0.6400211455211455
arz,gl,0.6,0.7649602064602063
cy,gl,0.559,0.732490010522673
mwl,gl,0.38,0.6031642246642247
sv,gl,0.6372,0.8619769040952168
tk,gl,0.57,0.6733593073593075
ba,gl,0.55,0.7714669774669773
sd,gl,0.37,0.6816399711399711
bn,gl,0.648,0.7484167776667776
frr,gl,0.53,0.613547619047619
nov,gl,0.63,0.8582264402264401
ky,gl,0.43,0.5998174603174603
qu,gl,0.61,0.6967058039999218
pdc,gl,0.42,0.5622425907425908
th,gl,0.1161,0.3320825577252125
bh,gl,0.62,0.7332402597402597
my,gl,0.36,0.6447409812409812
uk,he,0.5451,0.7852850901643935
ne,he,0.46,0.7521392071980307
as,he,0.65,0.7546282051282052
fur,he,0.51,0.6648931068931069
ky,he,0.38,0.6318520923520924
yo,he,0.28,0.3936565656565656
gd,he,0.5,0.6579992784992785
mwl,he,0.42,0.6741870906870908
tk,he,0.63,0.7199761904761905
als,he,0.34,0.7329997356444725
zh-min-nan,he,0.35,0.5598731007554536
li,he,0.52,0.7006686189627367
uz,he,0.536,0.7480557997557998
cs,he,0.5614,0.779597027709133
jbo,he,0.4,0.4765
mt,he,0.56,0.7946080062008857
fy,he,0.536,0.7681590019887234
it,he,0.5539,0.8086739473727167
nds,he,0.57,0.7661677211677212
bat-smg,he,0.54,0.6536269841269841
ms,he,0.411,0.596231015063368
an,he,0.545,0.7889667725119738
cbk-zam,he,0.6,0.7736830391830394
fa,he,0.4278,0.7663839564056514
is,he,0.583,0.7863448394742514
vls,he,0.54,0.7615382395382396
sh,he,0.4507,0.671260930808098
ja,he,0.191,0.5518842300810645
de,he,0.5442,0.774135672887484
fi,he,0.5608,0.8070252724227955
vo,he,0.19,0.4166666666666666
ga,he,0.498,0.7646356868277921
arc,he,0.01,0.2914761904761905
pl,he,0.5705,0.8052294707923655
eml,he,0.46,0.5858191351132528
oc,he,0.6,0.7686782106782107
lij,he,0.36,0.5865740664564193
et,he,0.5718,0.7919110358501148
sah,he,0.36,0.5352863247863248
so,he,0.6,0.7071428571428571
mn,he,0.56,0.7458849863586705
sq,he,0.695,0.8450934960292545
nap,he,0.54,0.6669957085398263
mr,he,0.598,0.7773297565179917
su,he,0.49,0.7173978536083798
lmo,he,0.36,0.7208028376851907
da,he,0.5889,0.8174638551309372
br,he,0.411,0.6154774459029104
ceb,he,0.45,0.6416512376512377
km,he,0.27,0.515
no,he,0.5686,0.8061422530410766
pt,he,0.5008,0.7670948205019954
zh,he,0.2463,0.5950106362857989
hu,he,0.5884,0.810127400983949
arz,he,0.59,0.813535964035964
ckb,he,0.594,0.714118315018315
el,he,0.6781,0.8152340701360903
my,he,0.24,0.6317510822510822
tr,he,0.5775,0.7949244537127819
hak,he,0.31,0.3576666666666666
hsb,he,0.47,0.7227984890926068
qu,he,0.47,0.6536437549378726
ug,he,0.33,0.4874761904761904
fiu-vro,he,0.38,0.6001122145828028
yi,he,0.42,0.6798391053391054
pnb,he,0.55,0.6409455544455543
fo,he,0.56,0.7737640235581412
mk,he,0.602,0.7954672061770359
wuu,he,0.23,0.567968253968254
map-bms,he,0.5,0.6020476190476189
lv,he,0.5613,0.7548975600766622
os,he,0.34,0.677645743145743
gan,he,0.3,0.5825324675324675
gu,he,0.48,0.7162661227661229
ps,he,0.48,0.6516959151959152
frr,he,0.54,0.6487619047619048
ku,he,0.66,0.7911746031746031
be-x-old,he,0.626,0.782381297959007
bn,he,0.623,0.7560017123227649
kn,he,0.49,0.7158369408369408
sa,he,0.3,0.4996349206349206
pdc,he,0.5,0.66834243697479
xmf,he,0.44,0.6641080324903855
sl,he,0.599,0.7890254456946563
kk,he,0.527,0.7773194615326194
tg,he,0.6,0.7498396146337324
lb,he,0.588,0.7859559498980552
szl,he,0.54,0.631031746031746
ca,he,0.5768,0.8227512040539439
pa,he,0.51,0.734087579087579
fr,he,0.5137,0.7855518791133188
ar,he,0.5295,0.7469040812120457
tt,he,0.56,0.7752951710140564
ta,he,0.469,0.6977355977355978
nl,he,0.5892,0.805871321061979
vep,he,0.44,0.694905734616261
mi,he,0.41,0.7112352941176471
io,he,0.56,0.8066861471861473
cv,he,0.52,0.7394134754134754
sv,he,0.6377,0.846400804899435
min,he,0.3,0.6102575757575758
rm,he,0.56,0.702986901986902
bg,he,0.6164,0.8011090550746124
bh,he,0.61,0.7139983121453709
ig,he,0.53,0.6253856698856699
bs,he,0.575,0.7890256212741507
scn,he,0.52,0.6916139971139971
sw,he,0.358,0.5989646562587739
ro,he,0.4284,0.7543922774198626
ce,he,0.19,0.599005772005772
zh-yue,he,0.2725,0.5725882939669549
ka,he,0.5982,0.7996296573550289
az,he,0.534,0.7709277613339534
ba,he,0.52,0.7296406926406926
ln,he,0.5,0.6273210678210678
ml,he,0.619,0.7760049977799978
war,he,0.47,0.7318336108336109
sd,he,0.31,0.6605070485070484
cy,he,0.488,0.7129129261261614
hr,he,0.5476,0.7765204879992729
pms,he,0.49,0.7288063896887427
af,he,0.568,0.7681041047188105
cdo,he,0.2,0.2874365079365079
or,he,0.09,0.4353467937291466
wa,he,0.42,0.5511666666666666
bar,he,0.57,0.707095238095238
am,he,0.46,0.5670079365079365
diq,he,0.47,0.6912392052392053
zh-classical,he,0.16,0.4494120075830602
be,he,0.669,0.8319133728844256
te,he,0.509,0.7080029166739693
gl,he,0.6262,0.8369116526971481
co,he,0.63,0.688977355977356
ia,he,0.46,0.6628207070707072
csb,he,0.43,0.6232700730641907
th,he,0.1545,0.3347531463488352
rw,he,0.5,0.6220078255078255
si,he,0.58,0.6946219336219336
ko,he,0.4362,0.6811624652291294
sco,he,0.54,0.7184112554112555
ang,he,0.49,0.6259246031746032
vi,he,0.4575,0.7501292000904153
simple,he,0.532,0.7968123626373627
ay,he,0.36,0.4211774891774892
zea,he,0.52,0.6668174603174603
hi,he,0.588,0.7690276391307351
ext,he,0.63,0.7413015873015874
id,he,0.4632,0.6625431888046595
hy,he,0.443,0.6510036169712641
lt,he,0.6223,0.8037375663509178
ur,he,0.491,0.7115722277722277
crh,he,0.44,0.6001825396825395
ace,he,0.44,0.6367912087912088
eo,he,0.502,0.7329602845288526
jv,he,0.64,0.8012972582972583
sk,he,0.5432,0.7770651863186693
la,he,0.428,0.6132940781440782
es,he,0.5275,0.8055790685466924
ilo,he,0.5,0.668334103804692
sr,he,0.4808,0.7148076860609291
he,he,0.7238,0.8514695937095239
mzn,he,0.35,0.713378454878455
gn,he,0.44,0.5774718614718615
nn,he,0.564,0.7958386936249164
vec,he,0.59,0.7478600288600289
ast,he,0.51,0.801274528395581
bo,he,0.01,0.238
eu,he,0.5122,0.76499147751801
dv,he,0.26,0.529703823953824
tl,he,0.489,0.7379016380678145
nov,he,0.5,0.7978477633477632
ru,he,0.476,0.7406742617178144
ksh,he,0.48,0.6626816059757236
mhr,he,0.33,0.5981410256410256
en,he,0.4166,0.7182028352443909
mg,he,0.34,0.6359968364968365
ka,hi,0.535,0.7676787544120826
or,hi,0.22,0.522508436008436
jbo,hi,0.34,0.4851190476190476
cs,hi,0.5217,0.7528393168630475
fiu-vro,hi,0.4,0.6362222222222222
ja,hi,0.1518,0.5525154593918293
gn,hi,0.46,0.6106608946608947
am,hi,0.37,0.5359430014430014
ln,hi,0.38,0.503968253968254
xmf,hi,0.51,0.7011439671439671
rw,hi,0.57,0.699959595959596
fy,hi,0.546,0.7510454321306488
he,hi,0.3633,0.6762764588421555
sk,hi,0.5346,0.7610916122551339
az,hi,0.518,0.7407062383694737
af,hi,0.509,0.7377517332083121
mr,hi,0.555,0.7817281053312014
my,hi,0.24,0.608098013098013
wa,hi,0.34,0.5255829725829726
fa,hi,0.2962,0.7482769085747415
vo,hi,0.33,0.5028888888888888
li,hi,0.56,0.7477287157287158
mn,hi,0.61,0.7715885225885226
es,hi,0.5622,0.793313070992475
lmo,hi,0.37,0.6177531422825541
os,hi,0.33,0.6308448773448774
sah,hi,0.37,0.5485641025641026
hy,hi,0.374,0.6588185167773404
zh-min-nan,hi,0.32,0.4425701821398415
ace,hi,0.24,0.526626984126984
war,hi,0.5,0.6932111777111777
te,hi,0.503,0.7185756605967132
co,hi,0.45,0.5908686868686869
ar,hi,0.5248,0.743122545949063
sw,hi,0.382,0.6092790691334811
rm,hi,0.55,0.7362539682539684
zh,hi,0.2484,0.6112661818307251
nap,hi,0.52,0.6303968253968254
frr,hi,0.39,0.5643095238095238
eo,hi,0.5253,0.7243191941417716
zh-yue,hi,0.338,0.6436250679686671
scn,hi,0.45,0.6879956709956709
vi,hi,0.4088,0.6951311543478881
bar,hi,0.69,0.764541514041514
ur,hi,0.548,0.7430532550782551
pnb,hi,0.54,0.6266359167148642
ps,hi,0.3,0.5793196248196247
da,hi,0.5498,0.762780955083788
mk,hi,0.508,0.7681109167148641
tt,hi,0.547,0.7836470309102661
ml,hi,0.63,0.7742605850290061
ext,hi,0.32,0.4843492063492063
ang,hi,0.5,0.6283051948051948
gd,hi,0.46,0.5798635808635808
tg,hi,0.48,0.7302337662337663
th,hi,0.0049,0.2396206386295163
pms,hi,0.46,0.7122183241595007
wuu,hi,0.14,0.5187222222222222
hi,hi,0.853,0.9198526828005156
vls,hi,0.44,0.6922279942279943
ky,hi,0.39,0.6187431457431457
zea,hi,0.41,0.6717164502164503
gl,hi,0.612,0.7945773957415134
hsb,hi,0.45,0.7042453102453102
als,hi,0.39,0.6204581478892623
ug,hi,0.34,0.5084220779220778
min,hi,0.24,0.5615656565656565
fur,hi,0.42,0.6124004329004329
hu,hi,0.5369,0.7572622084365583
nds,hi,0.58,0.7757349317349318
nl,hi,0.5421,0.7545171202541867
bg,hi,0.5735,0.767422821701862
ay,hi,0.37,0.4458346653346652
bs,hi,0.466,0.729393278943279
ru,hi,0.4011,0.663770267950144
lb,hi,0.534,0.740414294039294
su,hi,0.42,0.6892516547779706
ko,hi,0.4016,0.6561464902306156
bo,hi,0.05,0.1919999999999999
la,hi,0.503,0.6607732483203071
csb,hi,0.46,0.649616883116883
ba,hi,0.64,0.8019841269841268
sco,hi,0.58,0.7322020202020202
jv,hi,0.45,0.7115366855366855
eu,hi,0.5026,0.7507096800859958
bn,hi,0.734,0.8015119137656289
uk,hi,0.5269,0.7464858772367983
pdc,hi,0.37,0.5646514041514041
be-x-old,hi,0.508,0.6963200844906728
cv,hi,0.53,0.7555384060384059
et,hi,0.5155,0.7591633610644601
crh,hi,0.47,0.6270714285714286
km,hi,0.12,0.431047619047619
lij,hi,0.31,0.501119658119658
mwl,hi,0.36,0.6413489025594288
io,hi,0.49,0.6414675324675323
arz,hi,0.48,0.7401721056721056
mhr,hi,0.32,0.5682352092352092
sq,hi,0.612,0.7708171690882217
an,hi,0.609,0.8244443833943834
uz,hi,0.719,0.8612809135309135
yi,hi,0.35,0.6901017316017315
sh,hi,0.4855,0.7214038652343528
dv,hi,0.31,0.5663744588744588
ce,hi,0.18,0.5797225552225551
sr,hi,0.4732,0.7375125818299347
diq,hi,0.38,0.6182496392496393
ga,hi,0.467,0.7323038288165222
hr,hi,0.5018,0.7511216041620917
ms,hi,0.49,0.751449534435293
no,hi,0.5308,0.7570957728039075
kn,hi,0.49,0.7226623376623376
qu,hi,0.51,0.6415070485070484
tl,hi,0.539,0.7020925021057374
bat-smg,hi,0.45,0.6078174603174602
ig,hi,0.44,0.5843095238095238
vep,hi,0.5,0.775712842712843
mt,hi,0.47,0.6884401154401155
br,hi,0.344,0.5657979487660603
ta,hi,0.442,0.7174324760035286
ro,hi,0.5533,0.791572195424974
mzn,hi,0.39,0.7175048285048286
ilo,hi,0.58,0.723551615051615
ia,hi,0.35,0.6155310245310245
vec,hi,0.52,0.7313084627790509
arc,hi,0.04,0.2984718614718615
de,hi,0.5196,0.7407385463074936
ku,hi,0.61,0.7462460317460318
lt,hi,0.5409,0.7341391478928708
hak,hi,0.19,0.3046666666666666
is,hi,0.472,0.739032954695803
nov,hi,0.37,0.667887445887446
as,hi,0.64,0.758427738927739
fi,hi,0.5281,0.7653188499194304
bh,hi,0.55,0.7270862470862471
el,hi,0.5603,0.7427450308136995
id,hi,0.4801,0.7644814082812612
mg,hi,0.46,0.6858722943722942
yo,hi,0.44,0.5581470751470752
pa,hi,0.48,0.7657858905800083
cbk-zam,hi,0.2,0.6052236652236652
en,hi,0.4591,0.7333894984350015
gu,hi,0.51,0.7438528138528139
tk,hi,0.45,0.6059206349206349
sv,hi,0.4726,0.7839147305944829
pl,hi,0.5185,0.7545050577698875
eml,hi,0.39,0.5302222222222223
fo,hi,0.43,0.6545591630591631
map-bms,hi,0.32,0.5044285714285713
gan,hi,0.22,0.5596666666666666
simple,hi,0.554,0.7968645495027847
mi,hi,0.3,0.6390476190476189
fr,hi,0.5335,0.7764402593940287
si,hi,0.68,0.8064083694083695
it,hi,0.5543,0.7978401574629361
zh-classical,hi,0.38,0.5827298228087702
cdo,hi,0.17,0.3329047619047619
ckb,hi,0.605,0.7371706238206238
sd,hi,0.19,0.6292259962259962
cy,hi,0.419,0.6791116078366078
tr,hi,0.5885,0.7844998598975843
ceb,hi,0.44,0.5879247419247419
ksh,hi,0.45,0.6265873015873016
nn,hi,0.497,0.7263913385633973
pt,hi,0.5631,0.7911140124143143
ne,hi,0.56,0.8137534388556061
sa,hi,0.37,0.6520425685425686
be,hi,0.589,0.7827072703268523
sl,hi,0.5978,0.7775999182259089
kk,hi,0.483,0.755825999000999
lv,hi,0.5567,0.7492355451608934
ast,hi,0.532,0.7873633583564699
ca,hi,0.5747,0.7672074605906649
so,hi,0.38,0.6021428571428572
szl,hi,0.38,0.5611746031746032
oc,hi,0.57,0.7006983016983017
sa,hr,0.38,0.5387886002886003
km,hr,0.3,0.5273174603174603
pdc,hr,0.43,0.6026547619047619
als,hr,0.53,0.7576105592034384
ar,hr,0.5145,0.7359672680767804
jbo,hr,0.51,0.6424242424242423
fi,hr,0.6857,0.8457348910618105
hak,hr,0.37,0.4435285825285824
ext,hr,0.42,0.5894203574203574
yi,hr,0.49,0.701481240981241
pnb,hr,0.6,0.7114920634920635
cs,hr,0.7132,0.8534585752147749
gan,hr,0.27,0.5688888888888889
ay,hr,0.4,0.4558498168498168
gl,hr,0.7735,0.8597305978799322
cdo,hr,0.28,0.3835840760546642
frr,hr,0.55,0.6575714285714285
ga,hr,0.637,0.7876816548432648
nn,hr,0.686,0.8336409492726057
uz,hr,0.75,0.8449766511266512
dv,hr,0.41,0.6015541125541125
ilo,hr,0.63,0.7341559829059829
sah,hr,0.45,0.6052979242979243
fur,hr,0.52,0.6251904761904762
tk,hr,0.59,0.6732012987012989
gn,hr,0.54,0.6696937506937508
vi,hr,0.5227,0.7686926511654839
vo,hr,0.46,0.5652698412698413
ckb,hr,0.601,0.7114572039072038
hsb,hr,0.7,0.8180111832611833
mn,hr,0.62,0.7580121545121545
tt,hr,0.692,0.829754998922646
sq,hr,0.814,0.892285641422561
et,hr,0.6526,0.8231820178273738
br,hr,0.501,0.6447640131969853
de,hr,0.6292,0.7999954817808611
kk,hr,0.512,0.7499620157620156
eml,hr,0.44,0.6102976467976468
ka,hr,0.6253,0.8002412675216081
bs,hr,0.761,0.8785903581111011
mk,hr,0.692,0.8220218573737924
my,hr,0.25,0.5987274392274391
sh,hr,0.8213,0.8838649111981929
en,hr,0.5386,0.7524666955017807
zh-classical,hr,0.15,0.4958078982421087
ksh,hr,0.32,0.5605292207792207
zh-min-nan,hr,0.47,0.6573693528693528
os,hr,0.51,0.6990396825396826
cbk-zam,hr,0.4,0.7101999111999112
ca,hr,0.7303,0.8412688681150292
mhr,hr,0.62,0.7412680097680098
te,hr,0.519,0.7048750360750361
el,hr,0.7293,0.835144419278692
nap,hr,0.59,0.7205720390720391
ne,hr,0.55,0.8142507916919682
szl,hr,0.58,0.6726825396825395
bn,hr,0.656,0.7524378965633609
bo,hr,0.26,0.3246666666666666
co,hr,0.62,0.6975213675213676
eu,hr,0.5311,0.7830591455259567
kn,hr,0.56,0.7442967032967034
map-bms,hr,0.5,0.5999920634920635
ce,hr,0.34,0.660871767121767
ig,hr,0.5,0.6588921633921635
uk,hr,0.6286,0.7988804569475931
wa,hr,0.43,0.5461839826839827
wuu,hr,0.21,0.5463015873015873
an,hr,0.755,0.8210647491397491
tl,hr,0.695,0.7864529313823432
fr,hr,0.6635,0.8059355956418882
pms,hr,0.58,0.7751091963591964
ang,hr,0.51,0.6136988304093567
scn,hr,0.64,0.7510710955710955
fo,hr,0.68,0.8265075757575758
nds,hr,0.59,0.7753830907654438
sv,hr,0.6278,0.8656457633671798
mi,hr,0.34,0.706987012987013
cv,hr,0.62,0.7831946941946942
nov,hr,0.67,0.8905696460402345
ia,hr,0.47,0.6951282061591662
ko,hr,0.4305,0.6639864356171864
crh,hr,0.42,0.6495689865689865
bh,hr,0.58,0.6968840048840049
am,hr,0.42,0.5578253968253968
tr,hr,0.7197,0.8450145247777676
hu,hr,0.6698,0.8416421911550782
ky,hr,0.52,0.6585108225108226
ace,hr,0.28,0.5301479076479076
la,hr,0.574,0.7118631786342313
sk,hr,0.7404,0.8721797959771568
sw,hr,0.565,0.6980705955207503
mg,hr,0.3,0.7585364635364634
ta,hr,0.51,0.7162244895627248
th,hr,0.1442,0.3362936008788253
sl,hr,0.7203,0.826694922945132
lij,hr,0.39,0.5860942129765658
sco,hr,0.63,0.7699659784659785
lb,hr,0.562,0.7493074218265394
xmf,hr,0.54,0.6968112998112999
war,hr,0.69,0.7929810189810189
lmo,hr,0.6,0.8296820355427167
pt,hr,0.6972,0.8253384754968114
qu,hr,0.6,0.7092766955266954
zh-yue,hr,0.2735,0.5952163559058761
hy,hr,0.593,0.7082205480793716
he,hr,0.4966,0.728637309502503
rm,hr,0.58,0.7780064380064381
vep,hr,0.61,0.7618278778325218
ceb,hr,0.59,0.7000995670995671
cy,hr,0.664,0.78075993646876
rw,hr,0.58,0.7092359584859586
gd,hr,0.53,0.6482664002664003
ja,hr,0.1749,0.5368212913746041
ast,hr,0.768,0.8494665974548327
bar,hr,0.69,0.7586529581529581
az,hr,0.578,0.8019197340241457
ps,hr,0.47,0.6616475746475747
af,hr,0.626,0.7857907752807908
tg,hr,0.64,0.7828845598845597
ml,hr,0.635,0.7798819370000484
eo,hr,0.6729,0.7900429877965173
fy,hr,0.678,0.8185154000282483
li,hr,0.63,0.7469678932178933
arz,hr,0.58,0.7781599511599512
mt,hr,0.69,0.8106955266955268
mr,hr,0.62,0.7838942123236241
diq,hr,0.54,0.7147092352092352
is,hr,0.706,0.84467504995005
min,hr,0.35,0.6075916305916306
zh,hr,0.2535,0.6242970762012326
io,hr,0.83,0.8864670329670329
ba,hr,0.58,0.7364321789321789
arc,hr,0.03,0.2646587301587302
bg,hr,0.6755,0.8096159108993861
simple,hr,0.683,0.8319002850434739
ku,hr,0.7,0.7893492063492062
be-x-old,hr,0.673,0.7938711743536822
fiu-vro,hr,0.43,0.6379647509353391
ur,hr,0.545,0.707662899192311
csb,hr,0.44,0.6658557831057833
mwl,hr,0.38,0.6829527139527138
bat-smg,hr,0.55,0.6967135642135642
su,hr,0.44,0.613963924963925
nl,hr,0.7134,0.8474073172347089
vls,hr,0.52,0.7442819957819958
be,hr,0.712,0.842523893916541
jv,hr,0.58,0.7381067821067822
id,hr,0.4706,0.646115401013675
oc,hr,0.66,0.7387142857142857
da,hr,0.7385,0.8642929319132879
ms,hr,0.522,0.6489021011066677
it,hr,0.6724,0.8296630394210195
ro,hr,0.6366,0.812632341723464
zea,hr,0.52,0.7277929292929293
so,hr,0.61,0.7017633477633477
mzn,hr,0.48,0.7563564213564214
no,hr,0.7002,0.8440215119297627
es,hr,0.6855,0.8333505139863577
lv,hr,0.6874,0.8344845643391696
ln,hr,0.41,0.5634171318877201
yo,hr,0.25,0.4273014763014762
pa,hr,0.55,0.6828030332240859
si,hr,0.54,0.7335669885669885
hi,hr,0.661,0.7945806397850517
as,hr,0.58,0.6914065934065933
sd,hr,0.38,0.7029408369408369
ug,hr,0.41,0.5283058608058608
ru,hr,0.6454,0.7891854469189222
gu,hr,0.54,0.734984126984127
vec,hr,0.58,0.7097020202020201
sr,hr,0.5914,0.7743657286100553
or,hr,0.21,0.4577606282606282
lt,hr,0.6996,0.8485876137536356
hr,hr,0.8284,0.9127976059638676
fa,hr,0.475,0.754766402053399
pl,hr,0.7074,0.8546594499059592
cs,hu,0.7311,0.8629236309553878
pl,hu,0.7099,0.8532997834166177
lb,hu,0.643,0.794011289982807
ksh,hu,0.39,0.6004599567099567
la,hu,0.71,0.8243042124542126
fi,hu,0.7318,0.869149687044122
fur,hu,0.53,0.6580873015873017
an,hu,0.789,0.8602842833636951
jv,hu,0.57,0.7801803751803752
wuu,hu,0.46,0.6375555555555557
tk,hu,0.59,0.7144675324675325
as,hu,0.58,0.6984529914529913
zh,hu,0.2857,0.6323436918061299
mg,hu,0.4,0.7427294372294372
bn,hu,0.643,0.7724296650717704
bs,hu,0.627,0.8234887996420505
sl,hu,0.7577,0.8622393048798466
nap,hu,0.55,0.717304723054723
ang,hu,0.53,0.6294411991517255
ba,hu,0.59,0.7468556998556999
nl,hu,0.7445,0.8617523810176752
cdo,hu,0.33,0.4014761904761904
ne,hu,0.54,0.7855171837965955
kn,hu,0.59,0.7392222222222222
io,hu,0.65,0.7235368814192344
ilo,hu,0.52,0.6227082917082917
ru,hu,0.4949,0.7162015654237404
gu,hu,0.61,0.7647332112332115
kk,hu,0.595,0.7942519381203592
mn,hu,0.6,0.7804954869691713
lt,hu,0.7302,0.8605088306258586
so,hu,0.58,0.693809523809524
zh-min-nan,hu,0.37,0.5107899322899323
cy,hu,0.475,0.6622569298778277
eo,hu,0.6132,0.7687875486201105
sk,hu,0.7238,0.8532754603196941
my,hu,0.42,0.6967330447330446
su,hu,0.46,0.679008547008547
ug,hu,0.47,0.5568412698412698
uk,hu,0.6583,0.8259995976615404
ce,hu,0.29,0.6801260961260961
de,hu,0.6882,0.8266668948758501
es,hu,0.763,0.867567534034593
ku,hu,0.69,0.7963448773448774
cbk-zam,hu,0.4,0.6991016761016761
eu,hu,0.6232,0.8033367637952004
sq,hu,0.734,0.857375128792776
pms,hu,0.57,0.7586612292935823
hy,hu,0.54,0.673248088023088
ar,hu,0.4711,0.7019309303295604
vls,hu,0.67,0.8381629481629481
zh-yue,hu,0.3024,0.5827682490144874
no,hu,0.7432,0.8629984746239312
ja,hu,0.1818,0.522684809393393
gn,hu,0.54,0.6641471306471307
arz,hu,0.54,0.724484015984016
ia,hu,0.47,0.6767243410184585
wa,hu,0.44,0.5677316207184627
mk,hu,0.799,0.8751786338102902
eml,hu,0.46,0.5648982961482961
scn,hu,0.55,0.7041426906426906
gan,hu,0.51,0.6359999999999999
ga,hu,0.63,0.7802642459277909
id,hu,0.457,0.7363911181766291
yi,hu,0.48,0.7369502164502165
fa,hu,0.4091,0.7042032055027876
mr,hu,0.64,0.7883916842960961
tg,hu,0.6,0.7676414141414141
ceb,hu,0.54,0.650249299719888
lv,hu,0.6821,0.7989140426051418
hu,hu,0.8492,0.9273655755098014
tt,hu,0.628,0.7872831839728899
or,hu,0.12,0.3066738816738816
mwl,hu,0.41,0.6436710446416329
en,hu,0.5627,0.7641031400943398
os,hu,0.39,0.6625079365079365
km,hu,0.47,0.5986904761904762
am,hu,0.47,0.5797460317460318
it,hu,0.7078,0.850479023960216
sa,hu,0.45,0.5646666666666667
xmf,hu,0.47,0.6057716727716728
be-x-old,hu,0.648,0.7759690937287688
mhr,hu,0.38,0.607923520923521
lmo,hu,0.43,0.7159166780931487
el,hu,0.7566,0.8434284757167497
rm,hu,0.52,0.7017731712731714
hr,hu,0.6676,0.8243298566036646
bar,hu,0.66,0.7641608946608948
war,hu,0.47,0.6656605616605618
li,hu,0.62,0.7514837662337663
bh,hu,0.57,0.7051832611832611
vi,hu,0.5908,0.7957472845858993
pa,hu,0.52,0.6987669581880109
da,hu,0.7531,0.8641892861954007
uz,hu,0.738,0.8230473470973471
ps,hu,0.41,0.6174206349206348
szl,hu,0.5,0.6227020202020203
frr,hu,0.49,0.5746190476190476
ur,hu,0.517,0.7189332033979092
ky,hu,0.44,0.6436984126984128
co,hu,0.63,0.6973290043290044
sah,hu,0.51,0.6227424536248065
vep,hu,0.61,0.8271271604212781
fr,hu,0.7234,0.8584821934481067
lij,hu,0.33,0.5588014763014763
rw,hu,0.62,0.69348223998224
az,hu,0.648,0.8119363442113442
sco,hu,0.68,0.8016226551226551
br,hu,0.495,0.6316074841824842
is,hu,0.708,0.829149531024531
zea,hu,0.55,0.7711984126984127
csb,hu,0.46,0.6519419191919192
zh-classical,hu,0.24,0.5300387605170886
cv,hu,0.48,0.7382763902763902
dv,hu,0.42,0.6019740259740259
ta,hu,0.576,0.7331064520446874
sw,hu,0.526,0.6452724253300878
yo,hu,0.43,0.5663001443001443
mzn,hu,0.49,0.7583982683982684
nds,hu,0.63,0.8011410746116628
als,hu,0.57,0.7968044733044733
sh,hu,0.4712,0.7189165770306405
fiu-vro,hu,0.47,0.662066378066378
ext,hu,0.4,0.5415079365079365
te,hu,0.565,0.6960930763680763
vo,hu,0.54,0.5884444444444444
bg,hu,0.7018,0.8206390287765211
map-bms,hu,0.49,0.6198015873015873
pt,hu,0.7256,0.833722874286876
tr,hu,0.7473,0.8565764698734358
fy,hu,0.698,0.8239497359451693
arc,hu,0.13,0.2971984126984127
gl,hu,0.7981,0.880669304169343
oc,hu,0.69,0.7500865800865801
si,hu,0.55,0.6633203463203463
qu,hu,0.58,0.6600277777777778
tl,hu,0.65,0.7466902785381113
diq,hu,0.48,0.6718881673881674
ln,hu,0.4,0.5679891774891775
ast,hu,0.774,0.8404575519080163
nn,hu,0.734,0.8413387995217717
simple,hu,0.718,0.8458645217957137
sr,hu,0.4216,0.6828535977008887
sd,hu,0.39,0.7045281385281384
ro,hu,0.6389,0.8080245549935102
pnb,hu,0.63,0.7405177045177045
bo,hu,0.29,0.3315238095238095
vec,hu,0.6,0.7099119769119769
th,hu,0.0936,0.3209728110717971
fo,hu,0.62,0.777953548085901
crh,hu,0.46,0.6756290376290376
mt,hu,0.57,0.8055801714625244
ko,hu,0.5135,0.7200314358757857
ay,hu,0.42,0.4622783882783882
be,hu,0.69,0.8255523838562537
ka,hu,0.6833,0.8213949906165386
ms,hu,0.55,0.6906912851682202
nov,hu,0.61,0.847125901875902
ml,hu,0.651,0.770346472464584
gd,hu,0.5,0.5853528138528139
bat-smg,hu,0.51,0.6452539682539683
hak,hu,0.31,0.3828186258186258
pdc,hu,0.45,0.6099610389610389
he,hu,0.4997,0.7306007435340717
sv,hu,0.7166,0.8778531025364383
ace,hu,0.28,0.521762987012987
af,hu,0.687,0.8167987990767404
mi,hu,0.32,0.6434444444444444
et,hu,0.7231,0.8522356627918006
ca,hu,0.7784,0.8627216788809746
hsb,hu,0.54,0.7273863636363638
min,hu,0.23,0.5756847041847042
ig,hu,0.49,0.6137128427128427
jbo,hu,0.42,0.5213131313131314
ckb,hu,0.483,0.6274025752025753
hi,hu,0.629,0.7704921911421911
am,hy,0.42,0.544436507936508
ml,hy,0.617,0.7533563658563659
nl,hy,0.516,0.7475529563161297
sq,hy,0.539,0.7484968562483268
be-x-old,hy,0.519,0.7290384708428825
bh,hy,0.61,0.7437545787545787
ext,hy,0.38,0.4947222222222222
fo,hy,0.46,0.7087633667502089
io,hy,0.39,0.5867417027417027
et,hy,0.4669,0.7300387300032269
si,hy,0.49,0.641979686979687
vec,hy,0.54,0.6821861471861473
cdo,hy,0.21,0.307771645021645
gn,hy,0.58,0.7241904761904763
nds,hy,0.39,0.6720934343434344
an,hy,0.547,0.8196264346764347
tl,hy,0.296,0.5785669211507446
ur,hy,0.384,0.6559928750987574
vi,hy,0.2843,0.6366076970363658
zh-min-nan,hy,0.26,0.3976583694083694
mr,hy,0.507,0.7194503628122823
wa,hy,0.44,0.590452380952381
pl,hy,0.4764,0.7376315594218303
ta,hy,0.462,0.6902203296703296
fi,hy,0.5035,0.7449698338142765
ug,hy,0.3,0.4422222222222221
gu,hy,0.53,0.7263642468642469
it,hy,0.3833,0.7018929562233432
th,hy,0.0979,0.315615772614898
cs,hy,0.4552,0.7245339714284682
ky,hy,0.37,0.6202936507936507
sk,hy,0.5207,0.7568088603338526
diq,hy,0.4,0.589432178932179
tk,hy,0.55,0.7140705960705961
yi,hy,0.41,0.6799920634920636
scn,hy,0.47,0.6634400044400044
ksh,hy,0.49,0.6451626984126985
sr,hy,0.5229,0.7435231963925307
eu,hy,0.4926,0.7284914820903211
szl,hy,0.52,0.595936507936508
ig,hy,0.44,0.6104209124209123
map-bms,hy,0.41,0.5243492063492063
su,hy,0.42,0.5905079365079365
fr,hy,0.4182,0.70037456886251
lmo,hy,0.26,0.664096447669977
ja,hy,0.1305,0.5168136824587521
pt,hy,0.4478,0.7260945654886909
sd,hy,0.48,0.6821219336219336
hr,hy,0.473,0.7224142496461227
ms,hy,0.347,0.6119251104330826
bo,hy,0.0,0.2254999999999999
jv,hy,0.55,0.732976800976801
ga,hy,0.411,0.6903448290185906
fiu-vro,hy,0.57,0.6993051948051948
gd,hy,0.29,0.4970512265512266
te,hy,0.55,0.7142159895659895
co,hy,0.54,0.6395670995670996
csb,hy,0.42,0.561202380952381
mg,hy,0.44,0.8520554445554445
uz,hy,0.73,0.8607080808080809
gl,hy,0.5061,0.7484957186801846
es,hy,0.4673,0.7577631778988126
ang,hy,0.44,0.6032931480284421
zh,hy,0.2269,0.629221966608906
xmf,hy,0.57,0.7109083694083695
arz,hy,0.49,0.6810958485958487
nn,hy,0.505,0.7255809922018125
no,hy,0.5131,0.7475801911590302
ckb,hy,0.486,0.6409607670107671
pnb,hy,0.47,0.6098008658008659
als,hy,0.39,0.6851508739798213
lt,hy,0.5283,0.7319937053435042
nap,hy,0.52,0.6544441391941391
pa,hy,0.51,0.6588738761238762
ko,hy,0.3116,0.5667750923775228
mwl,hy,0.45,0.6506990231990233
mk,hy,0.599,0.8008732837252187
ca,hy,0.4094,0.6934789791434915
lv,hy,0.4436,0.6590889317845896
mzn,hy,0.26,0.6216953046953048
id,hy,0.3859,0.6766451612826457
br,hy,0.376,0.6075891901442212
ru,hy,0.3681,0.6590097957134025
ilo,hy,0.28,0.5305588235294116
ay,hy,0.44,0.4848095238095238
bg,hy,0.5193,0.743193099455584
bs,hy,0.508,0.7423077188463413
ka,hy,0.5449,0.7636084165885714
hy,hy,0.917,0.9640462695800932
ro,hy,0.3842,0.691319508254903
war,hy,0.48,0.6551984126984126
kk,hy,0.503,0.7316765985476512
frr,hy,0.37,0.5238854478854479
nov,hy,0.51,0.8459617343440874
fa,hy,0.4681,0.720869183674083
la,hy,0.343,0.627887234480346
ia,hy,0.42,0.6528207446148623
dv,hy,0.38,0.5782984792984793
hsb,hy,0.36,0.6609697802197801
ne,hy,0.46,0.7699573367808661
zh-yue,hy,0.2755,0.6199327196648096
rw,hy,0.54,0.7004156056361939
wuu,hy,0.45,0.6316666666666666
is,hy,0.494,0.7218185798120008
ace,hy,0.44,0.6124206349206349
ast,hy,0.423,0.7133611543513245
lb,hy,0.44,0.6844939116439117
he,hy,0.3792,0.6496496896893955
af,hy,0.484,0.7273045984888864
sa,hy,0.37,0.5354920634920635
mt,hy,0.43,0.7200213120213121
bn,hy,0.601,0.7191253749346629
oc,hy,0.42,0.637583583083583
cv,hy,0.5,0.747154068154068
hi,hy,0.543,0.724151439410263
eml,hy,0.38,0.5134021256521257
sah,hy,0.45,0.6767643467643468
vo,hy,0.42,0.5495555555555556
hu,hy,0.5152,0.7602775350689902
hak,hy,0.24,0.3171507936507936
bar,hy,0.6,0.6834285714285714
yo,hy,0.21,0.382043179043179
en,hy,0.3102,0.6407141362894072
sl,hy,0.46,0.6802140585429363
ln,hy,0.43,0.5445079365079365
so,hy,0.51,0.6927467532467533
mhr,hy,0.39,0.6359321789321789
gan,hy,0.4,0.521094017094017
zh-classical,hy,0.19,0.583267693005309
el,hy,0.5939,0.7647301081237304
tt,hy,0.535,0.7566474585871644
li,hy,0.55,0.6670746753246753
mn,hy,0.58,0.7762126958009311
kn,hy,0.57,0.7103919413919414
be,hy,0.559,0.7515865593556771
qu,hy,0.38,0.5954325396825396
crh,hy,0.52,0.6456428571428572
tg,hy,0.51,0.7297284382284382
uk,hy,0.4895,0.7363072034303846
cy,hy,0.366,0.6562215222685811
bat-smg,hy,0.52,0.6463650793650794
ps,hy,0.48,0.6522614052614053
os,hy,0.35,0.6531349206349206
eo,hy,0.462,0.6686422421197653
ku,hy,0.6,0.783063492063492
zea,hy,0.51,0.7205079365079365
fy,hy,0.465,0.6995303474475302
sco,hy,0.5,0.708593684093684
fur,hy,0.46,0.5968070818070818
min,hy,0.44,0.6493881673881674
mi,hy,0.43,0.6623730158730159
de,hy,0.5335,0.7617444872439222
or,hy,0.26,0.5663479298479298
arc,hy,0.04,0.2151031746031746
jbo,hy,0.35,0.4371904761904762
sw,hy,0.26,0.5297408757307365
ce,hy,0.16,0.5737609612609611
km,hy,0.31,0.4621904761904761
tr,hy,0.5361,0.7693696792990291
az,hy,0.591,0.799509655214067
as,hy,0.46,0.6504301809301809
lij,hy,0.35,0.4977038517038517
simple,hy,0.414,0.7254137251637252
ceb,hy,0.39,0.5970500641429433
sv,hy,0.6138,0.8306237434881939
vls,hy,0.44,0.6586298701298702
pdc,hy,0.42,0.5800589133089133
da,hy,0.4839,0.7228939332476948
rm,hy,0.5,0.6961811815635345
sh,hy,0.4992,0.7178118488262684
ar,hy,0.3849,0.6450439722291812
vep,hy,0.32,0.7456305916305916
cbk-zam,hy,0.45,0.7072930402930403
pms,hy,0.37,0.605549062049062
my,hy,0.2,0.5738917748917749
ba,hy,0.51,0.7067202242202242
fo,id,0.67,0.7905952380952381
pdc,id,0.38,0.5320216727716729
als,id,0.38,0.6818563216109657
yi,id,0.41,0.6349148629148629
map-bms,id,0.55,0.6474047619047618
et,id,0.6224,0.7936988555647998
fy,id,0.659,0.7916103009649449
mr,id,0.577,0.7525961483992444
yo,id,0.44,0.5148984348984349
ru,id,0.5993,0.744552541985878
arz,id,0.57,0.729996891996892
bar,id,0.75,0.8113888888888888
mwl,id,0.34,0.5658302253302253
tr,id,0.7062,0.8335078192181056
uk,id,0.6492,0.8165279224894474
ky,id,0.49,0.6665714285714286
mt,id,0.64,0.8074025974025975
nov,id,0.64,0.8656550116550116
ga,id,0.693,0.8250528124953821
zh-classical,id,0.25,0.4668039541298055
da,id,0.7193,0.848140251804439
mi,id,0.39,0.711937950937951
kn,id,0.58,0.7056825396825397
ang,id,0.5,0.5806729323308271
bn,id,0.608,0.7288913643545998
diq,id,0.61,0.6863686868686869
gu,id,0.54,0.7154285714285716
crh,id,0.42,0.565997557997558
no,id,0.704,0.8489048504316463
gd,id,0.51,0.6433391053391054
cdo,id,0.3,0.3710524018465195
bs,id,0.644,0.8153496181321259
gl,id,0.8113,0.8768506764683545
bat-smg,id,0.48,0.6123412698412699
de,id,0.6354,0.798515503357152
en,id,0.6087,0.7799817244116394
es,id,0.7615,0.8587197797652983
bg,id,0.6974,0.816930493142908
id,id,0.8858,0.9354800821091532
lij,id,0.51,0.6298473748473749
qu,id,0.64,0.6975714285714285
be-x-old,id,0.656,0.7705164808531682
eml,id,0.44,0.5005850815850816
lv,id,0.6209,0.7739573229539638
sh,id,0.7193,0.806448279213047
ml,id,0.607,0.7541773164743752
io,id,0.63,0.7080622710622712
zh-yue,id,0.3345,0.5841637290324054
ta,id,0.473,0.6924577868038394
ku,id,0.7,0.7931984126984127
lt,id,0.6634,0.8082479357338568
pl,id,0.7084,0.8472203627040314
fa,id,0.4489,0.6921759556903365
rw,id,0.59,0.685796918767507
an,id,0.777,0.8482190236234354
ko,id,0.4555,0.6827037508209025
ckb,id,0.569,0.6901906093906093
el,id,0.7535,0.8472677227313452
ar,id,0.5154,0.6980306379937572
sl,id,0.7454,0.8459095161426121
mn,id,0.52,0.7115695415695417
pms,id,0.62,0.7699674214674215
ca,id,0.7421,0.8359947102287119
he,id,0.5011,0.7172882685529125
mg,id,0.54,0.79400333000333
ne,id,0.57,0.7832804359383306
pt,id,0.7161,0.8297170010957394
si,id,0.55,0.6785613275613277
min,id,0.33,0.5821529581529581
eu,id,0.5236,0.7411040741662879
tl,id,0.689,0.7737915085946045
vec,id,0.69,0.7273290043290044
ps,id,0.46,0.587383116883117
mhr,id,0.53,0.6457173382173383
af,id,0.643,0.7799167374507158
tt,id,0.579,0.7721254884004884
oc,id,0.69,0.7562337662337663
vi,id,0.6021,0.7712693928053371
ksh,id,0.42,0.602419635919636
pa,id,0.53,0.7084344281449545
wa,id,0.49,0.5704458874458875
pnb,id,0.5,0.5892380952380952
ce,id,0.34,0.6548897768897768
cs,id,0.6899,0.8352585075846065
nap,id,0.62,0.737131562881563
hsb,id,0.7,0.8108181818181819
wuu,id,0.38,0.617
zea,id,0.58,0.7354530469530469
lmo,id,0.5,0.7527294050978262
arc,id,0.04,0.2438253968253968
kk,id,0.623,0.7775221112221112
sk,id,0.7162,0.8467441724116958
su,id,0.7,0.7938412698412698
hu,id,0.6677,0.8267320205602792
hr,id,0.6802,0.8167779443320697
dv,id,0.44,0.5611616161616162
or,id,0.12,0.3339401154401154
ug,id,0.4,0.5374552669552669
frr,id,0.5,0.5867857142857144
my,id,0.34,0.6687568542568543
ace,id,0.41,0.5881025641025641
ln,id,0.53,0.6265161994867877
gn,id,0.54,0.656120879120879
ro,id,0.7279,0.8510993931532863
jv,id,0.77,0.8538021978021979
ext,id,0.41,0.536515873015873
ast,id,0.738,0.8365474992327934
nn,id,0.689,0.8247839309812994
vo,id,0.36,0.4625714285714285
tg,id,0.62,0.7851523215346745
la,id,0.631,0.740217381741066
zh,id,0.2917,0.6202949676261131
az,id,0.572,0.7487975359607713
ilo,id,0.66,0.7550054112554113
ja,id,0.196,0.5217310235799633
ms,id,0.77,0.851923633822318
so,id,0.59,0.6664444444444443
sw,id,0.595,0.6741266212975191
bo,id,0.26,0.3144999999999999
tk,id,0.52,0.6271212121212121
as,id,0.51,0.6901159396159396
fr,id,0.7207,0.8480011607999844
eo,id,0.6716,0.7858207017878922
sr,id,0.436,0.6724771326781234
rm,id,0.53,0.702593879804406
cbk-zam,id,0.45,0.6886825951825952
fi,id,0.6657,0.8249340447761733
sv,id,0.6454,0.8415849466177097
mzn,id,0.41,0.6678222888222888
sah,id,0.44,0.5676984126984127
sd,id,0.33,0.6303499278499278
sco,id,0.71,0.8184826839826839
bh,id,0.57,0.6800461760461761
it,id,0.7108,0.8501294080987811
fur,id,0.51,0.6283843672667202
cv,id,0.51,0.7274796869796871
ceb,id,0.57,0.6503979076479076
gan,id,0.47,0.6753333333333335
jbo,id,0.44,0.5373333333333333
sq,id,0.784,0.8607381408838839
be,id,0.702,0.8296342753136098
cy,id,0.576,0.7284277774942636
ig,id,0.53,0.6316695526695527
te,id,0.52,0.6756410341120868
scn,id,0.68,0.7900205905205905
lb,id,0.595,0.749891656262554
szl,id,0.58,0.6615396825396825
am,id,0.38,0.5145555555555554
xmf,id,0.55,0.6979821289821291
nds,id,0.6,0.787465367965368
vep,id,0.69,0.8776094490305016
ka,id,0.5979,0.7779838242201554
fiu-vro,id,0.44,0.6408585858585859
hy,id,0.524,0.679592402368873
mk,id,0.681,0.8462416428171072
zh-min-nan,id,0.33,0.4644025974025974
nl,id,0.7069,0.8362881151957777
war,id,0.59,0.7187387057387056
ia,id,0.44,0.6469657009657009
ba,id,0.5,0.693497113997114
hak,id,0.29,0.3499744699744699
vls,id,0.57,0.7765320170026054
co,id,0.61,0.6861245421245421
uz,id,0.59,0.7260166085548438
simple,id,0.726,0.8561209203507192
ur,id,0.533,0.6947483904983905
os,id,0.4,0.6336031746031746
br,id,0.517,0.6417061278590691
is,id,0.668,0.8236152486402486
sa,id,0.35,0.5053730158730159
li,id,0.56,0.7187978687978688
km,id,0.37,0.5600940170940171
hi,id,0.643,0.7537497166146547
th,id,0.0817,0.298457320704751
csb,id,0.52,0.6751275946275946
ay,id,0.4,0.4331758241758241
sr,it,0.6087,0.8108603426776182
sa,it,0.29,0.4467301587301587
en,it,0.56,0.7665242198092584
tg,it,0.55,0.7654155581260844
hy,it,0.47,0.6654747541502186
ps,it,0.47,0.6112377067377067
ms,it,0.573,0.7078169128257362
sah,it,0.51,0.7302615815556992
tt,it,0.602,0.8053192766813511
as,it,0.52,0.6403260073260073
ro,it,0.707,0.8393480111091179
ce,it,0.14,0.5834278499278499
sco,it,0.59,0.7555250305250305
pl,it,0.697,0.8478248564567527
da,it,0.732,0.8633534265992006
vep,it,0.64,0.8284414309460749
ar,it,0.609,0.7753174751495495
ml,it,0.605,0.7581125985125985
simple,it,0.718,0.8479191568063859
km,it,0.31,0.4819285714285714
bs,it,0.596,0.811175258504825
hsb,it,0.59,0.7674312452253628
sk,it,0.7571,0.8723026939761305
tk,it,0.52,0.6156942501942503
fa,it,0.5814,0.7759410052494804
an,it,0.815,0.8752829570756041
cbk-zam,it,0.35,0.6852771672771673
ku,it,0.68,0.7977417027417028
ne,it,0.55,0.7867728411938938
pdc,it,0.38,0.5767356532356532
br,it,0.494,0.6512927766677767
is,it,0.65,0.8220418759173403
ca,it,0.8342,0.8932694274868578
yo,it,0.49,0.5893174603174604
hr,it,0.6724,0.8324464826625044
als,it,0.42,0.7566067966261464
tr,it,0.6961,0.8316308295961004
gl,it,0.8131,0.88485639650683
ext,it,0.33,0.4660511988011988
sd,it,0.33,0.636603896103896
ln,it,0.39,0.5946711001416883
de,it,0.6236,0.8037763063218172
or,it,0.24,0.4967892107892108
rw,it,0.64,0.7231865079365078
gn,it,0.44,0.5927084027084027
wuu,it,0.32,0.5502626262626262
crh,it,0.4,0.6029910644910644
jv,it,0.55,0.7604920634920634
el,it,0.7432,0.8365705150499656
mwl,it,0.37,0.6128670773670774
zea,it,0.55,0.7699891774891775
pa,it,0.53,0.6976751348067137
zh-yue,it,0.289,0.5371369431746443
so,it,0.59,0.6921746031746032
vls,it,0.54,0.723466255966256
cy,it,0.521,0.7134414170624698
he,it,0.5151,0.7323958569251526
te,it,0.541,0.7021908898119424
ilo,it,0.68,0.7597640692640693
gd,it,0.55,0.6434155844155844
min,it,0.26,0.5906984126984127
wa,it,0.42,0.5501023023244386
bn,it,0.68,0.7615085665366625
fur,it,0.46,0.6240634920634921
cv,it,0.58,0.7662385947385948
gan,it,0.4,0.6217777777777777
ceb,it,0.54,0.6472900432900432
be,it,0.721,0.8320769300960478
bg,it,0.7382,0.8348525140202074
mk,it,0.647,0.8000192313706246
az,it,0.598,0.7884829985374102
si,it,0.58,0.6728441558441558
ko,it,0.4295,0.6676971277647361
mhr,it,0.5,0.6476646686646688
mt,it,0.71,0.8459956709956711
lt,it,0.678,0.8346432741879724
arc,it,0.22,0.353563492063492
diq,it,0.48,0.676404761904762
bat-smg,it,0.46,0.6354992784992785
ur,it,0.568,0.7534504247214773
ckb,it,0.576,0.6897421855921857
cdo,it,0.26,0.3504110105580693
hu,it,0.6871,0.8419919134477494
nov,it,0.47,0.7528556998556999
fiu-vro,it,0.39,0.6150472240178123
kk,it,0.515,0.7467684103478222
et,it,0.652,0.8255104074357016
mn,it,0.63,0.7704247798984641
map-bms,it,0.42,0.5648671328671329
nap,it,0.53,0.6872932263814617
io,it,0.72,0.821955377955378
no,it,0.7118,0.858955195741651
af,it,0.62,0.791382366326484
mr,it,0.602,0.7768081669964023
szl,it,0.55,0.6626955266955267
oc,it,0.72,0.765015873015873
yi,it,0.47,0.7029441114441114
hak,it,0.31,0.375584249084249
qu,it,0.62,0.7483433886375063
lv,it,0.6848,0.8199098067249228
nds,it,0.5,0.7892043446749328
ang,it,0.42,0.582888266016749
ru,it,0.5214,0.6940540242102239
sh,it,0.4884,0.783749407649454
war,it,0.55,0.6921349206349207
ay,it,0.72,0.7719450549450549
ba,it,0.56,0.8030614940614942
la,it,0.733,0.8093516264437317
tl,it,0.684,0.7780317259795588
fr,it,0.791,0.8705486370844497
ja,it,0.2035,0.5134193405888916
am,it,0.39,0.5685173160173159
xmf,it,0.43,0.5573023088023088
ast,it,0.775,0.8550823857429121
uz,it,0.791,0.8753316017316017
id,it,0.4923,0.6982060039942858
su,it,0.48,0.6994480519480518
zh,it,0.2967,0.5977207285447611
mzn,it,0.41,0.7160560550560551
ky,it,0.44,0.6269523809523809
csb,it,0.42,0.6497233975175152
vi,it,0.6087,0.7800351796449165
os,it,0.4,0.6886746031746032
sv,it,0.6449,0.8536303156879239
ga,it,0.683,0.8270975615543726
es,it,0.7874,0.874677318934935
lij,it,0.38,0.5842635436458966
vo,it,0.43,0.47
sw,it,0.573,0.6832738007090947
nl,it,0.7614,0.8729195331225362
eu,it,0.5757,0.7914880983576108
gu,it,0.52,0.7279126984126986
li,it,0.59,0.715935574229692
cs,it,0.7184,0.8512905335402471
fy,it,0.712,0.8260194438860073
fo,it,0.6,0.7776455309396485
sq,it,0.774,0.8679989030577265
bo,it,0.29,0.3335238095238095
co,it,0.6,0.6747435897435898
pnb,it,0.53,0.5997096237096237
ka,it,0.662,0.8185269602284541
ta,it,0.493,0.6897148067446829
kn,it,0.56,0.715952380952381
pt,it,0.7522,0.8559373342249426
ace,it,0.38,0.6292875457875458
uk,it,0.7042,0.8366165001046425
mg,it,0.2,0.6837927072927072
nn,it,0.672,0.8330577498524867
my,it,0.36,0.6764343434343434
vec,it,0.64,0.7594760794760793
arz,it,0.53,0.7393251748251748
dv,it,0.48,0.6163818403818404
bar,it,0.61,0.7198730158730159
pms,it,0.67,0.7827010864952041
ia,it,0.46,0.6721531158899581
hi,it,0.628,0.7661362193362193
ug,it,0.33,0.4372330447330447
th,it,0.1439,0.3339232432634445
scn,it,0.73,0.815120879120879
be-x-old,it,0.654,0.7808104785135744
it,it,0.8595,0.9207799353518858
ksh,it,0.31,0.5984583015024191
lb,it,0.574,0.7650657963983042
eml,it,0.41,0.5581444764385941
sl,it,0.6886,0.8099250925278711
lmo,it,0.57,0.7276606668185616
zh-min-nan,it,0.44,0.533370252554463
eo,it,0.6856,0.809095272450288
fi,it,0.6447,0.8414014260507294
jbo,it,0.32,0.3634935064935065
mi,it,0.23,0.6018656898656899
ig,it,0.49,0.6170066600066599
zh-classical,it,0.22,0.417256718427771
frr,it,0.45,0.5575324675324675
rm,it,0.51,0.7429727494727496
bh,it,0.62,0.7385108225108226
cs,ja,0.0553,0.5910762711557449
yo,ja,0.04,0.263771645021645
dv,ja,0.01,0.2411401441695559
vec,ja,0.08,0.5808853368853367
ckb,ja,0.024,0.4539323464117582
bar,ja,0.21,0.6760339105339105
mg,ja,0.23,0.7234023199023197
fr,ja,0.104,0.6409222314252655
be,ja,0.023,0.5313113213411975
ceb,ja,0.06,0.4757917082917082
mzn,ja,0.03,0.5018396048396049
am,ja,0.0,0.3251134355840238
ml,ja,0.01,0.4671164704060989
si,ja,0.02,0.4360929625929626
eu,ja,0.0592,0.566411247880946
he,ja,0.0364,0.5230275287174126
pl,ja,0.0629,0.5965304190615026
pt,ja,0.1198,0.6514547081581988
hi,ja,0.028,0.5515961520591552
diq,ja,0.06,0.4795
hak,ja,0.03,0.2176320901320901
zh-yue,ja,0.5707,0.7201096519433439
wa,ja,0.06,0.3382782217782217
gan,ja,0.06,0.3589194139194138
ln,ja,0.05,0.3896904419110301
lmo,ja,0.0,0.558830818648156
ay,ja,0.19,0.536328197945845
ne,ja,0.07,0.6429563214563215
qu,ja,0.06,0.4962937122217308
ps,ja,0.04,0.4624023476523476
zh,ja,0.5366,0.728743863304738
lij,ja,0.02,0.3013650369238604
is,ja,0.076,0.5310253892392436
vep,ja,0.14,0.5803648894964684
zh-classical,ja,0.51,0.6252961482961483
tt,ja,0.027,0.603906481435661
ksh,ja,0.04,0.4665895683264104
simple,ja,0.186,0.6782799818688364
tl,ja,0.154,0.6543832993803582
mhr,ja,0.05,0.4939664502164502
sq,ja,0.139,0.6147119651590239
af,ja,0.055,0.5572388910539066
jv,ja,0.04,0.5979532134532134
tk,ja,0.1,0.4748491720697602
fi,ja,0.0579,0.5743646742447439
te,ja,0.003,0.4382957695383392
zh-min-nan,ja,0.02,0.4314945740533975
ur,ja,0.038,0.575454966060771
pa,ja,0.02,0.4562826480365179
mt,ja,0.03,0.5045839813780991
nn,ja,0.065,0.556671184491463
fiu-vro,ja,0.01,0.4081614855732502
pdc,ja,0.1,0.4356703574203574
hu,ja,0.0729,0.5987487684030796
ace,ja,0.05,0.4613759018759019
hsb,ja,0.08,0.5410720466324181
cdo,ja,0.0,0.1639067011419952
fy,ja,0.054,0.5481849865133147
bn,ja,0.017,0.5220927712294585
en,ja,0.1392,0.6357028301076288
lv,ja,0.0432,0.5616047470632222
mi,ja,0.0,0.4497417027417027
ug,ja,0.0,0.186828844358256
th,ja,0.2961,0.4435636715185399
pnb,ja,0.0,0.3588339993339993
or,ja,0.0,0.2903915689573584
tr,ja,0.0937,0.6158770091973729
scn,ja,0.14,0.6044085016290899
als,ja,0.05,0.4130523210020114
ce,ja,0.03,0.5363165070223893
mr,ja,0.017,0.5072749703856515
wuu,ja,0.03,0.3846933621933622
vls,ja,0.08,0.5278933683275787
vo,ja,0.1,0.4883520923520922
ga,ja,0.042,0.5966778310956329
arz,ja,0.04,0.563845647816236
gd,ja,0.0,0.4432246642246642
br,ja,0.046,0.4249917171751537
io,ja,0.05,0.5311588542176776
li,ja,0.08,0.5212403648982596
xmf,ja,0.02,0.4119759782700958
os,ja,0.11,0.525549617049617
my,ja,0.04,0.4271416802152096
kk,ja,0.026,0.5157376350601582
da,ja,0.0855,0.6118391361210169
oc,ja,0.05,0.4799078699078699
csb,ja,0.0,0.3696593041461462
it,ja,0.1015,0.6380439351171704
fo,ja,0.05,0.5432440279019226
nov,ja,0.19,0.7244280076648499
bo,ja,0.0,0.1097864357864357
sk,ja,0.0689,0.637334393394703
bat-smg,ja,0.01,0.3595652958152959
ja,ja,0.567,0.7856384347420725
jbo,ja,0.02,0.3597417027417026
km,ja,0.05,0.2874908424908425
el,ja,0.0229,0.514622795732819
lb,ja,0.051,0.5426383626435484
hy,ja,0.03,0.4446057745230346
ia,ja,0.08,0.5464660470248706
sd,ja,0.03,0.5006435231435231
war,ja,0.14,0.6281418597742126
rm,ja,0.07,0.549848568098568
cbk-zam,ja,0.14,0.5850616181204417
bs,ja,0.071,0.5902366916279455
bg,ja,0.0365,0.5615781375195152
ang,ja,0.05,0.4103564192085864
no,ja,0.0681,0.5921960142910065
su,ja,0.03,0.4413063896887425
be-x-old,ja,0.017,0.5070707785764287
nap,ja,0.04,0.484038425025267
fa,ja,0.0619,0.5956980655876631
sah,ja,0.05,0.447275527877695
ba,ja,0.06,0.550265984015984
zea,ja,0.11,0.4476518204018203
ky,ja,0.05,0.4343758953464835
cv,ja,0.04,0.543684389913492
eml,ja,0.03,0.4006649651518073
id,ja,0.117,0.6195923110248884
sco,ja,0.07,0.606609978257037
ko,ja,0.0174,0.4537136047071264
et,ja,0.0533,0.594444232206562
cy,ja,0.038,0.543730083255238
gl,ja,0.1379,0.6522373290151542
tg,ja,0.0,0.5445748465500787
ka,ja,0.0497,0.5248941264815336
mn,ja,0.02,0.5146083148877267
vi,ja,0.0978,0.6059367270655042
rw,ja,0.04,0.4399545944251826
ca,ja,0.0953,0.6112982033351926
gu,ja,0.0,0.4893813912265923
min,ja,0.04,0.4928650793650792
es,ja,0.1204,0.659771497832233
uz,ja,0.055,0.7009675193399653
arc,ja,0.0,0.1293915528915529
ta,ja,0.015,0.4873081295467518
co,ja,0.09,0.496013431013431
pms,ja,0.05,0.542058929632459
uk,ja,0.0492,0.586785539726871
sw,ja,0.126,0.5555407277706813
ilo,ja,0.15,0.6673316960816962
sl,ja,0.1115,0.6369075951920457
gn,ja,0.04,0.4455665445665445
sa,ja,0.02,0.3215768953268953
bh,ja,0.03,0.4675685001273236
sh,ja,0.276,0.6760549574084327
crh,ja,0.06,0.394513653013653
hr,ja,0.0655,0.5786969022463604
yi,ja,0.02,0.4882935952935953
ms,ja,0.108,0.6036206962112535
ku,ja,0.04,0.5376933621933622
mwl,ja,0.09,0.4830743145743145
nl,ja,0.0838,0.6193125584090832
eo,ja,0.0525,0.5771161946893835
sr,ja,0.0744,0.5923678705281646
ig,ja,0.03,0.4315044955044954
nds,ja,0.1,0.5856129714798444
map-bms,ja,0.11,0.473041847041847
ro,ja,0.1175,0.684969809450955
so,ja,0.08,0.4766529581529582
as,ja,0.02,0.462985960118313
az,ja,0.025,0.5427043995392292
la,ja,0.073,0.6195415342483455
mk,ja,0.038,0.5701906536016442
lt,ja,0.055,0.579588037675259
de,ja,0.0773,0.5972887745931399
ast,ja,0.057,0.6210873290795892
ext,ja,0.06,0.4917887667887667
sv,ja,0.0691,0.6190604730554964
an,ja,0.054,0.6322175380604949
fur,ja,0.05,0.4337358197358197
ru,ja,0.0677,0.5793130542728685
szl,ja,0.06,0.4463736263736264
ar,ja,0.0794,0.6064617029255575
frr,ja,0.03,0.437575702075702
kn,ja,0.02,0.4590551246139481
ksh,ka,0.52,0.7023915806415806
map-bms,ka,0.4,0.5569956709956709
hak,ka,0.29,0.3577936507936508
lt,ka,0.6923,0.837986168781339
mn,ka,0.6,0.7768540348540348
min,ka,0.36,0.6169639249639249
ca,ka,0.6446,0.7912290561725857
rm,ka,0.65,0.8092466422466422
qu,ka,0.56,0.7180960983460983
frr,ka,0.51,0.5878809523809524
mwl,ka,0.45,0.6796946941946942
ba,ka,0.64,0.8694191919191919
sh,ka,0.4693,0.7116660133167486
cbk-zam,ka,0.52,0.7389041514041514
fi,ka,0.6651,0.8406528704937991
lv,ka,0.6303,0.7787087847936377
wuu,ka,0.22,0.5635555555555556
nap,ka,0.57,0.7174195526695526
bg,ka,0.6731,0.825166496170668
tt,ka,0.604,0.7935232200204336
eml,ka,0.44,0.5444087301587301
mk,ka,0.621,0.8103640893763959
ia,ka,0.45,0.6581492869875223
xmf,ka,0.6,0.7704382219088102
bar,ka,0.66,0.7173333333333334
mr,ka,0.648,0.8063801052920249
it,ka,0.6111,0.8053178913784874
fo,ka,0.6,0.7891742424242423
no,ka,0.6455,0.8111959476024491
vec,ka,0.58,0.7707175164017269
bo,ka,0.15,0.2833333333333334
et,ka,0.6921,0.8373481375770773
cs,ka,0.6568,0.8297871890347353
lb,ka,0.631,0.7850535484123718
co,ka,0.54,0.6293131313131313
war,ka,0.5,0.6777544677544678
fur,ka,0.52,0.6802105672105673
ar,ka,0.5513,0.7725203745274334
hr,ka,0.6044,0.7992732889753864
mzn,ka,0.51,0.7762984792984794
el,ka,0.6963,0.8232605629587131
ln,ka,0.5,0.6044873949579832
gl,ka,0.6706,0.8183619644614071
nn,ka,0.652,0.8102863727431838
mi,ka,0.33,0.6525353535353535
an,ka,0.651,0.7993156232656233
tr,ka,0.6506,0.806201165831073
sa,ka,0.33,0.5811695526695526
eo,ka,0.5701,0.7488939956019213
ast,ka,0.682,0.8168108172099658
sd,ka,0.37,0.7058223998223998
pnb,ka,0.52,0.6350194805194804
gn,ka,0.49,0.6108051948051948
ig,ka,0.52,0.6387258297258297
mg,ka,0.35,0.6303290043290044
csb,ka,0.47,0.6490026917526919
arz,ka,0.49,0.775374125874126
sv,ka,0.6713,0.8563569149099954
ckb,ka,0.588,0.7000730880230881
als,ka,0.47,0.6881661525608895
bat-smg,ka,0.56,0.6499841269841271
ky,ka,0.51,0.6886782106782107
nds,ka,0.69,0.8339949494949497
uk,ka,0.6348,0.8422940189385776
uz,ka,0.728,0.8204441447441447
kn,ka,0.59,0.731420168067227
ps,ka,0.5,0.6933296703296703
ms,ka,0.41,0.6250466866466867
sco,ka,0.62,0.7846095571095572
ne,ka,0.55,0.7885523724641372
sq,ka,0.735,0.8618949173375644
ro,ka,0.5624,0.7839004394521887
is,ka,0.648,0.812656795981796
ku,ka,0.69,0.775031746031746
scn,ka,0.58,0.7465901875901877
pdc,ka,0.5,0.6449022366522367
ug,ka,0.42,0.5134871794871795
ce,ka,0.3,0.6674067044067042
la,ka,0.544,0.7088476422270541
af,ka,0.587,0.7778471216004498
vo,ka,0.54,0.5935353535353536
tg,ka,0.64,0.7953957164266763
lij,ka,0.43,0.586761544011544
ilo,ka,0.6,0.7195563260269143
vi,ka,0.4069,0.7085275531855485
am,ka,0.4,0.5663130203130202
ceb,ka,0.48,0.5932283272283272
es,ka,0.6123,0.8022037186849957
az,ka,0.623,0.8174957415133886
nov,ka,0.6,0.8380951270951271
vep,ka,0.6,0.7883294220399485
hi,ka,0.651,0.8062007492507491
ta,ka,0.555,0.770779417151476
cv,ka,0.53,0.7461378621378622
ace,ka,0.48,0.6486666666666666
ml,ka,0.641,0.7960365701549913
arc,ka,0.07,0.2861746031746032
bh,ka,0.62,0.7408127705627707
id,ka,0.4057,0.712469981604223
zh-yue,ka,0.2398,0.5847399558542593
simple,ka,0.586,0.7595736366059122
sw,ka,0.448,0.6375507373345608
ext,ka,0.42,0.5586262626262626
or,ka,0.17,0.4918354978354978
nl,ka,0.6552,0.8098968480178234
zh-min-nan,ka,0.48,0.6715915195915195
oc,ka,0.7,0.777009657009657
eu,ka,0.5593,0.8004789784896906
vls,ka,0.52,0.7440012210012209
wa,ka,0.55,0.6227591036414565
tl,ka,0.535,0.711241878056584
be-x-old,ka,0.672,0.8021482344452932
bs,ka,0.582,0.7982385419791768
ka,ka,0.804,0.9066181018792008
zh,ka,0.23,0.5939040188904663
hy,ka,0.464,0.6611087202013674
te,ka,0.576,0.7483979827190353
ay,ka,0.62,0.6624212454212456
de,ka,0.6231,0.7960865146583723
so,ka,0.63,0.711
cdo,ka,0.29,0.394987012987013
sk,ka,0.6696,0.8220327337179504
km,ka,0.36,0.5354761904761905
jbo,ka,0.36,0.4696904761904761
ga,ka,0.542,0.7653008386951885
da,ka,0.6917,0.8367444977150473
fiu-vro,ka,0.53,0.7001634411340292
yo,ka,0.28,0.3935569985569985
gu,ka,0.52,0.7438271369153724
lmo,ka,0.45,0.7610185396818524
pt,ka,0.6301,0.7845127458497815
crh,ka,0.49,0.6814578754578755
pa,ka,0.53,0.7021873681873682
ru,ka,0.6525,0.7832087859706512
mhr,ka,0.58,0.6905512265512266
as,ka,0.56,0.7021867606078132
szl,ka,0.6,0.690031746031746
si,ka,0.74,0.8426536796536795
en,ka,0.4565,0.6843055444942056
kk,ka,0.453,0.7480469780219781
br,ka,0.446,0.6365626430157391
th,ka,0.0985,0.3106066751863622
li,ka,0.61,0.7450289432789434
gan,ka,0.24,0.5173888888888888
zea,ka,0.63,0.7712380952380953
gd,ka,0.48,0.6195642135642135
ur,ka,0.546,0.756121262071262
dv,ka,0.39,0.5863640248640248
io,ka,0.64,0.783102453102453
fa,ka,0.4563,0.779636834460689
su,ka,0.35,0.6103418803418803
hsb,ka,0.6,0.7686302308802309
diq,ka,0.43,0.6165353535353535
jv,ka,0.54,0.7840555555555555
ja,ka,0.1683,0.5475425874460936
ang,ka,0.56,0.6499233087174264
pl,ka,0.6462,0.8279514604478769
be,ka,0.698,0.8474006341697519
he,ka,0.4598,0.725619889820362
hu,ka,0.6665,0.8341800603971191
os,ka,0.48,0.6982777777777778
sr,ka,0.5239,0.7495578031359765
ko,ka,0.467,0.6861281583827249
my,ka,0.3,0.6961959086664967
sah,ka,0.48,0.604579365079365
rw,ka,0.62,0.7301122211122211
bn,ka,0.653,0.7642928323138849
sl,ka,0.6522,0.7874953091945894
yi,ka,0.35,0.6571746031746032
fy,ka,0.649,0.7905004313024437
mt,ka,0.55,0.7519047619047621
zh-classical,ka,0.2,0.516916253337306
cy,ka,0.451,0.713199211899212
tk,ka,0.58,0.6831825396825398
fr,ka,0.6084,0.8039310862555058
pms,ka,0.45,0.7062648756472285
zh-yue,ko,0.2705,0.5914686196096646
ar,ko,0.4127,0.6874201134477838
tk,ko,0.58,0.6851428571428572
ace,ko,0.46,0.650025641025641
tr,ko,0.6094,0.8043077422800797
he,ko,0.467,0.7200125723760245
cbk-zam,ko,0.52,0.7525446775446777
ur,ko,0.394,0.6491140803640804
ay,ko,0.29,0.4279304029304029
als,ko,0.45,0.7758452950558214
ku,ko,0.52,0.751031746031746
hy,ko,0.425,0.641152399561223
mn,ko,0.52,0.7720541876424231
ga,ko,0.43,0.7125149183633706
bs,ko,0.545,0.7762164080845195
mwl,ko,0.4,0.641307081807082
simple,ko,0.554,0.8108967006849359
am,ko,0.46,0.6186825396825397
sd,ko,0.44,0.718602897102897
csb,ko,0.52,0.6861111111111111
gn,ko,0.41,0.5790735930735931
uz,ko,0.54,0.7793415195915195
oc,ko,0.54,0.6943845598845599
wuu,ko,0.64,0.7246666666666667
pa,ko,0.43,0.6934947274947276
mk,ko,0.73,0.86155660107866
kk,ko,0.485,0.7731258796758795
zh,ko,0.2199,0.6076256651982349
ca,ko,0.4859,0.770142857969344
si,ko,0.48,0.6260909090909091
vep,ko,0.56,0.8070098888040066
sv,ko,0.6281,0.8431163518533411
gan,ko,0.48,0.6606666666666666
yo,ko,0.24,0.3524949494949494
mr,ko,0.586,0.7867958486989446
lmo,ko,0.39,0.7260877718772456
vi,ko,0.3339,0.6890926050669317
th,ko,0.0824,0.2794668186783976
bat-smg,ko,0.4,0.5810555555555554
arz,ko,0.41,0.6958482628482627
ro,ko,0.424,0.7191658131668813
lij,ko,0.36,0.5215205905205905
vls,ko,0.52,0.7746255966255967
ceb,ko,0.35,0.5187856587856587
gl,ko,0.5769,0.7991729562233433
co,ko,0.52,0.6452857142857142
km,ko,0.53,0.6122142857142857
szl,ko,0.46,0.6042460317460318
be-x-old,ko,0.607,0.783751028022545
nap,ko,0.55,0.6736775446775448
arc,ko,0.19,0.3641587301587301
hi,ko,0.598,0.7787468966705811
fo,ko,0.63,0.8212619047619047
eml,ko,0.43,0.5622087912087912
pdc,ko,0.56,0.6876364468864469
ba,ko,0.47,0.7045223665223665
en,ko,0.4245,0.7159808632389282
sq,ko,0.659,0.8427382036092563
pt,ko,0.4577,0.7483816064559795
nl,ko,0.5887,0.8062205083246646
it,ko,0.5332,0.7846269918677814
bh,ko,0.57,0.6962083406789289
qu,ko,0.49,0.6577958152958153
az,ko,0.493,0.7607569432201785
da,ko,0.6375,0.8314070714098423
fa,ko,0.3836,0.6688181101621118
af,ko,0.614,0.7992446169671402
yi,ko,0.53,0.6886355311355311
ln,ko,0.4,0.5603391053391054
ang,ko,0.47,0.6087675657675657
nds,ko,0.61,0.822090909090909
zh-classical,ko,0.23,0.4961277771935666
mhr,ko,0.37,0.5844588744588745
gu,ko,0.52,0.7445232443854733
zea,ko,0.56,0.6972142857142858
nov,ko,0.47,0.7795107670107672
de,ko,0.592,0.7948938524968324
my,ko,0.48,0.7060649350649352
crh,ko,0.55,0.6841125541125541
ce,ko,0.26,0.6339534909534909
tl,ko,0.438,0.6666266651649004
hak,ko,0.32,0.3932698412698412
te,ko,0.524,0.7229157760368287
bar,ko,0.67,0.7871933621933622
wa,ko,0.38,0.5029545454545454
frr,ko,0.49,0.5876428571428571
xmf,ko,0.53,0.7137904252610136
eu,ko,0.5457,0.8019724113150352
ia,ko,0.38,0.654230038966881
ne,ko,0.5,0.7781154401154402
mg,ko,0.35,0.6639761904761905
cs,ko,0.5637,0.7921373186024503
ko,ko,0.7515,0.869625174639602
li,ko,0.51,0.6946421356421356
jv,ko,0.49,0.8031976911976914
cv,ko,0.54,0.748003663003663
sl,ko,0.5745,0.7703874268481776
nn,ko,0.637,0.8211857279459447
hu,ko,0.6359,0.8287150752979391
an,ko,0.464,0.7273362707467972
bo,ko,0.36,0.37
hr,ko,0.5617,0.7781310896843096
br,ko,0.361,0.5850177148874517
ms,ko,0.381,0.6590592964225318
eo,ko,0.4531,0.7176505360944526
lt,ko,0.607,0.8079356388778061
ps,ko,0.43,0.6653852813852814
is,ko,0.609,0.7957227494727495
ka,ko,0.6375,0.8173074567752509
so,ko,0.5,0.7072380952380952
zh-min-nan,ko,0.27,0.5528863636363637
pl,ko,0.5594,0.7997110159173472
su,ko,0.45,0.6434444444444444
no,ko,0.6299,0.8255659448205733
fi,ko,0.6463,0.8422712372775144
ky,ko,0.43,0.6670750360750359
vec,ko,0.47,0.702395833612552
vo,ko,0.33,0.4767936507936507
mzn,ko,0.45,0.750027417027417
ast,ko,0.491,0.7460631779812894
cy,ko,0.423,0.6648914585414585
fiu-vro,ko,0.49,0.6716103896103897
sh,ko,0.4753,0.6757099841824843
or,ko,0.15,0.514959595959596
ilo,ko,0.53,0.7274217383923268
diq,ko,0.38,0.5958149628149628
io,ko,0.55,0.7375274170274172
mi,ko,0.41,0.6505238095238094
sah,ko,0.43,0.552700329082682
fr,ko,0.4976,0.7611063909783027
bn,ko,0.599,0.7518008146823936
lb,ko,0.597,0.770518663362781
ext,ko,0.6,0.7193125763125764
sa,ko,0.38,0.5569841269841269
scn,ko,0.49,0.6616587301587302
id,ko,0.4287,0.6968665088532039
gd,ko,0.43,0.6014891774891775
rw,ko,0.54,0.641015873015873
hsb,ko,0.46,0.7088113553113553
fur,ko,0.5,0.6666861471861472
jbo,ko,0.42,0.5505476190476191
pms,ko,0.43,0.7162894458482694
as,ko,0.48,0.6509102009102008
ug,ko,0.4,0.5062792207792207
ml,ko,0.631,0.7729256494967022
la,ko,0.385,0.614675825155237
es,ko,0.4638,0.7644537818588361
map-bms,ko,0.37,0.5442857142857143
min,ko,0.36,0.635063492063492
pnb,ko,0.54,0.6417594072594074
sco,ko,0.62,0.7904401154401154
tt,ko,0.568,0.7922242197345137
kn,ko,0.51,0.7214920634920635
sk,ko,0.5806,0.8049539082786838
el,ko,0.6635,0.8209459074568362
dv,ko,0.43,0.6096190476190476
sr,ko,0.4966,0.7279590873136151
be,ko,0.627,0.8072160772062476
mt,ko,0.51,0.732031746031746
sw,ko,0.372,0.5891510890468321
uk,ko,0.5903,0.8019244326631402
lv,ko,0.5681,0.7624505644166635
et,ko,0.6254,0.8248187391959606
ta,ko,0.548,0.7706959783680373
war,ko,0.36,0.6356946941946942
os,ko,0.28,0.610559163059163
fy,ko,0.555,0.7546015918549974
cdo,ko,0.2,0.2728720495191083
ig,ko,0.48,0.5856428571428571
tg,ko,0.55,0.7261746031746031
ru,ko,0.4011,0.681152994322499
ckb,ko,0.464,0.632121694971695
bg,ko,0.63,0.808186748159821
rm,ko,0.55,0.6936623376623378
ksh,ko,0.49,0.6488492063492063
ja,ko,0.1314,0.5767304790763073
min,la,0.1,0.526495670995671
mn,la,0.54,0.7122191142191143
zea,la,0.33,0.6704473304473306
yi,la,0.28,0.6010743145743145
ia,la,0.35,0.6470539003480179
cy,la,0.454,0.6548282145958617
vi,la,0.431,0.6872239383707108
eu,la,0.4963,0.7791986450331574
fy,la,0.547,0.7533493136206757
th,la,0.0083,0.2400529606281231
ms,la,0.449,0.6199435708082767
sco,la,0.62,0.7451774891774892
zh-min-nan,la,0.46,0.5579776334776334
ug,la,0.14,0.4263809523809523
ur,la,0.488,0.6528681220740045
af,la,0.485,0.7272502370007015
zh,la,0.1989,0.5026971868662813
fiu-vro,la,0.23,0.5467863247863248
an,la,0.651,0.8239931648331028
simple,la,0.576,0.7747771577321887
bo,la,0.4,0.418
bh,la,0.31,0.6141746031746032
frr,la,0.34,0.611
is,la,0.508,0.7513392111844125
hsb,la,0.47,0.7046181139122315
sd,la,0.21,0.5729069264069263
wa,la,0.3,0.479140350877193
pl,la,0.4905,0.7482584796601748
gn,la,0.34,0.6079494949494949
szl,la,0.36,0.646495670995671
pa,la,0.45,0.6196274836274835
fi,la,0.4578,0.722386035562305
tt,la,0.43,0.7581071622821624
ln,la,0.35,0.5847191142191142
ilo,la,0.67,0.7617532467532467
uz,la,0.749,0.8419359085359085
nov,la,0.55,0.8286842514210937
mt,la,0.4,0.6568686868686868
sh,la,0.4402,0.661242091881287
gl,la,0.6369,0.7986963872204508
su,la,0.31,0.5532380952380952
vep,la,0.53,0.7072938270879449
ckb,la,0.379,0.5528301365301366
fo,la,0.52,0.7096837704778881
nl,la,0.5403,0.746582133265771
tl,la,0.677,0.7638555473937827
ka,la,0.4654,0.7000521827982819
fr,la,0.5763,0.7764549761375537
da,la,0.5411,0.7664580852188747
ba,la,0.5,0.7486486291486291
rm,la,0.43,0.7126793119161541
sl,la,0.562,0.7220140798314173
xmf,la,0.42,0.6441111111111111
hi,la,0.542,0.7177383755133756
fa,la,0.3385,0.6421754526089666
yo,la,0.41,0.5275569985569986
io,la,0.71,0.8236378066378066
hak,la,0.26,0.3957380952380951
or,la,0.11,0.3632191142191142
vls,la,0.45,0.6673007548007548
kn,la,0.53,0.6905714285714286
el,la,0.5531,0.7353969941444864
mr,la,0.382,0.6456085923880042
cs,la,0.4886,0.7441849156991959
br,la,0.453,0.631382802491626
map-bms,la,0.27,0.5448253968253968
lv,la,0.5495,0.7318869841897009
bg,la,0.5485,0.7396506862212434
kk,la,0.537,0.7761629736276795
lij,la,0.16,0.486508991008991
dv,la,0.25,0.4672539682539681
la,la,0.907,0.9467983322233322
zh-classical,la,0.16,0.4019742757242757
te,la,0.412,0.63522997002997
ga,la,0.529,0.7356643666704813
bat-smg,la,0.49,0.6488095238095238
arc,la,0.09,0.276
az,la,0.502,0.7192576895326895
am,la,0.28,0.4289285714285714
es,la,0.5413,0.7765210348475055
ku,la,0.59,0.7308412698412698
sah,la,0.41,0.5420695970695971
de,la,0.481,0.7318690947846443
tr,la,0.5408,0.7450434925961551
pnb,la,0.45,0.5897301587301588
he,la,0.3191,0.5993077111295997
cv,la,0.46,0.6701468531468532
jv,la,0.53,0.7446910866910866
lmo,la,0.38,0.7208013186503898
lt,la,0.5396,0.7483748184881853
csb,la,0.33,0.6368323996265173
vec,la,0.58,0.7325783040488923
jbo,la,0.35,0.548995670995671
mwl,la,0.3,0.6314260184260184
ja,la,0.1164,0.4329054581323389
zh-yue,la,0.2232,0.499572059859645
ksh,la,0.33,0.5983576521517697
pms,la,0.53,0.804911479043832
si,la,0.53,0.6958448773448773
scn,la,0.6,0.7712568542568542
be-x-old,la,0.502,0.6727028621705092
oc,la,0.6,0.7097586857586857
war,la,0.63,0.7137722277722278
ay,la,0.33,0.6240402930402928
so,la,0.36,0.6173809523809524
uk,la,0.5118,0.7546988342780371
sr,la,0.4868,0.7502812271878448
hu,la,0.494,0.7328930089999439
crh,la,0.35,0.6081861471861473
tg,la,0.57,0.7639314574314574
sw,la,0.572,0.6948408548967373
wuu,la,0.16,0.4985555555555555
arz,la,0.44,0.6974961704961706
no,la,0.4965,0.7340778543549673
sq,la,0.659,0.8256187703851017
co,la,0.14,0.5043744588744589
ps,la,0.29,0.5825952380952382
bar,la,0.64,0.7294393939393938
eml,la,0.24,0.5349391262332438
ast,la,0.539,0.7754180722356419
ky,la,0.48,0.6420714285714285
gd,la,0.54,0.6386825396825396
mk,la,0.521,0.7494776696987223
pt,la,0.5721,0.7773721113561362
cbk-zam,la,0.23,0.6484893439893439
be,la,0.559,0.7493198087859853
ml,la,0.459,0.6864409861380449
mhr,la,0.4,0.6221139971139971
as,la,0.38,0.616577367077367
bn,la,0.532,0.6519761953732542
ext,la,0.2,0.4996551226551226
ro,la,0.6507,0.8215010638578828
ig,la,0.19,0.4915028860028859
hr,la,0.4914,0.7537622275282337
nds,la,0.56,0.7759045399045399
os,la,0.38,0.7001746031746032
qu,la,0.56,0.6902963245904423
ar,la,0.4514,0.6495540688233336
bs,la,0.459,0.748690755237195
ceb,la,0.57,0.6998832278832279
ace,la,0.21,0.6198241203241203
ko,la,0.2962,0.5653493044322379
en,la,0.4662,0.69707329854528
ca,la,0.6414,0.7815371933931222
my,la,0.26,0.5966688311688312
mg,la,0.36,0.6739047619047618
et,la,0.4933,0.7316881422722444
ang,la,0.4,0.617313725490196
lb,la,0.522,0.7332862647156765
als,la,0.31,0.6164552884336166
gan,la,0.26,0.5479999999999999
li,la,0.55,0.7055546218487396
ta,la,0.352,0.6326433060403649
rw,la,0.28,0.6662835497835498
vo,la,0.5,0.5495238095238095
sa,la,0.16,0.3717380952380951
tk,la,0.29,0.5989307359307359
cdo,la,0.26,0.3700238095238095
eo,la,0.5596,0.7452564189285087
mzn,la,0.35,0.6485048285048285
id,la,0.3651,0.634186056409191
ce,la,0.39,0.697386002886003
pdc,la,0.31,0.5457380952380951
km,la,0.21,0.4643809523809523
hy,la,0.409,0.5616946830946831
mi,la,0.17,0.5396349206349206
sk,la,0.5316,0.7664337089278112
fur,la,0.38,0.6136788211788212
sv,la,0.4654,0.7389711638920076
ru,la,0.548,0.731490120374122
diq,la,0.38,0.6349321789321789
nap,la,0.3,0.6884139292080469
it,la,0.5208,0.762402779709111
nn,la,0.492,0.7255994988499632
ne,la,0.42,0.7536025086025085
gu,la,0.45,0.6683730158730158
ln,lb,0.47,0.5952380952380952
ka,lb,0.5405,0.7719810622624709
xmf,lb,0.52,0.6809047619047619
ay,lb,0.41,0.4665402930402931
et,lb,0.6256,0.8123522224911311
nap,lb,0.56,0.698908046202164
ast,lb,0.642,0.837212858495134
kk,lb,0.607,0.805987642912643
es,lb,0.6996,0.8356950231407738
my,lb,0.42,0.687357142857143
cs,lb,0.6116,0.8115915757161655
fo,lb,0.64,0.8038433886375063
ba,lb,0.57,0.7801955266955267
ga,lb,0.549,0.782196293214869
ko,lb,0.3714,0.6423321338396725
mt,lb,0.61,0.7471053391053392
arc,lb,0.08,0.3348174603174603
is,lb,0.669,0.8174309256103375
mg,lb,0.41,0.752652958152958
it,lb,0.6173,0.8104757843893292
kn,lb,0.53,0.718606782106782
ce,lb,0.26,0.6741281496281496
sq,lb,0.751,0.860127057256469
wa,lb,0.47,0.5922222222222222
zh-yue,lb,0.2815,0.6287555669365035
az,lb,0.558,0.7772853701853703
be-x-old,lb,0.573,0.7437350216776687
uk,lb,0.5427,0.7664483481765912
su,lb,0.45,0.6644371184371184
ceb,lb,0.44,0.620954933954934
nds,lb,0.77,0.890893106893107
gl,lb,0.7294,0.8521568355620988
cv,lb,0.56,0.7557322677322676
diq,lb,0.51,0.6884920634920636
mi,lb,0.3,0.6401904761904761
mwl,lb,0.32,0.6638184038184037
tg,lb,0.59,0.7677178932178933
eu,lb,0.558,0.795887352732407
sco,lb,0.61,0.7873003108003108
lt,lb,0.6405,0.8000386740796185
da,lb,0.6859,0.8426116391606331
br,lb,0.504,0.6841203250825543
pl,lb,0.6119,0.8135452965782067
sa,lb,0.32,0.4996904761904761
scn,lb,0.56,0.747976800976801
sl,lb,0.6382,0.7893253831342376
map-bms,lb,0.45,0.6151904761904761
ru,lb,0.4718,0.7438966640359984
sah,lb,0.41,0.5215958485958485
tr,lb,0.6479,0.8120006883665011
am,lb,0.38,0.5491507936507937
arz,lb,0.51,0.7571780996780996
dv,lb,0.37,0.6384365079365079
csb,lb,0.51,0.7282782870724048
mzn,lb,0.51,0.7550793650793652
ky,lb,0.31,0.6066666666666667
li,lb,0.61,0.767009167303285
sh,lb,0.5738,0.7314960897599133
or,lb,0.14,0.455590909090909
lmo,lb,0.45,0.7740896355106882
min,lb,0.33,0.5727619047619047
jbo,lb,0.43,0.568
ur,lb,0.5,0.6612513014763015
ar,lb,0.4391,0.6730876870343279
fa,lb,0.4899,0.7000157169851132
os,lb,0.39,0.7052655122655122
uz,lb,0.725,0.8181372294372296
lv,lb,0.588,0.7673933843993983
als,lb,0.59,0.7834400259183542
vls,lb,0.6,0.7991831501831501
hy,lb,0.472,0.6808050126344244
ro,lb,0.6464,0.8317158135217037
pnb,lb,0.47,0.6277659007659008
mhr,lb,0.37,0.6446744921744921
zh-min-nan,lb,0.51,0.6471555111555112
qu,lb,0.47,0.6246516914458091
an,lb,0.764,0.8520635402179519
km,lb,0.34,0.5003896103896104
cbk-zam,lb,0.31,0.6624342324342325
hsb,lb,0.65,0.7833439436380613
de,lb,0.6673,0.8255237237676325
hr,lb,0.6152,0.7965188443333413
id,lb,0.4584,0.696812142460223
no,lb,0.6815,0.8451833187426607
be,lb,0.618,0.7911021354462531
gn,lb,0.53,0.689041847041847
so,lb,0.52,0.6726666666666666
szl,lb,0.54,0.6553095238095239
war,lb,0.43,0.617060384060384
cy,lb,0.498,0.7217790348540349
vec,lb,0.62,0.7329581529581529
mn,lb,0.5,0.718777555777556
mr,lb,0.492,0.7200835517423754
ug,lb,0.28,0.4896507936507936
en,lb,0.4644,0.7190621790326975
pdc,lb,0.53,0.6586776556776556
vep,lb,0.52,0.7533517316017315
crh,lb,0.47,0.6460259740259741
ksh,lb,0.51,0.6909355742296919
mk,lb,0.629,0.8222810552021078
ml,lb,0.547,0.7327671801882328
ace,lb,0.35,0.555839466089466
hi,lb,0.596,0.7779883505383506
lij,lb,0.4,0.5997655122655122
wuu,lb,0.29,0.598968253968254
hu,lb,0.6561,0.826903320289102
th,lb,0.0035,0.2218666759822564
tk,lb,0.59,0.7239401154401156
nl,lb,0.6738,0.8207982984198464
nov,lb,0.66,0.9013823692647224
bar,lb,0.73,0.7899761904761905
ne,lb,0.48,0.7140090138619551
te,lb,0.508,0.6853692836403363
yi,lb,0.49,0.6746060606060607
gan,lb,0.34,0.6165555555555556
zea,lb,0.52,0.7509632034632036
bh,lb,0.55,0.7338152958152958
ilo,lb,0.5,0.6212478632478632
simple,lb,0.648,0.8312042173512763
jv,lb,0.59,0.7936073926073928
ms,lb,0.6,0.764936951936952
frr,lb,0.54,0.6244761904761904
sd,lb,0.34,0.690875901875902
el,lb,0.6672,0.8114373520957886
fiu-vro,lb,0.48,0.6735555555555554
io,lb,0.64,0.7332007992007992
sv,lb,0.5606,0.8241052915849201
af,lb,0.636,0.8014179285970309
fy,lb,0.631,0.8024523666134349
bs,lb,0.56,0.7868450293170881
ig,lb,0.46,0.5841544011544012
pms,lb,0.54,0.7841059233164497
fur,lb,0.56,0.7363924963924964
zh,lb,0.2272,0.6128524017709157
lb,lb,0.826,0.913828051626736
pt,lb,0.6468,0.8112386343816143
he,lb,0.4438,0.7023593885405961
ang,lb,0.49,0.6514279348102877
ckb,lb,0.424,0.6476535853035854
gd,lb,0.53,0.6585432345432346
pa,lb,0.48,0.6645590520590521
si,lb,0.71,0.7824083694083694
eml,lb,0.48,0.608157796451914
vi,lb,0.4231,0.7005855525125029
tt,lb,0.588,0.8112715451215452
sr,lb,0.5006,0.7241041826078978
gu,lb,0.49,0.719564047064047
vo,lb,0.57,0.5877777777777777
eo,lb,0.6055,0.7712008247703449
fr,lb,0.6464,0.8215911174540974
ja,lb,0.1214,0.5269546008094073
ta,lb,0.462,0.7105877178377179
ext,lb,0.41,0.5808297258297258
cdo,lb,0.28,0.3963701298701299
sk,lb,0.6439,0.8207927464219646
ca,lb,0.6578,0.7911021974035596
tl,lb,0.576,0.7216130434924553
bo,lb,0.32,0.368
la,lb,0.58,0.7112619501413618
sw,lb,0.479,0.6338618309794781
yo,lb,0.4,0.5020229770229769
rm,lb,0.55,0.7762690087690087
nn,lb,0.651,0.8132547952047952
rw,lb,0.55,0.6732813852813853
ia,lb,0.42,0.6831902639843815
bat-smg,lb,0.57,0.6765396825396824
bg,lb,0.6088,0.7868207737661376
ku,lb,0.69,0.8065396825396828
zh-classical,lb,0.22,0.5286540770031481
hak,lb,0.34,0.4262813852813852
bn,lb,0.553,0.7078234312471154
ps,lb,0.42,0.6568095238095237
as,lb,0.46,0.6641133180544944
oc,lb,0.77,0.8264155844155845
co,lb,0.58,0.6654718614718617
fi,lb,0.6391,0.82293019090129
co,lt,0.6,0.6720000000000002
min,lt,0.27,0.618995670995671
mzn,lt,0.51,0.7604920634920634
szl,lt,0.51,0.6362539682539682
cs,lt,0.6748,0.8319147910311222
war,lt,0.59,0.70202442002442
sk,lt,0.693,0.8458668672160314
sd,lt,0.4,0.7121825396825396
wa,lt,0.47,0.5658571428571428
kk,lt,0.558,0.7901081420041947
nn,lt,0.695,0.83915043333
bat-smg,lt,0.52,0.6588730158730159
bh,lt,0.58,0.6981904761904763
ln,lt,0.41,0.5458672438672438
lb,lt,0.6,0.7809285144250314
af,lt,0.642,0.8011848781335625
vo,lt,0.38,0.519090909090909
qu,lt,0.64,0.7282792485292485
mg,lt,0.4,0.6958874458874458
ru,lt,0.461,0.6993608558228837
eml,lt,0.45,0.5880155122655123
tt,lt,0.681,0.8259745194348136
lmo,lt,0.44,0.733807563781248
fr,lt,0.6648,0.8348391076175287
cy,lt,0.608,0.7463838543207739
mr,lt,0.635,0.7851812401650637
hak,lt,0.31,0.3704365079365079
sa,lt,0.34,0.5031507936507936
vep,lt,0.59,0.817297619047619
jbo,lt,0.4,0.4981904761904762
pt,lt,0.6857,0.8220349113494005
tk,lt,0.61,0.7353095238095239
es,lt,0.6979,0.8377812563880906
rw,lt,0.6,0.6872337662337662
ce,lt,0.25,0.6601542901542901
an,lt,0.767,0.8586349789099789
ba,lt,0.63,0.8035216450216451
sw,lt,0.552,0.6664380076837507
bg,lt,0.6764,0.8072380628874051
sco,lt,0.64,0.7906746031746033
yo,lt,0.53,0.6358368298368299
vi,lt,0.5392,0.7772602081784744
sah,lt,0.67,0.7780677655677657
ace,lt,0.41,0.6227197802197801
bar,lt,0.63,0.729531746031746
tg,lt,0.66,0.8289040404040405
bo,lt,0.23,0.3036666666666667
li,lt,0.66,0.7891064213564214
gan,lt,0.38,0.5471666666666666
pl,lt,0.6778,0.8425053920417387
sh,lt,0.5267,0.7657674288929165
uz,lt,0.767,0.8416929903429904
pnb,lt,0.55,0.6579065934065933
km,lt,0.31,0.5157619047619046
mn,lt,0.63,0.7875907250644093
ilo,lt,0.62,0.7154650349650349
uk,lt,0.6166,0.804346922486698
sl,lt,0.6796,0.8158559363486529
crh,lt,0.5,0.6620909090909092
pa,lt,0.53,0.6693613608613609
id,lt,0.4539,0.6507141657731673
diq,lt,0.53,0.7175072150072151
gl,lt,0.7616,0.8640698236343979
ia,lt,0.39,0.6332761225702401
gn,lt,0.51,0.6235494505494505
ckb,lt,0.478,0.6494392995892996
en,lt,0.4832,0.7270479449841524
la,lt,0.672,0.7870438360487121
fi,lt,0.6652,0.8416148546130513
arz,lt,0.57,0.7884816294816295
ceb,lt,0.56,0.6503863636363637
ja,lt,0.1571,0.5415926230340007
hsb,lt,0.59,0.7813603896103897
so,lt,0.59,0.7193809523809525
pms,lt,0.55,0.7285555745424168
ug,lt,0.42,0.4998095238095238
nov,lt,0.56,0.8465865245865245
jv,lt,0.59,0.750095127095127
ga,lt,0.634,0.7981547665612682
ro,lt,0.5651,0.780044719380207
ay,lt,0.43,0.4782234432234432
ext,lt,0.43,0.5597875457875457
he,lt,0.4863,0.7157832311573875
ksh,lt,0.36,0.575814935064935
it,lt,0.6635,0.8290199152438549
ko,lt,0.4517,0.6894257194379408
nap,lt,0.53,0.6912210289710291
csb,lt,0.49,0.6691771284271284
ml,lt,0.627,0.7756432838403428
br,lt,0.528,0.6614253228711433
az,lt,0.653,0.8174193704987822
lv,lt,0.731,0.8577222074837788
ky,lt,0.45,0.6875108225108225
zh-min-nan,lt,0.49,0.6676259968102073
is,lt,0.644,0.8212412504162503
mwl,lt,0.3,0.6021564546564546
ne,lt,0.57,0.8020542398777692
ku,lt,0.71,0.8051269841269841
tl,lt,0.576,0.70075564990565
ang,lt,0.5,0.6165080850522028
ms,lt,0.524,0.6695683418748435
mi,lt,0.36,0.6868253968253968
gd,lt,0.51,0.5894855144855145
lij,lt,0.4,0.590119658119658
da,lt,0.7179,0.8609716299773498
ka,lt,0.6402,0.8012830092387833
de,lt,0.6156,0.7984056648691865
ar,lt,0.5016,0.69844249485121
zh-yue,lt,0.3631,0.6537645713144784
frr,lt,0.47,0.5606984126984127
xmf,lt,0.62,0.756197136197136
io,lt,0.61,0.7205036075036075
eo,lt,0.6386,0.77984901557335
scn,lt,0.6,0.7142484737484738
as,lt,0.44,0.5836556221556221
mk,lt,0.696,0.8343292909532848
hu,lt,0.6918,0.8556213879197858
zh,lt,0.2712,0.6406973705345222
arc,lt,0.09,0.2808095238095238
gu,lt,0.59,0.7636141636141636
hr,lt,0.6641,0.8324178430960164
fo,lt,0.64,0.8193531746031746
fa,lt,0.427,0.7456355307403294
th,lt,0.0032,0.2288253375168003
oc,lt,0.67,0.764065934065934
si,lt,0.56,0.6677568542568543
vec,lt,0.58,0.693948051948052
nds,lt,0.57,0.7960822510822513
et,lt,0.6777,0.84218521918484
bn,lt,0.637,0.7347015654108534
no,lt,0.7017,0.8515917777526911
yi,lt,0.54,0.7293571428571428
ast,lt,0.642,0.8341016367275657
mhr,lt,0.44,0.6728936063936064
mt,lt,0.6,0.8238416583416582
rm,lt,0.58,0.7497020202020203
map-bms,lt,0.5,0.6188015873015873
pdc,lt,0.41,0.5897844377844378
ig,lt,0.49,0.6430634920634921
simple,lt,0.69,0.8402152444219009
sv,lt,0.681,0.8634320399406236
fur,lt,0.53,0.6863253968253971
ca,lt,0.7592,0.8560549743488366
fiu-vro,lt,0.47,0.6867740592740591
zea,lt,0.53,0.7364047619047619
hi,lt,0.658,0.7822377261627261
sr,lt,0.5915,0.8096080612069388
ur,lt,0.534,0.7318687395937395
os,lt,0.4,0.6596147186147187
cdo,lt,0.32,0.4386219336219337
bs,lt,0.64,0.8370733471121242
cv,lt,0.58,0.7805433455433456
vls,lt,0.6,0.8172690087690089
zh-classical,lt,0.35,0.5770617846206082
ps,lt,0.47,0.6374603174603175
wuu,lt,0.26,0.5441111111111111
my,lt,0.29,0.6308241203241203
su,lt,0.43,0.6321398601398601
eu,lt,0.6429,0.8175457483890378
sq,lt,0.778,0.8789930192356664
te,lt,0.58,0.7315212676212676
am,lt,0.49,0.5903607503607503
als,lt,0.39,0.7739523575839365
kn,lt,0.59,0.7474603174603175
or,lt,0.2,0.5046164946164946
be,lt,0.691,0.8302088989441931
nl,lt,0.6967,0.8433436060963461
lt,lt,0.8549,0.9193271016874424
tr,lt,0.69,0.8327822604090095
cbk-zam,lt,0.39,0.7038369963369964
ta,lt,0.496,0.7090597451568039
hy,lt,0.532,0.6937187096701029
be-x-old,lt,0.683,0.7971316852909732
fy,lt,0.667,0.8002406626053685
el,lt,0.7276,0.8322707210737319
dv,lt,0.53,0.6436212121212121
mr,lv,0.63,0.8094977653065889
be,lv,0.694,0.830034944304062
als,lv,0.51,0.7560636625156749
am,lv,0.48,0.5964053724053724
pl,lv,0.6158,0.8174278039839418
so,lv,0.55,0.6639340659340658
ext,lv,0.35,0.5309438339438339
pms,lv,0.5,0.7150400171723702
an,lv,0.714,0.8229326655370773
bg,lv,0.6307,0.7975510134628013
ms,lv,0.432,0.5934817113656897
wa,lv,0.39,0.5035106837606838
nap,lv,0.56,0.7306367243867244
hsb,lv,0.55,0.7628104362957305
cdo,lv,0.28,0.3889903527844703
gl,lv,0.7018,0.8473032390536881
ru,lv,0.5488,0.7566553042691743
sk,lv,0.6607,0.8318633532386087
ug,lv,0.31,0.507139416139416
vi,lv,0.4515,0.7574900439008876
pnb,lv,0.59,0.7096067821067821
tl,lv,0.56,0.7317389713227949
map-bms,lv,0.43,0.5494285714285714
tg,lv,0.63,0.7696677679046101
af,lv,0.565,0.7826534439416792
mzn,lv,0.47,0.7625952380952381
sd,lv,0.32,0.6687478632478633
or,lv,0.22,0.5336788211788212
diq,lv,0.4,0.680505439005439
gan,lv,0.25,0.5452051282051281
gd,lv,0.44,0.5451702741702742
hi,lv,0.611,0.7834265956265956
es,lv,0.5719,0.8028309861681145
de,lv,0.6154,0.7956469096907565
sl,lv,0.6439,0.7966718019476224
mg,lv,0.23,0.5574808524808524
mhr,lv,0.44,0.6521426906426906
my,lv,0.3,0.6642360972360973
hu,lv,0.6681,0.8377298789548944
vo,lv,0.46,0.561
mn,lv,0.6,0.783319329793014
hy,lv,0.386,0.6598925862750942
nl,lv,0.6579,0.8220528855372353
szl,lv,0.47,0.6110396825396824
mk,lv,0.668,0.8143447829947831
csb,lv,0.43,0.6806761294261294
cs,lv,0.6482,0.8369627173961229
be-x-old,lv,0.633,0.7667376443216226
ka,lv,0.639,0.8107972717985489
su,lv,0.4,0.6345360750360751
ba,lv,0.59,0.7749278499278499
ml,lv,0.628,0.7835724053724055
yo,lv,0.39,0.492950937950938
is,lv,0.633,0.8234026362526362
bn,lv,0.691,0.7776779010033654
fi,lv,0.6267,0.8280741844610499
gu,lv,0.52,0.7721617826617826
sv,lv,0.63,0.8607744702949268
os,lv,0.35,0.6733692973692973
ja,lv,0.1301,0.5407597156240732
gn,lv,0.44,0.6062373737373737
fy,lv,0.632,0.8025945549548491
hr,lv,0.6042,0.817121812300187
nds,lv,0.53,0.8043513708513709
ne,lv,0.48,0.7743345543345543
zh-classical,lv,0.16,0.5284252427998558
wuu,lv,0.23,0.5407777777777778
eo,lv,0.577,0.7638810288481728
it,lv,0.609,0.8212039227447818
fr,lv,0.6061,0.7925852326036537
ace,lv,0.25,0.5425332722832722
pt,lv,0.5898,0.7815246750961458
sh,lv,0.4468,0.672328793836882
vep,lv,0.61,0.8232075716680981
arc,lv,0.07,0.2979069264069264
lt,lv,0.6841,0.8471302213129149
tt,lv,0.637,0.824331161098963
br,lv,0.468,0.6371245689638879
he,lv,0.4289,0.7099249854196371
simple,lv,0.636,0.8160315529242
ta,lv,0.535,0.7490283386376265
ky,lv,0.51,0.6951183261183261
da,lv,0.6677,0.8325650090767506
war,lv,0.54,0.6791995226995227
ko,lv,0.4072,0.6488546575835585
kk,lv,0.427,0.7380594859388977
yi,lv,0.53,0.715978354978355
mi,lv,0.26,0.6585396825396824
sq,lv,0.688,0.8545511475452653
ksh,lv,0.3,0.5496419413919413
sa,lv,0.29,0.5513015873015872
lv,lv,0.8811,0.9408246268411672
id,lv,0.378,0.6432752962285393
rw,lv,0.56,0.675587912087912
tr,lv,0.6317,0.8145702908452057
lmo,lv,0.48,0.7456671252723883
pa,lv,0.56,0.7106622266622267
no,lv,0.6425,0.8263945983600163
ps,lv,0.42,0.6689083694083695
frr,lv,0.5,0.6400238095238094
rm,lv,0.49,0.6887211122211121
ast,lv,0.69,0.8280766256705112
ca,lv,0.6872,0.8325059548286252
crh,lv,0.37,0.6200949605949605
qu,lv,0.56,0.6452355977355977
bat-smg,lv,0.57,0.7245158730158731
kn,lv,0.53,0.7073197913197913
ceb,lv,0.55,0.6761182151182151
arz,lv,0.54,0.7848844488844489
sr,lv,0.5438,0.7370624618587466
pdc,lv,0.42,0.5691497113997115
en,lv,0.4849,0.733686285474931
th,lv,0.0546,0.2872538245079654
as,lv,0.56,0.7104858474858475
xmf,lv,0.52,0.703808462779051
km,lv,0.34,0.5054432234432233
fur,lv,0.53,0.6819891774891776
ga,lv,0.583,0.7728838518808334
zh-yue,lv,0.2519,0.6008885292957816
nov,lv,0.61,0.8622026307026309
et,lv,0.6448,0.8152096546066592
bh,lv,0.55,0.7155512265512266
zh-min-nan,lv,0.58,0.6533894993894994
ang,lv,0.5,0.619015873015873
ia,lv,0.44,0.6686416557298911
ur,lv,0.529,0.7295166088297667
min,lv,0.32,0.6496738816738816
si,lv,0.52,0.7119906204906205
co,lv,0.58,0.6838484848484849
az,lv,0.596,0.7938078792122909
sw,lv,0.475,0.6568560059221825
eu,lv,0.5395,0.7927049190927752
bar,lv,0.58,0.6898333333333333
ilo,lv,0.49,0.6667566322566323
ay,lv,0.4,0.4759706959706959
eml,lv,0.38,0.5324673382173382
ro,lv,0.5409,0.7697519028821196
uz,lv,0.713,0.8142441447441449
hak,lv,0.32,0.3995952380952381
mt,lv,0.56,0.8337518886342415
bo,lv,0.05,0.2028571428571428
vec,lv,0.56,0.7541810966810968
ig,lv,0.5,0.6164242424242424
te,lv,0.513,0.7051958097458096
lij,lv,0.38,0.5661900321900322
zea,lv,0.47,0.7007503607503608
jv,lv,0.55,0.8074254634254635
cv,lv,0.54,0.7534020146520146
el,lv,0.6955,0.8182083803399902
ckb,lv,0.628,0.7253822344322345
nn,lv,0.654,0.8247136072905423
uk,lv,0.5893,0.8278728008730177
jbo,lv,0.35,0.4557252747252747
bs,lv,0.573,0.8109621517371518
tk,lv,0.58,0.7041753246753246
ku,lv,0.63,0.7723174603174604
scn,lv,0.59,0.7695248085248084
fa,lv,0.4985,0.7991174826918866
zh,lv,0.2337,0.6200815352887566
la,lv,0.657,0.7682445593622065
mwl,lv,0.3,0.6236831501831502
li,lv,0.58,0.7545580808080808
dv,lv,0.35,0.5987893217893218
cbk-zam,lv,0.32,0.7019150294150294
ce,lv,0.3,0.6402272759919818
io,lv,0.58,0.7921710805534334
lb,lv,0.531,0.738305377955378
ln,lv,0.34,0.5109409414115297
vls,lv,0.57,0.7828353868353868
ar,lv,0.577,0.7587759840443353
oc,lv,0.63,0.7482661227661228
fiu-vro,lv,0.44,0.6805860185566067
fo,lv,0.64,0.8139246031746032
sco,lv,0.61,0.7713454878454878
sah,lv,0.68,0.7881636141636144
cy,lv,0.617,0.7788594285831127
crh,mk,0.46,0.6656122766122766
ku,mk,0.72,0.8106825396825397
gan,mk,0.24,0.4584444444444443
or,mk,0.14,0.4501421356421356
ce,mk,0.16,0.5753636363636363
szl,mk,0.56,0.6295959595959596
war,mk,0.49,0.6711427461427462
cy,mk,0.521,0.698780595385007
fy,mk,0.667,0.8148655979469447
ig,mk,0.51,0.6128556998556999
os,mk,0.4,0.6603253968253968
ba,mk,0.48,0.6978607503607503
tt,mk,0.659,0.7941027026894675
fur,mk,0.58,0.7097178932178934
ilo,mk,0.58,0.6911577866577868
la,mk,0.54,0.6847117661578188
ky,mk,0.42,0.6545468975468975
scn,mk,0.56,0.7072197247197246
sh,mk,0.5907,0.7795500239389094
ay,mk,0.41,0.4651355311355311
zh-min-nan,mk,0.4,0.4982092352092351
am,mk,0.4,0.5322417027417028
mzn,mk,0.51,0.7505627705627705
id,mk,0.5947,0.7865148105652517
fr,mk,0.6185,0.8256475766476385
gn,mk,0.59,0.7101666666666666
co,mk,0.51,0.640963924963925
pa,mk,0.53,0.6817117131234778
ms,mk,0.609,0.7759662966977983
ta,mk,0.548,0.7299412913883503
ru,mk,0.4926,0.7071700398921684
km,mk,0.27,0.4879523809523809
sl,mk,0.6624,0.8079944536122632
io,mk,0.65,0.7707520257520257
fa,mk,0.5689,0.8105670383864502
nov,mk,0.51,0.8001810966810967
bg,mk,0.7035,0.8355375784561154
hsb,mk,0.56,0.7470891053391052
ln,mk,0.5,0.6049609279609279
tk,mk,0.65,0.7485454545454546
cdo,mk,0.34,0.430056277056277
cv,mk,0.53,0.7549358419358418
ug,mk,0.37,0.5256904761904762
br,mk,0.519,0.6691181411381876
simple,mk,0.635,0.8301374019771078
de,mk,0.6076,0.8012102705215322
zh-yue,mk,0.3371,0.6604123890299587
te,mk,0.524,0.6983493147203673
als,mk,0.45,0.7849292388897652
sk,mk,0.671,0.8421934366433359
li,mk,0.63,0.7714354256854257
ka,mk,0.6326,0.8204737543923224
as,mk,0.53,0.6642654012654012
hy,mk,0.527,0.7132081247012361
ca,mk,0.6878,0.8526387354209258
mg,mk,0.36,0.6847561327561327
gu,mk,0.52,0.7439253524253524
su,mk,0.48,0.689420523920524
bn,mk,0.648,0.7573525725736251
uk,mk,0.6319,0.8179962414090897
kn,mk,0.52,0.7028326118326117
lmo,mk,0.44,0.7082792165694642
mr,mk,0.603,0.7716278296866533
ksh,mk,0.44,0.6774484126984127
no,mk,0.6812,0.8484356775465676
vi,mk,0.4369,0.7448617897711164
ia,mk,0.43,0.6758553603259486
hu,mk,0.6597,0.8373441566122216
sr,mk,0.6085,0.8086239291762589
el,mk,0.7069,0.8225451427502667
hr,mk,0.653,0.8251781482475213
ps,mk,0.44,0.6567734487734488
vls,mk,0.6,0.7736102786102786
fiu-vro,mk,0.54,0.6986875901875902
ext,mk,0.41,0.5791623376623376
xmf,mk,0.42,0.5806428571428571
wa,mk,0.45,0.5806782106782107
nl,mk,0.6657,0.8348476006621518
wuu,mk,0.21,0.5206666666666666
bat-smg,mk,0.57,0.6879523809523811
lij,mk,0.4,0.5894260739260739
my,mk,0.28,0.6185930735930736
hak,mk,0.28,0.370079365079365
hi,mk,0.576,0.7469407425907427
an,mk,0.767,0.8780921078921079
zh-classical,mk,0.28,0.626527374586198
mhr,mk,0.44,0.6181153291153292
sd,mk,0.35,0.6692539682539682
sco,mk,0.61,0.7836959151959152
bh,mk,0.62,0.7317678432678432
nn,mk,0.662,0.815526595635187
vec,mk,0.63,0.7534992784992786
mwl,mk,0.38,0.6453038628038628
bs,mk,0.618,0.8062029908258236
frr,mk,0.54,0.6187142857142858
dv,mk,0.31,0.5255292485292485
ro,mk,0.6352,0.8328011404874797
ur,mk,0.498,0.7809730449289273
sah,mk,0.49,0.6291089204912734
ace,mk,0.32,0.5629126984126983
sw,mk,0.49,0.6462925809484632
mn,mk,0.59,0.8249985210867564
cbk-zam,mk,0.44,0.7153241203241203
eml,mk,0.46,0.5634490231990231
et,mk,0.6564,0.8255419203044978
nap,mk,0.53,0.6850169552669553
ml,mk,0.605,0.7581620089061265
nds,mk,0.56,0.8021305916305917
ne,mk,0.51,0.8228550061050061
sa,mk,0.44,0.6029682539682539
si,mk,0.61,0.7023405483405483
jbo,mk,0.4,0.5228095238095238
mi,mk,0.35,0.6751593406593408
mk,mk,0.884,0.9417898714031068
map-bms,mk,0.46,0.5971861471861473
kk,mk,0.462,0.7384561660561662
jv,mk,0.56,0.775936396936397
da,mk,0.696,0.8509134045400764
bar,mk,0.7,0.7861111111111111
sq,mk,0.778,0.8814781803164156
yo,mk,0.42,0.5829104229104228
lb,mk,0.59,0.7791356396527449
eo,mk,0.6228,0.7849169942192311
pl,mk,0.6524,0.8355256927403522
arc,mk,0.07,0.3054523809523809
cs,mk,0.6463,0.8289203871189009
diq,mk,0.53,0.6628643578643579
lt,mk,0.7041,0.8522303049624952
ceb,mk,0.52,0.6351279831279831
ast,mk,0.73,0.8445999725592604
zea,mk,0.5,0.6976767676767678
es,mk,0.6599,0.8505576245349079
is,mk,0.626,0.8252883451343977
sv,mk,0.6767,0.8619610749845269
tl,mk,0.565,0.7230769511362392
pnb,mk,0.6,0.7182453102453102
pdc,mk,0.45,0.5912236227824463
uz,mk,0.779,0.882752886002886
vo,mk,0.35,0.4931111111111111
ko,mk,0.4224,0.6588854478235903
pt,mk,0.637,0.8250593572346127
vep,mk,0.54,0.7798262668703845
ja,mk,0.1445,0.4839699092153117
eu,mk,0.5805,0.8004257777181538
oc,mk,0.72,0.7887935397935398
csb,mk,0.53,0.7003647186147187
gd,mk,0.44,0.5815692085692086
ga,mk,0.6,0.8201221801847963
bo,mk,0.25,0.331
he,mk,0.4887,0.727268648814206
ckb,mk,0.573,0.7315941835941835
fi,mk,0.6355,0.8355657170108872
lv,mk,0.6371,0.7848599874858544
ang,mk,0.53,0.6487857142857143
pms,mk,0.57,0.7668405673274095
ar,mk,0.578,0.7958022219069201
arz,mk,0.53,0.7551267621267621
gl,mk,0.7367,0.8677238972706
fo,mk,0.57,0.7751973304473304
en,mk,0.4686,0.7300954910663812
az,mk,0.608,0.8017354266648383
rw,mk,0.59,0.7258876123876123
yi,mk,0.49,0.6579972804972805
it,mk,0.6473,0.839429850148991
af,mk,0.621,0.8049604678087651
rm,mk,0.62,0.7869962814962815
be,mk,0.689,0.8318826007326007
mt,mk,0.64,0.8310750360750361
th,mk,0.0046,0.2270153681999115
tg,mk,0.66,0.821103980986334
be-x-old,mk,0.614,0.7501436760951466
min,mk,0.33,0.6617034632034633
tr,mk,0.6799,0.8395780888873767
zh,mk,0.2737,0.6367451426669306
so,mk,0.54,0.7120952380952381
qu,mk,0.61,0.7495477577977577
wuu,ml,0.13,0.512
tk,ml,0.28,0.6351788211788211
ksh,ml,0.34,0.6022813852813852
yi,ml,0.38,0.6701428571428572
ta,ml,0.496,0.7417663013457131
ceb,ml,0.46,0.6549975024975025
oc,ml,0.61,0.7512012987012986
fa,ml,0.3614,0.7837521728211588
ug,ml,0.16,0.4856825396825395
bat-smg,ml,0.56,0.6476031746031746
zh-yue,ml,0.2259,0.5861142148675198
fi,ml,0.54,0.7735809666863923
sh,ml,0.377,0.7430478561960915
be-x-old,ml,0.6,0.7557554051985167
ko,ml,0.4211,0.6457494757194989
ky,ml,0.44,0.6717611832611833
sah,ml,0.51,0.6324330963154492
tg,ml,0.64,0.7884983643807175
ast,ml,0.508,0.8053884803105391
cdo,ml,0.09,0.2725
mt,ml,0.45,0.7671166774402068
hi,ml,0.635,0.7981573973412208
pdc,ml,0.25,0.512047619047619
hsb,ml,0.49,0.7084441114441113
kn,ml,0.62,0.7614523809523809
lmo,ml,0.36,0.6735154352011938
sr,ml,0.5454,0.7873325263238653
et,ml,0.5556,0.785635953590613
ne,ml,0.66,0.8540957588163471
als,ml,0.46,0.7467097378026172
id,ml,0.4051,0.6610534442526858
kk,ml,0.539,0.7863228049728049
no,ml,0.5734,0.7933757739542878
be,ml,0.657,0.8075460395813338
gl,ml,0.5548,0.7988468086574588
gan,ml,0.12,0.4913333333333332
tr,ml,0.6124,0.816657996842339
az,ml,0.579,0.786045954045954
ay,ml,0.26,0.4223333333333333
jv,ml,0.48,0.7365707070707072
bo,ml,0.03,0.2006666666666666
zh-classical,ml,0.14,0.4386791278896542
sl,ml,0.5745,0.7558779950957196
ilo,ml,0.52,0.6938885281385282
frr,ml,0.2,0.4695714285714285
rw,ml,0.12,0.5752581862581861
is,ml,0.594,0.7819569306510482
cs,ml,0.5308,0.7744809223353186
ace,ml,0.15,0.5282399267399267
en,ml,0.4271,0.720402685022236
mzn,ml,0.52,0.7891976911976911
zh,ml,0.2123,0.626326556341835
sco,ml,0.49,0.7370728715728714
pt,ml,0.4538,0.7444451568288952
hr,ml,0.5202,0.7692286632072778
hak,ml,0.08,0.279484126984127
ro,ml,0.4873,0.7986941975336326
sd,ml,0.24,0.64797113997114
vec,ml,0.53,0.7365897207367794
mk,ml,0.653,0.8130828233857647
th,ml,0.0095,0.2864659275236287
cv,ml,0.59,0.7972891552891551
gn,ml,0.38,0.5710714285714286
arc,ml,0.03,0.3172142857142857
bh,ml,0.18,0.6248528138528138
ext,ml,0.25,0.5102539682539682
mwl,ml,0.32,0.6197177822177822
ml,ml,0.816,0.8953167665667665
fy,ml,0.579,0.7750244105395808
br,ml,0.377,0.6227967103158281
csb,ml,0.29,0.6007020202020201
fo,ml,0.58,0.7391244866244867
or,ml,0.24,0.5551116106116105
an,ml,0.52,0.8165357025327614
sw,ml,0.363,0.6074337149778327
tl,ml,0.497,0.7206234376734377
ca,ml,0.5542,0.8069117256814393
ckb,ml,0.654,0.739945720945721
ms,ml,0.368,0.6876199401905285
km,ml,0.1,0.4469047619047619
uk,ml,0.5562,0.7951260079085002
zea,ml,0.2,0.6080259740259739
cy,ml,0.443,0.7176970833088481
qu,ml,0.46,0.6782770562770563
szl,ml,0.26,0.5667936507936507
te,ml,0.603,0.757209271430324
so,ml,0.31,0.5936666666666666
ur,ml,0.548,0.7829481240981241
vls,ml,0.5,0.7452135642135641
si,ml,0.7,0.742904761904762
co,ml,0.19,0.5605238095238095
it,ml,0.5038,0.7759014344874253
mg,ml,0.5,0.6806623376623375
zh-min-nan,ml,0.58,0.7007764509312497
af,ml,0.577,0.7730657829099007
nl,ml,0.5703,0.7917558340996809
fr,ml,0.4925,0.773635902063193
yo,ml,0.36,0.4678815628815628
am,ml,0.45,0.5756190476190476
gd,ml,0.45,0.5944003774003774
gu,ml,0.64,0.7989047619047621
simple,ml,0.548,0.8102402198936255
ga,ml,0.474,0.7742003475454715
io,ml,0.57,0.7316580086580086
bg,ml,0.5816,0.7745112780459995
mn,ml,0.55,0.7184458874458874
arz,ml,0.58,0.7929968919968919
ja,ml,0.1438,0.5326908349579557
ang,ml,0.26,0.5667142302142302
nov,ml,0.4,0.7683979266347687
es,ml,0.4785,0.7738490991791146
he,ml,0.4126,0.6998885353329162
li,ml,0.57,0.7903391053391055
lb,ml,0.579,0.7822036755727932
bn,ml,0.689,0.7804528438709554
pa,ml,0.5,0.6924822497763674
su,ml,0.34,0.618297619047619
nds,ml,0.59,0.8329426129426131
ru,ml,0.4274,0.6955243172041237
el,ml,0.6488,0.7880514534562444
eu,ml,0.5325,0.7926847806063905
crh,ml,0.32,0.5683333333333332
mhr,ml,0.18,0.5751702741702741
ln,ml,0.32,0.533487012987013
rm,ml,0.4,0.6808809523809524
pnb,ml,0.62,0.7386658312447787
map-bms,ml,0.28,0.5435238095238095
as,ml,0.59,0.7519822399822399
sq,ml,0.63,0.8192444530615582
bs,ml,0.519,0.781555779841074
diq,ml,0.41,0.6577355977355976
vep,ml,0.48,0.7145927405927407
lv,ml,0.5828,0.7596294889819504
cbk-zam,ml,0.28,0.6099083694083695
eml,ml,0.26,0.5137581862581863
mr,ml,0.627,0.8055700402538638
vi,ml,0.4235,0.7428649574032778
ba,ml,0.62,0.7679480519480519
sk,ml,0.6,0.8234894324114139
nap,ml,0.33,0.6189924519924519
sa,ml,0.33,0.5817222222222221
dv,ml,0.2,0.5078253968253967
hu,ml,0.592,0.8012460180462811
hy,ml,0.356,0.6717845905126865
xmf,ml,0.47,0.5995006105006104
war,ml,0.49,0.7325310245310246
mi,ml,0.18,0.6306117216117215
ia,ml,0.22,0.6265155692260955
min,ml,0.15,0.5837857142857142
ig,ml,0.11,0.4575432900432899
wa,ml,0.23,0.4949971139971139
jbo,ml,0.2,0.4155396825396824
bar,ml,0.48,0.7240634920634921
de,ml,0.5809,0.7878433089287733
my,ml,0.47,0.7698131313131311
ce,ml,0.15,0.5833210678210677
ar,ml,0.5597,0.7696265607577836
fiu-vro,ml,0.28,0.6042655122655122
fur,ml,0.26,0.5519047619047618
uz,ml,0.71,0.8637305694305694
scn,ml,0.47,0.7153021978021976
pl,ml,0.5246,0.7748433711412427
tt,ml,0.607,0.8039416860916861
la,ml,0.518,0.7206924118365295
lt,ml,0.5938,0.798958073589637
vo,ml,0.35,0.4976825396825396
lij,ml,0.24,0.4953880563880564
os,ml,0.37,0.6943722943722943
da,ml,0.579,0.7971475689051231
sv,ml,0.5029,0.7573691939922823
ku,ml,0.63,0.7702539682539683
pms,ml,0.4,0.7000845851774645
ka,ml,0.5717,0.7658684925970143
eo,ml,0.5195,0.7516140059811189
ps,ml,0.25,0.6079422799422799
nn,ml,0.551,0.7669582877734581
arc,mr,0.21,0.3831904761904761
gu,mr,0.56,0.774749528249528
mt,mr,0.54,0.7811381951381953
zh-min-nan,mr,0.31,0.4172445887445887
xmf,mr,0.48,0.6527175602175602
cdo,mr,0.08,0.2480079365079365
min,mr,0.25,0.6157294372294372
ay,mr,0.39,0.4733333333333333
rw,mr,0.56,0.6864624819624819
gl,mr,0.5535,0.7865999390203878
be,mr,0.578,0.7923200593352296
en,mr,0.4015,0.7052873539901792
sw,mr,0.297,0.5766164502164502
pms,mr,0.38,0.6421238702817651
vi,mr,0.3772,0.706042905366907
vec,mr,0.46,0.7071299483110629
ext,mr,0.34,0.5063650793650794
ka,mr,0.5348,0.7581059451590721
so,mr,0.47,0.6822857142857144
ilo,mr,0.52,0.6694456654456655
map-bms,mr,0.36,0.5672380952380951
co,mr,0.49,0.6164285714285714
ml,mr,0.647,0.7968074492758703
bat-smg,mr,0.4,0.5978412698412698
diq,mr,0.44,0.5960829725829726
vep,mr,0.46,0.7101428571428572
ms,mr,0.381,0.7074387662389211
as,mr,0.59,0.7128814518814518
cv,mr,0.5,0.7439898434898434
or,mr,0.17,0.563015762015762
hu,mr,0.5519,0.7764291521318378
uz,mr,0.536,0.7592948218448219
scn,mr,0.48,0.6941349206349205
ce,mr,0.23,0.6529797979797979
wa,mr,0.31,0.4983109668109667
la,mr,0.42,0.7419927642618819
als,mr,0.45,0.6518571720676982
mwl,mr,0.33,0.6207806637806638
lt,mr,0.5772,0.7831659448996137
hy,mr,0.405,0.6589532356532356
ar,mr,0.5471,0.7490848658281862
el,mr,0.5788,0.7492418397108567
jv,mr,0.48,0.734416305916306
vo,mr,0.16,0.4310158730158731
lmo,mr,0.28,0.6037034387181446
ro,mr,0.4338,0.7659350908053075
ckb,mr,0.575,0.690056327006327
arz,mr,0.5,0.728492007992008
nov,mr,0.44,0.7441428016428019
pdc,mr,0.4,0.5795238095238094
fy,mr,0.536,0.7566084379328961
te,mr,0.56,0.7323493702204229
km,mr,0.23,0.4456031746031745
bn,mr,0.705,0.8008956312693155
rm,mr,0.58,0.7553940242763773
nn,mr,0.479,0.7304874868595457
ps,mr,0.41,0.6438427128427128
pa,mr,0.43,0.6673417693417696
ceb,mr,0.32,0.5363647463647464
ast,mr,0.486,0.784871977515089
br,mr,0.315,0.531528483118189
fa,mr,0.4043,0.7628432380201497
fiu-vro,mr,0.44,0.6307783882783883
lb,mr,0.544,0.7513819500760676
he,mr,0.4026,0.6920044932484096
zh,mr,0.2322,0.6151710552098401
tl,mr,0.448,0.687512620059679
csb,mr,0.41,0.6558001443001443
nds,mr,0.6,0.7991216561216562
fi,mr,0.5275,0.7674909240364038
mhr,mr,0.31,0.614523088023088
de,mr,0.4865,0.739670367022898
bs,mr,0.455,0.7295454104546985
sd,mr,0.35,0.681890331890332
oc,mr,0.55,0.7357215007215007
eu,mr,0.485,0.7355814189482688
am,mr,0.33,0.4692251082251082
li,mr,0.51,0.7401085581085581
sa,mr,0.42,0.6071031746031746
simple,mr,0.504,0.7826624087986318
sah,mr,0.54,0.7272810816634346
gd,mr,0.41,0.5732200577200577
sv,mr,0.4433,0.7456464809665738
su,mr,0.41,0.6627063492063492
lij,mr,0.29,0.4975871905871905
sk,mr,0.4875,0.7550694012042309
cs,mr,0.4877,0.7509136826305789
af,mr,0.534,0.7569469817076628
szl,mr,0.51,0.6415079365079365
hr,mr,0.4761,0.729616483525934
fo,mr,0.55,0.7300371850371851
zea,mr,0.4,0.6687222222222223
bar,mr,0.48,0.6437460317460316
tr,mr,0.5832,0.7923010284856182
ia,mr,0.4,0.6875308123249301
bh,mr,0.54,0.7159047619047619
ca,mr,0.5236,0.7698640676317147
pl,mr,0.4544,0.7338123644913738
az,mr,0.49,0.7489127261627262
no,mr,0.5007,0.7601441648684992
ja,mr,0.1168,0.5009094604002808
qu,mr,0.46,0.6473679653679654
hsb,mr,0.49,0.7064502164502164
sh,mr,0.6265,0.7673951361349349
si,mr,0.7,0.7646507936507938
sl,mr,0.5564,0.7647257439215411
th,mr,0.0001,0.1427494238621715
frr,mr,0.39,0.5737619047619048
eml,mr,0.37,0.5062863247863247
my,mr,0.28,0.6562611832611833
pt,mr,0.45,0.744150110448547
an,mr,0.557,0.8295444529155056
ig,mr,0.47,0.6287099567099567
ln,mr,0.45,0.5693362193362194
ga,mr,0.465,0.741783764103114
cy,mr,0.404,0.607989355089355
yo,mr,0.34,0.6044949494949494
mzn,mr,0.39,0.7364040404040405
os,mr,0.38,0.6470909090909092
uk,mr,0.44,0.7380782277096829
ta,mr,0.556,0.7604424996056576
kn,mr,0.61,0.7725555555555556
gn,mr,0.4,0.5804285714285714
ne,mr,0.65,0.8547951362363128
ru,mr,0.4012,0.6666550750127066
ug,mr,0.35,0.4825
sco,mr,0.5,0.7339711399711399
ba,mr,0.6,0.8036536796536796
kk,mr,0.498,0.7684517365675261
tk,mr,0.48,0.6201861471861472
mg,mr,0.46,0.6035714285714285
sr,mr,0.3905,0.6583676382862064
wuu,mr,0.2,0.5284285714285715
hak,mr,0.19,0.3096984126984127
mi,mr,0.33,0.5859047619047619
pnb,mr,0.61,0.7139004329004329
gan,mr,0.3,0.6157777777777776
ur,mr,0.566,0.7867215741774566
bo,mr,0.25,0.3106666666666666
ku,mr,0.57,0.758968253968254
fr,mr,0.4579,0.7502318366497625
ang,mr,0.42,0.6098924408924409
ksh,mr,0.43,0.6178766233766233
eo,mr,0.4886,0.7083269521465806
es,mr,0.4822,0.7668472515247051
bg,mr,0.5452,0.757243354222317
ky,mr,0.4,0.6774083694083696
sq,mr,0.585,0.7609288133435194
yi,mr,0.46,0.6483434343434342
be-x-old,mr,0.504,0.7193155760905761
nap,mr,0.52,0.655525641025641
cbk-zam,mr,0.21,0.5521596181596181
mr,mr,0.817,0.9023539701612456
zh-classical,mr,0.36,0.6503203463203462
id,mr,0.5399,0.7805983381522159
hi,mr,0.687,0.8231993720331957
lv,mr,0.5706,0.761548243202446
nl,mr,0.5017,0.7384661215581804
is,mr,0.538,0.7522425407925407
zh-yue,mr,0.343,0.6651268840593532
jbo,mr,0.29,0.3890238095238095
ko,mr,0.4638,0.6902606105126384
mk,mr,0.517,0.7516309650961355
mn,mr,0.53,0.7157091242091242
tg,mr,0.5,0.7379596808420338
tt,mr,0.622,0.8056789432789433
war,mr,0.43,0.6911421356421357
ace,mr,0.34,0.5590494505494505
io,mr,0.46,0.7117575757575757
dv,mr,0.33,0.572533189033189
crh,mr,0.49,0.6552142857142857
fur,mr,0.4,0.6259523809523809
da,mr,0.5293,0.7655308981240638
et,mr,0.544,0.7768626066176685
vls,mr,0.43,0.7257417027417027
it,mr,0.483,0.7562214735574023
ast,ms,0.576,0.7991052651682683
cdo,ms,0.23,0.3216478521478521
io,ms,0.5,0.6391803490627019
wuu,ms,0.33,0.5966666666666667
is,ms,0.62,0.793841403041403
ca,ms,0.6769,0.7921301469419813
hy,ms,0.479,0.6528211494216138
ru,ms,0.5704,0.7253800236966336
pl,ms,0.6127,0.7963236655131933
mhr,ms,0.53,0.6553708513708514
als,ms,0.36,0.6722356702465062
ur,ms,0.462,0.6676324564324564
nl,ms,0.6623,0.8108363993634504
nov,ms,0.6,0.7148005262711145
pms,ms,0.53,0.7397578824684088
lv,ms,0.5992,0.760150761117967
ceb,ms,0.55,0.6535288600288601
pnb,ms,0.64,0.7564542124542126
yi,ms,0.32,0.5644466089466088
fur,ms,0.48,0.6238864468864469
cv,ms,0.57,0.7404898434898436
mzn,ms,0.44,0.5878266178266177
arc,ms,0.16,0.2636666666666666
ga,ms,0.609,0.788024083888248
be,ms,0.645,0.7928733181679002
sd,ms,0.33,0.609034632034632
it,ms,0.6518,0.8189603323173216
gd,ms,0.45,0.5620238095238096
ml,ms,0.565,0.7162720695970695
en,ms,0.5708,0.7546021960418322
ko,ms,0.4078,0.6450248061793727
jbo,ms,0.45,0.5854242424242425
frr,ms,0.44,0.5561991341991342
tk,ms,0.49,0.6104047619047619
tr,ms,0.7117,0.8393778144713903
lb,ms,0.518,0.724620490929779
csb,ms,0.4,0.5937094017094017
mg,ms,0.49,0.6959047619047617
as,ms,0.33,0.4791507936507936
fr,ms,0.6482,0.8101993723588073
bh,ms,0.64,0.7484444444444445
pdc,ms,0.31,0.5261169108669109
kn,ms,0.59,0.7186623376623377
mt,ms,0.66,0.8023044733044733
pt,ms,0.7046,0.8289532285619438
rw,ms,0.53,0.6715548340548341
xmf,ms,0.41,0.5124891774891774
la,ms,0.632,0.7826231115118112
fi,ms,0.639,0.8124919067353354
gu,ms,0.55,0.7081111111111111
km,ms,0.33,0.5223809523809524
su,ms,0.51,0.7404529914529914
cs,ms,0.6082,0.7850400844657578
lmo,ms,0.37,0.6177721096413047
nap,ms,0.61,0.7050650183150183
zh-classical,ms,0.16,0.4225535853035853
br,ms,0.449,0.6181925859142577
hak,ms,0.27,0.3596984126984127
mr,ms,0.545,0.7118764097014098
mk,ms,0.58,0.7818636389668123
ar,ms,0.4449,0.6618982398312042
de,ms,0.5742,0.7699314325921756
or,ms,0.1,0.2779285714285714
ba,ms,0.53,0.742638528138528
sh,ms,0.7216,0.8182990809989804
bar,ms,0.7,0.7776529581529581
sw,ms,0.567,0.6531725336153354
li,ms,0.59,0.7582997198879552
el,ms,0.6601,0.786072470517099
ky,ms,0.48,0.6415079365079365
oc,ms,0.67,0.7329304029304029
pa,ms,0.49,0.6548206385118149
sa,ms,0.34,0.5247142857142857
eu,ms,0.524,0.7429937437528072
id,ms,0.6703,0.8795984897171973
mwl,ms,0.37,0.6206390831390831
vi,ms,0.5685,0.750939719123326
lij,ms,0.35,0.534014720573544
sq,ms,0.731,0.8298867643192721
ig,ms,0.47,0.6380749250749251
eml,ms,0.38,0.5040935175935176
ug,ms,0.31,0.3884285714285714
co,ms,0.55,0.6495093795093794
ksh,ms,0.31,0.5743376623376623
ilo,ms,0.66,0.7327661227661227
ang,ms,0.51,0.5981605937921727
tl,ms,0.674,0.751121300921301
ay,ms,0.65,0.6983253968253968
mn,ms,0.56,0.7085250305250306
ku,ms,0.64,0.7605238095238096
dv,ms,0.45,0.6310425685425686
bg,ms,0.6597,0.79313485654868
hsb,ms,0.51,0.6952076224429166
hi,ms,0.569,0.7216106254856255
fa,ms,0.4418,0.6812005715036598
bs,ms,0.562,0.7609861757437609
crh,ms,0.4,0.6043809523809525
eo,ms,0.5906,0.7175669838915814
cy,ms,0.51,0.6646618422684987
et,ms,0.6072,0.7969522101539671
be-x-old,ms,0.568,0.7103692327280562
yo,ms,0.36,0.6013477633477633
diq,ms,0.53,0.6790079365079364
gl,ms,0.7654,0.8553953384652843
lt,ms,0.6122,0.7774937037523879
tg,ms,0.53,0.7563323996265173
da,ms,0.6854,0.8312681431502795
ta,ms,0.458,0.656855486326539
bo,ms,0.3,0.3323333333333333
zh-min-nan,ms,0.42,0.5393452658452659
es,ms,0.7071,0.8332710103080614
fy,ms,0.597,0.7585346532724242
qu,ms,0.57,0.6465512265512265
sah,ms,0.44,0.615101343101343
zh,ms,0.248,0.5537708054767729
an,ms,0.739,0.8483258951574741
az,ms,0.541,0.735158489901911
nds,ms,0.52,0.7541202306465464
jv,ms,0.58,0.77604329004329
af,ms,0.581,0.7552984395463498
os,ms,0.44,0.6389920634920635
rm,ms,0.49,0.6827294143764733
sl,ms,0.6475,0.7803765981816602
uk,ms,0.6008,0.7875377281009325
vls,ms,0.56,0.7397029914529916
tt,ms,0.512,0.7188184493009571
sco,ms,0.67,0.7957030192030191
vep,ms,0.65,0.8281780554326993
ja,ms,0.1546,0.4989579187771292
vec,ms,0.55,0.660875901875902
bn,ms,0.625,0.7281922410922411
ce,ms,0.3,0.6218436008436009
uz,ms,0.695,0.7873652847152848
zea,ms,0.56,0.7144660894660895
mi,ms,0.3,0.6776166056166056
ro,ms,0.7324,0.8408916122345148
cbk-zam,ms,0.38,0.6701598956598955
szl,ms,0.51,0.625448051948052
th,ms,0.0466,0.2788191389424129
nn,ms,0.627,0.7878860905348521
bat-smg,ms,0.43,0.5664126984126985
ps,ms,0.47,0.6071890331890333
so,ms,0.58,0.6897619047619047
ne,ms,0.56,0.7935891885891886
no,ms,0.6501,0.8044024582933407
si,ms,0.5,0.6021904761904762
ace,ms,0.29,0.5505717893217893
ia,ms,0.4,0.6234882339882339
map-bms,ms,0.49,0.6368253968253967
arz,ms,0.49,0.6952667332667332
he,ms,0.453,0.6884578437274799
am,ms,0.39,0.5219047619047619
min,ms,0.29,0.5754802419802421
my,ms,0.4,0.7067799422799422
gan,ms,0.37,0.5631515151515152
ckb,ms,0.317,0.5667440115440116
fiu-vro,ms,0.44,0.6543500323206206
hu,ms,0.6447,0.8133013900478607
kk,ms,0.628,0.7776890775890776
ln,ms,0.37,0.5439373339079221
hr,ms,0.5666,0.7541858409486969
ext,ms,0.31,0.469995115995116
fo,ms,0.59,0.7381897546897547
ka,ms,0.5697,0.760477281828079
war,ms,0.54,0.6538369408369408
sr,ms,0.4446,0.6996375862226869
scn,ms,0.58,0.7478059163059163
zh-yue,ms,0.2626,0.5309582470178601
simple,ms,0.731,0.8612251788459219
sk,ms,0.6364,0.7948702042814427
ms,ms,0.885,0.941594363316422
gn,ms,0.46,0.6357496392496391
vo,ms,0.52,0.5695555555555556
sv,ms,0.6775,0.8525762060411209
wa,ms,0.4,0.5266472383825325
te,ms,0.537,0.6719269841269842
az,nl,0.633,0.7962770184493868
lb,nl,0.622,0.7814988965283083
bg,nl,0.6939,0.8151768723725535
fy,nl,0.741,0.839218985039728
xmf,nl,0.46,0.6227175602175601
bo,nl,0.32,0.3535238095238096
nap,nl,0.56,0.7055983558924735
bh,nl,0.56,0.673029748029748
gan,nl,0.36,0.6012222222222222
dv,nl,0.3,0.5007399267399267
tk,nl,0.57,0.6704047619047618
sv,nl,0.6963,0.8800502982328988
ms,nl,0.464,0.6035554727350393
co,nl,0.59,0.6774444444444444
simple,nl,0.712,0.8491842944637062
bat-smg,nl,0.41,0.5409761904761904
ace,nl,0.38,0.6057441724941725
mwl,nl,0.36,0.6236495726495727
ga,nl,0.666,0.8176227289222645
vls,nl,0.68,0.8115597735597736
bar,nl,0.62,0.772126984126984
eml,nl,0.43,0.5733661893661893
arc,nl,0.2,0.4087943722943723
ar,nl,0.6183,0.796000457824769
war,nl,0.56,0.6880738705738705
lmo,nl,0.4,0.7240868703020404
it,nl,0.7134,0.8548620961958578
wa,nl,0.42,0.5300546218487395
ln,nl,0.31,0.5062341482047364
ce,nl,0.25,0.6464082029082029
qu,nl,0.61,0.6902853535353536
rw,nl,0.61,0.7139797979797978
sr,nl,0.5851,0.7987368157014983
ksh,nl,0.4,0.6118095238095238
map-bms,nl,0.48,0.6187069597069597
hy,nl,0.452,0.6716452606045487
vep,nl,0.6,0.836598809687045
hr,nl,0.6625,0.8254096186261278
sa,nl,0.28,0.4879761904761904
ig,nl,0.44,0.5744585414585415
yo,nl,0.55,0.6362478632478632
nds,nl,0.59,0.8215805860805862
hak,nl,0.29,0.3542063492063492
be,nl,0.685,0.8267044680809387
gu,nl,0.41,0.664853084823673
zh-classical,nl,0.21,0.4228868583257128
cbk-zam,nl,0.4,0.6381163836163837
ia,nl,0.43,0.6785381295690894
ba,nl,0.55,0.7215303030303031
mt,nl,0.65,0.8315064935064934
ml,nl,0.617,0.7765614297295411
eo,nl,0.6365,0.7900313984605006
min,nl,0.26,0.5959498834498834
de,nl,0.6784,0.8193451293915921
ka,nl,0.6159,0.7987694844379907
ps,nl,0.41,0.6187059052059052
tt,nl,0.576,0.7719342759579602
mr,nl,0.564,0.7608357185298362
scn,nl,0.53,0.6989874014874015
th,nl,0.1204,0.3361373311698621
szl,nl,0.51,0.6128845598845599
ilo,nl,0.63,0.735557609057609
gn,nl,0.46,0.607059829059829
lij,nl,0.33,0.5651189366189365
vi,nl,0.5742,0.7641454916849576
zh-min-nan,nl,0.41,0.5035944055944056
zh,nl,0.286,0.6263544413962371
crh,nl,0.4,0.6153268398268398
be-x-old,nl,0.64,0.7684245977878331
kn,nl,0.56,0.7332178932178932
la,nl,0.655,0.8496924919851391
uk,nl,0.6676,0.8444207027320805
sw,nl,0.531,0.6511682428081035
bs,nl,0.613,0.8093810747474061
am,nl,0.35,0.5340757575757575
af,nl,0.693,0.82486061993562
ext,nl,0.36,0.5195620490620491
kk,nl,0.532,0.7668276057276057
ky,nl,0.36,0.5670238095238095
fiu-vro,nl,0.39,0.617371954842543
lt,nl,0.6935,0.8356302096630579
sl,nl,0.7512,0.8553413353382084
te,nl,0.5,0.678982314907315
pnb,nl,0.65,0.7212402597402597
fr,nl,0.7198,0.8332620765277036
bn,nl,0.641,0.7416927822177822
os,nl,0.4,0.6890274170274171
csb,nl,0.45,0.6596490176490177
als,nl,0.57,0.7807752554463082
gd,nl,0.51,0.585112554112554
jv,nl,0.58,0.7282539682539683
mzn,nl,0.43,0.7286830391830392
id,nl,0.4242,0.6435266395876226
wuu,nl,0.29,0.5486666666666666
lv,nl,0.6882,0.8230470694510168
ta,nl,0.498,0.6846076224257339
he,nl,0.4624,0.7249243632872115
yi,nl,0.43,0.6594415584415585
diq,nl,0.45,0.6406702741702742
mg,nl,0.35,0.672740981240981
hsb,nl,0.59,0.7539992784992785
no,nl,0.7517,0.8708846806951218
ko,nl,0.418,0.6631411861538874
jbo,nl,0.25,0.3449285714285714
gl,nl,0.7824,0.8748768189876859
mhr,nl,0.48,0.6441701631701632
ro,nl,0.6791,0.8389777329361386
km,nl,0.31,0.4910396825396825
el,nl,0.7221,0.8253099716975492
hi,nl,0.631,0.7640174187955147
or,nl,0.14,0.4602600732600732
zea,nl,0.54,0.7637994227994228
mi,nl,0.26,0.6132096792096792
si,nl,0.56,0.6679632034632035
es,nl,0.7337,0.8555453120623788
pa,nl,0.52,0.6602543859649123
an,nl,0.691,0.8393445120239238
oc,nl,0.64,0.7536580086580088
ru,nl,0.536,0.7222422338849661
my,nl,0.37,0.6877496392496393
ckb,nl,0.529,0.6950963813963814
is,nl,0.677,0.8332204852165378
pt,nl,0.7267,0.8402980821019366
li,nl,0.67,0.7827221112221113
sd,nl,0.3,0.6516500721500721
nov,nl,0.63,0.8716780996780997
tr,nl,0.7149,0.8430945189201923
vec,nl,0.63,0.7685823620823621
uz,nl,0.802,0.8698553918303918
hu,nl,0.7191,0.8583218851796637
nl,nl,0.8517,0.9222933773708232
ang,nl,0.45,0.5958452950558214
da,nl,0.7689,0.8772346334375978
sh,nl,0.4791,0.7632638081595048
sq,nl,0.724,0.8381343454361256
fi,nl,0.6918,0.8517590389014149
ur,nl,0.552,0.7599458551252669
et,nl,0.6795,0.8283154466886743
ne,nl,0.54,0.7945360004632449
sco,nl,0.6,0.7493815628815628
cy,nl,0.538,0.7174533177005314
ast,nl,0.744,0.8383196120271198
vo,nl,0.41,0.5557142857142857
io,nl,0.7,0.7887200316023845
br,nl,0.48,0.6300857689695926
mk,nl,0.624,0.788927359920781
sk,nl,0.7525,0.8695246677136073
en,nl,0.57,0.7734512630163094
eu,nl,0.575,0.7818313335537871
zh-yue,nl,0.2811,0.5424402367824813
pl,nl,0.7017,0.8479522730846726
sah,nl,0.57,0.733492007992008
cs,nl,0.7293,0.8558283303478427
ja,nl,0.1965,0.5470774681759589
fo,nl,0.67,0.7918369408369409
ay,nl,0.41,0.4696923076923077
rm,nl,0.48,0.6861608946608946
ceb,nl,0.6,0.6984625666730929
so,nl,0.62,0.7056666666666668
nn,nl,0.735,0.8614812108256381
fa,nl,0.4747,0.7822158880567317
pdc,nl,0.46,0.5938095238095239
tg,nl,0.66,0.8092655122655122
su,nl,0.45,0.6039249639249639
cdo,nl,0.27,0.3856224331224331
ku,nl,0.71,0.8079841269841271
ug,nl,0.34,0.4623793983793983
tl,nl,0.643,0.7408792789941396
mn,nl,0.64,0.7647587967587968
arz,nl,0.49,0.7125265845265845
cv,nl,0.55,0.774874236874237
pms,nl,0.51,0.7343553956363554
frr,nl,0.49,0.5753333333333334
as,nl,0.43,0.5738379690484954
ca,nl,0.7705,0.8725587091151025
fur,nl,0.48,0.6374426406926407
ga,nn,0.647,0.7919805552204933
nds,nn,0.65,0.8477813852813851
km,nn,0.34,0.4835714285714285
fo,nn,0.72,0.8463333333333334
ang,nn,0.54,0.6231487810435179
mwl,nn,0.39,0.630505994005994
sv,nn,0.738,0.8483729294922483
mzn,nn,0.39,0.6400173160173159
io,nn,0.75,0.8238730158730158
ro,nn,0.6713,0.8217166255235993
cdo,nn,0.31,0.4078138528138528
cbk-zam,nn,0.52,0.7185018592518592
jbo,nn,0.43,0.544
xmf,nn,0.55,0.7062209457209458
scn,nn,0.58,0.7353736263736264
yi,nn,0.45,0.6500894660894662
ur,nn,0.534,0.7377075956207535
zh-yue,nn,0.3168,0.6080503184354346
uz,nn,0.533,0.7004630621012973
os,nn,0.34,0.616563492063492
mi,nn,0.28,0.6033506493506493
oc,nn,0.71,0.7682435342435342
sa,nn,0.39,0.5156111111111111
ce,nn,0.26,0.6211839826839827
vo,nn,0.28,0.4
ky,nn,0.47,0.6548809523809525
qu,nn,0.6,0.6739350649350649
sr,nn,0.4108,0.675500122003899
pa,nn,0.43,0.5906123321123321
de,nn,0.6622,0.8076322138516798
eu,nn,0.5322,0.7659770857324649
csb,nn,0.41,0.6059458874458875
la,nn,0.626,0.7745262025556143
bo,nn,0.34,0.3718571428571428
sh,nn,0.4957,0.7384401108738183
ksh,nn,0.38,0.6249542124542125
als,nn,0.48,0.7341340455210424
lv,nn,0.6492,0.7748910672488846
tl,nn,0.633,0.7279588551970906
ace,nn,0.34,0.5662233044733044
tr,nn,0.7039,0.8357548348710113
diq,nn,0.5,0.6841666666666667
ext,nn,0.35,0.4998797313797314
ba,nn,0.57,0.7321493506493506
cy,nn,0.519,0.670590766895643
pdc,nn,0.4,0.5862142857142857
pms,nn,0.57,0.7227005772005772
uk,nn,0.5438,0.7498996366954338
gn,nn,0.57,0.6660201465201466
da,nn,0.7621,0.8707652446581625
et,nn,0.7106,0.8406270107850528
su,nn,0.43,0.6564285714285714
sl,nn,0.6918,0.8119505354002722
bar,nn,0.58,0.651952380952381
hak,nn,0.26,0.3236147186147186
el,nn,0.6882,0.790229498419537
lt,nn,0.7054,0.8440077503946002
ast,nn,0.728,0.8369039184499711
vls,nn,0.62,0.7937551892551892
tt,nn,0.69,0.7830103896103897
pl,nn,0.6787,0.8264156484176299
zea,nn,0.7,0.8104426406926407
ilo,nn,0.63,0.6824841269841271
is,nn,0.699,0.8314704906204906
it,nn,0.6845,0.8390826440690373
sco,nn,0.73,0.8423589743589743
bn,nn,0.56,0.6719410533910534
rm,nn,0.61,0.7728326118326119
lmo,nn,0.47,0.6794832944832945
es,nn,0.7152,0.8352346742163925
mr,nn,0.551,0.7374980574980575
nl,nn,0.6929,0.8233616366115825
eo,nn,0.5922,0.7338415801450012
he,nn,0.4456,0.7047944078848568
be-x-old,nn,0.632,0.7416994897517343
nap,nn,0.57,0.7347671038112216
zh,nn,0.3062,0.6214806850279064
hi,nn,0.63,0.7708410894660894
arc,nn,0.19,0.3097380952380952
so,nn,0.59,0.6712698412698412
hy,nn,0.424,0.583447282456106
frr,nn,0.52,0.5952142857142857
zh-classical,nn,0.18,0.5128218369178121
ta,nn,0.531,0.7136259041611983
kk,nn,0.589,0.7878491147741147
dv,nn,0.33,0.4570187590187591
bat-smg,nn,0.6,0.6958412698412698
ay,nn,0.44,0.4808424908424908
ca,nn,0.697,0.819259172818925
mhr,nn,0.6,0.6947983682983684
tk,nn,0.54,0.6673924963924963
pt,nn,0.6695,0.8095155474616542
ug,nn,0.28,0.3271587301587301
mk,nn,0.761,0.8495283987941883
hu,nn,0.6664,0.825708677494676
nov,nn,0.53,0.7527558669400776
pnb,nn,0.42,0.5166252081252081
arz,nn,0.5,0.6932142857142857
vi,nn,0.5061,0.7271496421045416
eml,nn,0.46,0.547079365079365
ar,nn,0.4342,0.6504375862690801
or,nn,0.12,0.3653094128094128
ig,nn,0.45,0.5667936507936508
sd,nn,0.4,0.6841379731379731
crh,nn,0.43,0.5899704184704184
sw,nn,0.522,0.6238828985428057
si,nn,0.51,0.5826825396825397
id,nn,0.4617,0.7426818558780401
kn,nn,0.54,0.7035238095238094
vep,nn,0.72,0.8744237264283704
af,nn,0.68,0.8112857954137366
lb,nn,0.649,0.8061523320848398
gan,nn,0.32,0.5543030303030302
mt,nn,0.57,0.7991529581529582
am,nn,0.31,0.4997142857142856
bg,nn,0.6584,0.7837741657628576
sq,nn,0.759,0.8540426752985577
szl,nn,0.54,0.6377388167388167
be,nn,0.67,0.7925830328168563
mn,nn,0.59,0.7774241314241316
fur,nn,0.56,0.6674285714285715
ml,nn,0.591,0.7531526522497111
ku,nn,0.7,0.7755238095238096
wuu,nn,0.29,0.522547619047619
ln,nn,0.42,0.5233730158730158
lij,nn,0.32,0.548077256077256
my,nn,0.39,0.656206238206238
as,nn,0.36,0.4862828312038838
gd,nn,0.47,0.5576810966810968
gu,nn,0.57,0.7807100122100122
vec,nn,0.59,0.7122099567099568
war,nn,0.57,0.6827387057387057
ps,nn,0.49,0.6226190476190476
fa,nn,0.4534,0.675364667024582
gl,nn,0.7913,0.8748551937201086
fiu-vro,nn,0.49,0.6524776334776334
jv,nn,0.6,0.7968513708513708
rw,nn,0.55,0.673484015984016
ckb,nn,0.326,0.5067829725829726
sah,nn,0.64,0.7696280386280385
ia,nn,0.47,0.662315777789462
tg,nn,0.66,0.79958658008658
th,nn,0.0697,0.2943555228466064
no,nn,0.7944,0.8934713663967612
co,nn,0.62,0.6841587301587302
az,nn,0.606,0.7795390859140859
zh-min-nan,nn,0.24,0.382034632034632
bs,nn,0.625,0.8075413269135405
wa,nn,0.44,0.5935912698412699
ko,nn,0.4419,0.654469995280777
sk,nn,0.7037,0.8291322921780662
hr,nn,0.6633,0.8082148392972697
ru,nn,0.5677,0.7128719714865458
cs,nn,0.6938,0.827445188483687
te,nn,0.507,0.6847807674351792
nn,nn,0.879,0.940297713664045
yo,nn,0.47,0.6052958152958153
hsb,nn,0.62,0.7523356643356642
simple,nn,0.652,0.8049847524680341
map-bms,nn,0.46,0.5808253968253969
min,nn,0.37,0.64039898989899
fy,nn,0.707,0.8255231729055258
an,nn,0.736,0.8496513127395481
cv,nn,0.61,0.7588571428571429
fr,nn,0.6756,0.8119429790239001
bh,nn,0.56,0.6741414141414142
mg,nn,0.4,0.6955151515151514
ne,nn,0.61,0.8125605680868838
ka,nn,0.6197,0.78368963425893
fi,nn,0.7053,0.8541377787932741
br,nn,0.518,0.65570649854961
li,nn,0.61,0.7375835830835831
en,nn,0.5041,0.7244839442231316
ceb,nn,0.52,0.6124498834498834
ja,nn,0.1632,0.4824048492700969
ms,nn,0.575,0.7065038838612367
id,no,0.516,0.772094986938586
ku,no,0.66,0.7615873015873015
sd,no,0.37,0.6902121212121212
ru,no,0.5817,0.7643079199429742
it,no,0.7189,0.8587102028011548
am,no,0.42,0.5652063492063492
jbo,no,0.43,0.5398571428571428
nl,no,0.747,0.8599293171852227
sv,no,0.751,0.8910024474819985
oc,no,0.73,0.7882062382062383
cbk-zam,no,0.38,0.6520948495948496
ang,no,0.53,0.6494290760838749
is,no,0.742,0.8522125939420057
ext,no,0.38,0.5015836385836385
tt,no,0.671,0.8117049082066884
mr,no,0.64,0.7957400462282814
pdc,no,0.47,0.5901277056277056
rm,no,0.52,0.6913388278388278
th,no,0.0765,0.2928616352455594
bo,no,0.34,0.3791904761904762
ga,no,0.669,0.8053507205642654
ko,no,0.5141,0.71996416831019
en,no,0.5396,0.7540803334084216
yi,no,0.49,0.6740021645021644
he,no,0.4996,0.7391356594068127
kk,no,0.616,0.8000768342768342
mhr,no,0.49,0.6535413475413476
qu,no,0.61,0.6852322775263953
wa,no,0.48,0.5862528011204482
be-x-old,no,0.648,0.7807047343179696
zea,no,0.63,0.7882554112554112
gu,no,0.58,0.7345354090354091
zh,no,0.2762,0.6323656565209816
eu,no,0.5588,0.7770588953710549
yo,no,0.34,0.5198063048063049
de,no,0.6798,0.8250219993216277
sah,no,0.53,0.7014725274725275
vo,no,0.53,0.55
ce,no,0.31,0.6877808302808301
fy,no,0.709,0.8183316389321033
ig,no,0.46,0.5648665223665224
mzn,no,0.51,0.7468051948051948
ml,no,0.627,0.7639085192585193
cy,no,0.524,0.7000972288031885
gl,no,0.8023,0.8853215074519563
ace,no,0.29,0.5236767676767676
io,no,0.73,0.7962844932844934
vep,no,0.61,0.8205845820845822
gan,no,0.53,0.7022051282051283
ca,no,0.7512,0.8513835192112669
als,no,0.44,0.7380838080048607
tk,no,0.55,0.6581277056277056
bh,no,0.63,0.7438787878787879
mg,no,0.35,0.66904329004329
lt,no,0.7135,0.8508621746476778
nap,no,0.49,0.6705802073743251
zh-min-nan,no,0.3,0.4826940836940837
zh-yue,no,0.2961,0.5935609460199244
ilo,no,0.59,0.7087335442335443
bg,no,0.6904,0.817026941953815
fa,no,0.448,0.7231120755414177
lmo,no,0.46,0.7000075436259646
tl,no,0.614,0.7273732417737061
sh,no,0.5545,0.7321867819710389
uk,no,0.6699,0.8354664197120389
ur,no,0.514,0.73612726815668
es,no,0.7393,0.8659925524269333
lij,no,0.39,0.5432045177045176
ia,no,0.45,0.6778007927744771
szl,no,0.55,0.647968253968254
ug,no,0.44,0.5376507936507937
xmf,no,0.54,0.7003802863802865
vec,no,0.61,0.7408600288600289
bar,no,0.7,0.8037799422799423
bn,no,0.65,0.7486671506597977
ba,no,0.65,0.7504401154401154
csb,no,0.44,0.6448996656937834
map-bms,no,0.48,0.5989682539682539
km,no,0.43,0.5594920634920634
ceb,no,0.56,0.6386980519480518
sl,no,0.7179,0.823301945660119
mt,no,0.63,0.8028672438672438
an,no,0.8,0.8608498919381272
frr,no,0.52,0.610904761904762
ro,no,0.6796,0.8391272550170848
sw,no,0.518,0.6520509078554744
pt,no,0.6961,0.8266798651554844
nov,no,0.64,0.8526062760768643
ka,no,0.6305,0.8093289997841856
sco,no,0.66,0.7964877344877346
as,no,0.53,0.6737755051965578
fo,no,0.74,0.8480915032679738
hi,no,0.652,0.783427618296736
pms,no,0.58,0.741316906347866
sa,no,0.42,0.5591666666666667
bs,no,0.619,0.80451298575006
min,no,0.3,0.6384920634920634
si,no,0.59,0.6769985569985569
sr,no,0.4508,0.695435864218341
pa,no,0.61,0.7213180708180709
crh,no,0.44,0.6209877344877345
or,no,0.23,0.4533014763014762
ksh,no,0.34,0.6042402140343316
diq,no,0.47,0.651280663780664
mwl,no,0.34,0.5748089133089134
wuu,no,0.47,0.6678888888888889
rw,no,0.57,0.6706638361638362
hak,no,0.36,0.4103055555555555
pnb,no,0.61,0.7107619047619046
kn,no,0.57,0.756920634920635
co,no,0.63,0.7071558441558443
be,no,0.704,0.8411877207587733
af,no,0.698,0.8264200812001895
fiu-vro,no,0.47,0.6726368076368078
uz,no,0.71,0.8191588633588633
vls,no,0.65,0.8015705960705961
sq,no,0.778,0.876022632269691
no,no,0.8569,0.9317887629029036
su,no,0.5,0.7000952380952381
zh-classical,no,0.18,0.5038649650143457
el,no,0.7552,0.8535952883373935
az,no,0.608,0.8068174307718425
lb,no,0.613,0.7882662394794747
hr,no,0.6943,0.8252992957240558
ay,no,0.41,0.4676373626373626
ms,no,0.672,0.7880160868371395
br,no,0.536,0.6752428299684491
ja,no,0.1791,0.5494553332469044
ar,no,0.5336,0.7390311085792433
ckb,no,0.512,0.660715356865357
gn,no,0.51,0.6341526251526252
pl,no,0.7108,0.8538284276464848
so,no,0.61,0.6998095238095239
my,no,0.48,0.7142190032190031
arz,no,0.57,0.7430799755799755
war,no,0.5,0.6699824619824619
fur,no,0.54,0.6524786324786325
lv,no,0.6636,0.8016331910229434
te,no,0.55,0.7055102397602397
os,no,0.43,0.6988095238095238
cdo,no,0.37,0.4614262012497305
jv,no,0.61,0.8083590265943208
fi,no,0.7318,0.8714976525186201
ne,no,0.52,0.7848689578395461
ky,no,0.47,0.6585
ast,no,0.768,0.8471624339712575
gd,no,0.53,0.6041601731601731
mk,no,0.709,0.8454468183862921
sk,no,0.7224,0.848153754600233
hu,no,0.7295,0.8651375303463307
tg,no,0.64,0.7864250488074017
et,no,0.7205,0.8537698846432203
li,no,0.55,0.7372962135903312
ps,no,0.46,0.6082704517704518
tr,no,0.7252,0.8430571851239576
hy,no,0.501,0.6420405456686417
ln,no,0.38,0.5489617539323421
hsb,no,0.6,0.7794723707664883
ta,no,0.566,0.7459915411385999
vi,no,0.5775,0.796198742571498
cs,no,0.7358,0.8620504253727009
nds,no,0.7,0.857955266955267
cv,no,0.59,0.7690879120879122
mi,no,0.33,0.6740394050394048
da,no,0.7902,0.8848877148805786
mn,no,0.58,0.7808375154257507
bat-smg,no,0.49,0.6353968253968254
eml,no,0.41,0.4939673202614379
la,no,0.697,0.8178654678654679
simple,no,0.71,0.8475497393559314
nn,no,0.802,0.8877207786709335
scn,no,0.62,0.7565177045177046
fr,no,0.7204,0.8491721317631454
arc,no,0.16,0.3199285714285714
dv,no,0.44,0.6092796092796092
eo,no,0.6674,0.778229795587969
he,pl,0.5304,0.7505241498405276
nap,pl,0.58,0.7134616315057493
os,pl,0.46,0.707397435897436
bn,pl,0.677,0.7647208088694931
lv,pl,0.687,0.8426708423026921
tl,pl,0.662,0.7628495210671681
vec,pl,0.68,0.7741659451659453
hsb,pl,0.63,0.7815249848191024
ace,pl,0.28,0.5352014652014652
kk,pl,0.65,0.8151057498057497
an,pl,0.771,0.8547246007518454
rm,pl,0.52,0.7143176823176824
bo,pl,0.23,0.3115238095238095
ia,pl,0.42,0.6559156778893622
nov,pl,0.62,0.8413520923520924
hu,pl,0.7283,0.8634989678974276
ca,pl,0.7833,0.8768366823656218
ja,pl,0.1717,0.5569087489823558
mi,pl,0.29,0.6319792429792429
oc,pl,0.69,0.744031746031746
so,pl,0.62,0.7000634920634922
hy,pl,0.622,0.7664360743229938
arz,pl,0.56,0.7618314463314462
ku,pl,0.7,0.7933845598845599
ta,pl,0.562,0.7662595221599865
ig,pl,0.51,0.6572246642246643
tt,pl,0.716,0.8328138636303497
csb,pl,0.53,0.7008993881935058
lmo,pl,0.42,0.7113202134123187
als,pl,0.32,0.694244854560644
yo,pl,0.33,0.4675280275280275
sco,pl,0.56,0.7471780996780997
wa,pl,0.44,0.5492609710550888
gd,pl,0.51,0.6076317016317017
zh-yue,pl,0.2655,0.5746453844538675
it,pl,0.7448,0.8642103487431042
vep,pl,0.6,0.775972667683194
fi,pl,0.728,0.8693373477932457
ka,pl,0.6747,0.8261523549008613
da,pl,0.7584,0.8730297961163364
bat-smg,pl,0.51,0.6442380952380953
si,pl,0.64,0.7580346320346321
frr,pl,0.48,0.6044126984126984
xmf,pl,0.49,0.6580824175824176
fy,pl,0.685,0.8098583648120026
la,pl,0.667,0.7678536205624441
lij,pl,0.36,0.5738349428349427
io,pl,0.68,0.8034603174603174
lb,pl,0.552,0.7454502708076238
ml,pl,0.662,0.7980684604868816
pdc,pl,0.35,0.526959706959707
ba,pl,0.59,0.7693876123876123
kn,pl,0.56,0.7110952380952381
ms,pl,0.733,0.8383267787767787
ext,pl,0.39,0.5464157509157509
zh-min-nan,pl,0.46,0.6595454545454545
ky,pl,0.4,0.6323809523809524
war,pl,0.59,0.7119285714285714
af,pl,0.634,0.7933133560797648
ceb,pl,0.57,0.6620784215784217
ckb,pl,0.607,0.7140324224794813
map-bms,pl,0.48,0.6022301587301587
en,pl,0.5463,0.7584985458753493
scn,pl,0.67,0.7652458652458652
ce,pl,0.29,0.6600813075813076
bg,pl,0.7383,0.8438709242657926
diq,pl,0.44,0.6459646464646466
sa,pl,0.31,0.5029206349206349
et,pl,0.6989,0.8448741860152231
sv,pl,0.6514,0.8610967576901941
or,pl,0.14,0.3796196581196581
ilo,pl,0.69,0.7677959001782532
zh-classical,pl,0.18,0.4740700167565492
am,pl,0.36,0.5296507936507936
ln,pl,0.38,0.540233426704015
bar,pl,0.63,0.7505915750915751
be-x-old,pl,0.708,0.8214485961407013
de,pl,0.6576,0.817888002254883
sq,pl,0.787,0.871672236346385
mg,pl,0.22,0.7457602397602396
nds,pl,0.5,0.7569805358040651
el,pl,0.7632,0.8505058450630895
pa,pl,0.58,0.7109270174270174
be,pl,0.728,0.8453760882907942
es,pl,0.7748,0.8771930471188599
zh,pl,0.2569,0.6126887064861523
mwl,pl,0.32,0.5856786269286269
ug,pl,0.5,0.6139641469641469
cv,pl,0.55,0.7752477522477522
ga,pl,0.62,0.7774127022444361
ay,pl,0.4,0.4562014652014651
ang,pl,0.49,0.5929694976506122
ps,pl,0.46,0.6240914085914085
tr,pl,0.7164,0.8387170706306079
pnb,pl,0.58,0.6750988455988457
th,pl,0.1398,0.3330791082051763
gn,pl,0.46,0.6442594627594628
fa,pl,0.5386,0.7928205430500013
te,pl,0.562,0.7273235848946377
mk,pl,0.697,0.8320473482657694
hi,pl,0.693,0.8150052226583187
jv,pl,0.63,0.8049563492063493
uk,pl,0.6338,0.8187886186972643
id,pl,0.6569,0.8463905684279601
bs,pl,0.624,0.8195775945502726
hak,pl,0.33,0.4267655122655122
fiu-vro,pl,0.47,0.6569957754663637
fo,pl,0.65,0.7926974789915966
sk,pl,0.7642,0.882276511521674
sah,pl,0.46,0.5891128783497205
nn,pl,0.709,0.8436242687051511
arc,pl,0.08,0.2102002997002997
ksh,pl,0.28,0.5181813284754461
hr,pl,0.7154,0.8509923655953611
ro,pl,0.6888,0.8336377060598501
nl,pl,0.756,0.8694271807879083
ur,pl,0.542,0.7299778404601934
yi,pl,0.47,0.7098665223665225
tk,pl,0.59,0.7266558441558442
as,pl,0.59,0.6825238095238094
mr,pl,0.612,0.7786273108642303
sr,pl,0.595,0.7979199563929362
pl,pl,0.826,0.9128270058287086
cy,pl,0.508,0.7150434610539099
is,pl,0.722,0.8451061115355233
eu,pl,0.6398,0.8140260767998772
cbk-zam,pl,0.34,0.6412716727716727
mn,pl,0.66,0.8046953046953048
mhr,pl,0.51,0.6395602730602731
ast,pl,0.644,0.8358123941418059
tg,pl,0.65,0.7977010864952041
mzn,pl,0.48,0.7577385947385946
eml,pl,0.42,0.5519988720429897
gl,pl,0.801,0.8814434955240836
sd,pl,0.39,0.7041600621600621
wuu,pl,0.28,0.5519126984126984
gu,pl,0.54,0.7505597735597734
su,pl,0.56,0.6895537795537795
qu,pl,0.63,0.7186739208503914
fr,pl,0.7362,0.8584587665499275
bh,pl,0.59,0.7209830447330446
dv,pl,0.48,0.6702403707403707
eo,pl,0.6993,0.805836990300721
vi,pl,0.5676,0.7899383767247544
ar,pl,0.5642,0.7515572247781459
lt,pl,0.7435,0.8619237167699861
sw,pl,0.533,0.6474933069854122
vo,pl,0.61,0.61
uz,pl,0.786,0.8665285280079397
no,pl,0.7429,0.873423250115038
sh,pl,0.5621,0.8062545383374795
sl,pl,0.7026,0.8156127458094021
ru,pl,0.6116,0.7655037767392567
mt,pl,0.7,0.82051665001665
my,pl,0.34,0.6737590187590188
min,pl,0.25,0.5926507381507381
jbo,pl,0.4,0.5077777777777777
simple,pl,0.721,0.8592543054468752
zea,pl,0.54,0.7444816849816851
cs,pl,0.7409,0.864993061874486
szl,pl,0.6,0.6851111111111112
crh,pl,0.41,0.6284751914751914
cdo,pl,0.31,0.3897423687423687
li,pl,0.59,0.7211260504201682
gan,pl,0.41,0.6245384615384615
km,pl,0.28,0.4943809523809523
ko,pl,0.4696,0.6965374479751415
rw,pl,0.6,0.6980967023172906
fur,pl,0.5,0.643386446886447
pt,pl,0.7563,0.8526472052955644
ne,pl,0.51,0.7739084475895622
pms,pl,0.57,0.7617808955750133
br,pl,0.479,0.6318782515901712
az,pl,0.645,0.8146430125430124
vls,pl,0.52,0.7388246198246198
co,pl,0.59,0.6782014652014654
ckb,pt,0.575,0.7061632922632923
rm,pt,0.47,0.6296174936174936
gl,pt,0.8136,0.8856224992852005
kn,pt,0.52,0.6875670995670995
uz,pt,0.796,0.8692287434787436
szl,pt,0.52,0.6252539682539683
ba,pt,0.49,0.7472676767676769
et,pt,0.6298,0.8066413540372596
la,pt,0.772,0.8543728068714911
lij,pt,0.29,0.4838393126481362
it,pt,0.7229,0.8592836568960794
sl,pt,0.6909,0.8115859250725196
vo,pt,0.61,0.61
nn,pt,0.652,0.809324298353865
zh-classical,pt,0.21,0.532168002620015
frr,pt,0.45,0.5425238095238095
mwl,pt,0.31,0.5567299302005184
hi,pt,0.647,0.7656879765659178
ps,pt,0.4,0.5826845931845931
fo,pt,0.62,0.7638115228424825
my,pt,0.35,0.6483369408369408
km,pt,0.32,0.4730233100233099
yi,pt,0.46,0.6749367854367856
ca,pt,0.8185,0.884424113140042
ksh,pt,0.35,0.5593104216045393
mzn,pt,0.47,0.7286782106782107
ig,pt,0.44,0.5759502164502165
scn,pt,0.66,0.7715613275613277
ext,pt,0.31,0.4358067488067488
eo,pt,0.699,0.8059226855007737
si,pt,0.59,0.6991060606060607
vls,pt,0.51,0.727398878898879
ar,pt,0.6806,0.8119526787746137
map-bms,pt,0.48,0.5869682539682539
pnb,pt,0.6,0.6910970695970695
te,pt,0.487,0.6552364450908568
he,pt,0.5181,0.7289734920334223
simple,pt,0.695,0.8359603351928429
nl,pt,0.7164,0.8389918942727379
sah,pt,0.56,0.7412920706744235
war,pt,0.57,0.6946428571428572
crh,pt,0.41,0.5875555555555555
ta,pt,0.508,0.6976134244668301
jbo,pt,0.38,0.4438571428571428
hy,pt,0.493,0.6914876458508811
sa,pt,0.42,0.5492380952380952
arc,pt,0.21,0.4066904761904761
zea,pt,0.53,0.698911643911644
el,pt,0.685,0.801128107362194
qu,pt,0.65,0.7113275156216333
rw,pt,0.59,0.650360410830999
li,pt,0.56,0.7186173924115101
ro,pt,0.7009,0.8375784034524127
eu,pt,0.4735,0.7320372102510492
an,pt,0.821,0.8820859493447729
cbk-zam,pt,0.28,0.5797231657231657
ia,pt,0.42,0.5916814960065734
cv,pt,0.61,0.7587783882783883
mn,pt,0.62,0.7603009408891762
fiu-vro,pt,0.38,0.5966429061134944
fr,pt,0.7603,0.8565750713390499
bo,pt,0.29,0.3375238095238095
bar,pt,0.58,0.6466269841269842
ml,pt,0.586,0.7281040260221375
mt,pt,0.65,0.8103362193362194
fa,pt,0.6706,0.8153160528790094
su,pt,0.41,0.6811818181818182
tr,pt,0.6957,0.8339313823740758
hu,pt,0.6634,0.8279025022526494
sw,pt,0.584,0.676899354120252
nap,pt,0.55,0.6986347916789092
da,pt,0.7206,0.8539287469410534
fi,pt,0.6388,0.8301289629170279
mr,pt,0.587,0.7437437771378947
csb,pt,0.4,0.6349186467127644
uk,pt,0.6667,0.83162588573707
jv,pt,0.62,0.802968253968254
gn,pt,0.47,0.6184325396825398
ms,pt,0.669,0.7789425569958077
nov,pt,0.56,0.7707488067488069
sk,pt,0.7269,0.8527926981566765
tl,pt,0.668,0.7518292323775296
lt,pt,0.6825,0.8302935043723046
ur,pt,0.537,0.7467516326810444
br,pt,0.48,0.6421277043046394
ce,pt,0.34,0.6737519702519702
min,pt,0.21,0.5836464646464645
no,pt,0.6952,0.839200438056096
oc,pt,0.74,0.7625714285714286
xmf,pt,0.37,0.5162712842712842
bn,pt,0.692,0.7717195857719852
be,pt,0.706,0.8302303986519157
eml,pt,0.38,0.4950687188628365
tt,pt,0.572,0.7758465118215118
pt,pt,0.8609,0.9188506134379896
mhr,pt,0.53,0.6195958485958486
sr,pt,0.6111,0.8112363378958503
sco,pt,0.6,0.7632092352092351
mg,pt,0.25,0.5605735930735931
hsb,pt,0.6,0.7646938159879336
pl,pt,0.6901,0.8381289800730745
ast,pt,0.764,0.8366498788792905
zh-min-nan,pt,0.45,0.5256591478696742
ko,pt,0.4518,0.6731878117728506
pms,pt,0.62,0.7900281385281385
sd,pt,0.34,0.6213023088023089
fy,pt,0.658,0.790149425737661
lb,pt,0.559,0.7273341704047587
as,pt,0.52,0.6413736263736263
dv,pt,0.39,0.5693391053391053
bs,pt,0.619,0.8152003730789333
pa,pt,0.57,0.6971901724006987
es,pt,0.8069,0.8879803341404038
os,pt,0.49,0.7363131313131314
cs,pt,0.6868,0.831326983413903
en,pt,0.559,0.7624942093578936
sq,pt,0.783,0.8664554476826922
als,pt,0.35,0.5891726881649483
wuu,pt,0.35,0.5912222222222222
hr,pt,0.6736,0.8192027557762154
ay,pt,0.41,0.4698308358308358
hak,pt,0.27,0.3279700854700854
ku,pt,0.66,0.7641111111111113
am,pt,0.4,0.5542337662337662
ln,pt,0.33,0.5075833545539428
vep,pt,0.61,0.8245508658008659
zh,pt,0.2669,0.6272466596020079
kk,pt,0.505,0.750341908091908
gan,pt,0.45,0.5738181818181818
ace,pt,0.28,0.5312687590187589
vi,pt,0.6152,0.8090335495275279
tk,pt,0.52,0.6192229437229437
lmo,pt,0.32,0.5948254435622856
ga,pt,0.615,0.7822098581672885
ja,pt,0.1709,0.5465680290753279
mi,pt,0.3,0.5838085248085249
arz,pt,0.56,0.7372055167055167
nds,pt,0.56,0.7574126722950253
ceb,pt,0.53,0.6599822691927956
de,pt,0.6107,0.7806731859025048
be-x-old,pt,0.621,0.7483525295481952
fur,pt,0.43,0.5478438228438229
or,pt,0.1,0.3570042180042179
bat-smg,pt,0.45,0.5572380952380951
th,pt,0.0402,0.3098722075035388
az,pt,0.58,0.7699694010238128
lv,pt,0.64,0.7840813215826141
cy,pt,0.446,0.6673507363036001
cdo,pt,0.26,0.3589523809523809
tg,pt,0.57,0.7710128205128206
sh,pt,0.4327,0.7141889564769596
co,pt,0.53,0.6143085248085247
ru,pt,0.6655,0.8052601395053176
io,pt,0.68,0.771809523809524
sv,pt,0.6355,0.810445247738158
bh,pt,0.58,0.6859241314241316
af,pt,0.591,0.7484078907418691
ug,pt,0.39,0.478978021978022
is,pt,0.66,0.8185881988926107
zh-yue,pt,0.2812,0.5874359633546709
gu,pt,0.48,0.6821001400560225
diq,pt,0.34,0.5712089022089022
ka,pt,0.62,0.8020871759801945
ang,pt,0.43,0.568588342514039
mk,pt,0.608,0.7611534020159408
id,pt,0.4527,0.8423265733045766
pdc,pt,0.38,0.540931845931846
ilo,pt,0.69,0.785566267066267
ky,pt,0.5,0.681995670995671
vec,pt,0.6,0.710952380952381
yo,pt,0.55,0.6736291486291486
ne,pt,0.62,0.8356075036075036
wa,pt,0.39,0.4982379623300676
gd,pt,0.51,0.6282987012987012
bg,pt,0.6948,0.8234207850921008
so,pt,0.56,0.6500781440781441
hsb,ro,0.62,0.7766738359679536
pl,ro,0.6687,0.8367411188931466
ru,ro,0.6189,0.7333802762562515
is,ro,0.687,0.8306397945192063
km,ro,0.36,0.5264285714285715
mwl,ro,0.44,0.6569468864468864
kn,ro,0.64,0.7659523809523808
fr,ro,0.7103,0.8519712481086166
my,ro,0.37,0.676613997113997
simple,ro,0.753,0.8738091188653108
ba,ro,0.6,0.7768205128205129
zea,ro,0.52,0.7264047619047619
pt,ro,0.7372,0.8481389080759282
szl,ro,0.55,0.6553448773448772
ceb,ro,0.56,0.6723181263181263
ms,ro,0.666,0.8367168030112302
mn,ro,0.64,0.7551990231990231
hy,ro,0.504,0.688292443014502
sh,ro,0.5018,0.8208154148139444
th,ro,0.1283,0.3292431327891235
sl,ro,0.7308,0.8343089099866422
zh-min-nan,ro,0.38,0.517984015984016
it,ro,0.6841,0.8455130372860713
lmo,ro,0.43,0.7029511367545421
bh,ro,0.59,0.6913982683982686
fur,ro,0.51,0.6540927960927962
pa,ro,0.61,0.7422276904382167
sw,ro,0.594,0.6746689001572903
hu,ro,0.6933,0.8498202218421415
cdo,ro,0.36,0.4478660946896241
eu,ro,0.5826,0.8081791895058845
mt,ro,0.51,0.7305945165945167
vls,ro,0.61,0.7885846930846931
gn,ro,0.52,0.6794386724386723
war,ro,0.63,0.7418431013431014
pms,ro,0.57,0.8038487345987346
fy,ro,0.691,0.8179071391800494
zh,ro,0.2636,0.6270127514332933
sd,ro,0.34,0.650963924963925
frr,ro,0.49,0.6181139971139971
eml,ro,0.44,0.5756397589338765
ku,ro,0.66,0.7955829725829726
sa,ro,0.38,0.5511991341991341
sk,ro,0.7299,0.8679046222482367
rw,ro,0.58,0.688781045751634
no,ro,0.6695,0.8278142563276076
sah,ro,0.53,0.6657899877899878
nap,ro,0.62,0.7343800186741363
ml,ro,0.667,0.7776767508119676
fa,ro,0.519,0.7654659859559085
crh,ro,0.45,0.6328210678210678
tg,ro,0.71,0.8208964379273976
gd,ro,0.55,0.6282077922077921
pdc,ro,0.39,0.561307387057387
af,ro,0.604,0.7898241985826351
map-bms,ro,0.51,0.6171330891330892
he,ro,0.4494,0.7022183385388262
ay,ro,0.42,0.4818095238095237
pnb,ro,0.6,0.6858333333333333
mk,ro,0.715,0.8208639684446961
scn,ro,0.56,0.7312654012654014
hi,ro,0.674,0.769622769000865
ang,ro,0.52,0.6379299183788347
li,ro,0.66,0.78218954248366
tk,ro,0.6,0.7050086580086581
fiu-vro,ro,0.48,0.6788280542986423
vi,ro,0.5455,0.7692447626135474
os,ro,0.47,0.7204992784992784
ug,ro,0.36,0.4694112554112554
lij,ro,0.27,0.5020140137640137
uk,ro,0.6318,0.8256356651131805
ln,ro,0.4,0.6013341593047474
sq,ro,0.746,0.8747119725475764
an,ro,0.742,0.8522019749857985
ne,ro,0.6,0.8223591554644187
wuu,ro,0.39,0.5802222222222222
hr,ro,0.64,0.8220098960516606
ast,ro,0.752,0.8358297548512719
fo,ro,0.65,0.7985636595946193
et,ro,0.6464,0.8126267410058121
ro,ro,0.8922,0.9446995308587182
de,ro,0.6245,0.7992361232197455
qu,ro,0.57,0.6640694126135303
nl,ro,0.7021,0.8463024484700027
bs,ro,0.608,0.8190746001160862
be-x-old,ro,0.678,0.7954143016512212
wa,ro,0.47,0.5760985697309227
bar,ro,0.72,0.7622936507936509
ur,ro,0.558,0.752945380058538
vo,ro,0.61,0.61
vep,ro,0.61,0.8018991384432561
hak,ro,0.3,0.3607460317460317
id,ro,0.4415,0.694870178955032
kk,ro,0.586,0.8109054112554113
sr,ro,0.5867,0.8040441780312911
eo,ro,0.6281,0.8015776774884902
sco,ro,0.68,0.7593936063936064
ky,ro,0.52,0.6924552669552669
oc,ro,0.73,0.8015768675768676
mr,ro,0.616,0.7614277167277168
mhr,ro,0.55,0.6526824841824842
cy,ro,0.489,0.6903062426565522
arc,ro,0.12,0.2877792207792208
sv,ro,0.6279,0.8515999687223682
gu,ro,0.55,0.7302011278195489
ka,ro,0.6358,0.8046370759976178
ilo,ro,0.69,0.7484688644688644
ia,ro,0.47,0.6589836187204609
en,ro,0.6181,0.7869176252703265
rm,ro,0.59,0.755952380952381
su,ro,0.48,0.7171067821067819
cs,ro,0.692,0.8486363610245964
te,ro,0.575,0.7067983989694515
ace,ro,0.33,0.5672389832389833
cv,ro,0.5,0.7332826062826063
gl,ro,0.7848,0.8714936022835095
da,ro,0.7207,0.8542386838376622
fi,ro,0.6652,0.83840102400953
mi,ro,0.35,0.634489121989122
diq,ro,0.46,0.6868059163059164
lv,ro,0.6417,0.7821628913020244
es,ro,0.7388,0.8637610818893867
si,ro,0.57,0.6701507936507936
la,ro,0.737,0.8141054982599101
lt,ro,0.6844,0.8319557893413776
tt,ro,0.52,0.7866572560824109
ksh,ro,0.36,0.5606361089890501
bg,ro,0.7174,0.8368334537796225
gan,ro,0.41,0.5327435897435897
ca,ro,0.7763,0.8580338213566618
jbo,ro,0.44,0.512060606060606
io,ro,0.63,0.7294603174603174
yi,ro,0.39,0.6737222222222222
yo,ro,0.57,0.6801066711066711
as,ro,0.51,0.6298577533577533
ext,ro,0.42,0.5590705405705405
nn,ro,0.676,0.8329807481562125
or,ro,0.17,0.4128840048840048
ps,ro,0.5,0.661001443001443
cbk-zam,ro,0.32,0.6905044955044956
vec,ro,0.62,0.7476507936507936
co,ro,0.55,0.6452407037407036
lb,ro,0.576,0.7646853083191318
tl,ro,0.756,0.8164972215950543
zh-classical,ro,0.15,0.4969079040154892
nov,ro,0.62,0.8544210701579122
csb,ro,0.46,0.6384746462687638
ar,ro,0.5647,0.7420254829896625
jv,ro,0.47,0.6944469696969696
zh-yue,ro,0.2875,0.5786725269355687
uz,ro,0.805,0.8824196636696637
am,ro,0.45,0.6132987012987013
als,ro,0.34,0.6931326768346894
dv,ro,0.46,0.6558145743145744
ga,ro,0.64,0.8133787056940308
tr,ro,0.7237,0.8499031721726845
mg,ro,0.49,0.735135531135531
bn,ro,0.7,0.7584090205460174
bo,ro,0.31,0.3456666666666666
xmf,ro,0.45,0.5973809523809523
el,ro,0.732,0.8376357921361403
bat-smg,ro,0.58,0.6964516594516594
ig,ro,0.44,0.5662031302031302
ta,ro,0.505,0.7142088434269549
ko,ro,0.4403,0.6724114351369305
ja,ro,0.1687,0.5416465506578045
mzn,ro,0.41,0.725802086802087
br,ro,0.492,0.6468862000142961
ckb,ro,0.584,0.7181796536796538
be,ro,0.721,0.8327390215649504
az,ro,0.651,0.8001426407957367
min,ro,0.24,0.5852604062604062
nds,ro,0.6,0.8193440448440448
so,ro,0.61,0.6791721611721612
ce,ro,0.29,0.6537534132534133
arz,ro,0.54,0.7609319569319569
eo,ru,0.574,0.7355203653802338
ln,ru,0.33,0.495397706868295
ta,ru,0.507,0.7123995004995005
ga,ru,0.552,0.6936899378227551
cbk-zam,ru,0.46,0.7031690531690533
cs,ru,0.6798,0.8201164272835867
szl,ru,0.58,0.6677734487734487
gn,ru,0.4,0.5471111111111111
ko,ru,0.4126,0.6363675883679444
de,ru,0.6084,0.7571509013509711
ckb,ru,0.602,0.6718616661116661
tk,ru,0.63,0.7008831168831168
am,ru,0.37,0.5370223665223666
br,ru,0.51,0.6404336404737334
nov,ru,0.55,0.7938729048729048
mr,ru,0.55,0.7183536198923196
vep,ru,0.53,0.6505913268018532
en,ru,0.4825,0.6767891212511259
hi,ru,0.602,0.7352304798143033
el,ru,0.747,0.8383481978771142
ky,ru,0.58,0.730375901875902
my,ru,0.29,0.645485236985237
yo,ru,0.36,0.4276623376623377
no,ru,0.6193,0.7632077683161351
mi,ru,0.31,0.6133861693861693
wa,ru,0.44,0.5796561683930105
fy,ru,0.651,0.7549697518683587
uk,ru,0.7537,0.8856402996599205
az,ru,0.597,0.7782906648906649
jbo,ru,0.41,0.4954059274059273
km,ru,0.35,0.5180714285714286
rm,ru,0.49,0.6535890775890776
cy,ru,0.571,0.7110272819629632
ka,ru,0.6711,0.8130135195162594
zh-classical,ru,0.16,0.4884682199465481
bat-smg,ru,0.52,0.6413405483405483
lmo,ru,0.42,0.7562627650127649
et,ru,0.6479,0.7951004571950238
mg,ru,0.32,0.6738545343545342
ang,ru,0.51,0.6176294166789522
bo,ru,0.24,0.3124999999999999
be-x-old,ru,0.753,0.8581824410281841
so,ru,0.58,0.6722857142857142
jv,ru,0.51,0.6492178932178931
fur,ru,0.44,0.5815994560994561
da,ru,0.7177,0.8295360156931132
ml,ru,0.588,0.7382040182040183
qu,ru,0.58,0.6906421911421909
ar,ru,0.5033,0.6737652351183389
sq,ru,0.65,0.7418152220328691
sd,ru,0.41,0.6970252525252525
rw,ru,0.53,0.6174043113748996
mt,ru,0.52,0.7261964701964704
pdc,ru,0.4,0.5226230158730159
ilo,ru,0.61,0.6844935342435343
it,ru,0.6201,0.7625908021098269
sh,ru,0.4294,0.6268757493693097
io,ru,0.71,0.7813912753912754
sr,ru,0.5639,0.7610888485302109
th,ru,0.0795,0.304130741741059
sco,ru,0.58,0.6828015873015874
nn,ru,0.689,0.8012810731751908
es,ru,0.5801,0.7028386797808315
ceb,ru,0.5,0.6003333333333333
gan,ru,0.31,0.5248888888888888
sw,ru,0.485,0.60410494264937
bar,ru,0.58,0.6489776334776335
as,ru,0.5,0.6391208791208791
fr,ru,0.6344,0.761551538510509
pms,ru,0.51,0.6737958152958153
ca,ru,0.6805,0.7602523717802665
scn,ru,0.56,0.6418759018759019
id,ru,0.3879,0.5927833793777602
wuu,ru,0.28,0.5509292929292929
sv,ru,0.6492,0.8246914892572167
te,ru,0.489,0.6819848236558763
ur,ru,0.503,0.606920225199637
zh-min-nan,ru,0.51,0.5734415584415584
arc,ru,0.03,0.1890873015873016
gl,ru,0.6354,0.7253368464507628
gu,ru,0.51,0.7197221112221114
vec,ru,0.58,0.6993672993672994
ne,ru,0.56,0.7495228134438661
ps,ru,0.51,0.6713827838827838
tt,ru,0.631,0.821458432846823
sah,ru,0.56,0.7307996915365337
diq,ru,0.42,0.6557056277056277
hr,ru,0.6576,0.8028196452678729
fi,ru,0.649,0.8159169467709793
ku,ru,0.64,0.7640750360750361
nl,ru,0.6633,0.7834684970627926
lt,ru,0.6808,0.817051077261232
af,ru,0.622,0.7728668897408061
bn,ru,0.649,0.6994631176872663
eu,ru,0.5186,0.7472132596875088
vls,ru,0.57,0.732090909090909
tr,ru,0.5941,0.7253638634568046
fo,ru,0.64,0.7996706349206348
pl,ru,0.6674,0.8097386924917188
su,ru,0.41,0.6101111111111112
pa,ru,0.54,0.64595226995227
uz,ru,0.714,0.7842000555000554
mn,ru,0.61,0.7497933177933178
li,ru,0.57,0.648698051948052
ast,ru,0.726,0.8140949444861985
pt,ru,0.586,0.7047249530070893
hak,ru,0.39,0.432
bg,ru,0.7476,0.8537477984098805
hu,ru,0.6501,0.7954071814898208
ba,ru,0.67,0.8078210678210678
ia,ru,0.43,0.6196230534171712
tg,ru,0.65,0.7982824865193286
als,ru,0.47,0.7329532163742691
sa,ru,0.24,0.4263888888888889
la,ru,0.683,0.7522380824885468
simple,ru,0.646,0.7649711938216581
gd,ru,0.57,0.6513613608613608
tl,ru,0.573,0.6599190964522234
bh,ru,0.58,0.6910187590187591
lb,ru,0.588,0.7514216886055122
zea,ru,0.44,0.6552748917748917
arz,ru,0.54,0.728034521034521
ms,ru,0.432,0.5910188202148728
sk,ru,0.6773,0.8006788061035971
ro,ru,0.5828,0.7215944228672945
kk,ru,0.452,0.7441847348557875
yi,ru,0.4,0.7371067821067822
war,ru,0.56,0.723024309024309
pnb,ru,0.38,0.4728431013431013
bs,ru,0.596,0.7739877590761491
min,ru,0.35,0.5588886113886113
nap,ru,0.46,0.6439499389499389
lij,ru,0.29,0.4727181429681429
mhr,ru,0.58,0.68256771006771
mk,ru,0.641,0.7841663124457242
mwl,ru,0.34,0.5963953823953824
he,ru,0.4681,0.6948147337612508
crh,ru,0.46,0.6052554112554113
lv,ru,0.5968,0.7409294744076014
oc,ru,0.58,0.6277917637917638
be,ru,0.74,0.8522904190580661
zh-yue,ru,0.283,0.5851013885907694
hy,ru,0.367,0.5839758027919792
cv,ru,0.6,0.8029269064269063
ru,ru,0.8476,0.9090316642739784
fiu-vro,ru,0.52,0.6979296194002076
nds,ru,0.6,0.7645471472971473
or,ru,0.26,0.4692300477300477
kn,ru,0.52,0.6441428571428571
an,ru,0.562,0.6265877530965767
ace,ru,0.36,0.5273615551115551
ja,ru,0.1445,0.502922681366621
os,ru,0.51,0.7812380952380954
vo,ru,0.55,0.5533333333333332
ce,ru,0.48,0.7208057498057499
cdo,ru,0.27,0.3392380952380952
map-bms,ru,0.41,0.5246428571428572
dv,ru,0.35,0.4969552669552669
sl,ru,0.6964,0.7939116845667233
csb,ru,0.48,0.6480536228477406
hsb,ru,0.66,0.7862911255411256
vi,ru,0.4149,0.6404691867094034
zh,ru,0.2436,0.5969882136001253
ig,ru,0.41,0.5654242424242425
si,ru,0.55,0.638987012987013
co,ru,0.57,0.6426324786324785
is,ru,0.648,0.78015337995338
ay,ru,0.26,0.2948498168498168
ug,ru,0.39,0.5223068598068598
mzn,ru,0.4,0.7038064158064158
ksh,ru,0.34,0.60871336996337
xmf,ru,0.51,0.6808185637891522
eml,ru,0.47,0.5946758339699517
fa,ru,0.4281,0.6748100072519501
frr,ru,0.51,0.590047619047619
ext,ru,0.51,0.6550988455988457
en,sh,0.4618,0.6788333808537523
hr,sh,0.5689,0.7593804039227027
fur,sh,0.38,0.5021583694083693
sco,sh,0.52,0.6478593073593072
simple,sh,0.515,0.7232050775162231
af,sh,0.461,0.6650657751776946
ku,sh,0.6,0.7356305916305916
co,sh,0.42,0.5014935064935065
ga,sh,0.484,0.6945947034132018
li,sh,0.54,0.6902148962148962
lt,sh,0.5503,0.714625506762759
scn,sh,0.59,0.7252691197691198
os,sh,0.47,0.6170988455988455
ig,sh,0.35,0.5313734043734044
als,sh,0.31,0.5499754894228578
min,sh,0.18,0.4136766566766566
vi,sh,0.4601,0.661024288697199
uz,sh,0.814,0.86210444000444
sl,sh,0.6109,0.7467732986140106
vo,sh,0.62,0.6285714285714286
am,sh,0.26,0.404066378066378
wa,sh,0.33,0.4392970624147094
km,sh,0.16,0.3988809523809524
tr,sh,0.5602,0.7437741641657276
mhr,sh,0.5,0.5896536796536797
yi,sh,0.34,0.6258226773226773
zea,sh,0.36,0.562498556998557
gan,sh,0.13,0.446079365079365
fy,sh,0.534,0.694032527989726
id,sh,0.4268,0.6280138593604537
fiu-vro,sh,0.33,0.5100457320457321
fa,sh,0.4664,0.6424163808370851
ug,sh,0.24,0.4043333333333332
ksh,sh,0.31,0.5124783549783549
lmo,sh,0.44,0.6555436212394418
ckb,sh,0.38,0.5613243145743146
cdo,sh,0.24,0.3538982683982684
qu,sh,0.42,0.4774425574425573
cy,sh,0.491,0.6765017188693659
ro,sh,0.5869,0.7149995313664663
szl,sh,0.35,0.4913015873015872
te,sh,0.432,0.6249152155034507
ru,sh,0.5047,0.653557213180696
hsb,sh,0.58,0.7094237429237428
diq,sh,0.46,0.6191269841269842
sv,sh,0.5258,0.7417051094528108
ta,sh,0.418,0.6600472138972139
crh,sh,0.3,0.4559443889443889
fr,sh,0.5357,0.7066113187818374
nds,sh,0.53,0.7046203796203798
ext,sh,0.32,0.4664458874458875
ang,sh,0.38,0.5216529581529581
nap,sh,0.5,0.6410515873015874
lb,sh,0.473,0.6752331531213884
es,sh,0.5497,0.6904235265216379
cv,sh,0.51,0.6541300366300367
hu,sh,0.5194,0.7329126620515708
it,sh,0.5186,0.7152610238359852
sr,sh,0.6262,0.8231237781499545
rw,sh,0.43,0.5318369963369963
eo,sh,0.5767,0.7016862301097595
lij,sh,0.28,0.4845909923409923
sh,sh,0.9118,0.9424158817841944
zh-yue,sh,0.2347,0.5185370472613042
frr,sh,0.41,0.5596284271284271
ay,sh,0.59,0.6077142857142858
sa,sh,0.26,0.4562063492063492
or,sh,0.28,0.5726232656232656
th,sh,0.0157,0.2533607639642778
vep,sh,0.55,0.6753619909502262
wuu,sh,0.19,0.4652222222222222
eml,sh,0.3,0.4660057165057164
zh-min-nan,sh,0.48,0.5570851370851371
bn,sh,0.573,0.6562794359235536
da,sh,0.5132,0.723465179737703
dv,sh,0.24,0.4466378066378066
ps,sh,0.3,0.5160670995670995
csb,sh,0.52,0.6634401154401155
pdc,sh,0.3,0.4796166056166056
vls,sh,0.43,0.6459585414585414
gu,sh,0.49,0.7158646353646355
ce,sh,0.38,0.6783991563991566
ky,sh,0.39,0.5329362304362304
mr,sh,0.501,0.6857558461146696
bar,sh,0.64,0.744047619047619
no,sh,0.5009,0.7067171215781124
de,sh,0.4617,0.6855029953594736
nov,sh,0.34,0.5741633279001699
tl,sh,0.64,0.6889683266338066
jv,sh,0.45,0.6139404761904763
ast,sh,0.541,0.6978747742453625
lv,sh,0.523,0.6923802419768055
ne,sh,0.57,0.7983368722780487
el,sh,0.5797,0.750100775545404
pt,sh,0.5714,0.7032056560467397
bs,sh,0.561,0.7597031006575123
mk,sh,0.564,0.7464408927244067
so,sh,0.37,0.5313809523809525
he,sh,0.3578,0.6148676404727025
cs,sh,0.5153,0.7348500281572573
oc,sh,0.51,0.5982581862581863
et,sh,0.4967,0.6953376210820483
ko,sh,0.3275,0.5587578682901206
gl,sh,0.556,0.690141371621155
bat-smg,sh,0.5,0.6228412698412699
pa,sh,0.37,0.5350756465756465
ace,sh,0.17,0.4710512265512265
tk,sh,0.41,0.521531746031746
ar,sh,0.4416,0.645152509689313
mn,sh,0.51,0.6418266178266179
sd,sh,0.26,0.566466810966811
la,sh,0.522,0.642824455592567
nn,sh,0.487,0.6979715661617364
ca,sh,0.5687,0.6922613312745046
hy,sh,0.468,0.6479136431851602
mi,sh,0.27,0.4989495798319328
tt,sh,0.528,0.7707681899799547
mwl,sh,0.3,0.5066858696858697
bo,sh,0.05,0.1631666666666666
si,sh,0.57,0.6658809523809524
ilo,sh,0.61,0.6671504329004329
br,sh,0.408,0.5727350500376818
mt,sh,0.47,0.6602099567099567
mg,sh,0.55,0.6827777777777776
ja,sh,0.1094,0.455384822667013
pnb,sh,0.44,0.538432178932179
su,sh,0.39,0.555984126984127
be-x-old,sh,0.531,0.6693291101055806
zh-classical,sh,0.14,0.417959971229321
hak,sh,0.25,0.392563492063492
io,sh,0.63,0.7712861876685406
bh,sh,0.42,0.5737619047619047
pl,sh,0.5274,0.747527653377754
arz,sh,0.49,0.7148184593184594
arc,sh,0.02,0.2222142857142857
pms,sh,0.49,0.6630432900432901
sah,sh,0.41,0.5406032594856124
map-bms,sh,0.41,0.5909531024531024
gn,sh,0.36,0.4768427128427128
hi,sh,0.541,0.6829284225578343
ia,sh,0.35,0.558551249919671
ka,sh,0.4985,0.6891258525908217
fo,sh,0.51,0.6708419533682692
is,sh,0.525,0.7247353008103008
bg,sh,0.5553,0.7188783237179057
sk,sh,0.6086,0.7760979665097544
mzn,sh,0.33,0.6022587967587968
ln,sh,0.35,0.5164061771561772
rm,sh,0.5,0.662859505991085
be,sh,0.61,0.7493938338063725
my,sh,0.14,0.5188635253635253
ba,sh,0.51,0.6698210678210679
sq,sh,0.575,0.6842693345869816
zh,sh,0.2057,0.5205095914276642
ml,sh,0.532,0.7088696117607882
nl,sh,0.5441,0.7311650173854354
fi,sh,0.5028,0.718287892523713
jbo,sh,0.35,0.4698441558441558
as,sh,0.47,0.6167902097902097
ur,sh,0.526,0.6545748834498835
tg,sh,0.51,0.7013845598845598
xmf,sh,0.5,0.6545811965811964
sw,sh,0.512,0.618215383309501
az,sh,0.493,0.6979287400164335
ms,sh,0.506,0.6076512247985931
yo,sh,0.42,0.5060711510711511
gd,sh,0.41,0.5496266233766234
an,sh,0.614,0.6989073242117361
kn,sh,0.49,0.6521772769713945
war,sh,0.62,0.6891282051282052
eu,sh,0.4724,0.6986810308490958
cbk-zam,sh,0.34,0.5557157842157843
vec,sh,0.47,0.674521645021645
uk,sh,0.4778,0.6585310798283245
kk,sh,0.516,0.7186693300163888
ceb,sh,0.48,0.6469382196750618
gan,sk,0.27,0.5768717948717947
pl,sk,0.7103,0.8527148588545955
tr,sk,0.6847,0.8226463974364129
vep,sk,0.54,0.7777735612340875
vls,sk,0.55,0.7604082584082584
ga,sk,0.676,0.8202746500231795
gn,sk,0.51,0.6621428571428573
an,sk,0.654,0.7784258873737201
eo,sk,0.6285,0.8055577844455167
ru,sk,0.6432,0.7860531378124799
sd,sk,0.36,0.6770851370851371
co,sk,0.58,0.6327432012432012
simple,sk,0.702,0.8399492688340213
lb,sk,0.619,0.7950996542501186
bat-smg,sk,0.56,0.7257186147186147
ay,sk,0.66,0.6907142857142855
pt,sk,0.6851,0.8249443139153587
mt,sk,0.52,0.7429343989343988
mhr,sk,0.65,0.7352158952158951
or,sk,0.14,0.4460389887889887
hi,sk,0.677,0.8024318555283726
oc,sk,0.6,0.7162971472971473
vo,sk,0.59,0.5983333333333333
kn,sk,0.61,0.749047619047619
nds,sk,0.6,0.7870752858252859
pdc,sk,0.41,0.5749068986568987
ba,sk,0.63,0.8287922077922077
sv,sk,0.6611,0.8776400773907895
map-bms,sk,0.48,0.598462370962371
tt,sk,0.652,0.8428838205568081
cbk-zam,sk,0.38,0.6983364135864137
no,sk,0.6867,0.8430931894988396
szl,sk,0.58,0.6867691197691198
te,sk,0.548,0.731559429622665
mn,sk,0.54,0.7311744399391458
rw,sk,0.64,0.7488207282913164
ps,sk,0.5,0.6845745920745919
hy,sk,0.367,0.5777316046526573
sah,sk,0.52,0.6218058608058608
nl,sk,0.7119,0.8447700966216447
ace,sk,0.28,0.5326053391053391
nap,sk,0.55,0.7447361994730416
arz,sk,0.51,0.7685162615162615
cdo,sk,0.32,0.4200444326914915
ro,sk,0.6965,0.8504731272485684
mi,sk,0.29,0.6271004551004551
ko,sk,0.4338,0.6708882103611903
so,sk,0.55,0.6462515262515263
vec,sk,0.63,0.7689163059163059
xmf,sk,0.59,0.7554652014652015
ka,sk,0.6305,0.8061594231886106
os,sk,0.39,0.7140194805194804
en,sk,0.4844,0.7061159199520809
jv,sk,0.57,0.7542133160956691
ext,sk,0.44,0.599987012987013
pms,sk,0.51,0.7781717269658447
ms,sk,0.49,0.6640825163398693
ne,sk,0.55,0.7878955722639932
am,sk,0.4,0.5178490953490954
fiu-vro,sk,0.43,0.6554564748976514
fr,sk,0.6833,0.8368351416789265
zh,sk,0.2817,0.6228710755730338
ang,sk,0.53,0.6514132389798025
cs,sk,0.7645,0.8758645327900515
ig,sk,0.5,0.6492182539682539
be-x-old,sk,0.677,0.7969299048646572
als,sk,0.53,0.7780416803698538
es,sk,0.644,0.8079577261120373
bh,sk,0.61,0.7281803751803752
ar,sk,0.496,0.7182814215187977
ta,sk,0.49,0.7178813410445763
az,sk,0.617,0.7924307239629995
br,sk,0.494,0.6467956802055873
it,sk,0.6798,0.8360228312356718
kk,sk,0.468,0.7633114397040868
fi,sk,0.667,0.832819372895766
yi,sk,0.45,0.7066117216117216
da,sk,0.7473,0.8653625230651701
uk,sk,0.6833,0.82624985881078
arc,sk,0.02,0.290561383061383
zh-classical,sk,0.21,0.4403115577233224
sq,sk,0.728,0.8568344197941721
ce,sk,0.36,0.692973581973582
ku,sk,0.64,0.7495064935064935
su,sk,0.43,0.5968272283272283
wuu,sk,0.24,0.5374848484848485
mwl,sk,0.33,0.6390518370518371
el,sk,0.6877,0.8141931435437627
mzn,sk,0.42,0.7179089799089798
bo,sk,0.21,0.3176666666666666
sa,sk,0.27,0.4407063492063491
et,sk,0.708,0.8498440880610618
eu,sk,0.5395,0.7992213147413302
km,sk,0.3,0.5378571428571428
bar,sk,0.68,0.7801031746031746
gl,sk,0.7497,0.8533372375577639
fo,sk,0.66,0.7947355889724309
lv,sk,0.6811,0.8196895101776448
scn,sk,0.58,0.7495133755133756
min,sk,0.28,0.5679884559884559
li,sk,0.61,0.7480019892388314
mk,sk,0.597,0.7517212956805835
ug,sk,0.45,0.5916947496947497
fa,sk,0.4991,0.7637501351065515
ckb,sk,0.504,0.694326984453455
crh,sk,0.44,0.6413013098013098
pnb,sk,0.54,0.6117099567099568
ln,sk,0.39,0.6050955939485351
diq,sk,0.41,0.683557387057387
eml,sk,0.37,0.5195357610226031
hu,sk,0.7021,0.8476872079451335
ilo,sk,0.66,0.771387334887335
ca,sk,0.7138,0.8210627572298703
ur,sk,0.538,0.68972212794945
zea,sk,0.53,0.746948051948052
vi,sk,0.5764,0.7495802622953243
de,sk,0.6515,0.8134520524994441
nov,sk,0.68,0.8924874306979571
ast,sk,0.641,0.8435742705007411
bs,sk,0.678,0.8502594620291989
lt,sk,0.7089,0.8319199236315798
mr,sk,0.587,0.7835338656097944
tl,sk,0.658,0.7621515742083854
rm,sk,0.58,0.769504329004329
si,sk,0.69,0.8028253968253969
tk,sk,0.58,0.6857164502164502
is,sk,0.693,0.8408801697700305
sh,sk,0.5261,0.7817638450275215
sw,sk,0.544,0.6624948684700233
fur,sk,0.5,0.6697997557997559
jbo,sk,0.53,0.6463333333333334
frr,sk,0.52,0.6398888888888888
th,sk,0.1604,0.3392408897105646
uz,sk,0.761,0.8543093573093572
ksh,sk,0.39,0.6415982263350685
csb,sk,0.44,0.6780024332392754
he,sk,0.4731,0.7143294915679436
zh-min-nan,sk,0.54,0.6977343767343769
ky,sk,0.48,0.646987012987013
tg,sk,0.7,0.8051101423516284
cy,sk,0.6,0.7596189460694104
sl,sk,0.7043,0.8208424743995254
lmo,sk,0.48,0.8028104887888169
pa,sk,0.48,0.7000123308064485
hsb,sk,0.71,0.8572853725222147
cv,sk,0.6,0.7924919524919527
lij,sk,0.35,0.5861785991785992
la,sk,0.632,0.7169202335246453
sk,sk,0.8705,0.9366572158757996
war,sk,0.55,0.7118205960705961
yo,sk,0.39,0.4682731435231435
ia,sk,0.43,0.6434362402303581
io,sk,0.68,0.7568400488400487
bg,sk,0.7148,0.8346983001209317
gu,sk,0.53,0.7505482295482295
sco,sk,0.57,0.7156861471861472
mg,sk,0.33,0.7504269064269063
nn,sk,0.722,0.8536641663376183
bn,sk,0.646,0.745565786586994
gd,sk,0.56,0.6464155844155843
my,sk,0.26,0.6402752802752802
fy,sk,0.682,0.8077182710736116
as,sk,0.55,0.6652524142524143
sr,sk,0.5306,0.7588159062574852
wa,sk,0.47,0.5914080298786182
hr,sk,0.7009,0.8452558832541727
be,sk,0.714,0.829288001223063
hak,sk,0.36,0.4396880341880341
qu,sk,0.59,0.6910162527530948
af,sk,0.611,0.7952176303314847
ceb,sk,0.59,0.7110562770562772
ja,sk,0.209,0.5324872082492671
dv,sk,0.31,0.5006955266955267
ml,sk,0.595,0.7655928453899041
zh-yue,sk,0.3037,0.584671863193566
id,sk,0.4128,0.6541232514183443
nds,sl,0.57,0.7856305655129185
dv,sl,0.4,0.6116129426129426
ast,sl,0.624,0.8223230780055858
da,sl,0.7108,0.8494853274632144
ar,sl,0.5485,0.744235472348429
et,sl,0.5791,0.7983498206824136
kk,sl,0.434,0.7331719946719947
mzn,sl,0.45,0.6863028083028084
mn,sl,0.63,0.7933105607842451
diq,sl,0.47,0.6965945165945164
fa,sl,0.5416,0.7571854628816316
gd,sl,0.53,0.5973015873015872
sl,sl,0.8662,0.9351202393272362
km,sl,0.29,0.4723785103785103
bo,sl,0.32,0.3591904761904761
tr,sl,0.6918,0.833709809662302
zh,sl,0.2756,0.6121845609937019
crh,sl,0.46,0.6444458874458874
ko,sl,0.3992,0.6475999614996286
ne,sl,0.57,0.8139775955039112
sr,sl,0.4419,0.700534012124786
als,sl,0.59,0.7816342940685047
bar,sl,0.7,0.78005772005772
vi,sl,0.5968,0.7931252009746359
ru,sl,0.6545,0.7796921250928295
ur,sl,0.533,0.7279898307574779
is,sl,0.653,0.8213248112998113
mt,sl,0.62,0.7795238095238096
ext,sl,0.42,0.5732460317460317
pnb,sl,0.58,0.6513744588744589
rm,sl,0.56,0.7494718353541883
th,sl,0.0422,0.267593056687035
no,sl,0.6939,0.8417450274381622
arc,sl,0.12,0.2624047619047618
zea,sl,0.48,0.707071679954033
hy,sl,0.536,0.6980356431150548
ja,sl,0.1607,0.4988515545436676
xmf,sl,0.48,0.6454523809523809
csb,sl,0.48,0.6726672771672771
ia,sl,0.35,0.6263447108447109
si,sl,0.58,0.685864357864358
vo,sl,0.36,0.4416666666666666
sh,sl,0.7668,0.8412256081379921
ps,sl,0.41,0.6189816294816295
it,sl,0.6702,0.8335571070819445
ml,sl,0.581,0.7463790036760625
be-x-old,sl,0.618,0.7514591558596202
ka,sl,0.6022,0.7923178023283907
mg,sl,0.5,0.73955772005772
kn,sl,0.55,0.7065988455988456
lij,sl,0.36,0.5869283771783771
my,sl,0.24,0.6327231102231101
sq,sl,0.77,0.8610090198415276
en,sl,0.56,0.7495317654670751
vep,sl,0.65,0.8298439436380614
nn,sl,0.664,0.8153402913477992
vec,sl,0.58,0.724102453102453
tt,sl,0.585,0.7685092010930246
gn,sl,0.54,0.6716050061050061
sv,sl,0.7055,0.8697029106102017
eo,sl,0.642,0.7775172904683896
ro,sl,0.7521,0.8678536732849194
es,sl,0.7193,0.8412264649153736
mr,sl,0.566,0.7369478319066555
id,sl,0.4386,0.692325028463109
ku,sl,0.64,0.7813088023088024
pa,sl,0.53,0.7128340577551104
bg,sl,0.6845,0.8146425118191062
tl,sl,0.697,0.7557878901799956
os,sl,0.57,0.7017777777777777
gu,sl,0.48,0.6976929181929181
ba,sl,0.51,0.7739034854034854
fiu-vro,sl,0.46,0.6856406926406926
hu,sl,0.669,0.8343523187751362
eml,sl,0.39,0.5368686868686868
cy,sl,0.501,0.6587382850207928
io,sl,0.73,0.7863101343101343
tg,sl,0.67,0.8104074357015534
ug,sl,0.36,0.4683174603174603
arz,sl,0.53,0.770588245088245
scn,sl,0.56,0.7523174603174603
co,sl,0.6,0.6717912087912089
zh-classical,sl,0.27,0.5688726863092188
cv,sl,0.58,0.7734044386985564
sco,sl,0.65,0.7675006105006106
an,sl,0.758,0.8424772100448571
hi,sl,0.611,0.7395409970748206
ky,sl,0.5,0.6551269841269841
hak,sl,0.29,0.3518571428571428
ace,sl,0.29,0.551329365079365
ig,sl,0.46,0.5932637362637362
az,sl,0.597,0.7805263163307281
mi,sl,0.32,0.6536483516483516
mwl,sl,0.4,0.6505421800421801
tk,sl,0.57,0.670344155844156
te,sl,0.491,0.6626255301715828
nov,sl,0.65,0.866861471861472
el,sl,0.7134,0.830327856089559
min,sl,0.35,0.6490293040293039
pdc,sl,0.37,0.5771309523809525
cbk-zam,sl,0.4,0.6646663891663891
fy,sl,0.702,0.8117731568912684
ilo,sl,0.59,0.6630432900432901
sk,sl,0.7025,0.8411714788840331
ta,sl,0.452,0.6860595739228093
so,sl,0.52,0.6644102564102563
la,sl,0.677,0.7724156901148388
jv,sl,0.53,0.7617734487734488
fr,sl,0.6918,0.8267304180734988
ksh,sl,0.4,0.5895191475191475
oc,sl,0.58,0.6889126984126984
cdo,sl,0.33,0.4342362637362638
map-bms,sl,0.46,0.5905714285714285
bn,sl,0.687,0.7781933791354843
jbo,sl,0.44,0.56
fi,sl,0.6355,0.828347520845168
sw,sl,0.585,0.6864638364903072
szl,sl,0.55,0.6652539682539682
eu,sl,0.481,0.7461957249398349
nl,sl,0.6782,0.8259692902195844
mk,sl,0.623,0.784464039830139
nap,sl,0.56,0.6859285714285716
zh-min-nan,sl,0.39,0.554533162743689
simple,sl,0.671,0.8301167404405021
pms,sl,0.52,0.7586278443778444
am,sl,0.26,0.5143469308469308
lb,sl,0.564,0.7600775827114062
or,sl,0.12,0.3420786435786436
ang,sl,0.52,0.6501685187877139
sd,sl,0.3,0.5968638028638028
fo,sl,0.68,0.8040952380952381
ckb,sl,0.506,0.7006961760461761
pt,sl,0.6795,0.8203070101192237
be,sl,0.719,0.8389097395552504
ceb,sl,0.56,0.6705209235209236
uz,sl,0.603,0.7417779333411686
fur,sl,0.54,0.6390562770562771
su,sl,0.46,0.6880634920634922
wuu,sl,0.23,0.5281904761904762
bat-smg,sl,0.57,0.6834365079365078
de,sl,0.6366,0.8061294777118306
gan,sl,0.26,0.5016666666666666
lmo,sl,0.52,0.7526529700090072
mhr,sl,0.55,0.6806434676434676
zh-yue,sl,0.306,0.5836848631021542
br,sl,0.499,0.6421007072648715
lv,sl,0.6699,0.8079913660788816
yi,sl,0.42,0.6650254190254191
war,sl,0.6,0.7212495282495281
yo,sl,0.59,0.6612251082251082
gl,sl,0.7818,0.8735311433294948
hr,sl,0.7031,0.8363227625745429
ca,sl,0.6992,0.81915858156893
ln,sl,0.42,0.5627633477633478
vls,sl,0.49,0.7399967254967257
he,sl,0.4799,0.7336685180488587
hsb,sl,0.69,0.8242958152958153
ms,sl,0.659,0.8077351798356442
uk,sl,0.6398,0.8122705983558924
lt,sl,0.6788,0.8283898284610126
qu,sl,0.6,0.685137085137085
wa,sl,0.48,0.6178333333333333
as,sl,0.53,0.6465887445887446
sa,sl,0.37,0.541531746031746
bh,sl,0.55,0.7172241092241093
ga,sl,0.587,0.7519663615624143
li,sl,0.62,0.7496031746031746
rw,sl,0.57,0.6774830659536542
sah,sl,0.52,0.6973650793650793
af,sl,0.566,0.7666415596873027
bs,sl,0.651,0.8209116678471168
ce,sl,0.35,0.646969696969697
ay,sl,0.45,0.479547619047619
pl,sl,0.6648,0.832587168724808
frr,sl,0.5,0.6166190476190476
cs,sl,0.6998,0.8372147521226623
tl,sq,0.625,0.7617863416425337
yi,sq,0.5,0.7010000000000001
jbo,sq,0.38,0.5111428571428571
gan,sq,0.29,0.5306031746031745
ur,sq,0.51,0.6718482355363935
szl,sq,0.59,0.6806753246753245
tk,sq,0.51,0.6848051948051949
lmo,sq,0.45,0.7199939650992283
ja,sq,0.1404,0.4693126480073074
te,sq,0.506,0.6869703907203907
nn,sq,0.6,0.8039354426619133
cv,sq,0.56,0.7701463536463535
os,sq,0.37,0.6734761904761905
pdc,sq,0.56,0.6883113553113553
rw,sq,0.57,0.7236334776334777
pl,sq,0.5908,0.8069479681489821
fy,sq,0.647,0.7936832167832168
bg,sq,0.6352,0.8063865904632004
dv,sq,0.35,0.5691890331890331
ku,sq,0.65,0.7677417027417027
ast,sq,0.581,0.8234980502985146
ig,sq,0.45,0.60404329004329
ba,sq,0.5,0.7452655122655123
vi,sq,0.463,0.7070533110611439
uk,sq,0.5749,0.8051476658893222
uz,sq,0.795,0.8653966255966257
de,sq,0.5491,0.7790235683107742
mwl,sq,0.41,0.6872649017649017
et,sq,0.5597,0.789636980985131
th,sq,0.0012,0.1526834184425825
ru,sq,0.3979,0.7084260358123129
simple,sq,0.594,0.8092433922974172
ta,sq,0.414,0.6612828362813656
sr,sq,0.5603,0.8031827636742342
bh,sq,0.55,0.7047417027417029
ga,sq,0.574,0.7736469849380067
am,sq,0.31,0.5213759018759019
es,sq,0.6619,0.8258873241455825
fr,sq,0.6077,0.7941110911671747
yo,sq,0.45,0.5954234654234655
lt,sq,0.64,0.8217190161085905
fur,sq,0.6,0.6967222222222221
zh,sq,0.2593,0.597949941374415
cdo,sq,0.28,0.3925238095238094
bar,sq,0.75,0.8021904761904761
ilo,sq,0.6,0.7165400710400711
ka,sq,0.5451,0.7730900726191593
arz,sq,0.39,0.706485347985348
sa,sq,0.32,0.5274523809523809
si,sq,0.6,0.7390158730158731
su,sq,0.42,0.6800482295482295
km,sq,0.24,0.4519047619047619
co,sq,0.61,0.6647142857142857
hak,sq,0.33,0.409142857142857
sah,sq,0.44,0.5832850482850482
ar,sq,0.4453,0.6970346239433082
vec,sq,0.61,0.7205490196078432
id,sq,0.4895,0.800961670400463
da,sq,0.6275,0.8239745535776574
en,sq,0.4562,0.7131712657457782
zea,sq,0.44,0.696063492063492
zh-classical,sq,0.27,0.5403824508824508
ps,sq,0.46,0.6564603174603175
hy,sq,0.501,0.677817146089205
ksh,sq,0.41,0.6394718614718614
hu,sq,0.5997,0.8120557695134243
ckb,sq,0.439,0.644363542013542
csb,sq,0.44,0.6528809523809523
la,sq,0.557,0.6970387411607999
bn,sq,0.512,0.6791959124209125
nap,sq,0.59,0.7387928182928184
fiu-vro,sq,0.49,0.7052857142857144
ko,sq,0.3565,0.632796071438022
fo,sq,0.63,0.8053888888888889
min,sq,0.35,0.5988809523809523
sk,sq,0.6121,0.8046190466714228
tg,sq,0.57,0.778450937950938
as,sq,0.48,0.6619998204409968
kk,sq,0.643,0.8142778982713194
be,sq,0.592,0.8014763248017892
als,sq,0.46,0.7653486185297331
pnb,sq,0.46,0.5737875457875458
gd,sq,0.52,0.6518924963924964
sd,sq,0.38,0.6996219336219337
an,sq,0.75,0.8536821678321678
zh-yue,sq,0.3433,0.6222959017427362
ace,sq,0.3,0.5467341269841269
wa,sq,0.47,0.5953910533910532
lij,sq,0.38,0.5908534243534244
hr,sq,0.6052,0.803569970452664
sh,sq,0.7105,0.8149969979839561
ro,sq,0.6581,0.8070139015001166
nds,sq,0.59,0.7862012987012987
xmf,sq,0.42,0.5762142857142858
crh,sq,0.42,0.6342619047619048
fi,sq,0.5891,0.8185140374048037
ay,sq,0.39,0.44452442002442
bat-smg,sq,0.55,0.6755714285714285
pt,sq,0.6593,0.811368518942358
rm,sq,0.5,0.7192026307026308
no,sq,0.5976,0.8056987931787855
lb,sq,0.597,0.7676445676872147
ne,sq,0.42,0.7342886002886004
sw,sq,0.542,0.6660923342653218
arc,sq,0.1,0.2493095238095238
gl,sq,0.7085,0.8416092562777779
br,sq,0.471,0.6442808902741565
mt,sq,0.59,0.7306536796536797
mn,sq,0.59,0.7496806526806528
he,sq,0.391,0.6763456703264056
az,sq,0.563,0.7710570840751955
mhr,sq,0.41,0.6581672771672771
bs,sq,0.576,0.7996775970245785
ceb,sq,0.5,0.6702456709956711
nl,sq,0.6255,0.8096143494525769
fa,sq,0.4276,0.7085296912281045
ml,sq,0.536,0.7467809526902406
mi,sq,0.3,0.6813809523809523
map-bms,sq,0.48,0.6042380952380952
li,sq,0.63,0.7448350734233087
vep,sq,0.54,0.7569157329598507
io,sq,0.73,0.8169841269841269
qu,sq,0.53,0.6707178932178932
af,sq,0.557,0.7760185384017427
eu,sq,0.5687,0.7916700952281294
ln,sq,0.55,0.6416629481629482
bo,sq,0.14,0.2345238095238095
vls,sq,0.55,0.7652929292929292
oc,sq,0.68,0.7760096570096571
be-x-old,sq,0.576,0.7536669890395122
ca,sq,0.6559,0.7964899311524388
cs,sq,0.6055,0.8204621444559913
jv,sq,0.55,0.7859682539682541
ky,sq,0.37,0.6534559884559886
cbk-zam,sq,0.36,0.6670021645021645
sco,sq,0.59,0.7624819624819625
sv,sq,0.6588,0.8620535401896006
sl,sq,0.6206,0.7726557762765272
scn,sq,0.62,0.7313791208791209
tt,sq,0.556,0.8113240289122642
diq,sq,0.54,0.7049126984126984
ia,sq,0.43,0.6683522033522032
ug,sq,0.36,0.5004761904761904
frr,sq,0.52,0.6241507936507936
wuu,sq,0.22,0.5527777777777778
mzn,sq,0.45,0.7467746697746698
eo,sq,0.6145,0.7466830940164068
ang,sq,0.55,0.6666446886446887
my,sq,0.25,0.6034992784992785
mk,sq,0.585,0.7964936034381855
vo,sq,0.39,0.5013492063492063
war,sq,0.57,0.7206666666666667
cy,sq,0.541,0.728648084431908
el,sq,0.6414,0.8066109415094709
is,sq,0.613,0.800235275182334
ext,sq,0.59,0.7406067821067822
tr,sq,0.6495,0.8207483902586921
gn,sq,0.56,0.6535396825396824
nov,sq,0.46,0.8209504662004663
gu,sq,0.46,0.7150079365079365
hi,sq,0.581,0.75260666000666
zh-min-nan,sq,0.38,0.5302537783853573
pms,sq,0.58,0.7731211201079623
hsb,sq,0.55,0.7625238095238095
it,sq,0.6254,0.8168328219467152
ms,sq,0.645,0.7735845574016628
so,sq,0.66,0.74
eml,sq,0.49,0.6306746031746031
ce,sq,0.19,0.7120496725496724
lv,sq,0.6106,0.7999247948783242
pa,sq,0.51,0.683527306027306
sq,sq,0.9,0.9463065288512656
mr,sq,0.512,0.7385093079177444
kn,sq,0.52,0.6977081807081809
or,sq,0.15,0.4828381063381063
mg,sq,0.4,0.6195346320346321
ba,sr,0.55,0.7259828504828505
frr,sr,0.32,0.5585714285714285
eu,sr,0.4692,0.7489487612439161
ce,sr,0.24,0.6163275760187524
szl,sr,0.43,0.5974059274059275
simple,sr,0.593,0.7908053814176879
pdc,sr,0.36,0.528154761904762
nl,sr,0.6026,0.7853197843642425
mt,sr,0.51,0.7489422799422799
jv,sr,0.45,0.6640792540792542
war,sr,0.61,0.7371397491397491
csb,sr,0.46,0.6363019855961033
de,sr,0.6214,0.7942699681046508
es,sr,0.5558,0.7626611463957439
ky,sr,0.32,0.603963924963925
bh,sr,0.43,0.6535201465201466
ia,sr,0.32,0.5729376091744512
tl,sr,0.626,0.7411946976312301
vec,sr,0.48,0.6607683982683983
bat-smg,sr,0.48,0.6304578754578753
hr,sr,0.5343,0.7671175246519906
pa,sr,0.47,0.6012788059893324
my,sr,0.15,0.493023088023088
ta,sr,0.46,0.6812271590982119
no,sr,0.5512,0.7714600804793761
cs,sr,0.5362,0.7620400118835413
eo,sr,0.4773,0.7091435767405968
li,sr,0.68,0.7853121976063153
la,sr,0.51,0.6412719679013796
gu,sr,0.4,0.6677132263161676
pnb,sr,0.57,0.6537655122655123
lij,sr,0.23,0.4956976210064445
pms,sr,0.48,0.7407394837704436
kk,sr,0.34,0.6799410321704439
scn,sr,0.58,0.7469464979464979
ig,sr,0.32,0.5645309135309136
sw,sr,0.508,0.643265601718543
bn,sr,0.647,0.746665340361393
hak,sr,0.17,0.2924627039627039
rw,sr,0.38,0.6345645955351836
si,sr,0.57,0.7198253968253968
fur,sr,0.44,0.636549506049506
km,sr,0.12,0.4401656676656676
zh-min-nan,sr,0.38,0.4869179986679987
az,sr,0.571,0.7835865570102413
mn,sr,0.5,0.710498112998113
nn,sr,0.625,0.7935907639058569
ku,sr,0.57,0.7442936507936508
as,sr,0.5,0.6439456654456654
mwl,sr,0.26,0.5921946321652203
lv,sr,0.4999,0.7197069414555174
gl,sr,0.6051,0.7664891262744824
he,sr,0.4047,0.6796054147005385
nap,sr,0.4,0.6317378552819729
vep,sr,0.35,0.6623856728067254
ksh,sr,0.27,0.5611022408963585
te,sr,0.476,0.6835924021884549
wuu,sr,0.15,0.4887070707070707
sk,sr,0.6322,0.7921838619146592
fo,sr,0.61,0.7813518801459978
als,sr,0.42,0.7244310543257911
lmo,sr,0.34,0.6964160356327538
gn,sr,0.4,0.6409423909423908
mzn,sr,0.16,0.5985524475524475
sco,sr,0.42,0.6367387057387056
be-x-old,sr,0.523,0.7007031053312013
sv,sr,0.594,0.8433014398209289
dv,sr,0.18,0.5299087579087579
sl,sr,0.5168,0.6915420304214189
fa,sr,0.5146,0.7831125360458256
mhr,sr,0.53,0.6822489177489178
kn,sr,0.52,0.679010989010989
be,sr,0.588,0.7654094833271303
wa,sr,0.36,0.5220198624904507
cy,sr,0.456,0.7138952502777579
arz,sr,0.54,0.7401131646131646
eml,sr,0.27,0.4981837704778881
ast,sr,0.683,0.8043409746256496
yi,sr,0.46,0.673541847041847
pl,sr,0.5434,0.7761260102951744
it,sr,0.4951,0.7445273601475924
uz,sr,0.825,0.8841114135864137
sah,sr,0.44,0.5639700212068632
id,sr,0.3456,0.6245574011531984
sq,sr,0.556,0.776183559087971
qu,sr,0.47,0.6227245907687083
th,sr,0.1523,0.3400788151021665
bar,sr,0.68,0.7581349206349206
ms,sr,0.406,0.597836666867704
nov,sr,0.51,0.8115000000000001
or,sr,0.21,0.4500359640359639
os,sr,0.33,0.6618015873015872
uk,sr,0.5474,0.7483812630403652
ja,sr,0.1559,0.4837906966305109
lb,sr,0.453,0.7015925483013719
da,sr,0.5694,0.7737730548184186
rm,sr,0.46,0.7241075591075591
yo,sr,0.22,0.4648825618825619
tr,sr,0.579,0.7669582341377232
ka,sr,0.5497,0.7529416260081508
is,sr,0.55,0.763223347077759
ca,sr,0.6634,0.8110399267459406
ko,sr,0.3319,0.5872697835867263
vls,sr,0.51,0.7173252303252303
ru,sr,0.5715,0.7419900145288149
sh,sr,0.474,0.8427601239695978
ne,sr,0.51,0.7704297924297925
vo,sr,0.49,0.5488888888888889
bs,sr,0.587,0.7994051778115245
min,sr,0.26,0.6142890442890443
ga,sr,0.546,0.7543653164860595
et,sr,0.5426,0.7529930989306531
ml,sr,0.569,0.7474424408924409
hu,sr,0.5406,0.773677506546601
tt,sr,0.544,0.791133997151799
fiu-vro,sr,0.35,0.6159922724334489
ang,sr,0.39,0.5934936606221436
ace,sr,0.19,0.4862107614607615
am,sr,0.35,0.4815476190476189
oc,sr,0.53,0.6796788211788212
mg,sr,0.56,0.9460414585414586
zh,sr,0.2361,0.5851838791514643
sd,sr,0.25,0.6186877566877567
el,sr,0.5981,0.7677636872226502
su,sr,0.36,0.6226349206349207
ilo,sr,0.48,0.6354212454212455
ceb,sr,0.48,0.6459523809523811
tg,sr,0.43,0.6954401154401154
vi,sr,0.4185,0.7178659136288549
co,sr,0.49,0.6148402708402708
nds,sr,0.51,0.7447574647574648
br,sr,0.39,0.5908693522851418
af,sr,0.499,0.7275033253725979
bo,sr,0.0,0.1939999999999999
ln,sr,0.34,0.536787705758294
jbo,sr,0.32,0.4414189144189144
tk,sr,0.44,0.6421547619047618
zh-yue,sr,0.2397,0.5376753839761889
io,sr,0.59,0.7841440030557678
fy,sr,0.634,0.789224691347524
map-bms,sr,0.44,0.6052539682539683
gan,sr,0.17,0.5325555555555554
sa,sr,0.26,0.5439444444444443
ps,sr,0.39,0.6050793650793651
ay,sr,0.28,0.388990675990676
xmf,sr,0.47,0.6882770562770563
an,sr,0.618,0.7641699171743289
ckb,sr,0.558,0.6890333943833944
gd,sr,0.39,0.5442563874034462
mr,sr,0.554,0.7492431442138873
sr,sr,0.8809,0.9331128339763092
fi,sr,0.5057,0.7524986574837272
hi,sr,0.606,0.7532646299177259
cdo,sr,0.17,0.3075269697622638
bg,sr,0.5847,0.7549706114757276
fr,sr,0.5467,0.748013365475254
lt,sr,0.5442,0.7541633011063583
so,sr,0.4,0.6016746031746032
mk,sr,0.687,0.8138136115346642
hsb,sr,0.43,0.7365741023682201
ext,sr,0.32,0.5056262903762904
cv,sr,0.48,0.7309218559218559
ug,sr,0.3,0.5291617826617827
zh-classical,sr,0.16,0.4133508742719269
en,sr,0.4477,0.7032805683609477
mi,sr,0.22,0.6384227994227993
crh,sr,0.29,0.508074481074481
pt,sr,0.5751,0.7553892507251949
diq,sr,0.28,0.5844206349206349
ro,sr,0.6187,0.77623761494955
ar,sr,0.598,0.7721571822853789
ur,sr,0.533,0.7268464897847251
arc,sr,0.02,0.2657178932178932
zea,sr,0.42,0.684040404040404
cbk-zam,sr,0.34,0.6605582195582196
hy,sr,0.373,0.768121589607503
ilo,sv,0.49,0.6343751542575071
zh,sv,0.2492,0.6264733054071832
ps,sv,0.41,0.5940674325674327
cy,sv,0.475,0.6420092121328963
ml,sv,0.636,0.7613230269730269
ru,sv,0.5033,0.7205249125487515
si,sv,0.54,0.6901190476190476
nap,sv,0.5,0.6723385046326225
gl,sv,0.6418,0.7539787996824298
gn,sv,0.46,0.5977052947052947
rm,sv,0.44,0.6668684093684095
tt,sv,0.632,0.808327931708814
ko,sv,0.3636,0.5935946709456693
vec,sv,0.49,0.6611489066489067
gan,sv,0.43,0.6572222222222223
arc,sv,0.15,0.2912301587301587
ja,sv,0.1606,0.5306855359990886
gd,sv,0.34,0.4838080808080808
gu,sv,0.55,0.7662789432789432
szl,sv,0.46,0.5617777777777778
nds,sv,0.53,0.7323730158730157
io,sv,0.55,0.7044895572263994
mn,sv,0.42,0.634035853035853
cdo,sv,0.25,0.3812424764777705
ka,sv,0.5616,0.7427398106047719
min,sv,0.26,0.5138816183816184
ur,sv,0.539,0.7191317957670125
ga,sv,0.59,0.7285309682835225
mt,sv,0.48,0.65320202020202
bo,sv,0.3,0.3483571428571428
ig,sv,0.44,0.5315584415584415
lt,sv,0.566,0.7192234593983586
jbo,sv,0.44,0.5269999999999999
sq,sv,0.545,0.7026283091521481
bh,sv,0.59,0.7250137085137085
yo,sv,0.27,0.4329753579753579
uz,sv,0.769,0.8467300033300034
it,sv,0.4975,0.7128890364863895
vls,sv,0.54,0.6943564213564214
sh,sv,0.5742,0.7565571384111245
ta,sv,0.512,0.7016821469380293
sv,sv,0.899,0.9536311158801638
arz,sv,0.52,0.7441006771006771
fr,sv,0.5999,0.7469865332620595
ay,sv,0.51,0.5433968253968254
ms,sv,0.485,0.6239204891513717
uk,sv,0.5429,0.7775107487395646
af,sv,0.577,0.73781059460835
da,sv,0.6352,0.7857569010298268
th,sv,0.1043,0.3320559089053361
ne,sv,0.49,0.7408326687931951
mr,sv,0.602,0.7597434958230624
dv,sv,0.28,0.469429181929182
vo,sv,0.58,0.58
cv,sv,0.52,0.747925740925741
cs,sv,0.5383,0.7345444801706721
vep,sv,0.29,0.6160931860537123
de,sv,0.6391,0.7816234820184975
xmf,sv,0.48,0.6249083694083695
mwl,sv,0.33,0.5805916305916307
ar,sv,0.5016,0.6889260040595798
id,sv,0.3784,0.6321107599392352
sa,sv,0.39,0.5621349206349207
pt,sv,0.6297,0.7460861174042676
az,sv,0.573,0.7687341917886036
hy,sv,0.585,0.8274798925962239
ku,sv,0.62,0.7386349206349208
rw,sv,0.51,0.5931042780748663
yi,sv,0.48,0.66802886002886
hu,sv,0.6044,0.7836514140305858
hi,sv,0.618,0.7624768439077263
ace,sv,0.28,0.5257321289821291
bs,sv,0.583,0.7749161841426546
zh-yue,sv,0.2719,0.5808634490973423
ceb,sv,0.66,0.7229696969696972
lmo,sv,0.49,0.7002494159607163
fi,sv,0.5704,0.7515013234340479
bg,sv,0.5874,0.7474433030419873
csb,sv,0.49,0.6515131078072255
eml,sv,0.35,0.5139594670035845
co,sv,0.54,0.6105252525252525
nn,sv,0.66,0.7953849015277809
mi,sv,0.32,0.6892222222222222
fiu-vro,sv,0.45,0.6245508870214753
kn,sv,0.54,0.723484126984127
ln,sv,0.43,0.5987485782191665
nov,sv,0.6,0.8238972051340474
sl,sv,0.5941,0.7403894930508089
diq,sv,0.43,0.6162142857142857
hak,sv,0.43,0.5100054945054944
br,sv,0.422,0.5696292633235357
mzn,sv,0.14,0.5655957375957376
no,sv,0.6554,0.7951216243835284
als,sv,0.45,0.7361544975492342
wa,sv,0.4,0.4782222222222222
su,sv,0.34,0.5963650793650793
sw,sv,0.511,0.6087399499193616
tg,sv,0.49,0.6991729479670655
ksh,sv,0.32,0.5139593837535014
ug,sv,0.41,0.527015873015873
hr,sv,0.5752,0.762156726731301
bar,sv,0.75,0.8134126984126985
el,sv,0.6599,0.7886617309582403
sd,sv,0.35,0.7065956820956822
scn,sv,0.55,0.6834136974136973
sk,sv,0.6501,0.7948278636422057
ba,sv,0.59,0.738422965922966
pl,sv,0.5443,0.7509306332702385
bat-smg,sv,0.54,0.6122936507936508
ext,sv,0.38,0.5273243978243979
simple,sv,0.6,0.7683894361572381
am,sv,0.34,0.4789264069264069
mk,sv,0.688,0.802920772416438
es,sv,0.6633,0.7878865613462904
sco,sv,0.42,0.6575155334861218
lb,sv,0.491,0.701228850397968
lij,sv,0.27,0.4659081212904741
sah,sv,0.45,0.5722820512820512
zh-min-nan,sv,0.3,0.5439942279942279
frr,sv,0.49,0.6228571428571429
qu,sv,0.48,0.5377624140565317
mhr,sv,0.31,0.5247127317127317
tr,sv,0.6167,0.7658373875496708
cbk-zam,sv,0.27,0.6711464646464647
zea,sv,0.56,0.7241666666666666
ckb,sv,0.529,0.6522962148962149
tl,sv,0.617,0.7030998475209
crh,sv,0.43,0.604544733044733
an,sv,0.713,0.7689641960980196
li,sv,0.6,0.7036498599439777
ang,sv,0.46,0.5850270774976657
pa,sv,0.49,0.6430060854178501
fa,sv,0.6379,0.7764749508137202
my,sv,0.32,0.6134907478142771
fur,sv,0.42,0.5626479076479076
pdc,sv,0.35,0.5193210678210679
he,sv,0.4105,0.6761457116576234
zh-classical,sv,0.18,0.4796903472344648
so,sv,0.61,0.6809682539682541
mg,sv,0.43,0.832963702963703
os,sv,0.35,0.6092792207792208
km,sv,0.44,0.5481483516483516
be-x-old,sv,0.546,0.7023467252733506
ca,sv,0.5957,0.7108527304498048
nl,sv,0.6345,0.775495740662846
en,sv,0.4415,0.6792751758544173
ro,sv,0.6042,0.8121997182349815
vi,sv,0.4108,0.677325962310823
wuu,sv,0.37,0.6025555555555555
jv,sv,0.49,0.7100923520923521
te,sv,0.548,0.6997311827061826
be,sv,0.565,0.7477347714205299
tk,sv,0.5,0.6393441558441558
ia,sv,0.4,0.6375853601163199
ce,sv,0.25,0.6702317682317681
hsb,sv,0.44,0.6659276377217554
pms,sv,0.53,0.7269960507328928
pnb,sv,0.55,0.6345909090909091
kk,sv,0.528,0.7386988955488956
map-bms,sv,0.59,0.7081196581196582
sr,sv,0.5787,0.7373778009305796
ast,sv,0.708,0.7867574048328693
eu,sv,0.5543,0.7649927003053706
la,sv,0.531,0.6504916110806978
lv,sv,0.4876,0.7041905354294827
war,sv,0.66,0.768949272949273
et,sv,0.5599,0.7402058966154246
bn,sv,0.646,0.7252163117927823
oc,sv,0.41,0.5323692973692974
ky,sv,0.38,0.579583694083694
is,sv,0.627,0.7649545862634097
as,sv,0.54,0.7189532689532689
or,sv,0.14,0.4881207681207681
eo,sv,0.5468,0.6767255962114941
fo,sv,0.58,0.7680466853408031
fy,sv,0.654,0.7762226732847476
it,ta,0.451,0.7414229390784655
jbo,ta,0.51,0.5788571428571428
pa,ta,0.57,0.7745826493767671
as,ta,0.63,0.7405707984825632
ur,ta,0.565,0.7552773004773005
zea,ta,0.52,0.7407539682539683
vep,ta,0.38,0.6460317460317461
ne,ta,0.6,0.8370086318909848
am,ta,0.53,0.6189242424242424
pnb,ta,0.55,0.6255
sco,ta,0.45,0.7222727272727273
cs,ta,0.5055,0.7525317777466771
he,ta,0.4575,0.7172002090668189
sk,ta,0.5359,0.7699782688862566
co,ta,0.55,0.6201428571428571
diq,ta,0.42,0.631993894993895
fr,ta,0.3937,0.7116845095650822
cbk-zam,ta,0.41,0.639021645021645
nl,ta,0.4959,0.7444198688325778
ps,ta,0.49,0.6732222222222223
lb,ta,0.586,0.7737448149889325
mzn,ta,0.45,0.7597258297258297
rw,ta,0.57,0.6702655122655123
ca,ta,0.4178,0.7387354083481018
nap,ta,0.54,0.6706843711843712
bs,ta,0.526,0.7685409069001174
kk,ta,0.548,0.7993579913550503
frr,ta,0.48,0.5858809523809523
gl,ta,0.4895,0.7676964191175182
ig,ta,0.54,0.6449444444444444
ckb,ta,0.574,0.7054659951159952
gd,ta,0.3,0.4839249084249084
sq,ta,0.593,0.773065515040515
tg,ta,0.67,0.7891378066378067
nn,ta,0.499,0.7384595304849948
ky,ta,0.49,0.6959321789321788
te,ta,0.579,0.7514639611850139
cy,ta,0.395,0.6305205849705848
crh,ta,0.44,0.6217640692640692
bg,ta,0.5879,0.7825697937863649
dv,ta,0.36,0.5687489177489178
en,ta,0.3376,0.6724373657474277
ace,ta,0.38,0.5756403596403596
be-x-old,ta,0.587,0.7502720996152111
nov,ta,0.51,0.8259337068160599
xmf,ta,0.52,0.696656162464986
br,ta,0.344,0.5869282128002717
fo,ta,0.53,0.731559163059163
bat-smg,ta,0.49,0.6200555555555556
ru,ta,0.4596,0.7237775891110954
sh,ta,0.509,0.7066281830244059
ml,ta,0.727,0.8210682262182262
hu,ta,0.5494,0.772438840689754
rm,ta,0.49,0.6713968253968254
ug,ta,0.42,0.547603896103896
ba,ta,0.62,0.7603607503607503
cv,ta,0.52,0.7270677100677099
ga,ta,0.382,0.7021274770808826
lv,ta,0.5773,0.7516142026514937
vo,ta,0.3,0.4972539682539682
gan,ta,0.42,0.6458333333333333
ceb,ta,0.35,0.5853827838827839
lt,ta,0.5995,0.7875360361679945
vec,ta,0.45,0.6879873737373736
my,ta,0.38,0.717436174936175
mg,ta,0.43,0.6765468975468975
ast,ta,0.441,0.7598924994939702
fa,ta,0.5514,0.8064762757727308
nds,ta,0.52,0.7647702852702853
bh,ta,0.62,0.7398369408369407
als,ta,0.41,0.7017146627881923
bar,ta,0.51,0.6569444444444444
tt,ta,0.651,0.8061565548830256
mn,ta,0.63,0.7641623376623378
cdo,ta,0.22,0.3084578754578755
ia,ta,0.37,0.6620129870129872
scn,ta,0.39,0.6286111111111111
km,ta,0.41,0.5766666666666667
ksh,ta,0.53,0.6753888888888889
gu,ta,0.54,0.782070596070596
si,ta,0.67,0.7366147186147185
li,ta,0.54,0.7875173160173161
zh-yue,ta,0.3575,0.6329997958998346
ar,ta,0.5599,0.7525158670569198
fy,ta,0.495,0.7386761953732542
qu,ta,0.44,0.6639523809523808
sa,ta,0.45,0.6271825396825396
mk,ta,0.559,0.7732577458746964
af,ta,0.546,0.7743309052059053
hi,ta,0.657,0.8078505072412968
ce,ta,0.2,0.6354740259740259
mr,ta,0.662,0.8157340912613358
fi,ta,0.5422,0.7779450648723482
ku,ta,0.61,0.7966666666666667
os,ta,0.4,0.692981240981241
simple,ta,0.429,0.7554774273370249
so,ta,0.48,0.6515238095238095
zh-min-nan,ta,0.35,0.5726298146298147
ka,ta,0.5692,0.7600960698408918
be,ta,0.663,0.8071537379287379
szl,ta,0.53,0.6326507936507936
hy,ta,0.466,0.6760556918571624
yi,ta,0.41,0.6536746031746031
is,ta,0.569,0.7724278943278944
el,ta,0.6282,0.7626789834417388
bn,ta,0.694,0.7855691367284247
tl,ta,0.281,0.6109158085378674
io,ta,0.46,0.6623961038961039
wa,ta,0.44,0.5836940836940837
sv,ta,0.524,0.7826585090657536
war,ta,0.3,0.5996652236652237
kn,ta,0.58,0.7379291819291819
eu,ta,0.5094,0.7578088517064291
gn,ta,0.5,0.6432698412698413
ang,ta,0.41,0.6160324675324674
uk,ta,0.5634,0.7901075697676936
da,ta,0.5331,0.7729047414273034
de,ta,0.5179,0.7570376244472762
eo,ta,0.4864,0.7024671836926404
mwl,ta,0.41,0.6710094219505983
wuu,ta,0.41,0.6327777777777778
fur,ta,0.42,0.6286666666666667
zh-classical,ta,0.39,0.5640001124606389
map-bms,ta,0.43,0.5972813852813853
tr,ta,0.5572,0.7760412992442715
ko,ta,0.4436,0.6742506190446981
csb,ta,0.52,0.6674369519369521
sl,ta,0.5281,0.7250746106198583
sah,ta,0.43,0.5935445665445666
sd,ta,0.34,0.6877828282828282
ext,ta,0.39,0.5434603174603175
es,ta,0.4036,0.7414653082727386
hr,ta,0.4902,0.7365253826376582
jv,ta,0.5,0.7409948384948386
th,ta,0.1192,0.3245303510876808
mt,ta,0.51,0.7288095238095238
mi,ta,0.37,0.6907857142857142
su,ta,0.45,0.6804325396825398
et,ta,0.5577,0.7907829852045098
ta,ta,0.778,0.8838588098176333
vls,ta,0.48,0.7429191919191919
id,ta,0.4413,0.6972972691146143
lmo,ta,0.29,0.6237059329559329
sr,ta,0.5438,0.7777105674519839
arc,ta,0.12,0.3296349206349206
eml,ta,0.34,0.4727301587301587
arz,ta,0.57,0.8115047175047175
no,ta,0.5443,0.7767498100042373
oc,ta,0.46,0.6746024531024531
yo,ta,0.31,0.4843577533577533
lij,ta,0.34,0.5444760794760795
ln,ta,0.45,0.5646111111111112
hak,ta,0.28,0.3477142857142857
pt,ta,0.3804,0.7256935565896092
sw,ta,0.251,0.5407635253635253
ro,ta,0.3577,0.6899056343879718
fiu-vro,ta,0.55,0.6822142857142858
pms,ta,0.3,0.6282562568150803
min,ta,0.41,0.6306269841269841
la,ta,0.384,0.7189880031561147
vi,ta,0.3304,0.6931151629820128
tk,ta,0.62,0.7192337662337661
pl,ta,0.4936,0.7487932194276312
an,ta,0.488,0.7861106116106117
pdc,ta,0.45,0.6017099567099568
ay,ta,0.28,0.4218571428571428
mhr,ta,0.39,0.6409277389277389
uz,ta,0.683,0.8517516317016318
or,ta,0.2,0.5548100233100233
ja,ta,0.1647,0.5477441327532118
hsb,ta,0.49,0.7153748473748474
ilo,ta,0.38,0.6196655844155844
zh,ta,0.2647,0.6165661830120345
az,ta,0.531,0.7705752859885213
ms,ta,0.344,0.6497390491861081
bo,ta,0.13,0.2773333333333333
th,th,0.6157,0.7645516984546241
wuu,th,0.0,0.1564480519480519
rw,th,0.0,0.232802912773501
be,th,0.032,0.2707542937454703
lv,th,0.0374,0.2953355975955589
nl,th,0.0354,0.2519731556730163
yi,th,0.03,0.198525974025974
ace,th,0.02,0.2242778887778888
ne,th,0.01,0.3533355533355533
ckb,th,0.042,0.3133447825050766
cy,th,0.005,0.1726207809218645
sd,th,0.0,0.2181026196026195
de,th,0.0293,0.2506494464075656
bh,th,0.05,0.2408459873459872
sk,th,0.0558,0.2879271681818353
pnb,th,0.0,0.3709829712770888
csb,th,0.0,0.1547885545826722
is,th,0.021,0.1735733803777921
dv,th,0.0,0.1238361083361083
ba,th,0.01,0.313002109002109
nds,th,0.03,0.1972611832611832
tr,th,0.0492,0.3025484228714182
tt,th,0.025,0.3619385147532206
as,th,0.1,0.2569595404595404
map-bms,th,0.05,0.2742380952380952
ta,th,0.021,0.2613689300637443
co,th,0.02,0.2268809523809523
te,th,0.003,0.2069535754665011
ms,th,0.1,0.354982461149102
yo,th,0.0,0.073309829059829
ps,th,0.01,0.2817748917748918
mn,th,0.04,0.3636555944055944
szl,th,0.0,0.1367101232101232
xmf,th,0.03,0.1382319363642893
pdc,th,0.05,0.196469696969697
sv,th,0.0286,0.2192033757101172
nov,th,0.1,0.2634761904761904
so,th,0.0,0.2328419913419913
ca,th,0.0625,0.2911498203456329
hi,th,0.026,0.2647203992172258
sr,th,0.0933,0.2926640076323745
el,th,0.0149,0.228284066794059
fur,th,0.03,0.2016185481185481
bg,th,0.0275,0.2600112687639158
lij,th,0.0,0.2226434121434121
bat-smg,th,0.01,0.1935394327894327
sh,th,0.1335,0.4824810143880886
simple,th,0.093,0.3276653223281706
ext,th,0.03,0.1852827727827727
uz,th,0.065,0.3241126956376956
ja,th,0.1133,0.3729175458846279
pms,th,0.01,0.1705395421571892
fa,th,0.1507,0.400922423586905
min,th,0.03,0.3166370851370851
da,th,0.0323,0.2353158561734103
fo,th,0.02,0.175062504488975
arz,th,0.05,0.2525627705627705
ku,th,0.05,0.2272417027417027
vep,th,0.05,0.2966993561993562
scn,th,0.06,0.3326717171717171
bar,th,0.07,0.2670981240981241
sco,th,0.05,0.2666378343878344
ml,th,0.017,0.2422896789485025
zh-classical,th,0.04,0.3031064213564213
hu,th,0.0288,0.2150827188961709
he,th,0.0298,0.254046590082604
ga,th,0.03,0.249041898306372
sa,th,0.0,0.1337933455433455
ang,th,0.05,0.2196243478743478
ce,th,0.01,0.1837294404941463
ilo,th,0.1,0.2602893217893218
lb,th,0.018,0.1705181154500814
hy,th,0.052,0.3431089794192735
vec,th,0.04,0.2346341991341991
vi,th,0.077,0.3234271706277898
gd,th,0.03,0.20655772005772
jbo,th,0.0,0.1721843156843157
sah,th,0.03,0.2361469853675736
mt,th,0.01,0.2294151041596862
ky,th,0.0,0.1564744699744699
als,th,0.01,0.1559322303083913
or,th,0.0,0.1693450030361795
uk,th,0.0941,0.3139243413853089
ru,th,0.0434,0.2887164565749008
zh-min-nan,th,0.06,0.2005423742923743
ka,th,0.0313,0.2421616995388512
my,th,0.0,0.1783544233544233
cv,th,0.0,0.1949233942012579
mwl,th,0.02,0.2008680763680763
br,th,0.022,0.2071119589045285
cs,th,0.025,0.2529900189808471
nap,th,0.03,0.1945173258114434
sq,th,0.047,0.2895988927738928
mzn,th,0.0,0.2518075258075258
nn,th,0.031,0.2074720742707584
rm,th,0.01,0.1807012432012431
la,th,0.047,0.261569425019425
pt,th,0.0974,0.3325285258291759
hak,th,0.0,0.1230920190920191
bn,th,0.046,0.3157592330184436
vls,th,0.04,0.187608225108225
gn,th,0.03,0.184535742035742
et,th,0.0233,0.247688253404662
crh,th,0.04,0.2576709401709401
frr,th,0.01,0.1481723831723831
bs,th,0.027,0.23815269385757
mhr,th,0.0,0.1709881556352145
mi,th,0.0,0.2877857142857142
jv,th,0.02,0.3106580086580087
ia,th,0.07,0.2130522663610899
lt,th,0.0351,0.275890919388489
ay,th,0.01,0.1912905264669971
ast,th,0.039,0.2144690460897891
gan,th,0.0,0.1643759018759019
en,th,0.0781,0.3480650107829907
gu,th,0.0,0.1615589688089688
cdo,th,0.0,0.1019609997845292
ur,th,0.041,0.2788428377178377
km,th,0.01,0.1393943833943834
fy,th,0.022,0.2170877250544433
os,th,0.01,0.2365454822954822
cbk-zam,th,0.06,0.308036075036075
az,th,0.047,0.3012267701252995
be-x-old,th,0.028,0.2352469163189751
vo,th,0.06,0.3824999999999998
hr,th,0.0311,0.2408622528194199
ceb,th,0.05,0.2818066378066378
fiu-vro,th,0.0,0.1859431124431124
an,th,0.101,0.3804702669879141
eo,th,0.0553,0.2639891098031655
bo,th,0.0,0.0811832611832611
tk,th,0.0,0.1959199623905506
sw,th,0.058,0.2550418212506448
mk,th,0.046,0.2411845784418539
lmo,th,0.01,0.1438541693085036
ksh,th,0.02,0.1568080906022082
tg,th,0.09,0.3108318903318903
ug,th,0.0,0.1228472377295906
am,th,0.01,0.2652695637695638
tl,th,0.133,0.3221829531579532
pl,th,0.0294,0.23351297911325
li,th,0.04,0.2344266387207564
ko,th,0.0112,0.20424917461967
ig,th,0.03,0.2567570762570763
mg,th,0.23,0.5239157443863326
id,th,0.2124,0.4078921300577647
zh,th,0.0923,0.3448657602742974
qu,th,0.04,0.2478718666953961
zh-yue,th,0.0484,0.2991976895301121
arc,th,0.0,0.1122621267621267
ar,th,0.109,0.3227666818501415
mr,th,0.008,0.2143370181675909
pa,th,0.04,0.2949501560530972
es,th,0.0928,0.3340030700972574
hsb,th,0.02,0.2258401582078052
sl,th,0.0359,0.2524514700925149
eu,th,0.0325,0.2558668132211785
ln,th,0.01,0.1249419191919192
wa,th,0.03,0.2173782296135237
ro,th,0.0957,0.3262842765387347
zea,th,0.01,0.1727172827172826
diq,th,0.02,0.1721227106227106
io,th,0.06,0.2214126984126984
gl,th,0.0814,0.3103622373197837
eml,th,0.0,0.168834869378987
fr,th,0.0579,0.277455626117089
fi,th,0.023,0.2283801250452334
si,th,0.0,0.3255862405568288
it,th,0.0524,0.308247842599437
war,th,0.08,0.2664444444444445
oc,th,0.05,0.2648578643578643
af,th,0.03,0.2343749915117562
kn,th,0.01,0.219573482073482
su,th,0.04,0.2892734487734487
no,th,0.0285,0.2124448411993923
kk,th,0.021,0.2676563270063269
zh,tl,0.2395,0.5579825647280137
mhr,tl,0.32,0.5914365079365079
ce,tl,0.21,0.573634199134199
si,tl,0.43,0.6501385281385282
ay,tl,0.33,0.4431774891774891
ace,tl,0.19,0.5229321789321788
tr,tl,0.4792,0.7569618018840465
sw,tl,0.53,0.6724644230984013
pl,tl,0.4715,0.7343473996041797
te,tl,0.395,0.623477969399022
dv,tl,0.14,0.4569473304473304
ca,tl,0.6532,0.7889677659775726
bs,tl,0.419,0.7095257175830706
id,tl,0.3809,0.6683828092134904
kn,tl,0.5,0.6565238095238095
ro,tl,0.6756,0.8327112837454943
or,tl,0.12,0.4374681429681428
ilo,tl,0.71,0.7954363969363969
el,tl,0.5126,0.7284576489325948
ja,tl,0.163,0.5133484534565882
bn,tl,0.699,0.7714607851299029
os,tl,0.43,0.6712164502164503
et,tl,0.4778,0.740675320598734
ku,tl,0.57,0.762125541125541
ne,tl,0.61,0.8170028860028861
nds,tl,0.59,0.7575512265512266
bat-smg,tl,0.47,0.6706507936507937
diq,tl,0.4,0.6334877344877345
ar,tl,0.344,0.7011098523183044
jv,tl,0.5,0.749098484848485
ast,tl,0.474,0.7636726479231123
fur,tl,0.25,0.5603945498945498
arz,tl,0.38,0.7071655011655011
nn,tl,0.464,0.6971755323967398
hr,tl,0.4702,0.7325646345896965
rw,tl,0.22,0.6292272727272726
ba,tl,0.44,0.7011731601731601
sl,tl,0.5372,0.7012778317021815
ln,tl,0.41,0.6309176379176379
wa,tl,0.27,0.4972951127819549
io,tl,0.57,0.6861526251526251
vls,tl,0.49,0.727974025974026
tk,tl,0.28,0.5258492063492063
map-bms,tl,0.24,0.5202380952380952
nl,tl,0.5293,0.7463818045293201
my,tl,0.27,0.6041103896103895
ka,tl,0.4574,0.712834131671562
da,tl,0.5494,0.7586263159887928
kk,tl,0.453,0.7105794205794206
zh-classical,tl,0.16,0.4285785733873969
ia,tl,0.2,0.5615759251068848
li,tl,0.57,0.7343800186741363
ta,tl,0.395,0.6531032967032967
tt,tl,0.405,0.7216121572871573
sco,tl,0.62,0.7415714285714285
xmf,tl,0.3,0.5672698412698413
mi,tl,0.16,0.481046176046176
scn,tl,0.59,0.7505323565323566
zh-yue,tl,0.248,0.5306065186868515
als,tl,0.45,0.635702595649964
tg,tl,0.6,0.7967292250233428
fy,tl,0.56,0.7415322631702663
hsb,tl,0.59,0.7568641456582634
ang,tl,0.29,0.5433391053391053
am,tl,0.27,0.4375512265512265
th,tl,0.0787,0.325446103358286
mk,tl,0.44,0.7330200454859899
sk,tl,0.5125,0.7523581829376333
ky,tl,0.37,0.5241269841269841
sh,tl,0.4279,0.7577429678268068
ig,tl,0.22,0.5293333333333332
lb,tl,0.507,0.7109397835222913
he,tl,0.302,0.6487663063381407
de,tl,0.4676,0.7080609859876966
fa,tl,0.3153,0.6962847495658796
br,tl,0.423,0.6152141851440612
mg,tl,0.49,0.6745714285714286
pdc,tl,0.2,0.5094365079365079
sd,tl,0.13,0.6062301587301587
sv,tl,0.4235,0.689868185961785
eo,tl,0.5035,0.720195064992627
lv,tl,0.5652,0.7508538580038813
uk,tl,0.4701,0.735450086256193
cdo,tl,0.14,0.3142936507936508
ml,tl,0.52,0.6875425012895601
km,tl,0.08,0.3926111111111111
lt,tl,0.55,0.7633236462634373
ceb,tl,0.58,0.7160793650793651
bg,tl,0.5498,0.7427723466497382
ga,tl,0.503,0.7464926921032183
sah,tl,0.48,0.7294529914529915
nap,tl,0.34,0.6449194792135968
so,tl,0.29,0.5375714285714285
vep,tl,0.66,0.8373421676362853
ckb,tl,0.476,0.6762313131313132
eu,tl,0.464,0.7184344255761438
gd,tl,0.59,0.6682063492063491
hu,tl,0.4804,0.726640579373327
mr,tl,0.372,0.6939617680565049
qu,tl,0.58,0.7475854521295697
min,tl,0.15,0.5358015873015873
sa,tl,0.15,0.4676428571428571
pms,tl,0.47,0.7250587102955524
vi,tl,0.471,0.7148080399803156
cbk-zam,tl,0.18,0.6125573315573315
vec,tl,0.47,0.6588081969629956
es,tl,0.4737,0.7637772409676667
su,tl,0.43,0.6533730158730158
gl,tl,0.6145,0.8030825341222245
co,tl,0.13,0.4893650793650793
lij,tl,0.14,0.4342001332001332
fr,tl,0.5658,0.7743886413328673
it,tl,0.5471,0.7717350080526628
pnb,tl,0.59,0.675952380952381
ext,tl,0.15,0.5046516816516816
ps,tl,0.19,0.5020562770562771
be,tl,0.597,0.758582475204534
af,tl,0.459,0.6940701101186396
zea,tl,0.21,0.5582041847041846
arc,tl,0.02,0.2549177489177489
nov,tl,0.43,0.7217762237762239
zh-min-nan,tl,0.42,0.5206919191919193
gn,tl,0.42,0.6222619047619048
uz,tl,0.676,0.8096611999111999
vo,tl,0.43,0.43
az,tl,0.44,0.6869822475941672
lmo,tl,0.32,0.6657822073007832
ko,tl,0.3287,0.6216900847037379
no,tl,0.4484,0.7248004768270946
is,tl,0.456,0.7200918424712542
fi,tl,0.4794,0.7432645832126251
en,tl,0.5249,0.7385942247389694
bo,tl,0.09,0.2189523809523809
mzn,tl,0.46,0.7276794316794317
pt,tl,0.6192,0.7979926013666416
eml,tl,0.22,0.4563089786030962
as,tl,0.54,0.6148498168498169
gu,tl,0.48,0.6866366966366965
crh,tl,0.27,0.5462857142857142
sq,tl,0.643,0.78887971309736
bar,tl,0.46,0.6173520923520923
tl,tl,0.934,0.9602370983849312
war,tl,0.72,0.8095482295482296
ms,tl,0.483,0.645202888150721
hy,tl,0.243,0.5795353837253219
sr,tl,0.4545,0.727267935011325
szl,tl,0.26,0.5370670995670995
rm,tl,0.36,0.6363150679729627
csb,tl,0.27,0.5668958916900092
mt,tl,0.44,0.7226385281385282
fo,tl,0.55,0.7064139292080469
mn,tl,0.54,0.7448540348540348
be-x-old,tl,0.474,0.6917030578554572
yi,tl,0.29,0.6748665223665223
la,tl,0.642,0.7649999216469805
ru,tl,0.4019,0.5912375077545433
wuu,tl,0.14,0.4458888888888889
fiu-vro,tl,0.34,0.6141699346405229
oc,tl,0.61,0.719468142968143
an,tl,0.603,0.8226800682977153
jbo,tl,0.18,0.4039999999999999
cs,tl,0.4904,0.7391924110349575
pa,tl,0.38,0.6997801379906644
ur,tl,0.464,0.7229031191031191
simple,tl,0.575,0.786919090223502
gan,tl,0.2,0.428
bh,tl,0.23,0.6120079365079365
yo,tl,0.6,0.6421587301587302
frr,tl,0.17,0.4895425685425685
hi,tl,0.542,0.721982177136589
ksh,tl,0.28,0.5600308123249299
hak,tl,0.11,0.3076147186147187
cv,tl,0.46,0.715401875901876
cy,tl,0.458,0.6691578277931219
ug,tl,0.12,0.3568744588744589
mwl,tl,0.15,0.4878424353424353
cbk-zam,tr,0.4,0.675626318126318
cv,tr,0.58,0.7732392607392607
ja,tr,0.2076,0.5547456828345374
lb,tr,0.606,0.7622908186584657
arc,tr,0.17,0.3423650793650793
ru,tr,0.6395,0.7526211000042269
jv,tr,0.53,0.7654339826839828
szl,tr,0.57,0.6689956709956709
ksh,tr,0.4,0.5946721611721612
nl,tr,0.7307,0.8437542320768328
mn,tr,0.68,0.7922539682539683
bg,tr,0.7183,0.8211819404211201
tl,tr,0.612,0.7068874246668364
tt,tr,0.592,0.7698285267020561
ba,tr,0.58,0.7250145965145965
mi,tr,0.38,0.6935555555555556
ga,tr,0.645,0.78907646266702
li,tr,0.6,0.7142783882783884
so,tr,0.53,0.6753333333333333
hak,tr,0.38,0.4459285714285713
rm,tr,0.56,0.7177375728846316
el,tr,0.742,0.8307438887471319
mk,tr,0.796,0.8695494654038772
et,tr,0.7112,0.848661977681761
bs,tr,0.653,0.829999052340848
qu,tr,0.62,0.6956431068931068
hy,tr,0.618,0.714491297754533
tr,tr,0.87,0.9313031462397252
sd,tr,0.39,0.6771587301587302
ug,tr,0.43,0.5285873015873016
zea,tr,0.54,0.7140822510822511
ia,tr,0.48,0.6802615074983497
fiu-vro,tr,0.49,0.6640926230632113
he,tr,0.5248,0.7213966134819773
war,tr,0.5,0.6656434676434677
bar,tr,0.73,0.7840497835497835
mwl,tr,0.44,0.6431212121212121
bat-smg,tr,0.52,0.6242539682539683
as,tr,0.53,0.6030329670329669
no,tr,0.7425,0.8520287468207746
rw,tr,0.62,0.706511544011544
lij,tr,0.33,0.5727069335892865
nn,tr,0.725,0.838430255631881
wuu,tr,0.43,0.6036666666666666
mg,tr,0.36,0.6211909756909758
or,tr,0.11,0.3249761904761905
es,tr,0.7653,0.8619673623323703
nap,tr,0.56,0.7015735930735931
pms,tr,0.63,0.7798024948907302
pnb,tr,0.7,0.7578051948051949
br,tr,0.52,0.6551306783086195
pl,tr,0.7119,0.8488577462716163
mhr,tr,0.57,0.6741702741702741
ig,tr,0.48,0.5867142857142857
oc,tr,0.7,0.7400244200244199
yi,tr,0.42,0.6230317460317462
zh-yue,tr,0.3413,0.6070280117242578
az,tr,0.672,0.8107977342832605
lv,tr,0.6658,0.8182697528529262
ce,tr,0.3,0.6545423465423466
de,tr,0.6613,0.8049541359895694
ky,tr,0.49,0.656997113997114
diq,tr,0.56,0.7124990662931839
ml,tr,0.631,0.762942168942169
gl,tr,0.8121,0.883992442310871
nds,tr,0.5,0.7287886002886004
uk,tr,0.6168,0.7902560792922249
pdc,tr,0.44,0.6012793040293041
simple,tr,0.71,0.8362384770286474
jbo,tr,0.38,0.4617575757575757
th,tr,0.1018,0.3238173481858698
af,tr,0.657,0.7904586431800055
als,tr,0.61,0.782810323491438
sah,tr,0.59,0.7410887739711269
fa,tr,0.5327,0.7297036942933228
is,tr,0.689,0.8189559773559775
mr,tr,0.636,0.7629479133010093
sq,tr,0.812,0.8836037540890482
ka,tr,0.675,0.8131216174692181
frr,tr,0.51,0.579047619047619
sv,tr,0.7742,0.8845337620858672
ta,tr,0.555,0.7229198224977637
an,tr,0.822,0.8726147076178036
eml,tr,0.46,0.5636505994005995
ilo,tr,0.6,0.6732012987012987
sl,tr,0.7331,0.8271607679119984
ang,tr,0.53,0.646905179615706
cy,tr,0.603,0.7369836733957477
vls,tr,0.59,0.7826731601731602
ckb,tr,0.477,0.6257987623487623
fur,tr,0.57,0.6732647907647908
ast,tr,0.76,0.8413942586223546
gan,tr,0.37,0.519969696969697
hr,tr,0.7062,0.8329207382306376
ln,tr,0.48,0.5724511599511599
da,tr,0.736,0.8525104453192147
arz,tr,0.54,0.7252740592740592
ro,tr,0.7297,0.847762359580564
ar,tr,0.5217,0.7018732018677916
hu,tr,0.7465,0.8675041576019441
cs,tr,0.7208,0.8419518836495463
zh-classical,tr,0.31,0.5392116553037605
si,tr,0.53,0.6284126984126985
gd,tr,0.47,0.5536831501831503
ace,tr,0.3,0.545799571343689
tk,tr,0.57,0.6747619047619048
my,tr,0.41,0.7146016206016206
ur,tr,0.569,0.7301891582102108
sa,tr,0.45,0.5798015873015873
map-bms,tr,0.46,0.5807142857142857
dv,tr,0.38,0.6168708513708513
zh,tr,0.3077,0.6376302276962803
uz,tr,0.665,0.760010751340163
pa,tr,0.51,0.6682154278470068
sco,tr,0.67,0.7942222222222222
fo,tr,0.61,0.756448051948052
kn,tr,0.63,0.7442857142857144
ms,tr,0.597,0.7290482933732932
vep,tr,0.65,0.8521701189247629
vo,tr,0.46,0.509
fr,tr,0.7343,0.8477153355493836
fy,tr,0.687,0.798838550811074
xmf,tr,0.55,0.6720641025641027
co,tr,0.64,0.7086666666666668
it,tr,0.7068,0.8422135596824916
eo,tr,0.6505,0.7647036141429949
os,tr,0.55,0.7197142857142856
am,tr,0.45,0.5918715728715728
hi,tr,0.66,0.7683413837194797
sw,tr,0.523,0.6414256298654905
fi,tr,0.7145,0.8547071669936529
sr,tr,0.4398,0.6832446711690443
ps,tr,0.49,0.6340714285714285
kk,tr,0.666,0.8119654179154179
bh,tr,0.62,0.7273701298701298
km,tr,0.43,0.5354444444444444
be-x-old,tr,0.663,0.7718661307646602
bn,tr,0.66,0.7616629692031395
csb,tr,0.46,0.6608472083472084
nov,tr,0.65,0.8686013920719805
scn,tr,0.62,0.7530286935286935
ca,tr,0.7701,0.8559936793323636
vec,tr,0.6,0.7250651570651572
cdo,tr,0.35,0.4573529411764706
wa,tr,0.49,0.5715687923187923
bo,tr,0.32,0.3601904761904761
eu,tr,0.6714,0.8223236609202631
crh,tr,0.5,0.706978021978022
io,tr,0.65,0.7159194139194139
ceb,tr,0.59,0.663784299034299
tg,tr,0.71,0.8187458564826986
la,tr,0.726,0.8325989201459016
ko,tr,0.4993,0.7054243688844696
gn,tr,0.57,0.6766825396825397
min,tr,0.28,0.6206352536352536
mzn,tr,0.47,0.7543448773448773
vi,tr,0.6021,0.789184131260896
ku,tr,0.71,0.7929365079365079
be,tr,0.712,0.8348796721252604
en,tr,0.5909,0.7703270046465402
ne,tr,0.55,0.7795371762740184
lmo,tr,0.43,0.6993150798290116
hsb,tr,0.61,0.7523006535947713
yo,tr,0.43,0.5321298701298701
zh-min-nan,tr,0.32,0.4821623376623376
ext,tr,0.4,0.5141141636141636
su,tr,0.44,0.6668773448773448
pt,tr,0.7286,0.8318051483397924
gu,tr,0.62,0.7606984126984127
lt,tr,0.7346,0.8569055005726987
te,tr,0.589,0.694327195027195
ay,tr,0.43,0.4805584415584416
id,tr,0.4716,0.7829771785472869
sk,tr,0.7228,0.8441638317427329
mt,tr,0.7,0.8759005177828708
sh,tr,0.7574,0.8258941400292173
fa,uk,0.4497,0.6806470450619212
map-bms,uk,0.42,0.5983924963924963
sco,uk,0.6,0.7491940836940837
sd,uk,0.38,0.6784639249639249
el,uk,0.7439,0.8429382481991692
ln,uk,0.52,0.649532967032967
sh,uk,0.5039,0.6674219930422174
is,uk,0.641,0.8127268925518927
my,uk,0.39,0.6921298701298702
nn,uk,0.647,0.8069188877943523
ug,uk,0.42,0.5314261294261294
ksh,uk,0.4,0.651015873015873
km,uk,0.38,0.6082857142857143
co,uk,0.61,0.6635353535353535
uk,uk,0.8646,0.9276199978865304
nl,uk,0.6882,0.82896163099886
arz,uk,0.6,0.7661694416694417
oc,uk,0.61,0.6497819957819958
hr,uk,0.6678,0.8289720140454662
pt,uk,0.616,0.763061489566505
ku,uk,0.71,0.7871269841269841
lv,uk,0.6343,0.798730444314028
os,uk,0.42,0.6903571428571428
wa,uk,0.45,0.5461800334168756
eo,uk,0.6603,0.8088508352466248
jv,uk,0.56,0.7413616106116107
ka,uk,0.6657,0.8189122208776776
kk,uk,0.439,0.7613880074174192
or,uk,0.24,0.4699919524919524
ps,uk,0.49,0.6601288156288156
bar,uk,0.75,0.8031370851370851
gn,uk,0.48,0.6092539682539683
tk,uk,0.61,0.6960317460317461
id,uk,0.5494,0.7751705898856905
ru,uk,0.7373,0.8490378063929535
fr,uk,0.6381,0.8089415959805588
ilo,uk,0.58,0.7301205753311016
mhr,uk,0.51,0.6631232656232657
zea,uk,0.51,0.6906190476190477
ast,uk,0.71,0.8401782506537152
bn,uk,0.674,0.7528823401486714
an,uk,0.654,0.744739232989233
et,uk,0.6519,0.8221878755480844
gu,uk,0.5,0.7414186369186371
bh,uk,0.57,0.6885487845487844
scn,uk,0.54,0.6993380508380508
so,uk,0.59,0.69
ms,uk,0.604,0.7646918064391749
vec,uk,0.68,0.8057495282495283
zh,uk,0.2162,0.5857067013052307
zh-yue,uk,0.2781,0.5969983205485605
nov,uk,0.62,0.8478137418137419
ext,uk,0.62,0.7590339105339106
qu,uk,0.56,0.6970454822954824
jbo,uk,0.42,0.5308138528138527
lt,uk,0.6973,0.8377404548401375
tl,uk,0.6,0.7593449461701011
ce,uk,0.37,0.7279003219003218
lmo,uk,0.43,0.7748660434852386
hu,uk,0.6838,0.8451683906659216
ml,uk,0.623,0.7667877800562012
eml,uk,0.37,0.52971891996892
frr,uk,0.55,0.6462698412698412
rm,uk,0.55,0.7251049506049506
kn,uk,0.54,0.7090670995670996
es,uk,0.6037,0.7833499854548616
ar,uk,0.5525,0.7079534131632043
eu,uk,0.5285,0.7981774080649313
cs,uk,0.6926,0.849956103615167
mg,uk,0.26,0.7689059829059828
mr,uk,0.608,0.7738005330067249
sv,uk,0.614,0.8614771063121607
da,uk,0.6985,0.85064354003152
fiu-vro,uk,0.45,0.6545790255496139
xmf,uk,0.56,0.7145945165945168
sw,uk,0.454,0.6420165571356748
fi,uk,0.6142,0.8245494863194941
arc,uk,0.04,0.2939285714285715
ckb,uk,0.616,0.7209833000333001
tt,uk,0.676,0.8263485750575534
lb,uk,0.607,0.7747359437947673
bs,uk,0.616,0.8080403096903096
am,uk,0.37,0.4757409812409812
be-x-old,uk,0.714,0.8136352425352426
tg,uk,0.66,0.8151262626262628
no,uk,0.6599,0.8226477657816901
ga,uk,0.525,0.727901713156125
pnb,uk,0.55,0.6708214563214564
ne,uk,0.51,0.7481050420168067
mk,uk,0.625,0.7880653596403597
la,uk,0.626,0.7101599983349983
th,uk,0.0942,0.2935643014699439
diq,uk,0.45,0.6888405483405484
gan,uk,0.31,0.6084126984126983
pa,uk,0.61,0.7128137418137419
ja,uk,0.1208,0.5380911549398314
vls,uk,0.58,0.7432177822177821
uz,uk,0.667,0.7646159951159951
dv,uk,0.26,0.5029525474525475
ba,uk,0.68,0.7788636363636363
ceb,uk,0.49,0.6589676924382808
pdc,uk,0.42,0.609497557997558
ay,uk,0.29,0.3597472527472527
bo,uk,0.23,0.2768571428571428
fur,uk,0.57,0.7016825396825398
te,uk,0.541,0.7252298342008869
mzn,uk,0.43,0.7343576423576426
ca,uk,0.6995,0.8130397274612212
rw,uk,0.61,0.7000735930735931
mwl,uk,0.41,0.6925456765456763
min,uk,0.32,0.6662615717615717
si,uk,0.71,0.8098368298368298
pms,uk,0.46,0.7218756260079789
sr,uk,0.551,0.7628340701867792
war,uk,0.58,0.7458460983460984
io,uk,0.71,0.8714865134865135
be,uk,0.735,0.8513494128420599
szl,uk,0.52,0.6187142857142857
hi,uk,0.63,0.7945785270285272
mt,uk,0.61,0.8022034370857899
az,uk,0.598,0.8034949376217179
li,uk,0.66,0.741698051948052
hsb,uk,0.65,0.7958921356421357
crh,uk,0.47,0.6333030303030303
simple,uk,0.64,0.8009572934633307
ta,uk,0.497,0.7265221002681528
zh-classical,uk,0.24,0.5321154693259956
sa,uk,0.31,0.4277936507936508
als,uk,0.45,0.7414697437065858
cdo,uk,0.33,0.434595238095238
fy,uk,0.662,0.8066919252745879
ang,uk,0.48,0.5998044602456367
as,uk,0.59,0.7491794316794315
vi,uk,0.462,0.753957795777494
mi,uk,0.33,0.6666931695755225
hy,uk,0.574,0.7349117679705915
ky,uk,0.57,0.7203809523809523
gd,uk,0.45,0.5879551559551559
sk,uk,0.677,0.8166926426188191
zh-min-nan,uk,0.46,0.6387893217893218
en,uk,0.5079,0.7217318257842947
csb,uk,0.55,0.704127455877456
cbk-zam,uk,0.39,0.7251918636918637
he,uk,0.4565,0.70382742312555
ig,uk,0.48,0.5592294372294373
bg,uk,0.7281,0.8532384418892082
nap,uk,0.52,0.6635969308469309
nds,uk,0.62,0.8127408702408703
gl,uk,0.6955,0.8149439267174176
pl,uk,0.6712,0.8353404596495695
ro,uk,0.6674,0.8239540583917285
bat-smg,uk,0.55,0.6564920634920636
sah,uk,0.42,0.5683842562666092
yi,uk,0.41,0.691978021978022
br,uk,0.484,0.6452447378043352
mn,uk,0.63,0.7662807388689743
sq,uk,0.707,0.8465027752691066
vep,uk,0.56,0.727071485532012
wuu,uk,0.23,0.569111111111111
cv,uk,0.57,0.7788178488178488
vo,uk,0.58,0.5833333333333334
yo,uk,0.34,0.4432957042957043
cy,uk,0.557,0.727552420945068
fo,uk,0.66,0.8341785714285714
ko,uk,0.4447,0.6691275150881111
tr,uk,0.6526,0.8092013109310711
de,uk,0.6169,0.7910055684124956
sl,uk,0.733,0.8526750110579134
ace,uk,0.43,0.6147561327561327
af,uk,0.63,0.7937583537807222
lij,uk,0.33,0.5387380952380952
it,uk,0.6303,0.8021287394399547
ia,uk,0.41,0.6483103301926831
hak,uk,0.36,0.4207619047619046
ur,uk,0.512,0.6654535246916825
su,uk,0.47,0.6683101343101344
scn,ur,0.46,0.7095785325785325
ku,ur,0.49,0.6835432900432901
vec,ur,0.51,0.7165689033189033
ay,ur,0.27,0.4876373626373626
zh-yue,ur,0.3182,0.5688349532536606
ur,ur,0.859,0.9225432556435652
mg,ur,0.26,0.499106782106782
cv,ur,0.4,0.7042846334951599
hak,ur,0.1,0.2466468253968254
bh,ur,0.19,0.5646638524873818
sv,ur,0.2667,0.6029623313477029
csb,ur,0.13,0.487748556998557
ang,ur,0.23,0.4829599567099567
mi,ur,0.04,0.4182264957264957
ce,ur,0.23,0.5693951048951048
te,ur,0.189,0.5408009679690795
lv,ur,0.4426,0.6649732117753249
sl,ur,0.4623,0.6787115917390143
als,ur,0.24,0.501750257997936
cs,ur,0.3571,0.6483061423225897
qu,ur,0.49,0.6238244810744811
sq,ur,0.571,0.7522233642690298
frr,ur,0.15,0.4133150183150182
rw,ur,0.14,0.5311824286824286
be-x-old,ur,0.27,0.5450469296527347
min,ur,0.09,0.3988787878787878
fur,ur,0.21,0.5041613549848843
gu,ur,0.24,0.5395133667502088
es,ur,0.4564,0.7325572418259415
mr,ur,0.202,0.5897063812778209
fi,ur,0.316,0.6221418849717534
is,ur,0.304,0.620267879488932
ru,ur,0.3176,0.5843893939608723
fo,ur,0.37,0.6111404167727698
tr,ur,0.4199,0.6967032576144185
su,ur,0.28,0.571468253968254
ckb,ur,0.666,0.7311293872793873
it,ur,0.4109,0.7083713802442827
fy,ur,0.397,0.6557804833883009
zh-classical,ur,0.28,0.4999403783351152
ne,ur,0.46,0.7205511330774489
fr,ur,0.4608,0.7432721051205416
vep,ur,0.34,0.5830091673032849
ksh,ur,0.14,0.4193802586302586
ace,ur,0.05,0.4512365412365412
pms,ur,0.39,0.6248823230433138
ps,ur,0.16,0.4976849669937905
cbk-zam,ur,0.15,0.4998109668109668
pt,ur,0.4587,0.722703852276035
ilo,ur,0.63,0.7634446956552219
ta,ur,0.231,0.5803593001769473
so,ur,0.2,0.4797197802197802
ro,ur,0.5384,0.7837996493143939
ja,ur,0.1803,0.5278338375058034
fa,ur,0.2703,0.7491877975155219
dv,ur,0.03,0.3107012644218526
vls,ur,0.38,0.6591580919080919
gn,ur,0.22,0.4502453102453102
sco,ur,0.45,0.6941666666666666
he,ur,0.1858,0.5579725669660577
sr,ur,0.3948,0.7056744192589316
br,ur,0.254,0.4954663677825442
pa,ur,0.36,0.74560404610869
uk,ur,0.3847,0.6600505407767326
vo,ur,0.37,0.5371111111111111
as,ur,0.55,0.6542360972360971
mzn,ur,0.35,0.6586029526029528
ms,ur,0.499,0.6844782187884355
fiu-vro,ur,0.17,0.4339835523953171
lmo,ur,0.26,0.6191413163719663
jbo,ur,0.12,0.3877864357864357
nap,ur,0.27,0.538213924963925
da,ur,0.3738,0.6502549519615232
bg,ur,0.3426,0.6383085664601995
hy,ur,0.183,0.5983780970319671
nl,ur,0.4095,0.6754300165984686
ast,ur,0.496,0.7291158536681757
si,ur,0.37,0.6379479409479409
arz,ur,0.32,0.6449824064824066
kn,ur,0.36,0.5883247308247307
tg,ur,0.42,0.6176083099906629
no,ur,0.3303,0.6316674928408365
mwl,ur,0.15,0.5068619713619713
hr,ur,0.3418,0.632399917899438
vi,ur,0.3854,0.6839927209142767
cy,ur,0.363,0.6271696393475805
az,ur,0.3,0.6068252637884991
cdo,ur,0.01,0.2043946053946054
ka,ur,0.2319,0.5851554440880756
km,ur,0.03,0.374076923076923
my,ur,0.15,0.5336815210932856
zh-min-nan,ur,0.3,0.4216926406926407
be,ur,0.464,0.6838453497654736
zh,ur,0.2633,0.5677960534812624
wuu,ur,0.06,0.4076111111111111
ko,ur,0.1632,0.5183439085011995
mhr,ur,0.16,0.4588679653679653
sh,ur,0.5037,0.7815102390334124
hu,ur,0.324,0.619282213346509
co,ur,0.13,0.4578686868686868
sw,ur,0.347,0.5965070746247216
mn,ur,0.45,0.6742703407703408
ug,ur,0.04,0.3052857142857143
yi,ur,0.13,0.5243542013542013
zea,ur,0.23,0.5075168165168165
or,ur,0.05,0.5083446928888106
li,ur,0.52,0.6964440836940837
am,ur,0.25,0.4398635253635252
tl,ur,0.547,0.7539859024618313
de,ur,0.3525,0.6400525103439731
tt,ur,0.307,0.6525531355211696
io,ur,0.43,0.709186147186147
nds,ur,0.51,0.7103744588744588
uz,ur,0.471,0.6132085858585858
la,ur,0.475,0.6344321589229484
sa,ur,0.01,0.4340007215007214
os,ur,0.37,0.7186642246642246
pnb,ur,0.56,0.7005379357484621
gd,ur,0.37,0.5150714285714286
arc,ur,0.02,0.278984126984127
af,ur,0.355,0.6212841984039353
et,ur,0.3383,0.6506961569716833
ml,ur,0.398,0.6488750200779613
lb,ur,0.424,0.6516234063236386
crh,ur,0.25,0.5234386724386724
diq,ur,0.3,0.5471158841158841
gan,ur,0.11,0.3938888888888888
hi,ur,0.507,0.7410596181596182
el,ur,0.3269,0.5957125867416038
kk,ur,0.233,0.627207384428437
mk,ur,0.295,0.6092885758204644
lt,ur,0.4086,0.6661994933884484
ca,ur,0.5035,0.7335324924112695
sk,ur,0.3747,0.6762193218709396
nov,ur,0.29,0.7134798828622358
oc,ur,0.6,0.7406984126984127
ceb,ur,0.46,0.6689996604702486
sd,ur,0.08,0.5114539349539349
ig,ur,0.04,0.4390274170274169
an,ur,0.612,0.810323639432463
eu,ur,0.3546,0.649512286476853
ln,ur,0.23,0.4461695526695526
xmf,ur,0.22,0.5960598845598845
bn,ur,0.671,0.7473345778404603
map-bms,ur,0.18,0.5168095238095237
ar,ur,0.2407,0.6924289532045182
ext,ur,0.09,0.4078354978354977
bs,ur,0.339,0.6475514962591588
simple,ur,0.394,0.7222013263052737
bar,ur,0.53,0.7720952380952382
en,ur,0.3462,0.6674279359812874
pl,ur,0.3186,0.6262788813534247
rm,ur,0.34,0.6017113719613719
war,ur,0.52,0.7258064158064158
wa,ur,0.2,0.416062271062271
th,ur,0.0458,0.2860198754530643
id,ur,0.4538,0.7551299926415175
hsb,ur,0.46,0.6585644633144632
pdc,ur,0.16,0.4166507936507935
tk,ur,0.14,0.4067380952380952
bo,ur,0.08,0.265
sah,ur,0.29,0.5641622266622267
gl,ur,0.4845,0.7279139344418911
jv,ur,0.38,0.6488901098901099
bat-smg,ur,0.39,0.554075036075036
lij,ur,0.16,0.4131031746031746
yo,ur,0.43,0.5227373737373737
ba,ur,0.34,0.5664134199134199
ia,ur,0.27,0.5674218657159833
mt,ur,0.34,0.6088412698412697
ky,ur,0.27,0.4894704184704185
nn,ur,0.289,0.5813585008644606
eml,ur,0.16,0.3749743589743589
szl,ur,0.2,0.4401984126984126
ga,ur,0.399,0.6720669323023039
eo,ur,0.4682,0.6907687644854286
pms,zh-yue,0.04,0.5531368017946965
map-bms,zh-yue,0.14,0.4601666666666666
zh-classical,zh-yue,0.59,0.6870193972693973
pnb,zh-yue,0.0,0.4140101010101009
is,zh-yue,0.079,0.5525471988709605
ru,zh-yue,0.0605,0.5729352089267802
tk,zh-yue,0.08,0.4631262838468721
be,zh-yue,0.012,0.5337664209973034
jbo,zh-yue,0.03,0.3682255522255521
rw,zh-yue,0.04,0.4382899257605139
kk,zh-yue,0.031,0.5170865227909346
it,zh-yue,0.1044,0.6265382683750718
gan,zh-yue,0.08,0.4052142857142856
bh,zh-yue,0.03,0.4831215385921268
sah,zh-yue,0.04,0.4400786174609704
ml,zh-yue,0.017,0.4868892587718439
war,zh-yue,0.17,0.6343542307365836
or,zh-yue,0.0,0.2563400882742988
la,zh-yue,0.043,0.5924198282110047
mwl,zh-yue,0.06,0.4677034909534909
sr,zh-yue,0.028,0.5612876070463765
cbk-zam,zh-yue,0.11,0.5725742035742036
mt,zh-yue,0.07,0.5596285756726934
ang,zh-yue,0.06,0.4120308477212501
ga,zh-yue,0.055,0.6034040405329105
sv,zh-yue,0.119,0.6304952855125611
ilo,zh-yue,0.13,0.6244264916370179
szl,zh-yue,0.08,0.5154802419802419
bn,zh-yue,0.011,0.5405108985441802
tl,zh-yue,0.119,0.6333260908853788
pa,zh-yue,0.05,0.4851188987311278
fa,zh-yue,0.1154,0.6366260403219072
vo,zh-yue,0.24,0.5372005772005771
yi,zh-yue,0.04,0.5315909645909646
sa,zh-yue,0.0,0.3824640914640914
sq,zh-yue,0.143,0.6028794058882295
vi,zh-yue,0.1037,0.6029848751600996
eml,zh-yue,0.04,0.3657815811639341
frr,zh-yue,0.06,0.4287808302808302
mr,zh-yue,0.018,0.5070264098388712
az,zh-yue,0.042,0.5759574698005813
fi,zh-yue,0.0643,0.5586044485871886
hr,zh-yue,0.0675,0.5657768746870604
kn,zh-yue,0.02,0.4793191253191253
li,zh-yue,0.12,0.5290694860694861
diq,zh-yue,0.09,0.439611444111444
nov,zh-yue,0.12,0.6853115773115773
tt,zh-yue,0.088,0.6020976972202204
bar,zh-yue,0.18,0.6657171717171717
ta,zh-yue,0.025,0.4989615950870594
pl,zh-yue,0.061,0.5750193149763893
cy,zh-yue,0.092,0.5517434515862535
da,zh-yue,0.1076,0.6161528703838302
gu,zh-yue,0.0,0.4944686447023907
my,zh-yue,0.01,0.4408082554700202
bg,zh-yue,0.0445,0.562704136647666
lt,zh-yue,0.0676,0.5565605914029211
sd,zh-yue,0.03,0.5338505383505382
ur,zh-yue,0.086,0.6203915941213929
es,zh-yue,0.1463,0.681672729937761
mzn,zh-yue,0.01,0.480601232101232
ky,zh-yue,0.06,0.4919962194668076
oc,zh-yue,0.06,0.4286977189477189
an,zh-yue,0.07,0.6727140917905624
tg,zh-yue,0.0,0.5232344430595205
hi,zh-yue,0.032,0.5502903725273696
ro,zh-yue,0.1088,0.6678405267324694
wuu,zh-yue,0.03,0.4146092796092795
ko,zh-yue,0.0177,0.4245402568003033
csb,zh-yue,0.0,0.3385253635253636
ast,zh-yue,0.076,0.6446724054669101
jv,zh-yue,0.1,0.6150480320333261
pdc,zh-yue,0.09,0.5005426811750341
lb,zh-yue,0.063,0.5492452733540969
km,zh-yue,0.05,0.3229764124764124
ja,zh-yue,0.4281,0.678612652217064
ca,zh-yue,0.1134,0.6301915663327041
nap,zh-yue,0.04,0.5045988178488178
gn,zh-yue,0.03,0.4514513819513819
vec,zh-yue,0.09,0.5791224331224331
id,zh-yue,0.0939,0.6272671425057571
zh-min-nan,zh-yue,0.01,0.322006284565108
hu,zh-yue,0.0795,0.5740901045368461
gd,zh-yue,0.01,0.4444455266955265
sh,zh-yue,0.2286,0.6666300549828568
sl,zh-yue,0.1125,0.5895532310663193
ug,zh-yue,0.0,0.2546422648558871
wa,zh-yue,0.05,0.3509227439227438
qu,zh-yue,0.12,0.5501795149295149
br,zh-yue,0.051,0.4348374472878343
ka,zh-yue,0.0537,0.5071363318896447
arz,zh-yue,0.03,0.5908417693417692
ckb,zh-yue,0.014,0.4750499859617507
vls,zh-yue,0.07,0.547972640104993
he,zh-yue,0.0376,0.5218030480776533
sw,zh-yue,0.13,0.5254021473023021
so,zh-yue,0.11,0.5256832611832611
cs,zh-yue,0.0676,0.5950776469376857
ps,zh-yue,0.07,0.4782777777777777
fur,zh-yue,0.06,0.4427041847041847
ay,zh-yue,0.11,0.4884420024420023
el,zh-yue,0.0248,0.4930796427308502
te,zh-yue,0.02,0.4445550540962305
et,zh-yue,0.0638,0.5790578850449516
uk,zh-yue,0.0345,0.563094024403529
ia,zh-yue,0.12,0.574805095489306
fr,zh-yue,0.119,0.6258495218429662
mhr,zh-yue,0.06,0.4806277905101433
en,zh-yue,0.1269,0.6315064459989616
mg,zh-yue,0.03,0.6654776889776892
scn,zh-yue,0.18,0.614060051060051
simple,zh-yue,0.192,0.6851788028363105
nl,zh-yue,0.1055,0.6168339808445769
th,zh-yue,0.2002,0.3919632621875888
arc,zh-yue,0.03,0.2794706959706959
fy,zh-yue,0.081,0.5637268984197776
fo,zh-yue,0.06,0.5182468116678642
ne,zh-yue,0.08,0.6481699068904951
ceb,zh-yue,0.14,0.5246809506283191
io,zh-yue,0.05,0.5080061605061605
sk,zh-yue,0.0798,0.615634363264015
co,zh-yue,0.07,0.4871736041736041
zea,zh-yue,0.09,0.4966993006993007
eo,zh-yue,0.0647,0.5908717330888925
mi,zh-yue,0.0,0.4359653679653679
af,zh-yue,0.067,0.5569456053836084
ba,zh-yue,0.1,0.6210104895104895
cv,zh-yue,0.04,0.5717726995226995
ku,zh-yue,0.09,0.5917437007437006
be-x-old,zh-yue,0.01,0.4625202921777225
eu,zh-yue,0.0606,0.5480602466865779
nn,zh-yue,0.081,0.5651533215150862
als,zh-yue,0.03,0.4643537162871528
bo,zh-yue,0.0,0.1662857142857142
yo,zh-yue,0.04,0.2661774826480709
mn,zh-yue,0.07,0.5724683845566199
zh-yue,zh-yue,0.7548,0.8624502887248631
pt,zh-yue,0.1449,0.659338153567279
as,zh-yue,0.03,0.4660245261274673
dv,zh-yue,0.01,0.2661231889026006
rm,zh-yue,0.05,0.5463315018315018
mk,zh-yue,0.038,0.5922746141801095
fiu-vro,zh-yue,0.02,0.4394530796001384
lmo,zh-yue,0.04,0.5829976652174793
nds,zh-yue,0.11,0.5681158286158287
su,zh-yue,0.06,0.4930573593073593
bs,zh-yue,0.069,0.5832983367767423
cdo,zh-yue,0.03,0.1854153624153624
sco,zh-yue,0.09,0.5892705627705628
no,zh-yue,0.0907,0.6023366646210687
gl,zh-yue,0.1367,0.6555020372369288
bat-smg,zh-yue,0.01,0.3896369463869464
lij,zh-yue,0.01,0.3541634754134753
am,zh-yue,0.0,0.3673940161146043
hsb,zh-yue,0.05,0.4771026636761931
lv,zh-yue,0.0297,0.5200643398259807
ms,zh-yue,0.109,0.5920698639423873
min,zh-yue,0.07,0.4847669552669551
de,zh-yue,0.0967,0.6082880176540005
tr,zh-yue,0.104,0.6363775547508906
hy,zh-yue,0.022,0.4881081864729698
uz,zh-yue,0.131,0.7353728832742765
ksh,zh-yue,0.03,0.4706933621933622
hak,zh-yue,0.05,0.2468315295815296
ce,zh-yue,0.03,0.5360111277611277
ig,zh-yue,0.04,0.4031738261738261
ace,zh-yue,0.12,0.4940999278499278
ext,zh-yue,0.06,0.482544955044955
xmf,zh-yue,0.02,0.3714716917069857
vep,zh-yue,0.07,0.5735784799995326
ln,zh-yue,0.04,0.3732149517149517
os,zh-yue,0.04,0.4901454101454101
ar,zh-yue,0.0527,0.5976246141972923
crh,zh-yue,0.07,0.4491349206349206
zh,zh-yue,0.6319,0.8015885423314215
si,zh-yue,0.04,0.4505755633255632
hu,zh,0.0697,0.5724362018262096
nn,zh,0.066,0.5542221073302341
pt,zh,0.133,0.6488448757735212
ckb,zh,0.005,0.4305808857808857
cv,zh,0.06,0.5594754689754688
te,zh,0.006,0.4280802041010245
tr,zh,0.084,0.6033433318152436
nl,zh,0.0982,0.6193342216546783
hr,zh,0.0594,0.547343911101798
nap,zh,0.04,0.5577490477358897
mzn,zh,0.02,0.5458592518592518
ext,zh,0.07,0.4726370851370851
ga,zh,0.047,0.5691984232657608
lt,zh,0.0451,0.5614019297901961
my,zh,0.01,0.4160494668729962
nov,zh,0.1,0.6980492197860619
kk,zh,0.011,0.4982264274940745
br,zh,0.046,0.458655554000523
ta,zh,0.013,0.4686268831186013
af,zh,0.046,0.5464280154915605
is,zh,0.073,0.5427504640182658
jv,zh,0.02,0.5732430347430346
mhr,zh,0.05,0.4495772005772004
sh,zh,0.1014,0.6425989814433932
sk,zh,0.0687,0.6035520220165111
tt,zh,0.05,0.6143373927156435
sa,zh,0.0,0.3162190032190032
az,zh,0.029,0.5590507643543247
lv,zh,0.0318,0.5311271015637269
no,zh,0.0718,0.5811594335669491
crh,zh,0.08,0.459026862026862
ug,zh,0.0,0.2434865983689513
ln,zh,0.04,0.3858440660646542
ms,zh,0.146,0.620358365026786
de,zh,0.0582,0.5738714973279215
en,zh,0.1236,0.6332260690865722
eo,zh,0.0584,0.595513418273333
la,zh,0.044,0.6179804071143853
kn,zh,0.01,0.4596348651348652
as,zh,0.03,0.4998116605616605
ne,zh,0.02,0.619282745032745
bat-smg,zh,0.0,0.3737344877344877
mk,zh,0.037,0.5437794190157967
min,zh,0.07,0.4992698412698412
li,zh,0.09,0.5423811852062626
eml,zh,0.02,0.4185528844220795
mt,zh,0.06,0.5322120755061932
ca,zh,0.0982,0.6347210007072391
el,zh,0.0161,0.4693106732354333
or,zh,0.0,0.3283115721567733
uk,zh,0.0286,0.5542367246058035
tk,zh,0.05,0.4611937441643324
oc,zh,0.03,0.5119628998452528
dv,zh,0.0,0.1995575045869163
jbo,zh,0.01,0.3353116883116883
he,zh,0.0259,0.4897330352250089
vi,zh,0.1007,0.6128928117144294
xmf,zh,0.0,0.4110823651752444
ja,zh,0.5122,0.7075778344385233
an,zh,0.042,0.651289526426446
pl,zh,0.0544,0.5763556055382526
ro,zh,0.095,0.6905941297393697
arz,zh,0.04,0.561013098013098
sw,zh,0.123,0.5373646773591045
pms,zh,0.04,0.5238511430090378
ang,zh,0.04,0.4190704617020406
vo,zh,0.29,0.5521493506493506
gu,zh,0.0,0.4692625150906884
ace,zh,0.09,0.4467197802197802
gl,zh,0.11,0.643231543748649
hi,zh,0.022,0.5263955711213452
tg,zh,0.0,0.5205376855686453
es,zh,0.1161,0.6649766089577778
ay,zh,0.11,0.5122832722832722
simple,zh,0.157,0.6615868208588798
io,zh,0.05,0.5733044733044733
ru,zh,0.0397,0.5456858829852638
vep,zh,0.15,0.5872702395643572
fi,zh,0.0549,0.5572142810191185
yi,zh,0.03,0.4846645086939204
bg,zh,0.0357,0.5478097167581301
ig,zh,0.02,0.4437193362193361
da,zh,0.088,0.6040671704989198
zh-yue,zh,0.6868,0.7952303211305378
zh,zh,0.7309,0.8591480131624482
csb,zh,0.0,0.3832776025144446
ku,zh,0.05,0.5509373959373959
fy,zh,0.048,0.5392822640465829
ar,zh,0.0321,0.5519398532736614
uz,zh,0.162,0.7260317002742701
cs,zh,0.0573,0.5868017447894383
ce,zh,0.0,0.5724999102204984
ba,zh,0.1,0.5913007548007548
lmo,zh,0.01,0.5848679697495487
arc,zh,0.0,0.1499773559773559
et,zh,0.0511,0.5785061221578559
war,zh,0.12,0.6096443589090648
pdc,zh,0.06,0.4663305305805306
so,zh,0.08,0.4925675435675435
szl,zh,0.04,0.4958394938394937
am,zh,0.0,0.3499380064380064
ast,zh,0.052,0.628478528721021
sco,zh,0.11,0.589297473768062
be,zh,0.011,0.5143765905491138
bo,zh,0.0,0.1178737373737373
hak,zh,0.01,0.2222747252747252
cy,zh,0.042,0.5598152856946974
gd,zh,0.02,0.4501287323787323
mn,zh,0.03,0.5177101150483503
co,zh,0.04,0.4591734931734931
fr,zh,0.1071,0.6410299911225685
it,zh,0.0982,0.6292033597439711
ko,zh,0.0113,0.4031924500989207
sl,zh,0.1016,0.5801968486089074
als,zh,0.05,0.4318971901851159
wuu,zh,0.0,0.3696011766011766
mg,zh,0.03,0.6803029682735564
zh-classical,zh,0.61,0.7045987345987345
frr,zh,0.02,0.4278268398268398
ps,zh,0.07,0.4721562326562326
si,zh,0.01,0.4536912531912531
be-x-old,zh,0.005,0.4959585184165679
zh-min-nan,zh,0.05,0.5063444888444888
lij,zh,0.01,0.3692106357694593
sah,zh,0.02,0.4422540003855792
ceb,zh,0.07,0.4806445776445776
mr,zh,0.014,0.4614008783012653
bar,zh,0.09,0.5866320346320346
sr,zh,0.0222,0.5647490906341681
fa,zh,0.0273,0.5537244594870213
lb,zh,0.056,0.5319130799455104
qu,zh,0.05,0.513685727069628
tl,zh,0.127,0.6506531259590084
fiu-vro,zh,0.01,0.4312633444986386
yo,zh,0.04,0.278816787787376
bs,zh,0.058,0.5517291552788456
sv,zh,0.0696,0.5828310327529368
hy,zh,0.031,0.4439639064152222
cbk-zam,zh,0.09,0.588952713952714
os,zh,0.06,0.541040182040182
ur,zh,0.047,0.5717163380736909
ka,zh,0.043,0.4843940905319311
sq,zh,0.104,0.6247211441379398
pa,zh,0.06,0.4548364494982141
fur,zh,0.03,0.4512597402597402
bn,zh,0.006,0.4808178959413479
bh,zh,0.02,0.450596638655462
diq,zh,0.11,0.4646833166833166
scn,zh,0.13,0.556129955012308
hsb,zh,0.06,0.5409198932302648
gn,zh,0.05,0.4720948495948495
fo,zh,0.05,0.546949173805211
mi,zh,0.0,0.4307420634920634
rw,zh,0.03,0.4510357632563513
eu,zh,0.0555,0.5562707209019051
pnb,zh,0.01,0.3781737706737706
su,zh,0.04,0.4404823509823509
rm,zh,0.06,0.5476456876456876
gan,zh,0.05,0.3339194139194139
nds,zh,0.09,0.5553408258408259
ksh,zh,0.02,0.4400631502999922
id,zh,0.0817,0.56603466858391
vec,zh,0.07,0.560025863025863
wa,zh,0.04,0.3647115662115661
ml,zh,0.003,0.4566632147178586
vls,zh,0.05,0.5028989637813166
zea,zh,0.08,0.4584461094461095
map-bms,zh,0.09,0.4591190476190476
cdo,zh,0.02,0.182653176888471
th,zh,0.2131,0.3685674333552584
ilo,zh,0.15,0.6397538311361841
mwl,zh,0.04,0.469933346065699
sd,zh,0.01,0.5348266178266178
km,zh,0.04,0.2870658785658785
ky,zh,0.0,0.4653189033189032
ia,zh,0.05,0.5474506049506049
